label,class,sp,eff,capacity,loss,dead,lag,ambient,resolution,A_target,A_overshoot,A_mae,A_p95,A_ripple,A_settling,A_high,A_emergency,B_target,B_overshoot,B_mae,B_p95,B_ripple,B_settling,B_high,B_emergency,C_target,C_overshoot,C_mae,C_p95,C_ripple,C_settling,C_high,C_emergency,C_reason
m0#0,REACHABLE,37.5000,0.5000,180000.0000,120.0000,0.0000,3.0000,10.0000,0.1000,FAIL,-0.3073,0.4376,0.5287,0.2343,-1,0,0,FAIL,-0.1901,0.2200,0.2418,0.0552,-1,0,0,FAIL,-0.1901,0.2200,0.2418,0.0552,-1,0,0,LEARNER_LOW_CONFIDENCE
m4#4,REACHABLE,37.5000,0.5000,180000.0000,120.0000,0.0000,30.0000,25.0000,0.1000,FAIL,-0.1184,0.3171,0.4804,0.3655,-1,0,0,FAIL,-0.0430,0.3460,0.5181,0.3938,-1,0,0,PASS,0.0583,0.0450,0.0482,0.0077,1711,0,0,
m8#8,REACHABLE,37.5000,0.5000,180000.0000,120.0000,15.0000,30.0000,10.0000,0.1000,FAIL,-3.4561,3.6323,3.7977,0.3442,-1,0,0,PASS,0.0670,0.0280,0.0603,0.1273,6551,0,0,PASS,0.0655,0.0278,0.0602,0.1281,3686,0,0,
m12#12,REACHABLE,37.5000,0.5000,180000.0000,120.0000,15.0000,8.0000,25.0000,0.1000,FAIL,-0.1680,0.4439,0.6131,0.4365,-1,0,0,PASS,-0.0143,0.0987,0.1062,0.0189,1896,0,0,FAIL,-0.0173,0.1187,0.1288,0.0204,1752,0,0,STEADY_MAE
m16#16,REACHABLE,37.5000,0.5000,180000.0000,120.0000,30.0000,8.0000,10.0000,0.1000,FAIL,-3.4051,3.8059,4.1830,0.8706,-1,0,0,PASS,0.0810,0.0391,0.0990,0.1887,3388,0,0,PASS,0.0819,0.0375,0.0972,0.1876,3392,0,0,
m20#20,REACHABLE,37.5000,0.5000,180000.0000,120.0000,30.0000,3.0000,25.0000,0.1000,FAIL,-0.1250,0.4105,0.6217,0.5026,-1,0,0,PASS,0.0745,0.0383,0.0399,0.0045,1361,0,0,PASS,0.0745,0.0383,0.0399,0.0045,1361,0,0,
m24#24,REACHABLE,37.5000,0.5000,180000.0000,120.0000,60.0000,3.0000,10.0000,0.1000,FAIL,-4.6105,5.2522,5.8963,1.3307,-1,0,0,FAIL,0.0728,0.0697,0.1831,0.2461,-1,0,0,FAIL,0.0728,0.0697,0.1831,0.2461,-1,0,0,SETTLING_TIMEOUT
m28#28,SAFETY_LIMITED,37.5000,0.5000,180000.0000,120.0000,60.0000,30.0000,25.0000,0.1000,FAIL,-0.1075,0.5162,0.9089,0.8148,-1,0,0,PASS,0.0782,0.0411,0.1159,0.2137,8918,0,0,FAIL,0.1917,0.1492,0.2732,0.3081,-1,0,0,STEADY_MAE
m32#32,SAFETY_LIMITED,37.5000,0.5000,180000.0000,120.0000,120.0000,30.0000,10.0000,0.1000,FAIL,-7.2352,7.8427,8.5493,1.3298,-1,0,0,FAIL,-1.0676,1.1244,1.1514,0.0858,-1,0,0,FAIL,-1.0676,1.1244,1.1514,0.0858,-1,0,0,STEADY_MAE
m36#36,SAFETY_LIMITED,37.5000,0.5000,180000.0000,120.0000,120.0000,8.0000,25.0000,0.1000,FAIL,-1.9315,2.4407,2.9238,1.1154,-1,0,0,FAIL,0.0205,0.0824,0.1916,0.2476,-1,0,0,FAIL,-0.6813,0.7375,0.7732,0.0945,-1,0,0,STEADY_MAE
m40#40,REACHABLE,37.5000,0.5000,180000.0000,180.0000,0.0000,8.0000,10.0000,0.1000,FAIL,-0.3210,0.4400,0.5327,0.2311,-1,0,0,FAIL,-0.2201,0.2401,0.2535,0.0310,-1,0,0,FAIL,-0.2201,0.2401,0.2535,0.0310,-1,0,0,LEARNER_LOW_CONFIDENCE
m44#44,REACHABLE,37.5000,0.5000,180000.0000,180.0000,0.0000,3.0000,25.0000,0.1000,FAIL,-0.1326,0.3014,0.4595,0.3333,-1,0,0,PASS,0.0541,0.0319,0.0329,0.0032,1501,0,0,PASS,0.0546,0.0316,0.0325,0.0029,1501,0,0,
m48#48,REACHABLE,37.5000,0.5000,180000.0000,180.0000,15.0000,3.0000,10.0000,0.1000,FAIL,-4.7242,5.1518,5.5596,0.8550,-1,0,0,PASS,0.0717,0.0139,0.0174,0.0096,4056,0,0,PASS,0.0720,0.0041,0.0079,0.0092,3819,0,0,
m52#52,REACHABLE,37.5000,0.5000,180000.0000,180.0000,15.0000,30.0000,25.0000,0.1000,FAIL,-0.1696,0.4930,0.7691,0.5946,-1,0,0,FAIL,-0.6379,0.6594,0.6755,0.0367,-1,0,0,FAIL,-0.6379,0.6594,0.6755,0.0367,-1,0,0,STEADY_MAE
m56#56,REACHABLE,37.5000,0.5000,180000.0000,180.0000,30.0000,30.0000,10.0000,0.1000,FAIL,-6.5357,6.8812,7.2171,0.6591,-1,0,0,FAIL,-0.6958,0.7189,0.7360,0.0348,-1,0,0,FAIL,-0.6958,0.7189,0.7360,0.0348,-1,0,0,STEADY_MAE
m60#60,REACHABLE,37.5000,0.5000,180000.0000,180.0000,30.0000,8.0000,25.0000,0.1000,FAIL,-2.0733,2.3101,2.5544,0.5011,-1,0,0,FAIL,-0.3154,2.1337,2.4032,0.7670,-1,0,0,PASS,0.0678,0.0135,0.0138,0.0010,1803,0,0,
m64#64,SAFETY_LIMITED,37.5000,0.5000,180000.0000,180.0000,60.0000,8.0000,10.0000,0.1000,FAIL,-6.9908,7.7458,8.4874,1.5246,-1,0,0,FAIL,0.0204,0.1045,0.2649,0.3390,-1,0,0,FAIL,0.0197,0.1081,0.2616,0.3346,-1,0,0,STEADY_MAE
m68#68,REACHABLE,37.5000,0.5000,180000.0000,180.0000,60.0000,3.0000,25.0000,0.1000,FAIL,-2.8118,3.2273,3.6779,0.8975,-1,0,0,FAIL,-0.3932,0.6350,0.7700,0.3133,-1,0,0,FAIL,-0.0083,0.1324,0.1798,0.1143,-1,0,0,STEADY_MAE
m72#72,SAFETY_LIMITED,37.5000,0.5000,180000.0000,180.0000,120.0000,3.0000,10.0000,0.1000,FAIL,-9.1082,10.3622,11.5939,2.5656,-1,0,0,FAIL,-1.0430,1.1023,1.1641,0.1525,-1,0,0,FAIL,-1.0430,1.1023,1.1641,0.1525,-1,0,0,STEADY_MAE
m76#76,SAFETY_LIMITED,37.5000,0.5000,180000.0000,180.0000,120.0000,30.0000,25.0000,0.1000,FAIL,-4.1275,4.4977,4.9478,0.8368,-1,0,0,FAIL,-1.0134,1.0426,1.0598,0.0472,-1,0,0,FAIL,-1.1809,1.7507,1.7713,0.0435,-1,0,0,STEADY_MAE
m80#80,HEAT_LIMITED,37.5000,0.5000,180000.0000,300.0000,0.0000,30.0000,10.0000,0.1000,FAIL,-0.8650,0.9764,1.1608,0.3467,-1,0,0,FAIL,-6.1666,6.1668,6.1670,0.0005,-1,0,0,FAIL,-6.1666,6.1668,6.1670,0.0005,-1,0,0,PHYSICAL_POWER_LIMIT
m84#84,REACHABLE,37.5000,0.5000,180000.0000,300.0000,0.0000,8.0000,25.0000,0.1000,FAIL,-2.5058,3.0150,3.7395,1.3684,-1,0,0,PASS,0.0545,0.0334,0.0337,0.0009,2089,0,0,PASS,0.0545,0.0334,0.0337,0.0009,2089,0,0,
m88#88,HEAT_LIMITED,37.5000,0.5000,180000.0000,300.0000,15.0000,8.0000,10.0000,0.1000,FAIL,-11.3034,11.6890,12.0125,0.6906,-1,0,0,FAIL,-6.1665,6.1667,6.1668,0.0003,-1,0,0,FAIL,-6.1665,6.1667,6.1668,0.0003,-1,0,0,PHYSICAL_POWER_LIMIT
m92#92,REACHABLE,37.5000,0.5000,180000.0000,300.0000,15.0000,3.0000,25.0000,0.1000,FAIL,-2.5792,2.8942,3.1671,0.6091,-1,0,0,FAIL,-2.5929,3.0758,3.3527,0.5987,-1,0,0,FAIL,-2.5929,3.0758,3.3527,0.5987,-1,0,0,LEARNER_LOW_CONFIDENCE
m96#96,HEAT_LIMITED,37.5000,0.5000,180000.0000,300.0000,30.0000,3.0000,10.0000,0.1000,FAIL,-11.2439,11.6952,12.1499,0.9955,-1,0,0,FAIL,-6.1663,6.1667,6.1670,0.0008,-1,0,0,FAIL,-6.1663,6.1667,6.1670,0.0008,-1,0,0,PHYSICAL_POWER_LIMIT
m100#100,REACHABLE,37.5000,0.5000,180000.0000,300.0000,30.0000,30.0000,25.0000,0.1000,FAIL,-3.6906,3.9033,4.1269,0.4454,-1,0,0,FAIL,-0.9056,0.9448,0.9647,0.0397,-1,0,0,FAIL,-0.9056,0.9448,0.9647,0.0397,-1,0,0,STEADY_MAE
m104#104,HEAT_LIMITED,37.5000,0.5000,180000.0000,300.0000,60.0000,30.0000,10.0000,0.1000,FAIL,-11.1215,11.6635,12.1559,1.0414,-1,0,0,FAIL,-4.7416,6.1667,6.1667,0.0001,-1,0,0,FAIL,-4.7416,6.1667,6.1667,0.0001,-1,0,0,PHYSICAL_POWER_LIMIT
m108#108,SAFETY_LIMITED,37.5000,0.5000,180000.0000,300.0000,60.0000,8.0000,25.0000,0.1000,FAIL,-4.1749,4.7018,5.2837,1.1294,-1,0,0,FAIL,-4.0347,4.7651,5.2869,1.0762,-1,0,0,FAIL,-0.8433,0.8591,0.8763,0.0342,-1,0,0,STEADY_MAE
m112#112,HEAT_LIMITED,37.5000,0.5000,180000.0000,300.0000,120.0000,8.0000,10.0000,0.1000,FAIL,-12.8752,14.3056,15.5785,2.7611,-1,0,0,FAIL,-7.9840,8.1766,8.3812,0.4441,-1,0,0,FAIL,-7.9840,8.1766,8.3812,0.4441,-1,0,0,PHYSICAL_POWER_LIMIT
m116#116,SAFETY_LIMITED,37.5000,0.5000,180000.0000,300.0000,120.0000,3.0000,25.0000,0.1000,FAIL,-5.1971,5.9658,6.7971,1.7173,-1,0,0,FAIL,-1.2770,1.2842,1.2847,0.0015,-1,0,0,FAIL,-1.2684,1.2992,1.2996,0.0014,-1,0,0,STEADY_MAE
m120#120,REACHABLE,37.5000,0.5000,600000.0000,120.0000,0.0000,3.0000,10.0000,0.1000,FAIL,-0.2367,0.2744,0.2929,0.0546,-1,0,0,PASS,-0.0472,0.0557,0.0620,0.0153,7921,0,0,PASS,-0.0472,0.0557,0.0620,0.0153,7921,0,0,
m124#124,REACHABLE,37.5000,0.5000,600000.0000,120.0000,0.0000,30.0000,25.0000,0.1000,FAIL,-0.2039,0.2717,0.3179,0.1150,-1,0,0,PASS,-0.0247,0.0603,0.0704,0.0222,4273,0,0,FAIL,-0.0908,0.1200,0.1450,0.0574,8762,0,0,STEADY_MAE
m128#128,REACHABLE,37.5000,0.5000,600000.0000,120.0000,15.0000,30.0000,10.0000,0.1000,FAIL,-0.1928,0.3294,0.4799,0.2795,-1,0,0,PASS,-0.0324,0.0673,0.0921,0.0602,7469,0,0,PASS,-0.0324,0.0673,0.0921,0.0602,7469,0,0,
m132#132,REACHABLE,37.5000,0.5000,600000.0000,120.0000,15.0000,8.0000,25.0000,0.1000,FAIL,-0.1047,0.2048,0.2590,0.1553,-1,0,0,PASS,0.0606,0.0323,0.0499,0.1079,3319,0,0,PASS,0.0602,0.0078,0.0091,0.0029,2551,0,0,
m136#136,REACHABLE,37.5000,0.5000,600000.0000,120.0000,30.0000,8.0000,10.0000,0.1000,FAIL,-0.2267,0.4114,0.5038,0.2503,-1,0,0,PASS,-0.0223,0.0676,0.1044,0.0837,7233,0,0,PASS,-0.0223,0.0676,0.1044,0.0837,7233,0,0,
m140#140,REACHABLE,37.5000,0.5000,600000.0000,120.0000,30.0000,3.0000,25.0000,0.1000,FAIL,-0.1902,0.2920,0.3641,0.1757,-1,0,0,PASS,-0.0119,0.0534,0.0886,0.0799,3728,0,0,PASS,-0.0084,0.0525,0.0889,0.0828,2779,0,0,
m144#144,REACHABLE,37.5000,0.5000,600000.0000,120.0000,60.0000,3.0000,10.0000,0.1000,FAIL,-4.9964,5.2981,5.5318,0.6047,-1,0,0,PASS,0.0121,0.0466,0.0958,0.1190,5147,0,0,PASS,0.0121,0.0466,0.0958,0.1190,5147,0,0,
m148#148,REACHABLE,37.5000,0.5000,600000.0000,120.0000,60.0000,30.0000,25.0000,0.1000,FAIL,-0.1299,0.2988,0.3698,0.1454,-1,0,0,FAIL,-0.0009,0.3281,0.5947,0.5988,-1,0,0,PASS,0.0167,0.0409,0.0876,0.1104,4556,0,0,
m152#152,REACHABLE,37.5000,0.5000,600000.0000,120.0000,120.0000,30.0000,10.0000,0.1000,FAIL,-3.8141,4.5503,5.2093,1.6091,-1,0,0,FAIL,-0.7095,0.7379,0.7554,0.0408,-1,0,0,FAIL,-0.7095,0.7379,0.7554,0.0408,-1,0,0,STEADY_MAE
m156#156,REACHABLE,37.5000,0.5000,600000.0000,120.0000,120.0000,8.0000,25.0000,0.1000,FAIL,-0.1916,0.3818,0.5453,0.3589,-1,0,0,PASS,0.0242,0.0349,0.0713,0.0969,5255,0,0,PASS,0.0276,0.0369,0.0742,0.1029,4527,0,0,
m160#160,REACHABLE,37.5000,0.5000,600000.0000,180.0000,0.0000,8.0000,10.0000,0.1000,FAIL,-0.3330,0.3625,0.3817,0.0463,-1,0,0,FAIL,-0.2436,0.2782,0.2980,0.0752,-1,0,0,FAIL,-0.2436,0.2782,0.2980,0.0752,-1,0,0,LEARNER_LOW_CONFIDENCE
m164#164,REACHABLE,37.5000,0.5000,600000.0000,180.0000,0.0000,3.0000,25.0000,0.1000,FAIL,-0.1393,0.2343,0.2931,0.1539,-1,0,0,PASS,0.0535,0.0314,0.0335,0.0047,3835,0,0,PASS,0.0526,0.0286,0.0317,0.0083,2177,0,0,
m168#168,REACHABLE,37.5000,0.5000,600000.0000,180.0000,15.0000,3.0000,10.0000,0.1000,FAIL,-0.3647,0.4642,0.5170,0.1539,-1,0,0,FAIL,-0.2245,0.3076,0.4646,0.2840,-1,0,0,FAIL,-0.2245,0.3076,0.4646,0.2840,-1,0,0,LEARNER_LOW_CONFIDENCE
m172#172,REACHABLE,37.5000,0.5000,600000.0000,180.0000,15.0000,30.0000,25.0000,0.1000,FAIL,-0.1870,0.2537,0.2989,0.1125,-1,0,0,FAIL,-0.0448,0.3649,0.5889,0.5619,-1,0,0,FAIL,0.0598,0.1078,0.4525,0.5315,-1,0,0,STEADY_MAE
m176#176,REACHABLE,37.5000,0.5000,600000.0000,180.0000,30.0000,30.0000,10.0000,0.1000,FAIL,-0.2704,0.5481,0.8020,0.6153,-1,0,0,FAIL,-0.3761,0.7467,0.9095,0.4183,-1,0,0,PASS,-0.0133,0.0705,0.1211,0.1130,8341,0,0,
m180#180,REACHABLE,37.5000,0.5000,600000.0000,180.0000,30.0000,8.0000,25.0000,0.1000,FAIL,-0.2452,0.4159,0.5071,0.2114,-1,0,0,PASS,-0.0146,0.0365,0.0387,0.0041,5977,0,0,PASS,-0.0168,0.0548,0.1142,0.1258,8536,0,0,
m184#184,REACHABLE,37.5000,0.5000,600000.0000,180.0000,60.0000,8.0000,10.0000,0.1000,FAIL,-7.0119,7.2846,7.5164,0.4968,-1,0,0,PASS,0.0060,0.0511,0.0991,0.1127,7378,0,0,PASS,0.0034,0.0508,0.0998,0.1109,6900,0,0,
m188#188,REACHABLE,37.5000,0.5000,600000.0000,180.0000,60.0000,3.0000,25.0000,0.1000,FAIL,-0.1629,0.4182,0.5630,0.4118,-1,0,0,PASS,0.0661,0.0223,0.0564,0.1308,4025,0,0,PASS,0.0157,0.0400,0.0907,0.1225,3595,0,0,
m192#192,REACHABLE,37.5000,0.5000,600000.0000,180.0000,120.0000,3.0000,10.0000,0.1000,FAIL,-10.1661,10.5081,10.8594,0.7359,-1,0,0,FAIL,0.0208,0.0737,0.1499,0.1848,-1,0,0,FAIL,0.0239,0.0693,0.1374,0.1815,-1,0,0,SETTLING_TIMEOUT
m196#196,REACHABLE,37.5000,0.5000,600000.0000,180.0000,120.0000,30.0000,25.0000,0.1000,FAIL,-0.3017,0.4705,0.6396,0.3457,-1,0,0,FAIL,-0.7184,0.7386,0.7560,0.0373,-1,0,0,FAIL,-0.8316,0.8527,0.8717,0.0407,-1,0,0,STEADY_MAE
m200#200,HEAT_LIMITED,37.5000,0.5000,600000.0000,300.0000,0.0000,30.0000,10.0000,0.1000,FAIL,-1.7007,2.1964,2.7694,1.1497,-1,0,0,FAIL,-6.2918,6.3697,6.4610,0.1826,-1,0,0,FAIL,-6.2918,6.3697,6.4610,0.1826,-1,0,0,PHYSICAL_POWER_LIMIT
m204#204,REACHABLE,37.5000,0.5000,600000.0000,300.0000,0.0000,8.0000,25.0000,0.1000,FAIL,-0.2327,0.2947,0.3293,0.0975,-1,0,0,FAIL,-0.2276,0.2945,0.3292,0.0974,-1,0,0,PASS,0.0536,0.0228,0.0261,0.0078,3440,0,0,
m208#208,HEAT_LIMITED,37.5000,0.5000,600000.0000,300.0000,15.0000,8.0000,10.0000,0.1000,FAIL,-1.7031,2.1956,2.7680,1.1454,-1,0,0,FAIL,-6.2909,6.3683,6.4589,0.1813,-1,0,0,FAIL,-6.2909,6.3683,6.4589,0.1813,-1,0,0,PHYSICAL_POWER_LIMIT
m212#212,REACHABLE,37.5000,0.5000,600000.0000,300.0000,15.0000,3.0000,25.0000,0.1000,FAIL,-0.2033,0.3313,0.4262,0.2236,-1,0,0,PASS,0.0591,0.0381,0.0503,0.0512,8171,0,0,PASS,0.0596,0.0324,0.0328,0.0013,3590,0,0,
m216#216,HEAT_LIMITED,37.5000,0.5000,600000.0000,300.0000,30.0000,3.0000,10.0000,0.1000,FAIL,-1.7592,2.2880,2.8983,1.2284,-1,0,0,FAIL,-6.2910,6.3686,6.4594,0.1816,-1,0,0,FAIL,-6.2910,6.3686,6.4594,0.1816,-1,0,0,PHYSICAL_POWER_LIMIT
m220#220,REACHABLE,37.5000,0.5000,600000.0000,300.0000,30.0000,30.0000,25.0000,0.1000,FAIL,-0.2738,0.5367,0.7346,0.4585,-1,0,0,FAIL,-0.2795,0.4981,0.8179,0.5569,-1,0,0,PASS,-0.0123,0.0682,0.1160,0.1095,5222,0,0,
m224#224,HEAT_LIMITED,37.5000,0.5000,600000.0000,300.0000,60.0000,30.0000,10.0000,0.1000,FAIL,-10.8658,11.6539,12.2460,1.5259,-1,0,0,FAIL,-6.2574,6.3138,6.3800,0.1324,-1,0,0,FAIL,-6.2574,6.3138,6.3800,0.1324,-1,0,0,PHYSICAL_POWER_LIMIT
m228#228,REACHABLE,37.5000,0.5000,600000.0000,300.0000,60.0000,8.0000,25.0000,0.1000,FAIL,-2.5157,3.0115,3.3927,0.9525,-1,0,0,FAIL,-0.3588,0.5560,0.6005,0.1270,-1,0,0,PASS,0.0064,0.0501,0.1015,0.1186,4854,0,0,
m232#232,HEAT_LIMITED,37.5000,0.5000,600000.0000,300.0000,120.0000,8.0000,10.0000,0.1000,FAIL,-13.8327,14.2170,14.5885,0.7705,-1,0,0,FAIL,-6.2582,6.3152,6.3820,0.1336,-1,0,0,FAIL,-6.2582,6.3152,6.3820,0.1336,-1,0,0,PHYSICAL_POWER_LIMIT
m236#236,REACHABLE,37.5000,0.5000,600000.0000,300.0000,120.0000,3.0000,25.0000,0.1000,FAIL,-3.6044,3.9694,4.2974,0.7925,-1,0,0,FAIL,-0.4975,1.1763,1.7549,1.0558,-1,0,0,FAIL,-0.6915,0.7133,0.7137,0.0012,-1,0,0,STEADY_MAE
m240#240,HEAT_LIMITED,37.5000,0.5000,1600000.0000,120.0000,0.0000,3.0000,10.0000,0.1000,FAIL,-0.2426,0.4305,1.1482,1.0705,-1,0,0,FAIL,-0.1466,0.3099,0.9106,0.9366,-1,0,0,FAIL,-0.1466,0.3099,0.9106,0.9366,-1,0,0,PHYSICAL_POWER_LIMIT
m244#244,REACHABLE,37.5000,0.5000,1600000.0000,120.0000,0.0000,30.0000,25.0000,0.1000,FAIL,-0.1357,0.1670,0.1856,0.0468,-1,0,0,PASS,0.0511,0.0138,0.0277,0.0309,4646,0,0,PASS,0.0515,0.0071,0.0168,0.0270,4646,0,0,
m248#248,HEAT_LIMITED,37.5000,0.5000,1600000.0000,120.0000,15.0000,30.0000,10.0000,0.1000,FAIL,-0.2148,0.5049,1.2313,1.1810,-1,0,0,FAIL,-0.0379,0.3041,0.9994,1.1356,-1,0,0,FAIL,-0.0379,0.3041,0.9994,1.1356,-1,0,0,PHYSICAL_POWER_LIMIT
m252#252,REACHABLE,37.5000,0.5000,1600000.0000,120.0000,15.0000,8.0000,25.0000,0.1000,FAIL,-0.1221,0.1701,0.1917,0.0609,-1,0,0,FAIL,0.0588,0.0771,0.1893,0.2564,-1,0,0,FAIL,0.0623,0.0653,0.1894,0.2600,-1,0,0,SETTLING_TIMEOUT
m256#256,HEAT_LIMITED,37.5000,0.5000,1600000.0000,120.0000,30.0000,8.0000,10.0000,0.1000,FAIL,-0.2886,0.5178,1.2326,1.1088,-1,0,0,FAIL,-0.0351,0.2925,0.9848,1.1244,-1,0,0,FAIL,-0.0351,0.2925,0.9848,1.1244,-1,0,0,PHYSICAL_POWER_LIMIT
m260#260,REACHABLE,37.5000,0.5000,1600000.0000,120.0000,30.0000,3.0000,25.0000,0.1000,FAIL,-0.1008,0.1653,0.1906,0.0751,-1,0,0,FAIL,-0.0226,0.1186,0.2198,0.2017,-1,0,0,FAIL,0.0637,0.0999,0.2125,0.2813,-1,0,0,SETTLING_TIMEOUT
m264#264,HEAT_LIMITED,37.5000,0.5000,1600000.0000,120.0000,60.0000,3.0000,10.0000,0.1000,FAIL,-0.3015,0.5937,1.2910,1.1521,-1,0,0,FAIL,0.0689,0.3035,1.0241,1.2664,-1,0,0,FAIL,0.0689,0.3035,1.0241,1.2664,-1,0,0,PHYSICAL_POWER_LIMIT
m268#268,REACHABLE,37.5000,0.5000,1600000.0000,120.0000,60.0000,30.0000,25.0000,0.1000,FAIL,-0.0105,0.1091,0.1988,0.1962,-1,0,0,PASS,-0.0213,0.0771,0.1063,0.0862,7775,0,0,FAIL,-0.0201,0.0950,0.2539,0.2651,-1,0,0,SETTLING_TIMEOUT
m272#272,HEAT_LIMITED,37.5000,0.5000,1600000.0000,120.0000,120.0000,30.0000,10.0000,0.1000,FAIL,-0.3342,1.0605,2.4010,2.2013,-1,0,0,FAIL,-0.5508,1.0373,1.7812,1.3254,-1,0,0,FAIL,-0.2974,1.0297,2.2723,2.1607,-1,0,0,PHYSICAL_POWER_LIMIT
m276#276,REACHABLE,37.5000,0.5000,1600000.0000,120.0000,120.0000,8.0000,25.0000,0.1000,FAIL,0.0402,0.1394,0.2453,0.2866,-1,0,0,FAIL,0.4043,0.3813,0.4340,0.1598,-1,0,0,PASS,-0.0142,0.0783,0.1047,0.0861,6909,0,0,
m280#280,HEAT_LIMITED,37.5000,0.5000,1600000.0000,180.0000,0.0000,8.0000,10.0000,0.1000,FAIL,-0.4214,1.5073,2.8122,2.5410,-1,0,0,FAIL,-2.2194,3.3067,4.3430,2.2463,-1,0,0,FAIL,-2.2194,3.3067,4.3430,2.2463,-1,0,0,PHYSICAL_POWER_LIMIT
m284#284,REACHABLE,37.5000,0.5000,1600000.0000,180.0000,0.0000,3.0000,25.0000,0.1000,FAIL,-0.1438,0.2007,0.2287,0.0849,-1,0,0,PASS,0.0513,0.0368,0.0398,0.0068,4773,0,0,PASS,0.0509,0.0486,0.0492,0.0014,4773,0,0,
m288#288,HEAT_LIMITED,37.5000,0.5000,1600000.0000,180.0000,15.0000,3.0000,10.0000,0.1000,FAIL,-0.3203,1.4857,2.8004,2.6259,-1,0,0,FAIL,-2.2288,3.3173,4.3546,2.2498,-1,0,0,FAIL,-2.2288,3.3173,4.3546,2.2498,-1,0,0,PHYSICAL_POWER_LIMIT
m292#292,REACHABLE,37.5000,0.5000,1600000.0000,180.0000,15.0000,30.0000,25.0000,0.1000,FAIL,-0.2882,0.3387,0.3661,0.0669,-1,0,0,FAIL,-0.1159,0.2050,0.3215,0.2148,-1,0,0,PASS,-0.0244,0.0459,0.0576,0.0254,7688,0,0,
m296#296,HEAT_LIMITED,37.5000,0.5000,1600000.0000,180.0000,30.0000,30.0000,10.0000,0.1000,FAIL,-0.3754,1.5612,2.8749,2.6565,-1,0,0,FAIL,-2.2763,3.3689,4.4123,2.2618,-1,0,0,FAIL,-2.2763,3.3689,4.4123,2.2618,-1,0,0,PHYSICAL_POWER_LIMIT
m300#300,REACHABLE,37.5000,0.5000,1600000.0000,180.0000,30.0000,8.0000,25.0000,0.1000,FAIL,-0.1919,0.2604,0.2920,0.0872,-1,0,0,FAIL,-0.0301,0.1314,0.3411,0.3175,-1,0,0,FAIL,-0.0298,0.1612,0.3152,0.2908,-1,0,0,STEADY_MAE
m304#304,HEAT_LIMITED,37.5000,0.5000,1600000.0000,180.0000,60.0000,8.0000,10.0000,0.1000,FAIL,-0.7086,2.5010,4.1481,3.5878,-1,0,0,FAIL,-2.3820,3.4865,4.5437,2.2889,-1,0,0,FAIL,-2.3820,3.4865,4.5437,2.2889,-1,0,0,PHYSICAL_POWER_LIMIT
m308#308,REACHABLE,37.5000,0.5000,1600000.0000,180.0000,60.0000,3.0000,25.0000,0.1000,FAIL,-0.1343,0.2432,0.2835,0.1249,-1,0,0,PASS,-0.0204,0.0840,0.1243,0.1041,5928,0,0,FAIL,-0.0201,0.0998,0.2907,0.3323,-1,0,0,SETTLING_TIMEOUT
m312#312,HEAT_LIMITED,37.5000,0.5000,1600000.0000,180.0000,120.0000,3.0000,10.0000,0.1000,FAIL,-0.8107,2.6078,4.2540,3.5989,-1,0,0,FAIL,-2.5522,3.6724,4.7506,2.3277,-1,0,0,FAIL,-2.5522,3.6724,4.7506,2.3277,-1,0,0,PHYSICAL_POWER_LIMIT
m316#316,REACHABLE,37.5000,0.5000,1600000.0000,180.0000,120.0000,30.0000,25.0000,0.1000,FAIL,0.0026,0.2587,0.3727,0.2564,-1,0,0,FAIL,0.3327,0.6463,0.7092,0.1582,-1,0,0,FAIL,-0.0094,0.1094,0.1543,0.1531,-1,0,0,STEADY_MAE
m320#320,HEAT_LIMITED,37.5000,0.5000,1600000.0000,300.0000,0.0000,30.0000,10.0000,0.1000,FAIL,-4.6451,5.3527,6.0617,1.5050,-1,0,0,FAIL,-8.8425,9.3497,9.8539,1.0737,-1,0,0,FAIL,-8.8425,9.3497,9.8539,1.0737,-1,0,0,PHYSICAL_POWER_LIMIT
m324#324,REACHABLE,37.5000,0.5000,1600000.0000,300.0000,0.0000,8.0000,25.0000,0.1000,FAIL,-0.2421,0.2811,0.3023,0.0610,-1,0,0,PASS,-0.0429,0.0505,0.0532,0.0096,6843,0,0,PASS,0.0518,0.0409,0.0500,0.1012,5898,0,0,
m328#328,HEAT_LIMITED,37.5000,0.5000,1600000.0000,300.0000,15.0000,8.0000,10.0000,0.1000,FAIL,-4.6389,5.3455,6.0532,1.5025,-1,0,0,FAIL,-8.8390,9.3455,9.8490,1.0723,-1,0,0,FAIL,-8.8390,9.3455,9.8490,1.0723,-1,0,0,PHYSICAL_POWER_LIMIT
m332#332,REACHABLE,37.5000,0.5000,1600000.0000,300.0000,15.0000,3.0000,25.0000,0.1000,FAIL,-0.2275,0.3498,0.3578,0.0232,-1,0,0,PASS,0.0553,0.0384,0.0549,0.1151,7129,0,0,PASS,0.0550,0.0238,0.0286,0.0095,6073,0,0,
m336#336,HEAT_LIMITED,37.5000,0.5000,1600000.0000,300.0000,30.0000,3.0000,10.0000,0.1000,FAIL,-4.6588,5.3672,6.0771,1.5068,-1,0,0,FAIL,-8.8440,9.3514,9.8559,1.0743,-1,0,0,FAIL,-8.8440,9.3514,9.8559,1.0743,-1,0,0,PHYSICAL_POWER_LIMIT
m340#340,REACHABLE,37.5000,0.5000,1600000.0000,300.0000,30.0000,30.0000,25.0000,0.1000,FAIL,-0.2743,0.3569,0.4107,0.1360,-1,0,0,FAIL,-0.2831,0.3696,0.4294,0.1479,-1,0,0,PASS,-0.0339,0.0812,0.1202,0.0892,8349,0,0,
m344#344,HEAT_LIMITED,37.5000,0.5000,1600000.0000,300.0000,60.0000,30.0000,10.0000,0.1000,FAIL,-5.4856,6.3674,7.2440,1.8667,-1,0,0,FAIL,-8.9535,9.4817,10.0069,1.1182,-1,0,0,FAIL,-8.9535,9.4817,10.0069,1.1182,-1,0,0,PHYSICAL_POWER_LIMIT
m348#348,REACHABLE,37.5000,0.5000,1600000.0000,300.0000,60.0000,8.0000,25.0000,0.1000,FAIL,-0.4183,0.6117,0.6885,0.1751,-1,0,0,FAIL,-0.3046,0.8995,0.9226,0.0568,-1,0,0,FAIL,-0.1006,0.1551,0.1991,0.1068,-1,0,0,STEADY_MAE
m352#352,HEAT_LIMITED,37.5000,0.5000,1600000.0000,300.0000,120.0000,8.0000,10.0000,0.1000,FAIL,-5.5589,6.4546,7.3450,1.8961,-1,0,0,FAIL,-8.9463,9.4732,9.9969,1.1153,-1,0,0,FAIL,-8.9463,9.4732,9.9969,1.1153,-1,0,0,PHYSICAL_POWER_LIMIT
m356#356,REACHABLE,37.5000,0.5000,1600000.0000,300.0000,120.0000,3.0000,25.0000,0.1000,FAIL,-0.4273,0.6088,0.7355,0.3101,-1,0,0,FAIL,-0.2565,0.7402,0.7821,0.1518,-1,0,0,PASS,-0.0138,0.0746,0.1258,0.1174,7668,0,0,
m360#360,REACHABLE,37.5000,0.7000,180000.0000,120.0000,0.0000,3.0000,10.0000,0.1000,FAIL,-0.1294,0.3032,0.5393,0.4313,-1,0,0,PASS,-0.0127,0.0536,0.0852,0.0811,5191,0,0,PASS,-0.0127,0.0536,0.0852,0.0811,5191,0,0,
m364#364,REACHABLE,37.5000,0.7000,180000.0000,120.0000,0.0000,30.0000,25.0000,0.1000,FAIL,-0.0796,0.2691,0.4205,0.3383,-1,0,0,FAIL,-0.0913,0.2708,0.3831,0.2518,-1,0,0,PASS,0.0640,0.0089,0.0112,0.0064,1432,0,0,
m368#368,REACHABLE,37.5000,0.7000,180000.0000,120.0000,15.0000,30.0000,10.0000,0.1000,FAIL,-2.3535,2.5384,2.7050,0.3351,-1,0,0,FAIL,-0.2199,0.4931,0.7928,0.5803,-1,0,0,PASS,0.0683,0.0289,0.0642,0.1349,2583,0,0,
m372#372,REACHABLE,37.5000,0.7000,180000.0000,120.0000,15.0000,8.0000,25.0000,0.1000,FAIL,-0.1024,0.3227,0.4816,0.3813,-1,0,0,PASS,0.0688,0.0364,0.0680,0.1473,1859,0,0,PASS,0.0688,0.0364,0.0680,0.1473,1859,0,0,
m376#376,REACHABLE,37.5000,0.7000,180000.0000,120.0000,30.0000,8.0000,10.0000,0.1000,FAIL,-2.2533,2.6583,3.0628,0.8367,-1,0,0,PASS,0.0823,0.0370,0.0985,0.1925,2320,0,0,PASS,0.0823,0.0370,0.0985,0.1925,2320,0,0,
m380#380,REACHABLE,37.5000,0.7000,180000.0000,120.0000,30.0000,3.0000,25.0000,0.1000,FAIL,-0.1059,0.3828,0.5692,0.4657,-1,0,0,PASS,0.0744,0.0223,0.0246,0.0071,1167,0,0,PASS,0.0744,0.0223,0.0246,0.0071,1167,0,0,
m384#384,SAFETY_LIMITED,37.5000,0.7000,180000.0000,120.0000,60.0000,3.0000,10.0000,0.1000,FAIL,-3.0479,3.7127,4.4553,1.4686,-1,0,0,PASS,0.0213,0.0546,0.1188,0.1268,2673,0,0,PASS,0.0213,0.0546,0.1188,0.1268,2673,0,0,
m388#388,SAFETY_LIMITED,37.5000,0.7000,180000.0000,120.0000,60.0000,30.0000,25.0000,0.1000,FAIL,-0.0361,0.4863,0.8543,0.8267,-1,0,0,FAIL,0.1292,0.0709,0.1614,0.1862,-1,0,0,PASS,0.0963,0.0382,0.1074,0.1869,4291,0,0,
m392#392,SAFETY_LIMITED,37.5000,0.7000,180000.0000,120.0000,120.0000,30.0000,10.0000,0.1000,FAIL,-5.2893,5.9960,6.7909,1.5231,-1,0,0,FAIL,-0.9209,0.9473,0.9703,0.0586,-1,0,0,FAIL,-0.9209,0.9473,0.9703,0.0586,-1,0,0,STEADY_MAE
m396#396,SAFETY_LIMITED,37.5000,0.7000,180000.0000,120.0000,120.0000,8.0000,25.0000,0.1000,FAIL,-0.3197,1.0715,1.6510,1.4566,-1,0,0,FAIL,-0.7359,0.7597,0.7768,0.0474,-1,0,0,FAIL,-0.6375,0.6616,0.6842,0.0527,-1,0,0,STEADY_MAE
m400#400,REACHABLE,37.5000,0.7000,180000.0000,180.0000,0.0000,8.0000,10.0000,0.1000,FAIL,-2.6266,3.5881,4.5304,2.1091,-1,0,0,FAIL,-1.6516,2.1519,2.4912,0.9418,-1,0,0,FAIL,-1.6516,2.1519,2.4912,0.9418,-1,0,0,LEARNER_LOW_CONFIDENCE
m404#404,REACHABLE,37.5000,0.7000,180000.0000,180.0000,0.0000,3.0000,25.0000,0.1000,FAIL,-0.2084,0.3486,0.4834,0.2816,-1,0,0,PASS,-0.0282,0.0995,0.1019,0.0073,2057,0,0,PASS,-0.0282,0.0995,0.1019,0.0073,2057,0,0,
m408#408,REACHABLE,37.5000,0.7000,180000.0000,180.0000,15.0000,3.0000,10.0000,0.1000,FAIL,-2.6010,3.0492,3.4445,0.8640,-1,0,0,PASS,0.0686,0.0302,0.0503,0.1061,2757,0,0,PASS,0.0686,0.0299,0.0495,0.1042,2758,0,0,
m412#412,REACHABLE,37.5000,0.7000,180000.0000,180.0000,15.0000,30.0000,25.0000,0.1000,FAIL,-0.1074,0.4291,0.6837,0.5721,-1,0,0,FAIL,-0.2000,0.2885,0.3604,0.1628,-1,0,0,PASS,0.0768,0.0045,0.0055,0.0030,1749,0,0,
m416#416,SAFETY_LIMITED,37.5000,0.7000,180000.0000,180.0000,30.0000,30.0000,10.0000,0.1000,FAIL,-4.2608,4.6015,4.9562,0.7202,-1,0,0,FAIL,-0.6339,0.6572,0.6783,0.0455,-1,0,0,FAIL,-0.6339,0.6572,0.6783,0.0455,-1,0,0,STEADY_MAE
m420#420,REACHABLE,37.5000,0.7000,180000.0000,180.0000,30.0000,8.0000,25.0000,0.1000,FAIL,-1.6472,1.9541,2.1917,0.5442,-1,0,0,PASS,0.0867,0.0068,0.0085,0.0044,1286,0,0,PASS,0.0867,0.0068,0.0085,0.0044,1286,0,0,
m424#424,SAFETY_LIMITED,37.5000,0.7000,180000.0000,180.0000,60.0000,8.0000,10.0000,0.1000,FAIL,-4.6830,5.5855,6.4794,1.8881,-1,0,0,FAIL,-0.5752,0.5757,0.5761,0.0011,-1,0,0,FAIL,-0.5752,0.5757,0.5761,0.0011,-1,0,0,STEADY_MAE
m428#428,SAFETY_LIMITED,37.5000,0.7000,180000.0000,180.0000,60.0000,3.0000,25.0000,0.1000,FAIL,-1.8929,2.3112,2.7903,0.9240,-1,0,0,FAIL,0.0661,0.0628,0.1706,0.2499,-1,0,0,FAIL,0.0832,0.0505,0.1442,0.2583,-1,0,0,SETTLING_TIMEOUT
m432#432,SAFETY_LIMITED,37.5000,0.7000,180000.0000,180.0000,120.0000,3.0000,10.0000,0.1000,FAIL,-6.5776,7.9028,9.4466,3.0090,-1,0,0,FAIL,-6.1103,6.1486,6.1672,0.0476,-1,0,0,FAIL,-6.1103,6.1486,6.1672,0.0476,-1,0,0,STEADY_MAE
m436#436,SAFETY_LIMITED,37.5000,0.7000,180000.0000,180.0000,120.0000,30.0000,25.0000,0.1000,FAIL,-3.0098,3.4495,3.9930,0.9808,-1,0,0,FAIL,-0.8215,0.8492,0.8666,0.0429,-1,0,0,FAIL,-1.4186,1.4477,1.4642,0.0471,-1,0,0,STEADY_MAE
m440#440,REACHABLE,37.5000,0.7000,180000.0000,300.0000,0.0000,30.0000,10.0000,0.1000,FAIL,-5.7543,6.4848,6.9351,1.1617,-1,0,0,FAIL,-0.0896,0.1490,0.2014,0.1146,-1,0,0,FAIL,-0.0912,0.1500,0.2016,0.1147,-1,0,0,STEADY_MAE
m444#444,REACHABLE,37.5000,0.7000,180000.0000,300.0000,0.0000,8.0000,25.0000,0.1000,FAIL,-1.8204,2.3301,3.0539,1.3154,-1,0,0,PASS,0.0576,0.0159,0.0328,0.0350,1647,0,0,PASS,0.0566,0.0066,0.0081,0.0039,1647,0,0,
m448#448,REACHABLE,37.5000,0.7000,180000.0000,300.0000,15.0000,8.0000,10.0000,0.1000,FAIL,-5.9679,6.5356,7.0848,1.1333,-1,0,0,FAIL,-0.1607,0.2282,0.2860,0.1300,-1,0,0,FAIL,-0.1590,0.2277,0.2852,0.1303,-1,0,0,STEADY_MAE
m452#452,REACHABLE,37.5000,0.7000,180000.0000,300.0000,15.0000,3.0000,25.0000,0.1000,FAIL,-1.7556,2.0843,2.3607,0.6186,-1,0,0,FAIL,-1.7556,2.0929,2.3679,0.6185,-1,0,0,FAIL,-1.7556,2.0929,2.3679,0.6185,-1,0,0,LEARNER_LOW_CONFIDENCE
m456#456,REACHABLE,37.5000,0.7000,180000.0000,300.0000,30.0000,3.0000,10.0000,0.1000,FAIL,-8.7675,9.4130,9.9835,1.2244,-1,0,0,FAIL,-8.7983,9.5132,9.9350,0.9185,-1,0,0,FAIL,-8.7983,9.5132,9.9350,0.9185,-1,0,0,LEARNER_LOW_CONFIDENCE
m460#460,SAFETY_LIMITED,37.5000,0.7000,180000.0000,300.0000,30.0000,30.0000,25.0000,0.1000,FAIL,-2.8448,3.0811,3.3547,0.5336,-1,0,0,FAIL,-0.8260,0.8459,0.8637,0.0393,-1,0,0,FAIL,-0.8260,0.8459,0.8637,0.0393,-1,0,0,STEADY_MAE
m464#464,SAFETY_LIMITED,37.5000,0.7000,180000.0000,300.0000,60.0000,30.0000,10.0000,0.1000,FAIL,-8.5541,9.3364,10.1222,1.5813,-1,0,0,FAIL,-8.5281,9.4901,10.0599,1.1989,-1,0,0,FAIL,-8.5281,9.4901,10.0599,1.1989,-1,0,0,LEARNER_LOW_CONFIDENCE
m468#468,SAFETY_LIMITED,37.5000,0.7000,180000.0000,300.0000,60.0000,8.0000,25.0000,0.1000,FAIL,-2.9975,3.5611,4.2465,1.2930,-1,0,0,FAIL,0.0061,0.6316,1.0790,0.9030,-1,0,0,FAIL,0.0195,0.0855,0.1856,0.6987,-1,0,0,SETTLING_TIMEOUT
m472#472,SAFETY_LIMITED,37.5000,0.7000,180000.0000,300.0000,120.0000,8.0000,10.0000,0.1000,FAIL,-9.7902,11.6403,13.3691,3.6903,-1,0,0,FAIL,-7.2940,7.4182,7.6428,0.3646,-1,0,0,FAIL,-7.2940,7.4182,7.6428,0.3646,-1,0,0,STEADY_MAE
m476#476,SAFETY_LIMITED,37.5000,0.7000,180000.0000,300.0000,120.0000,3.0000,25.0000,0.1000,FAIL,-3.8725,4.6850,5.7110,1.9993,-1,0,0,FAIL,-1.0547,1.1277,1.1508,0.0981,-1,0,0,FAIL,-1.1906,1.2368,1.2660,0.0777,-1,0,0,STEADY_MAE
m480#480,REACHABLE,37.5000,0.7000,600000.0000,120.0000,0.0000,3.0000,10.0000,0.1000,FAIL,-0.1381,0.2577,0.3549,0.2174,-1,0,0,PASS,0.0525,0.0356,0.0491,0.0308,8203,0,0,PASS,0.0525,0.0356,0.0491,0.0308,8203,0,0,
m484#484,REACHABLE,37.5000,0.7000,600000.0000,120.0000,0.0000,30.0000,25.0000,0.1000,FAIL,-0.1138,0.1650,0.1931,0.0686,-1,0,0,PASS,0.0559,0.0338,0.0501,0.1093,2090,0,0,PASS,0.0547,0.0276,0.0443,0.0387,1930,0,0,
m488#488,REACHABLE,37.5000,0.7000,600000.0000,120.0000,15.0000,30.0000,10.0000,0.1000,FAIL,-0.2018,0.4004,0.5573,0.3555,-1,0,0,PASS,0.0580,0.0359,0.0683,0.1273,5825,0,0,PASS,0.0580,0.0359,0.0683,0.1273,5825,0,0,
m492#492,REACHABLE,37.5000,0.7000,600000.0000,120.0000,15.0000,8.0000,25.0000,0.1000,FAIL,-0.0937,0.1754,0.2174,0.1218,-1,0,0,PASS,0.0632,0.0013,0.0034,0.0073,1830,0,0,PASS,0.0641,0.0092,0.0123,0.0076,1830,0,0,
m496#496,REACHABLE,37.5000,0.7000,600000.0000,120.0000,30.0000,8.0000,10.0000,0.1000,FAIL,-0.1449,0.4316,0.5996,0.4172,-1,0,0,PASS,0.0660,0.0243,0.0250,0.0016,4775,0,0,PASS,0.0660,0.0243,0.0250,0.0016,4775,0,0,
m500#500,REACHABLE,37.5000,0.7000,600000.0000,120.0000,30.0000,3.0000,25.0000,0.1000,FAIL,-0.0593,0.1603,0.2164,0.1571,-1,0,0,PASS,0.0708,0.0145,0.0194,0.0092,1865,0,0,PASS,-0.0057,0.0486,0.0866,0.0897,1865,0,0,
m504#504,REACHABLE,37.5000,0.7000,600000.0000,120.0000,60.0000,3.0000,10.0000,0.1000,FAIL,-3.2599,3.7141,4.0178,0.8454,-1,0,0,PASS,-0.0074,0.0723,0.1182,0.1305,5695,0,0,PASS,-0.0074,0.0723,0.1182,0.1305,5695,0,0,
m508#508,REACHABLE,37.5000,0.7000,600000.0000,120.0000,60.0000,30.0000,25.0000,0.1000,FAIL,0.0927,0.2217,0.4402,0.5374,-1,0,0,PASS,0.2052,0.0400,0.0777,0.1054,3883,0,0,PASS,0.2305,0.0242,0.0544,0.1198,4510,0,0,
m512#512,REACHABLE,37.5000,0.7000,600000.0000,120.0000,120.0000,30.0000,10.0000,0.1000,FAIL,-2.0084,2.6448,3.1722,1.3117,-1,0,0,FAIL,-0.7295,0.7488,0.7669,0.0380,-1,0,0,FAIL,-0.7295,0.7488,0.7669,0.0380,-1,0,0,STEADY_MAE
m516#516,REACHABLE,37.5000,0.7000,600000.0000,120.0000,120.0000,8.0000,25.0000,0.1000,FAIL,-0.1536,0.3330,0.4824,0.3305,-1,0,0,PASS,0.0018,0.0623,0.0735,0.0242,7114,0,0,PASS,-0.0021,0.0511,0.1319,0.1190,6624,0,0,
m520#520,REACHABLE,37.5000,0.7000,600000.0000,180.0000,0.0000,8.0000,10.0000,0.1000,FAIL,-0.2295,0.2973,0.3350,0.1070,-1,0,0,FAIL,-0.2330,0.2572,0.2691,0.0324,-1,0,0,FAIL,-0.2330,0.2572,0.2691,0.0324,-1,0,0,LEARNER_LOW_CONFIDENCE
m524#524,REACHABLE,37.5000,0.7000,600000.0000,180.0000,0.0000,3.0000,25.0000,0.1000,FAIL,-0.1342,0.2054,0.2419,0.1087,-1,0,0,PASS,0.0545,0.0128,0.0172,0.0101,2104,0,0,PASS,0.0554,0.0169,0.0195,0.0065,2104,0,0,
m528#528,REACHABLE,37.5000,0.7000,600000.0000,180.0000,15.0000,3.0000,10.0000,0.1000,FAIL,-0.1927,0.3386,0.4655,0.2607,-1,0,0,PASS,-0.0209,0.0441,0.0652,0.0478,6456,0,0,PASS,-0.0209,0.0441,0.0652,0.0478,6456,0,0,
m532#532,REACHABLE,37.5000,0.7000,600000.0000,180.0000,15.0000,30.0000,25.0000,0.1000,FAIL,-0.1137,0.2483,0.3403,0.2120,-1,0,0,FAIL,-0.0349,0.2551,0.2900,0.0880,-1,0,0,PASS,-0.0160,0.0587,0.0946,0.0794,3086,0,0,
m536#536,REACHABLE,37.5000,0.7000,600000.0000,180.0000,30.0000,30.0000,10.0000,0.1000,FAIL,-0.2857,0.5692,0.8549,0.5879,-1,0,0,FAIL,-0.2958,0.5772,0.9547,0.6775,-1,0,0,PASS,0.0023,0.0524,0.1028,0.1105,5761,0,0,
m540#540,REACHABLE,37.5000,0.7000,600000.0000,180.0000,30.0000,8.0000,25.0000,0.1000,FAIL,-0.1130,0.2748,0.3810,0.2733,-1,0,0,PASS,0.0717,0.0063,0.0104,0.0088,3246,0,0,PASS,0.0683,0.0039,0.0074,0.0154,2391,0,0,
m544#544,REACHABLE,37.5000,0.7000,600000.0000,180.0000,60.0000,8.0000,10.0000,0.1000,FAIL,-5.8328,6.1008,6.3839,0.5680,-1,0,0,PASS,0.0739,0.0386,0.0906,0.1806,4883,0,0,PASS,0.0741,0.0406,0.1014,0.1826,5289,0,0,
m548#548,REACHABLE,37.5000,0.7000,600000.0000,180.0000,60.0000,3.0000,25.0000,0.1000,FAIL,-0.0469,0.3290,0.5268,0.4835,-1,0,0,PASS,0.0718,0.0111,0.0239,0.0302,2955,0,0,PASS,0.0697,0.0448,0.0472,0.0063,2174,0,0,
m552#552,REACHABLE,37.5000,0.7000,600000.0000,180.0000,120.0000,3.0000,10.0000,0.1000,FAIL,-7.8234,8.1770,8.6068,0.8210,-1,0,0,PASS,0.0281,0.0635,0.1338,0.1668,6492,0,0,PASS,0.0281,0.0635,0.1338,0.1668,6492,0,0,
m556#556,REACHABLE,37.5000,0.7000,600000.0000,180.0000,120.0000,30.0000,25.0000,0.1000,FAIL,-0.1572,0.3625,0.5520,0.4303,-1,0,0,FAIL,-0.6204,0.6396,0.6568,0.0372,-1,0,0,FAIL,-0.7920,0.8404,0.8612,0.0474,-1,0,0,STEADY_MAE
m560#560,REACHABLE,37.5000,0.7000,600000.0000,300.0000,0.0000,30.0000,10.0000,0.1000,FAIL,-0.4115,0.5148,0.6185,0.2055,-1,0,0,FAIL,-0.5111,0.6439,0.7304,0.2300,-1,0,0,FAIL,-0.5111,0.6439,0.7304,0.2300,-1,0,0,LEARNER_LOW_CONFIDENCE
m564#564,REACHABLE,37.5000,0.7000,600000.0000,300.0000,0.0000,8.0000,25.0000,0.1000,FAIL,-0.1340,0.2795,0.4034,0.2674,-1,0,0,FAIL,-0.0483,0.2750,0.4035,0.2715,-1,0,0,PASS,0.0538,0.0247,0.0476,0.0641,2220,0,0,
m568#568,REACHABLE,37.5000,0.7000,600000.0000,300.0000,15.0000,8.0000,10.0000,0.1000,FAIL,-5.3166,5.6523,5.9101,0.6720,-1,0,0,FAIL,-0.5750,0.6574,0.7167,0.1481,-1,0,0,FAIL,-0.5750,0.6574,0.7167,0.1481,-1,0,0,LEARNER_LOW_CONFIDENCE
m572#572,REACHABLE,37.5000,0.7000,600000.0000,300.0000,15.0000,3.0000,25.0000,0.1000,FAIL,-0.2777,0.3782,0.4472,0.1731,-1,0,0,PASS,-0.0204,0.0770,0.0806,0.0100,5128,0,0,PASS,-0.0195,0.0759,0.1298,0.1210,2699,0,0,
m576#576,REACHABLE,37.5000,0.7000,600000.0000,300.0000,30.0000,3.0000,10.0000,0.1000,FAIL,-7.6607,8.1013,8.4879,1.0621,-1,0,0,FAIL,-0.3234,0.5357,0.7398,0.4728,-1,0,0,FAIL,-0.3234,0.5357,0.7398,0.4728,-1,0,0,STEADY_MAE
m580#580,REACHABLE,37.5000,0.7000,600000.0000,300.0000,30.0000,30.0000,25.0000,0.1000,FAIL,-0.1653,0.4672,0.6949,0.5352,-1,0,0,FAIL,-0.0972,0.5389,0.9613,0.8607,-1,0,0,PASS,0.0068,0.0491,0.1020,0.1167,3995,0,0,
m584#584,REACHABLE,37.5000,0.7000,600000.0000,300.0000,60.0000,30.0000,10.0000,0.1000,FAIL,-5.4790,5.9010,6.2046,0.7946,-1,0,0,FAIL,0.0893,0.0640,0.1382,0.2470,-1,0,0,FAIL,0.0893,0.0640,0.1382,0.2470,-1,0,0,SETTLING_TIMEOUT
m588#588,REACHABLE,37.5000,0.7000,600000.0000,300.0000,60.0000,8.0000,25.0000,0.1000,FAIL,-1.8956,2.3389,2.6908,0.8653,-1,0,0,FAIL,-0.3223,0.6421,0.8225,0.4427,-1,0,0,PASS,0.0707,0.0324,0.0753,0.1606,3669,0,0,
m592#592,REACHABLE,37.5000,0.7000,600000.0000,300.0000,120.0000,8.0000,10.0000,0.1000,FAIL,-11.2441,11.7440,12.2508,1.0329,-1,0,0,FAIL,-0.6346,0.6731,0.7156,0.0844,-1,0,0,FAIL,-0.6346,0.6731,0.7156,0.0844,-1,0,0,STEADY_MAE
m596#596,REACHABLE,37.5000,0.7000,600000.0000,300.0000,120.0000,3.0000,25.0000,0.1000,FAIL,-2.8172,3.2746,3.6908,0.9954,-1,0,0,PASS,0.0296,0.0425,0.0879,0.1195,5838,0,0,PASS,0.0304,0.0387,0.0861,0.1157,5105,0,0,
m600#600,REACHABLE,37.5000,0.7000,1600000.0000,120.0000,0.0000,3.0000,10.0000,0.1000,FAIL,-0.1434,0.2172,0.2529,0.1106,-1,0,0,PASS,-0.0460,0.0508,0.0543,0.0089,8260,0,0,PASS,-0.0460,0.0508,0.0543,0.0089,8260,0,0,
m604#604,REACHABLE,37.5000,0.7000,1600000.0000,120.0000,0.0000,30.0000,25.0000,0.1000,FAIL,-0.1399,0.1576,0.1703,0.0301,-1,0,0,PASS,0.0506,0.0258,0.0406,0.0335,3526,0,0,PASS,0.0526,0.0231,0.0272,0.0087,3526,0,0,
m608#608,REACHABLE,37.5000,0.7000,1600000.0000,120.0000,15.0000,30.0000,10.0000,0.1000,FAIL,-0.2055,0.2673,0.3074,0.1043,-1,0,0,PASS,0.0598,0.0256,0.0522,0.0913,8550,0,0,PASS,0.0598,0.0256,0.0522,0.0913,8550,0,0,
m612#612,REACHABLE,37.5000,0.7000,1600000.0000,120.0000,15.0000,8.0000,25.0000,0.1000,FAIL,-0.1199,0.1601,0.1760,0.0465,-1,0,0,PASS,-0.0343,0.0578,0.0733,0.0396,3420,0,0,PASS,-0.0333,0.0577,0.0730,0.0392,3420,0,0,
m616#616,REACHABLE,37.5000,0.7000,1600000.0000,120.0000,30.0000,8.0000,10.0000,0.1000,FAIL,-0.2589,0.3485,0.3987,0.1366,-1,0,0,PASS,-0.0203,0.0507,0.0690,0.0520,8513,0,0,PASS,-0.0203,0.0507,0.0690,0.0520,8513,0,0,
m620#620,REACHABLE,37.5000,0.7000,1600000.0000,120.0000,30.0000,3.0000,25.0000,0.1000,FAIL,-0.0974,0.1552,0.1757,0.0599,-1,0,0,PASS,0.0623,0.0325,0.0524,0.0795,8653,0,0,PASS,0.0639,0.0382,0.0528,0.0692,8653,0,0,
m624#624,REACHABLE,37.5000,0.7000,1600000.0000,120.0000,60.0000,3.0000,10.0000,0.1000,FAIL,-0.1835,0.3274,0.4036,0.2150,-1,0,0,FAIL,0.1569,0.1938,0.6140,0.8100,-1,0,0,FAIL,0.1569,0.1938,0.6140,0.8100,-1,0,0,LEARNER_LOW_CONFIDENCE
m628#628,REACHABLE,37.5000,0.7000,1600000.0000,120.0000,60.0000,30.0000,25.0000,0.1000,FAIL,-0.0538,0.1912,0.2572,0.2139,-1,0,0,FAIL,-0.0979,0.1507,0.1786,0.0754,-1,0,0,FAIL,-0.1013,0.1482,0.1792,0.0766,-1,0,0,STEADY_MAE
m632#632,REACHABLE,37.5000,0.7000,1600000.0000,120.0000,120.0000,30.0000,10.0000,0.1000,FAIL,-0.1685,0.9312,1.9770,2.0057,-1,0,0,FAIL,-0.4654,0.8607,1.1893,0.6166,-1,0,0,FAIL,-0.0886,0.2982,0.6042,0.5344,-1,0,0,STEADY_MAE
m636#636,REACHABLE,37.5000,0.7000,1600000.0000,120.0000,120.0000,8.0000,25.0000,0.1000,FAIL,0.0786,0.1234,0.2260,0.3035,-1,0,0,PASS,0.0003,0.0717,0.1038,0.0885,6506,0,0,PASS,0.0015,0.0746,0.1056,0.0912,6044,0,0,
m640#640,REACHABLE,37.5000,0.7000,1600000.0000,180.0000,0.0000,8.0000,10.0000,0.1000,FAIL,-0.2376,0.2795,0.3011,0.0612,-1,0,0,FAIL,-0.1440,0.1557,0.2259,0.1244,-1,0,0,FAIL,-0.1440,0.1557,0.2259,0.1244,-1,0,0,LEARNER_LOW_CONFIDENCE
m644#644,REACHABLE,37.5000,0.7000,1600000.0000,180.0000,0.0000,3.0000,25.0000,0.1000,FAIL,-0.1439,0.1706,0.1847,0.0410,-1,0,0,PASS,0.0513,0.0073,0.0174,0.0231,3604,0,0,PASS,0.0516,0.0263,0.0426,0.0370,3604,0,0,
m648#648,REACHABLE,37.5000,0.7000,1600000.0000,180.0000,15.0000,3.0000,10.0000,0.1000,FAIL,-0.2127,0.3162,0.3612,0.1502,-1,0,0,FAIL,-0.0428,0.0871,0.2044,0.1965,-1,0,0,FAIL,-0.0428,0.0871,0.2044,0.1965,-1,0,0,SETTLING_TIMEOUT
m652#652,REACHABLE,37.5000,0.7000,1600000.0000,180.0000,15.0000,30.0000,25.0000,0.1000,FAIL,-0.2240,0.2479,0.2655,0.0425,-1,0,0,FAIL,-0.0294,0.0918,0.2208,0.2000,-1,0,0,FAIL,-0.0292,0.1041,0.3011,0.2789,-1,0,0,LEARNER_LOW_CONFIDENCE
m656#656,REACHABLE,37.5000,0.7000,1600000.0000,180.0000,30.0000,30.0000,10.0000,0.1000,FAIL,-0.2627,0.3506,0.4062,0.1466,-1,0,0,FAIL,-0.0268,0.1301,0.3883,0.3834,-1,0,0,FAIL,-0.0268,0.1301,0.3883,0.3834,-1,0,0,STEADY_MAE
m660#660,REACHABLE,37.5000,0.7000,1600000.0000,180.0000,30.0000,8.0000,25.0000,0.1000,FAIL,-0.1985,0.2457,0.2695,0.0635,-1,0,0,FAIL,-0.0201,0.1426,0.3142,0.3018,-1,0,0,FAIL,0.0639,0.0991,0.3017,0.3734,-1,0,0,SETTLING_TIMEOUT
m664#664,REACHABLE,37.5000,0.7000,1600000.0000,180.0000,60.0000,8.0000,10.0000,0.1000,FAIL,-0.2427,0.4670,0.5990,0.3776,-1,0,0,FAIL,-0.0114,0.1477,0.4850,0.5005,-1,0,0,FAIL,-0.0114,0.1477,0.4850,0.5005,-1,0,0,STEADY_MAE
m668#668,REACHABLE,37.5000,0.7000,1600000.0000,180.0000,60.0000,3.0000,25.0000,0.1000,FAIL,-0.0339,0.1607,0.2407,0.2078,-1,0,0,FAIL,-0.0164,0.1326,0.3566,0.3468,-1,0,0,FAIL,-0.0170,0.1244,0.3620,0.3515,-1,0,0,LEARNER_LOW_CONFIDENCE
m672#672,REACHABLE,37.5000,0.7000,1600000.0000,180.0000,120.0000,3.0000,10.0000,0.1000,FAIL,-4.3657,5.6229,6.5684,2.3139,-1,0,0,FAIL,-0.0804,0.1472,0.2025,0.1269,-1,0,0,FAIL,-0.0809,0.1453,0.1940,0.1173,-1,0,0,STEADY_MAE
m676#676,REACHABLE,37.5000,0.7000,1600000.0000,180.0000,120.0000,30.0000,25.0000,0.1000,FAIL,0.0060,0.1912,0.3372,0.3577,-1,0,0,FAIL,0.4977,0.2635,0.3288,0.1646,-1,0,0,PASS,0.0050,0.0878,0.1369,0.1446,8783,0,0,
m680#680,HEAT_LIMITED,37.5000,0.7000,1600000.0000,300.0000,0.0000,30.0000,10.0000,0.1000,FAIL,-0.3390,1.0866,2.1916,1.9909,-1,0,0,FAIL,-1.6075,2.3323,3.0508,1.5316,-1,0,0,FAIL,-1.6075,2.3323,3.0508,1.5316,-1,0,0,PHYSICAL_POWER_LIMIT
m684#684,REACHABLE,37.5000,0.7000,1600000.0000,300.0000,0.0000,8.0000,25.0000,0.1000,FAIL,-0.3159,0.3355,0.3421,0.0186,-1,0,0,FAIL,-0.2243,0.3356,0.3422,0.0185,-1,0,0,PASS,-0.0278,0.0358,0.0381,0.0051,4595,0,0,
m688#688,HEAT_LIMITED,37.5000,0.7000,1600000.0000,300.0000,15.0000,8.0000,10.0000,0.1000,FAIL,-0.4115,1.0836,2.1691,1.8939,-1,0,0,FAIL,-1.6015,2.3249,3.0419,1.5284,-1,0,0,FAIL,-1.6015,2.3249,3.0419,1.5284,-1,0,0,PHYSICAL_POWER_LIMIT
m692#692,REACHABLE,37.5000,0.7000,1600000.0000,300.0000,15.0000,3.0000,25.0000,0.1000,FAIL,-0.2187,0.2669,0.2896,0.0676,-1,0,0,PASS,0.0565,0.0085,0.0165,0.0331,3850,0,0,PASS,0.0566,0.0423,0.0493,0.0162,3850,0,0,
m696#696,HEAT_LIMITED,37.5000,0.7000,1600000.0000,300.0000,30.0000,3.0000,10.0000,0.1000,FAIL,-0.3832,1.1074,2.2002,1.9522,-1,0,0,FAIL,-1.6091,2.3338,3.0527,1.5320,-1,0,0,FAIL,-1.6091,2.3338,3.0527,1.5320,-1,0,0,PHYSICAL_POWER_LIMIT
m700#700,REACHABLE,37.5000,0.7000,1600000.0000,300.0000,30.0000,30.0000,25.0000,0.1000,FAIL,-0.1653,0.2563,0.3205,0.1523,-1,0,0,FAIL,-0.2350,0.3808,0.5326,0.3039,-1,0,0,FAIL,-0.0206,0.1198,0.3507,0.4136,-1,0,0,STEADY_MAE
m704#704,HEAT_LIMITED,37.5000,0.7000,1600000.0000,300.0000,60.0000,30.0000,10.0000,0.1000,FAIL,-1.6797,3.3446,4.7615,3.3154,-1,0,0,FAIL,-1.5714,2.2876,2.9977,1.5137,-1,0,0,FAIL,-1.5714,2.2876,2.9977,1.5137,-1,0,0,PHYSICAL_POWER_LIMIT
m708#708,REACHABLE,37.5000,0.7000,1600000.0000,300.0000,60.0000,8.0000,25.0000,0.1000,FAIL,-0.3020,0.4052,0.4754,0.1765,-1,0,0,PASS,-0.0109,0.0502,0.0843,0.0781,7119,0,0,PASS,-0.0125,0.0690,0.1164,0.1136,5165,0,0,
m712#712,HEAT_LIMITED,37.5000,0.7000,1600000.0000,300.0000,120.0000,8.0000,10.0000,0.1000,FAIL,-3.1136,4.6833,6.1214,3.0790,-1,0,0,FAIL,-1.5994,2.3162,3.0262,1.5145,-1,0,0,FAIL,-1.5994,2.3162,3.0262,1.5145,-1,0,0,PHYSICAL_POWER_LIMIT
m716#716,REACHABLE,37.5000,0.7000,1600000.0000,300.0000,120.0000,3.0000,25.0000,0.1000,FAIL,-0.2492,0.4585,0.5791,0.3355,-1,0,0,FAIL,-0.2124,0.7576,0.9239,0.3361,-1,0,0,PASS,0.0128,0.0474,0.0915,0.1107,5332,0,0,
m720#720,REACHABLE,37.5000,1.0000,180000.0000,120.0000,0.0000,3.0000,10.0000,0.1000,FAIL,-0.1326,0.2846,0.4585,0.3299,-1,0,0,PASS,0.0593,0.0233,0.0452,0.1050,1238,0,0,PASS,0.0593,0.0233,0.0452,0.1050,1238,0,0,
m724#724,REACHABLE,37.5000,1.0000,180000.0000,120.0000,0.0000,30.0000,25.0000,0.1000,FAIL,-0.0281,0.2220,0.3668,0.3089,-1,0,0,FAIL,-0.1399,0.1494,0.1545,0.0119,-1,0,0,FAIL,-0.1399,0.1494,0.1545,0.0119,-1,0,0,STEADY_MAE
m728#728,SAFETY_LIMITED,37.5000,1.0000,180000.0000,120.0000,15.0000,30.0000,10.0000,0.1000,FAIL,-1.8838,2.0732,2.2591,0.3967,-1,0,0,PASS,-0.0182,0.0897,0.1299,0.1099,5798,0,0,PASS,-0.0122,0.0768,0.1258,0.1024,2684,0,0,
m732#732,REACHABLE,37.5000,1.0000,180000.0000,120.0000,15.0000,8.0000,25.0000,0.1000,FAIL,-0.0371,0.2628,0.4266,0.3955,-1,0,0,PASS,0.0580,0.0215,0.0426,0.0816,2766,0,0,PASS,0.0580,0.0215,0.0426,0.0816,2766,0,0,
m736#736,SAFETY_LIMITED,37.5000,1.0000,180000.0000,120.0000,30.0000,8.0000,10.0000,0.1000,FAIL,-1.5110,1.9884,2.4405,0.9750,-1,0,0,PASS,0.0785,0.0358,0.0974,0.1883,1473,0,0,PASS,0.0785,0.0358,0.0974,0.1883,1473,0,0,
m740#740,REACHABLE,37.5000,1.0000,180000.0000,120.0000,30.0000,3.0000,25.0000,0.1000,FAIL,-0.6704,0.8657,1.0484,0.4111,-1,0,0,FAIL,-0.6709,0.8911,1.0744,0.5031,-1,0,0,FAIL,-0.6709,0.8911,1.0744,0.5031,-1,0,0,LEARNER_LOW_CONFIDENCE
m744#744,SAFETY_LIMITED,37.5000,1.0000,180000.0000,120.0000,60.0000,3.0000,10.0000,0.1000,FAIL,-1.8348,2.4432,3.2007,1.4239,-1,0,0,PASS,0.0162,0.0596,0.1268,0.1533,2270,0,0,PASS,0.0162,0.0596,0.1268,0.1533,2270,0,0,
m748#748,SAFETY_LIMITED,37.5000,1.0000,180000.0000,120.0000,60.0000,30.0000,25.0000,0.1000,FAIL,-0.0712,0.4857,0.7824,0.7008,-1,0,0,FAIL,0.0160,0.0857,0.1890,0.2158,-1,0,0,FAIL,0.0041,0.0963,0.1939,0.1955,-1,0,0,SETTLING_TIMEOUT
m752#752,SAFETY_LIMITED,37.5000,1.0000,180000.0000,120.0000,120.0000,30.0000,10.0000,0.1000,FAIL,-3.3543,4.1571,5.0642,1.8385,-1,0,0,FAIL,-0.0826,0.9610,1.5597,1.2399,-1,0,0,FAIL,-0.0826,0.9610,1.5597,1.2399,-1,0,0,STEADY_MAE
m756#756,SAFETY_LIMITED,37.5000,1.0000,180000.0000,120.0000,120.0000,8.0000,25.0000,0.1000,FAIL,-1.1536,1.6716,2.1423,1.0113,-1,0,0,FAIL,-0.8051,0.8416,0.8528,0.0538,-1,0,0,FAIL,0.0243,0.0775,0.1679,0.2072,-1,0,0,SETTLING_TIMEOUT
m760#760,REACHABLE,37.5000,1.0000,180000.0000,180.0000,0.0000,8.0000,10.0000,0.1000,FAIL,-1.7207,2.2929,3.3612,1.7998,-1,0,0,PASS,0.0646,0.0322,0.0374,0.0152,1190,0,0,PASS,0.0646,0.0322,0.0374,0.0152,1190,0,0,
m764#764,REACHABLE,37.5000,1.0000,180000.0000,180.0000,0.0000,3.0000,25.0000,0.1000,FAIL,-0.1250,0.2677,0.3962,0.2795,-1,0,0,PASS,0.0557,0.0041,0.0068,0.0087,1790,0,0,PASS,0.0557,0.0041,0.0068,0.0087,1790,0,0,
m768#768,REACHABLE,37.5000,1.0000,180000.0000,180.0000,15.0000,3.0000,10.0000,0.1000,FAIL,-1.6026,2.1093,2.5157,0.9271,-1,0,0,PASS,0.0659,0.0152,0.0453,0.0650,1266,0,0,PASS,0.0659,0.0152,0.0453,0.0650,1266,0,0,
m772#772,SAFETY_LIMITED,37.5000,1.0000,180000.0000,180.0000,15.0000,30.0000,25.0000,0.1000,FAIL,-0.0949,0.3822,0.6222,0.5322,-1,0,0,PASS,0.0697,0.0317,0.0470,0.0387,1438,0,0,PASS,0.0697,0.0317,0.0470,0.0387,1438,0,0,
m776#776,SAFETY_LIMITED,37.5000,1.0000,180000.0000,180.0000,30.0000,30.0000,10.0000,0.1000,FAIL,-2.7617,3.0897,3.4830,0.7504,-1,0,0,FAIL,-0.3474,3.3060,3.6850,0.9334,-1,0,0,FAIL,0.0793,0.0660,0.1790,0.2771,-1,0,0,SETTLING_TIMEOUT
m780#780,SAFETY_LIMITED,37.5000,1.0000,180000.0000,180.0000,30.0000,8.0000,25.0000,0.1000,FAIL,-1.2460,1.7816,2.0238,0.8264,-1,0,0,PASS,0.0847,0.0170,0.0451,0.0780,1279,0,0,PASS,0.0847,0.0170,0.0451,0.0780,1279,0,0,
m784#784,SAFETY_LIMITED,37.5000,1.0000,180000.0000,180.0000,60.0000,8.0000,10.0000,0.1000,FAIL,-2.9793,3.8787,4.9340,1.9921,-1,0,0,FAIL,-0.0686,0.2097,0.4120,0.4142,-1,0,0,FAIL,-0.0686,0.2097,0.4120,0.4142,-1,0,0,STEADY_MAE
m788#788,SAFETY_LIMITED,37.5000,1.0000,180000.0000,180.0000,60.0000,3.0000,25.0000,0.1000,FAIL,-1.2661,1.7698,2.1283,0.9226,-1,0,0,FAIL,0.0804,0.0501,0.1605,0.2505,-1,0,0,FAIL,0.0757,0.0470,0.1454,0.2479,-1,0,0,SETTLING_TIMEOUT
m792#792,SAFETY_LIMITED,37.5000,1.0000,180000.0000,180.0000,120.0000,3.0000,10.0000,0.1000,FAIL,-4.2234,5.4790,7.2408,3.2055,-1,0,0,FAIL,-0.9778,1.0335,1.0774,0.1051,-1,0,0,FAIL,-0.9778,1.0335,1.0774,0.1051,-1,0,0,STEADY_MAE
m796#796,SAFETY_LIMITED,37.5000,1.0000,180000.0000,180.0000,120.0000,30.0000,25.0000,0.1000,FAIL,-1.9705,2.5327,3.1288,1.2028,-1,0,0,FAIL,-0.1973,0.5552,0.8939,0.6649,-1,0,0,FAIL,-0.7105,0.7435,0.7681,0.0687,-1,0,0,STEADY_MAE
m800#800,REACHABLE,37.5000,1.0000,180000.0000,300.0000,0.0000,30.0000,10.0000,0.1000,FAIL,-3.3207,3.4995,3.6834,0.3651,-1,0,0,FAIL,-0.6488,0.6567,0.6625,0.0151,-1,0,0,FAIL,-0.6488,0.6567,0.6625,0.0151,-1,0,0,STEADY_MAE
m804#804,REACHABLE,37.5000,1.0000,180000.0000,300.0000,0.0000,8.0000,25.0000,0.1000,FAIL,-0.1259,0.3585,0.6520,0.5434,-1,0,0,PASS,0.0186,0.0310,0.0513,0.0579,2547,0,0,PASS,0.0186,0.0310,0.0513,0.0579,2547,0,0,
m808#808,REACHABLE,37.5000,1.0000,180000.0000,300.0000,15.0000,8.0000,10.0000,0.1000,FAIL,-3.1417,3.7454,4.3219,1.2005,-1,0,0,FAIL,0.0850,0.0574,0.1817,0.3195,-1,0,0,FAIL,0.0847,0.0657,0.2049,0.3219,-1,0,0,SETTLING_TIMEOUT
m812#812,REACHABLE,37.5000,1.0000,180000.0000,300.0000,15.0000,3.0000,25.0000,0.1000,FAIL,-0.0234,0.4006,0.8382,0.7618,-1,0,0,PASS,0.0845,0.0458,0.1034,0.2230,4648,0,0,PASS,0.0845,0.0458,0.1034,0.2230,4648,0,0,
m816#816,REACHABLE,37.5000,1.0000,180000.0000,300.0000,30.0000,3.0000,10.0000,0.1000,FAIL,-3.3513,4.3060,5.2279,1.9019,-1,0,0,FAIL,0.0623,0.1816,0.4124,0.4738,-1,0,0,FAIL,0.0623,0.1816,0.4124,0.4738,-1,0,0,STEADY_MAE
m820#820,SAFETY_LIMITED,37.5000,1.0000,180000.0000,300.0000,30.0000,30.0000,25.0000,0.1000,FAIL,-1.9515,2.2141,2.5170,0.5969,-1,0,0,FAIL,-0.2045,0.6834,1.4042,1.2317,-1,0,0,FAIL,0.0872,0.0459,0.1246,0.2308,-1,0,0,SETTLING_TIMEOUT
m824#824,SAFETY_LIMITED,37.5000,1.0000,180000.0000,300.0000,60.0000,30.0000,10.0000,0.1000,FAIL,-5.8539,6.7841,7.8267,1.9935,-1,0,0,FAIL,-5.8539,7.1331,8.1330,2.3102,-1,0,0,FAIL,-5.8539,7.1331,8.1330,2.3102,-1,0,0,LEARNER_LOW_CONFIDENCE
m828#828,SAFETY_LIMITED,37.5000,1.0000,180000.0000,300.0000,60.0000,8.0000,25.0000,0.1000,FAIL,-1.9581,2.5495,3.2733,1.3602,-1,0,0,PASS,0.0078,0.0603,0.1355,0.1527,7950,0,0,PASS,0.0215,0.0591,0.1356,0.1711,3442,0,0,
m832#832,SAFETY_LIMITED,37.5000,1.0000,180000.0000,300.0000,120.0000,8.0000,10.0000,0.1000,FAIL,-6.6148,8.7144,10.9320,4.4877,-1,0,0,FAIL,-6.6475,7.9674,8.3481,0.9599,-1,0,0,FAIL,-6.6475,7.9674,8.3481,0.9599,-1,0,0,STEADY_MAE
m836#836,SAFETY_LIMITED,37.5000,1.0000,180000.0000,300.0000,120.0000,3.0000,25.0000,0.1000,FAIL,-2.4886,3.4323,4.6250,2.3359,-1,0,0,FAIL,-1.7373,1.7588,1.7751,0.0396,-1,0,0,FAIL,-1.1141,1.1413,1.1486,0.0317,-1,0,0,STEADY_MAE
m840#840,REACHABLE,37.5000,1.0000,600000.0000,120.0000,0.0000,3.0000,10.0000,0.1000,FAIL,-0.2102,0.3066,0.3642,0.1583,-1,0,0,FAIL,-0.1090,0.1224,0.1335,0.0270,4632,0,0,FAIL,-0.1090,0.1224,0.1335,0.0270,4632,0,0,LEARNER_LOW_CONFIDENCE
m844#844,REACHABLE,37.5000,1.0000,600000.0000,120.0000,0.0000,30.0000,25.0000,0.1000,FAIL,-0.0274,0.1094,0.1720,0.1426,-1,0,0,PASS,0.0569,0.0346,0.0482,0.1073,1413,0,0,PASS,0.0548,0.0256,0.0493,0.1053,1413,0,0,
m848#848,REACHABLE,37.5000,1.0000,600000.0000,120.0000,15.0000,30.0000,10.0000,0.1000,FAIL,-0.1141,0.3355,0.5120,0.4029,-1,0,0,PASS,-0.0171,0.0574,0.0903,0.0718,4044,0,0,PASS,-0.0164,0.0578,0.0903,0.0738,4044,0,0,
m852#852,REACHABLE,37.5000,1.0000,600000.0000,120.0000,15.0000,8.0000,25.0000,0.1000,FAIL,-0.1877,0.2921,0.3727,0.1869,-1,0,0,PASS,-0.0158,0.0918,0.1289,0.1112,2060,0,0,PASS,-0.0152,0.0869,0.1298,0.1272,1810,0,0,
m856#856,REACHABLE,37.5000,1.0000,600000.0000,120.0000,30.0000,8.0000,10.0000,0.1000,FAIL,-0.0868,0.3583,0.5404,0.4576,-1,0,0,PASS,-0.0133,0.0584,0.0935,0.0842,3269,0,0,PASS,-0.0128,0.0588,0.0943,0.0826,3269,0,0,
m860#860,REACHABLE,37.5000,1.0000,600000.0000,120.0000,30.0000,3.0000,25.0000,0.1000,FAIL,-0.0273,0.1405,0.1847,0.1264,-1,0,0,PASS,0.0721,0.0394,0.0447,0.0107,1345,0,0,PASS,0.0721,0.0394,0.0447,0.0107,1345,0,0,
m864#864,REACHABLE,37.5000,1.0000,600000.0000,120.0000,60.0000,3.0000,10.0000,0.1000,FAIL,-0.1363,0.4961,0.8971,0.9632,-1,0,0,PASS,0.0775,0.0137,0.0156,0.0063,2731,0,0,PASS,0.0775,0.0137,0.0156,0.0063,2731,0,0,
m868#868,REACHABLE,37.5000,1.0000,600000.0000,120.0000,60.0000,30.0000,25.0000,0.1000,FAIL,0.1379,0.2135,0.4075,0.5006,-1,0,0,PASS,0.2817,0.0108,0.0240,0.0339,4018,0,0,PASS,0.1656,0.0435,0.0879,0.1178,2930,0,0,
m872#872,SAFETY_LIMITED,37.5000,1.0000,600000.0000,120.0000,120.0000,30.0000,10.0000,0.1000,FAIL,-0.2499,0.8032,1.8122,1.6655,-1,0,0,FAIL,-0.3913,0.8311,1.1217,0.5212,-1,0,0,PASS,0.0359,0.0467,0.0859,0.1262,7539,0,0,
m876#876,SAFETY_LIMITED,37.5000,1.0000,600000.0000,120.0000,120.0000,8.0000,25.0000,0.1000,FAIL,-0.0956,0.3342,0.5058,0.4059,-1,0,0,PASS,0.0754,0.0417,0.0518,0.1022,3131,0,0,PASS,0.0808,0.0040,0.0080,0.0128,3956,0,0,
m880#880,REACHABLE,37.5000,1.0000,600000.0000,180.0000,0.0000,8.0000,10.0000,0.1000,FAIL,-0.1304,0.2869,0.4391,0.3139,-1,0,0,PASS,-0.0341,0.0563,0.0718,0.0395,5358,0,0,PASS,-0.0341,0.0563,0.0718,0.0395,5358,0,0,
m884#884,REACHABLE,37.5000,1.0000,600000.0000,180.0000,0.0000,3.0000,25.0000,0.1000,FAIL,-0.1349,0.1698,0.1872,0.0532,-1,0,0,PASS,0.0553,0.0280,0.0474,0.0947,1716,0,0,PASS,0.0553,0.0280,0.0474,0.0947,1716,0,0,
m888#888,REACHABLE,37.5000,1.0000,600000.0000,180.0000,15.0000,3.0000,10.0000,0.1000,FAIL,-2.1058,2.2740,2.4084,0.3190,-1,0,0,PASS,0.0598,0.0169,0.0490,0.1076,4324,0,0,PASS,0.0598,0.0169,0.0490,0.1076,4324,0,0,
m892#892,REACHABLE,37.5000,1.0000,600000.0000,180.0000,15.0000,30.0000,25.0000,0.1000,FAIL,-0.0580,0.1607,0.2317,0.1689,-1,0,0,PASS,0.0696,0.0099,0.0132,0.0063,2845,0,0,PASS,0.0686,0.0084,0.0132,0.0100,1932,0,0,
m896#896,REACHABLE,37.5000,1.0000,600000.0000,180.0000,30.0000,30.0000,10.0000,0.1000,FAIL,-0.2857,0.7620,1.6597,1.5120,-1,0,0,FAIL,-0.1140,0.6237,1.2594,1.1779,-1,0,0,FAIL,-0.0118,0.1008,0.1034,0.0088,5224,0,0,STEADY_MAE
m900#900,REACHABLE,37.5000,1.0000,600000.0000,180.0000,30.0000,8.0000,25.0000,0.1000,FAIL,-0.1036,0.2716,0.4028,0.3001,-1,0,0,PASS,-0.0071,0.0539,0.0945,0.0934,2999,0,0,PASS,0.0734,0.0128,0.0154,0.0065,1849,0,0,
m904#904,REACHABLE,37.5000,1.0000,600000.0000,180.0000,60.0000,8.0000,10.0000,0.1000,FAIL,-4.0968,4.3974,4.7331,0.6684,-1,0,0,PASS,0.0820,0.0394,0.0969,0.1915,3358,0,0,PASS,0.0820,0.0394,0.0969,0.1915,3358,0,0,
m908#908,REACHABLE,37.5000,1.0000,600000.0000,180.0000,60.0000,3.0000,25.0000,0.1000,FAIL,-0.0709,0.3534,0.5664,0.5008,-1,0,0,PASS,-0.0119,0.0343,0.0358,0.0039,3207,0,0,PASS,-0.0048,0.0381,0.0461,0.0159,3060,0,0,
m912#912,SAFETY_LIMITED,37.5000,1.0000,600000.0000,180.0000,120.0000,3.0000,10.0000,0.1000,FAIL,-5.7356,6.1109,6.5864,0.8923,-1,0,0,PASS,0.0320,0.0653,0.1306,0.1735,7163,0,0,PASS,0.0320,0.0653,0.1306,0.1735,7163,0,0,
m916#916,SAFETY_LIMITED,37.5000,1.0000,600000.0000,180.0000,120.0000,30.0000,25.0000,0.1000,FAIL,-0.0583,0.3293,0.5312,0.4802,-1,0,0,FAIL,-0.4173,0.5718,0.6783,0.2506,-1,0,0,FAIL,0.0136,0.2229,0.4178,0.4156,-1,0,0,STEADY_MAE
m920#920,REACHABLE,37.5000,1.0000,600000.0000,300.0000,0.0000,30.0000,10.0000,0.1000,FAIL,-0.2289,0.3690,0.4846,0.2537,-1,0,0,FAIL,-0.1342,0.1504,0.1605,0.0249,-1,0,0,FAIL,-0.1342,0.1504,0.1605,0.0249,-1,0,0,STEADY_MAE
m924#924,REACHABLE,37.5000,1.0000,600000.0000,300.0000,0.0000,8.0000,25.0000,0.1000,FAIL,-0.1317,0.2471,0.3260,0.1948,-1,0,0,PASS,0.0559,0.0224,0.0442,0.0859,1534,0,0,PASS,0.0550,0.0340,0.0344,0.0012,1534,0,0,
m928#928,REACHABLE,37.5000,1.0000,600000.0000,300.0000,15.0000,8.0000,10.0000,0.1000,FAIL,-3.9591,4.1628,4.3536,0.4066,-1,0,0,PASS,0.0638,0.0342,0.0498,0.1056,5193,0,0,PASS,0.0632,0.0359,0.0369,0.0029,4958,0,0,
m932#932,REACHABLE,37.5000,1.0000,600000.0000,300.0000,15.0000,3.0000,25.0000,0.1000,FAIL,-0.1014,0.2720,0.4241,0.3148,-1,0,0,PASS,0.0618,0.0272,0.0503,0.1140,1570,0,0,PASS,0.0630,0.0275,0.0504,0.1131,1570,0,0,
m936#936,REACHABLE,37.5000,1.0000,600000.0000,300.0000,30.0000,3.0000,10.0000,0.1000,FAIL,-4.6129,4.9471,5.2407,0.6799,-1,0,0,FAIL,-7.0839,7.3028,7.4943,0.4110,-1,0,0,FAIL,-7.0839,7.3028,7.4943,0.4110,-1,0,0,LEARNER_LOW_CONFIDENCE
m940#940,REACHABLE,37.5000,1.0000,600000.0000,300.0000,30.0000,30.0000,25.0000,0.1000,FAIL,-0.0180,0.3700,0.6456,0.6385,-1,0,0,FAIL,-0.0097,0.4615,0.8068,0.6122,-1,0,0,PASS,0.0750,0.0071,0.0112,0.0086,2848,0,0,
m944#944,REACHABLE,37.5000,1.0000,600000.0000,300.0000,60.0000,30.0000,10.0000,0.1000,FAIL,-6.8709,7.1549,7.4541,0.6029,-1,0,0,FAIL,-0.6157,0.6401,0.6596,0.0396,-1,0,0,FAIL,-0.6157,0.6401,0.6596,0.0396,-1,0,0,STEADY_MAE
m948#948,REACHABLE,37.5000,1.0000,600000.0000,300.0000,60.0000,8.0000,25.0000,0.1000,FAIL,-0.1403,0.4828,0.7471,0.6261,-1,0,0,PASS,0.0767,0.0317,0.0683,0.1486,4655,0,0,PASS,0.0769,0.0344,0.0792,0.1053,2505,0,0,
m952#952,SAFETY_LIMITED,37.5000,1.0000,600000.0000,300.0000,120.0000,8.0000,10.0000,0.1000,FAIL,-8.6661,9.2082,9.8594,1.2296,-1,0,0,FAIL,-0.1638,0.3004,0.5035,0.3582,-1,0,0,FAIL,-0.1638,0.3004,0.5035,0.3582,-1,0,0,STEADY_MAE
m956#956,SAFETY_LIMITED,37.5000,1.0000,600000.0000,300.0000,120.0000,3.0000,25.0000,0.1000,FAIL,-2.5144,2.8280,3.1828,0.7427,-1,0,0,FAIL,-0.4295,0.8844,1.1551,0.5880,-1,0,0,PASS,0.0399,0.0385,0.0783,0.1198,5258,0,0,
m960#960,REACHABLE,37.5000,1.0000,1600000.0000,120.0000,0.0000,3.0000,10.0000,0.1000,FAIL,-0.1411,0.1836,0.2050,0.0649,-1,0,0,FAIL,-0.1429,0.1633,0.1725,0.0286,-1,0,0,FAIL,-0.1429,0.1633,0.1725,0.0286,-1,0,0,LEARNER_LOW_CONFIDENCE
m964#964,REACHABLE,37.5000,1.0000,1600000.0000,120.0000,0.0000,30.0000,25.0000,0.1000,FAIL,-0.2190,0.2325,0.2404,0.0191,-1,0,0,FAIL,-0.0278,0.1113,0.1346,0.1165,3473,0,0,PASS,-0.0264,0.0650,0.0711,0.0139,3236,0,0,
m968#968,REACHABLE,37.5000,1.0000,1600000.0000,120.0000,15.0000,30.0000,10.0000,0.1000,FAIL,-0.0960,0.1831,0.2413,0.1468,-1,0,0,PASS,0.0603,0.0335,0.0545,0.1152,6742,0,0,PASS,0.0603,0.0335,0.0545,0.1152,6742,0,0,
m972#972,REACHABLE,37.5000,1.0000,1600000.0000,120.0000,15.0000,8.0000,25.0000,0.1000,FAIL,-0.1243,0.1514,0.1645,0.0352,-1,0,0,PASS,-0.0287,0.0550,0.0731,0.0439,2725,0,0,PASS,-0.0287,0.0550,0.0731,0.0439,2725,0,0,
m976#976,REACHABLE,37.5000,1.0000,1600000.0000,120.0000,30.0000,8.0000,10.0000,0.1000,FAIL,-0.1826,0.2459,0.2823,0.0979,-1,0,0,PASS,0.0658,0.0273,0.0516,0.1166,6903,0,0,PASS,0.0665,0.0118,0.0147,0.0066,6903,0,0,
m980#980,REACHABLE,37.5000,1.0000,1600000.0000,120.0000,30.0000,3.0000,25.0000,0.1000,PASS,-0.0066,0.0832,0.1223,0.1164,4662,0,0,PASS,-0.0183,0.0588,0.0836,0.0614,2756,0,0,PASS,-0.0183,0.0587,0.0836,0.0602,2756,0,0,
m984#984,REACHABLE,37.5000,1.0000,1600000.0000,120.0000,60.0000,3.0000,10.0000,0.1000,FAIL,-0.0705,0.2300,0.3211,0.2465,-1,0,0,FAIL,0.0040,0.0584,0.1969,0.2429,-1,0,0,PASS,0.0056,0.0389,0.0816,0.0973,5930,0,0,
m988#988,REACHABLE,37.5000,1.0000,1600000.0000,120.0000,60.0000,30.0000,25.0000,0.1000,FAIL,0.0662,0.0915,0.1693,0.2256,-1,0,0,PASS,-0.0181,0.0664,0.0966,0.0760,4187,0,0,PASS,-0.0109,0.0629,0.0947,0.0744,4460,0,0,
m992#992,REACHABLE,37.5000,1.0000,1600000.0000,120.0000,120.0000,30.0000,10.0000,0.1000,FAIL,-0.0861,0.3979,0.7640,0.8538,-1,0,0,FAIL,-0.3782,0.6915,0.8058,0.2789,-1,0,0,FAIL,0.0161,0.0904,0.1494,0.1708,-1,0,0,SETTLING_TIMEOUT
m996#996,REACHABLE,37.5000,1.0000,1600000.0000,120.0000,120.0000,8.0000,25.0000,0.1000,FAIL,0.1097,0.1073,0.2088,0.3008,-1,0,0,PASS,0.0028,0.0701,0.1045,0.0935,5016,0,0,PASS,0.0031,0.0692,0.1036,0.0936,4534,0,0,
m1000#1000,REACHABLE,37.5000,1.0000,1600000.0000,180.0000,0.0000,8.0000,10.0000,0.1000,FAIL,-0.1383,0.2350,0.2946,0.1566,-1,0,0,PASS,-0.0435,0.0486,0.0527,0.0107,7444,0,0,PASS,-0.0435,0.0486,0.0527,0.0107,7444,0,0,
m1004#1004,REACHABLE,37.5000,1.0000,1600000.0000,180.0000,0.0000,3.0000,25.0000,0.1000,FAIL,-0.1413,0.1575,0.1641,0.0204,-1,0,0,PASS,0.0511,0.0353,0.0488,0.0333,2890,0,0,PASS,0.0511,0.0344,0.0490,0.0374,2890,0,0,
m1008#1008,REACHABLE,37.5000,1.0000,1600000.0000,180.0000,15.0000,3.0000,10.0000,0.1000,FAIL,-0.2941,0.3455,0.3722,0.0790,-1,0,0,FAIL,-0.1096,0.1275,0.1404,0.0319,7624,0,0,FAIL,-0.1096,0.1275,0.1404,0.0319,7624,0,0,LEARNER_LOW_CONFIDENCE
m1012#1012,REACHABLE,37.5000,1.0000,1600000.0000,180.0000,15.0000,30.0000,25.0000,0.1000,FAIL,-0.1030,0.1553,0.1827,0.0694,-1,0,0,PASS,-0.0232,0.0565,0.0771,0.0758,8954,0,0,PASS,-0.0241,0.0549,0.0772,0.0509,8768,0,0,
m1016#1016,REACHABLE,37.5000,1.0000,1600000.0000,180.0000,30.0000,30.0000,10.0000,0.1000,FAIL,-0.1347,0.3321,0.4196,0.2056,-1,0,0,PASS,0.0627,0.0350,0.0661,0.1373,7446,0,0,PASS,0.0627,0.0350,0.0661,0.1373,7446,0,0,
m1020#1020,REACHABLE,37.5000,1.0000,1600000.0000,180.0000,30.0000,8.0000,25.0000,0.1000,FAIL,-0.1614,0.2342,0.2676,0.0915,-1,0,0,FAIL,-0.1016,0.1481,0.1766,0.0734,-1,0,0,FAIL,-0.1016,0.1481,0.1766,0.0734,-1,0,0,STEADY_MAE
m1024#1024,REACHABLE,37.5000,1.0000,1600000.0000,180.0000,60.0000,8.0000,10.0000,0.1000,FAIL,-0.1720,0.4043,0.5400,0.3817,-1,0,0,PASS,-0.0043,0.0540,0.0998,0.1086,6837,0,0,PASS,-0.0019,0.0494,0.0936,0.0998,6200,0,0,
m1028#1028,REACHABLE,37.5000,1.0000,1600000.0000,180.0000,60.0000,3.0000,25.0000,0.1000,FAIL,-0.0045,0.1443,0.2115,0.1870,-1,0,0,PASS,-0.0077,0.0631,0.1057,0.1072,3790,0,0,PASS,-0.0114,0.0739,0.1165,0.1040,3832,0,0,
m1032#1032,REACHABLE,37.5000,1.0000,1600000.0000,180.0000,120.0000,3.0000,10.0000,0.1000,FAIL,-3.3836,4.2775,4.9453,1.6958,-1,0,0,PASS,0.0273,0.0413,0.0801,0.1215,5915,0,0,PASS,0.0273,0.0413,0.0801,0.1215,5915,0,0,
m1036#1036,REACHABLE,37.5000,1.0000,1600000.0000,180.0000,120.0000,30.0000,25.0000,0.1000,FAIL,0.1321,0.1755,0.3213,0.3305,-1,0,0,FAIL,-0.3042,0.4701,0.5199,0.1532,-1,0,0,PASS,0.0118,0.0885,0.1303,0.1215,6813,0,0,
m1040#1040,REACHABLE,37.5000,1.0000,1600000.0000,300.0000,0.0000,30.0000,10.0000,0.1000,FAIL,-0.2321,0.3247,0.4036,0.1703,-1,0,0,FAIL,-0.1368,0.1494,0.1530,0.0086,-1,0,0,FAIL,-0.1368,0.1494,0.1530,0.0086,-1,0,0,STEADY_MAE
m1044#1044,REACHABLE,37.5000,1.0000,1600000.0000,300.0000,0.0000,8.0000,25.0000,0.1000,FAIL,-0.1376,0.1964,0.2278,0.0911,-1,0,0,PASS,0.0525,0.0408,0.0420,0.0027,3735,0,0,PASS,0.0531,0.0363,0.0368,0.0012,2712,0,0,
m1048#1048,REACHABLE,37.5000,1.0000,1600000.0000,300.0000,15.0000,8.0000,10.0000,0.1000,FAIL,-0.3079,0.3515,0.3758,0.0670,-1,0,0,FAIL,-0.0399,0.0945,0.1690,0.1748,-1,0,0,FAIL,-0.0399,0.0945,0.1690,0.1748,-1,0,0,SETTLING_TIMEOUT
m1052#1052,REACHABLE,37.5000,1.0000,1600000.0000,300.0000,15.0000,3.0000,25.0000,0.1000,FAIL,-0.1148,0.2206,0.2769,0.1633,-1,0,0,PASS,0.0576,0.0347,0.0350,0.0008,2908,0,0,PASS,0.0574,0.0238,0.0327,0.0204,2908,0,0,
m1056#1056,REACHABLE,37.5000,1.0000,1600000.0000,300.0000,30.0000,3.0000,10.0000,0.1000,FAIL,-0.2496,0.3657,0.4295,0.1826,-1,0,0,PASS,-0.0272,0.0675,0.1040,0.1000,8693,0,0,PASS,-0.0272,0.0675,0.1040,0.1000,8693,0,0,
m1060#1060,REACHABLE,37.5000,1.0000,1600000.0000,300.0000,30.0000,30.0000,25.0000,0.1000,FAIL,-0.0616,0.2375,0.2866,0.1235,-1,0,0,FAIL,-0.1903,0.3379,0.3948,0.2105,-1,0,0,FAIL,-0.0078,0.2685,0.4487,0.4449,-1,0,0,STEADY_MAE
m1064#1064,REACHABLE,37.5000,1.0000,1600000.0000,300.0000,60.0000,30.0000,10.0000,0.1000,FAIL,-3.5390,4.7415,5.7548,2.3444,-1,0,0,FAIL,-0.4006,1.3932,2.3417,1.7788,-1,0,0,FAIL,-0.0819,0.1457,0.1950,0.1177,-1,0,0,STEADY_MAE
m1068#1068,REACHABLE,37.5000,1.0000,1600000.0000,300.0000,60.0000,8.0000,25.0000,0.1000,FAIL,-0.1846,0.2992,0.3772,0.1951,-1,0,0,PASS,0.0096,0.0403,0.0852,0.0944,5412,0,0,PASS,0.0064,0.0442,0.0850,0.0964,4198,0,0,
m1072#1072,REACHABLE,37.5000,1.0000,1600000.0000,300.0000,120.0000,8.0000,10.0000,0.1000,FAIL,-7.3156,7.9248,8.4092,1.3015,-1,0,0,PASS,0.0139,0.0596,0.1120,0.1320,8672,0,0,PASS,0.0239,0.0457,0.0936,0.1228,8008,0,0,
m1076#1076,REACHABLE,37.5000,1.0000,1600000.0000,300.0000,120.0000,3.0000,25.0000,0.1000,FAIL,-0.3091,0.4540,0.5787,0.2730,-1,0,0,FAIL,-0.2850,0.8099,0.9227,0.2984,-1,0,0,FAIL,-0.0515,0.1207,0.1699,0.1236,-1,0,0,STEADY_MAE
m1080#1080,REACHABLE,37.5000,1.2000,180000.0000,120.0000,0.0000,3.0000,10.0000,0.1000,FAIL,-0.1121,0.2740,0.4942,0.4051,-1,0,0,FAIL,-0.1382,0.1476,0.1529,0.0166,-1,0,0,PASS,0.0553,0.0275,0.0482,0.1024,1545,0,0,
m1084#1084,SAFETY_LIMITED,37.5000,1.2000,180000.0000,120.0000,0.0000,30.0000,25.0000,0.1000,FAIL,-0.0248,0.1986,0.3452,0.3273,-1,0,0,PASS,0.0601,0.0198,0.0257,0.0142,978,0,0,PASS,0.0601,0.0198,0.0257,0.0142,978,0,0,
m1088#1088,SAFETY_LIMITED,37.5000,1.2000,180000.0000,120.0000,15.0000,30.0000,10.0000,0.1000,FAIL,-0.0747,0.5084,0.7644,0.5899,-1,0,0,FAIL,-0.6248,0.6498,0.6725,0.0473,-1,0,0,FAIL,-0.6240,0.6497,0.6724,0.0480,-1,0,0,STEADY_MAE
m1092#1092,REACHABLE,37.5000,1.2000,180000.0000,120.0000,15.0000,8.0000,25.0000,0.1000,FAIL,-0.0035,0.2517,0.4179,0.4261,-1,0,0,PASS,0.0809,0.0450,0.1127,0.2019,3804,0,0,FAIL,0.0579,0.1763,0.3245,0.3887,-1,0,0,LEARNER_LOW_CONFIDENCE
m1096#1096,SAFETY_LIMITED,37.5000,1.2000,180000.0000,120.0000,30.0000,8.0000,10.0000,0.1000,FAIL,-1.1021,2.1177,2.6733,1.6710,-1,0,0,PASS,0.0766,0.0333,0.0966,0.1894,1965,0,0,PASS,0.0831,0.0367,0.1017,0.1891,1366,0,0,
m1100#1100,SAFETY_LIMITED,37.5000,1.2000,180000.0000,120.0000,30.0000,3.0000,25.0000,0.1000,FAIL,-0.3567,0.5692,0.7499,0.4180,-1,0,0,FAIL,-0.3567,0.5692,0.7499,0.4180,-1,0,0,FAIL,-0.4534,0.6689,0.8510,0.4065,-1,0,0,LEARNER_LOW_CONFIDENCE
m1104#1104,SAFETY_LIMITED,37.5000,1.2000,180000.0000,120.0000,60.0000,3.0000,10.0000,0.1000,FAIL,-1.3809,2.1054,2.7844,1.5540,-1,0,0,PASS,0.0712,0.0271,0.0364,0.0299,2898,0,0,FAIL,0.0811,0.0530,0.1309,0.2839,-1,0,0,SETTLING_TIMEOUT
m1108#1108,SAFETY_LIMITED,37.5000,1.2000,180000.0000,120.0000,60.0000,30.0000,25.0000,0.1000,FAIL,0.0074,0.5187,0.8133,0.7877,-1,0,0,PASS,0.0842,0.0392,0.1040,0.1458,1121,0,0,FAIL,-0.0085,0.0976,0.1974,0.1997,-1,0,0,SETTLING_TIMEOUT
m1112#1112,SAFETY_LIMITED,37.5000,1.2000,180000.0000,120.0000,120.0000,30.0000,10.0000,0.1000,FAIL,-2.5595,3.4341,4.3548,1.8758,-1,0,0,FAIL,-0.0943,1.1718,1.9044,1.4510,-1,0,0,FAIL,-0.0943,1.1718,1.9044,1.4510,-1,0,0,STEADY_MAE
m1116#1116,SAFETY_LIMITED,37.5000,1.2000,180000.0000,120.0000,120.0000,8.0000,25.0000,0.1000,FAIL,-0.8176,1.2822,1.7840,1.0622,-1,0,0,FAIL,0.0034,0.0963,0.2157,0.2214,-1,0,0,FAIL,0.0199,0.0969,0.2204,0.2616,-1,0,0,SETTLING_TIMEOUT
m1120#1120,REACHABLE,37.5000,1.2000,180000.0000,180.0000,0.0000,8.0000,10.0000,0.1000,FAIL,-1.5833,2.2791,2.5421,1.0592,-1,0,0,PASS,-0.0134,0.0335,0.0343,0.0019,1693,0,0,PASS,-0.0134,0.0335,0.0343,0.0019,1693,0,0,
m1124#1124,REACHABLE,37.5000,1.2000,180000.0000,180.0000,0.0000,3.0000,25.0000,0.1000,FAIL,-0.1173,0.2521,0.3732,0.2526,-1,0,0,PASS,0.0624,0.0220,0.0463,0.1026,1719,0,0,PASS,0.0624,0.0220,0.0463,0.1026,1719,0,0,
m1128#1128,REACHABLE,37.5000,1.2000,180000.0000,180.0000,15.0000,3.0000,10.0000,0.1000,FAIL,-1.3028,1.9063,2.3030,0.9584,-1,0,0,PASS,0.0710,0.0321,0.0343,0.0060,1617,0,0,PASS,0.0821,0.0235,0.0297,0.0193,1592,0,0,
m1132#1132,SAFETY_LIMITED,37.5000,1.2000,180000.0000,180.0000,15.0000,30.0000,25.0000,0.1000,FAIL,-0.1585,0.4415,0.6578,0.5012,-1,0,0,PASS,-0.0102,0.0775,0.0800,0.0068,2176,0,0,PASS,-0.0102,0.0775,0.0800,0.0068,2176,0,0,
m1136#1136,SAFETY_LIMITED,37.5000,1.2000,180000.0000,180.0000,30.0000,30.0000,10.0000,0.1000,FAIL,-2.2481,2.6201,3.0382,0.7941,-1,0,0,FAIL,0.0815,0.2002,0.5120,0.6740,-1,0,0,FAIL,0.0789,0.1648,0.3384,0.3866,-1,0,0,STEADY_MAE
m1140#1140,SAFETY_LIMITED,37.5000,1.2000,180000.0000,180.0000,30.0000,8.0000,25.0000,0.1000,FAIL,-0.9501,1.2020,1.4369,0.5033,-1,0,0,FAIL,-0.9769,1.7839,2.0301,0.6119,-1,0,0,FAIL,-1.0027,1.7844,2.0282,0.6282,-1,0,0,LEARNER_LOW_CONFIDENCE
m1144#1144,SAFETY_LIMITED,37.5000,1.2000,180000.0000,180.0000,60.0000,8.0000,10.0000,0.1000,FAIL,-2.1936,3.0092,4.0898,1.9648,-1,0,0,FAIL,0.0093,0.1621,0.3906,0.4003,-1,0,0,FAIL,0.0170,0.1687,0.3869,0.4278,-1,0,0,STEADY_MAE
m1148#1148,SAFETY_LIMITED,37.5000,1.2000,180000.0000,180.0000,60.0000,3.0000,25.0000,0.1000,FAIL,-1.1169,1.5736,1.9630,0.8312,-1,0,0,PASS,0.0165,0.0384,0.0911,0.1134,3410,0,0,PASS,0.0160,0.0367,0.0872,0.1001,3422,0,0,
m1152#1152,SAFETY_LIMITED,37.5000,1.2000,180000.0000,180.0000,120.0000,3.0000,10.0000,0.1000,FAIL,-3.3147,4.3962,6.2558,3.1185,-1,0,0,FAIL,-0.9834,1.0351,1.0739,0.0915,-1,0,0,FAIL,-0.9944,1.0436,1.0849,0.0971,-1,0,0,STEADY_MAE
m1156#1156,SAFETY_LIMITED,37.5000,1.2000,180000.0000,180.0000,120.0000,30.0000,25.0000,0.1000,FAIL,-1.3508,2.1562,2.8026,1.4475,-1,0,0,FAIL,-0.1192,0.6329,1.0069,0.7557,-1,0,0,FAIL,-0.0424,0.8068,1.3120,1.0098,-1,0,0,STEADY_MAE
m1160#1160,SAFETY_LIMITED,37.5000,1.2000,180000.0000,300.0000,0.0000,30.0000,10.0000,0.1000,FAIL,-2.6037,2.8128,3.0013,0.3846,-1,0,0,FAIL,-0.5924,0.5927,0.5929,0.0006,-1,0,0,FAIL,-0.5924,0.5927,0.5929,0.0006,-1,0,0,STEADY_MAE
m1164#1164,REACHABLE,37.5000,1.2000,180000.0000,300.0000,0.0000,8.0000,25.0000,0.1000,FAIL,-0.1218,0.3479,0.5843,0.4851,-1,0,0,FAIL,-0.1380,0.1467,0.1526,0.0145,-1,0,0,FAIL,-0.1380,0.1467,0.1526,0.0145,-1,0,0,LEARNER_LOW_CONFIDENCE
m1168#1168,REACHABLE,37.5000,1.2000,180000.0000,300.0000,15.0000,8.0000,10.0000,0.1000,FAIL,-2.2440,2.8561,3.4100,1.2177,-1,0,0,FAIL,0.0816,0.0532,0.1676,0.3101,-1,0,0,FAIL,0.0803,0.0453,0.1274,0.3091,-1,0,0,SETTLING_TIMEOUT
m1172#1172,REACHABLE,37.5000,1.2000,180000.0000,300.0000,15.0000,3.0000,25.0000,0.1000,FAIL,-0.0308,0.4008,0.7865,0.7977,-1,0,0,PASS,0.0821,0.0428,0.0476,0.0155,6524,0,0,PASS,0.0603,0.0198,0.0216,0.0053,5666,0,0,
m1176#1176,SAFETY_LIMITED,37.5000,1.2000,180000.0000,300.0000,30.0000,3.0000,10.0000,0.1000,FAIL,-2.3782,3.4416,4.4113,2.0705,-1,0,0,PASS,-0.0396,0.0425,0.0446,0.0056,3843,0,0,PASS,-0.0396,0.0425,0.0446,0.0056,3843,0,0,
m1180#1180,SAFETY_LIMITED,37.5000,1.2000,180000.0000,300.0000,30.0000,30.0000,25.0000,0.1000,FAIL,-1.7301,2.0565,2.4311,0.7074,-1,0,0,PASS,0.0844,0.0481,0.1278,0.2281,8055,0,0,PASS,0.0844,0.0481,0.1278,0.2281,8055,0,0,
m1184#1184,SAFETY_LIMITED,37.5000,1.2000,180000.0000,300.0000,60.0000,30.0000,10.0000,0.1000,FAIL,-4.6191,5.6011,6.6762,2.2365,-1,0,0,FAIL,-4.6203,5.8803,6.9425,2.0724,-1,0,0,FAIL,-4.6337,5.8831,6.9456,2.0530,-1,0,0,LEARNER_LOW_CONFIDENCE
m1188#1188,SAFETY_LIMITED,37.5000,1.2000,180000.0000,300.0000,60.0000,8.0000,25.0000,0.1000,FAIL,-1.5758,2.2551,2.9767,1.5025,-1,0,0,FAIL,-0.0611,0.1755,0.3133,0.2736,-1,0,0,FAIL,-0.0612,0.1403,0.2146,0.1575,-1,0,0,STEADY_MAE
m1192#1192,SAFETY_LIMITED,37.5000,1.2000,180000.0000,300.0000,120.0000,8.0000,10.0000,0.1000,FAIL,-5.2228,7.1657,9.6658,4.5706,-1,0,0,FAIL,-5.2756,8.0451,8.0632,0.0660,-1,0,0,FAIL,-5.6669,8.7798,8.8469,0.1231,-1,0,0,STEADY_MAE
m1196#1196,SAFETY_LIMITED,37.5000,1.2000,180000.0000,300.0000,120.0000,3.0000,25.0000,0.1000,FAIL,-1.2440,2.8517,4.0779,2.1298,-1,0,0,FAIL,-0.7117,0.7411,0.7544,0.0492,-1,0,0,FAIL,-0.9759,0.9868,0.9921,0.0195,-1,0,0,STEADY_MAE
m1200#1200,REACHABLE,37.5000,1.2000,600000.0000,120.0000,0.0000,3.0000,10.0000,0.1000,FAIL,-0.1274,0.2069,0.2466,0.1215,-1,0,0,PASS,-0.0257,0.0415,0.0512,0.0234,3836,0,0,PASS,-0.0257,0.0415,0.0512,0.0234,3836,0,0,
m1204#1204,REACHABLE,37.5000,1.2000,600000.0000,120.0000,0.0000,30.0000,25.0000,0.1000,FAIL,-0.0298,0.1006,0.1593,0.1322,-1,0,0,PASS,0.0560,0.0338,0.0370,0.0105,1517,0,0,PASS,0.0577,0.0084,0.0170,0.0213,1119,0,0,
m1208#1208,REACHABLE,37.5000,1.2000,600000.0000,120.0000,15.0000,30.0000,10.0000,0.1000,FAIL,-0.0626,0.3072,0.4860,0.3981,-1,0,0,PASS,-0.0045,0.0574,0.0896,0.0758,3417,0,0,PASS,-0.0072,0.0579,0.0900,0.0754,3257,0,0,
m1212#1212,REACHABLE,37.5000,1.2000,600000.0000,120.0000,15.0000,8.0000,25.0000,0.1000,FAIL,-0.0715,0.1954,0.2836,0.2146,-1,0,0,PASS,0.0687,0.0053,0.0078,0.0056,1098,0,0,PASS,0.0695,0.0250,0.0528,0.1314,1098,0,0,
m1216#1216,REACHABLE,37.5000,1.2000,600000.0000,120.0000,30.0000,8.0000,10.0000,0.1000,FAIL,-0.0298,0.3198,0.5083,0.4817,-1,0,0,PASS,-0.0033,0.0559,0.0949,0.0887,2624,0,0,PASS,-0.0033,0.0559,0.0949,0.0887,2624,0,0,
m1220#1220,REACHABLE,37.5000,1.2000,600000.0000,120.0000,30.0000,3.0000,25.0000,0.1000,FAIL,-0.0308,0.1388,0.1956,0.1603,-1,0,0,PASS,0.0775,0.0312,0.0409,0.0259,1121,0,0,PASS,0.0775,0.0312,0.0409,0.0259,1121,0,0,
m1224#1224,REACHABLE,37.5000,1.2000,600000.0000,120.0000,60.0000,3.0000,10.0000,0.1000,FAIL,0.0032,0.3743,0.6462,0.6552,-1,0,0,PASS,0.0815,0.0449,0.0495,0.0120,2413,0,0,PASS,0.0815,0.0449,0.0495,0.0120,2413,0,0,
m1228#1228,REACHABLE,37.5000,1.2000,600000.0000,120.0000,60.0000,30.0000,25.0000,0.1000,FAIL,0.1312,0.1917,0.3921,0.4872,-1,0,0,FAIL,0.3209,0.0382,0.0582,0.1344,4312,0,0,FAIL,0.3107,0.0207,0.0394,0.0417,4301,0,0,STARTUP_OVERSHOOT
m1232#1232,SAFETY_LIMITED,37.5000,1.2000,600000.0000,120.0000,120.0000,30.0000,10.0000,0.1000,FAIL,-0.3010,0.6262,0.9274,0.6254,-1,0,0,FAIL,-0.4922,0.8740,1.0396,0.3745,-1,0,0,FAIL,-0.0422,0.1229,0.1840,0.1499,-1,0,0,STEADY_MAE
m1236#1236,SAFETY_LIMITED,37.5000,1.2000,600000.0000,120.0000,120.0000,8.0000,25.0000,0.1000,FAIL,0.1386,0.2199,0.4469,0.6447,-1,0,0,PASS,0.0715,0.0380,0.0723,0.1093,3612,0,0,PASS,0.0798,0.0343,0.0547,0.1181,3698,0,0,
m1240#1240,REACHABLE,37.5000,1.2000,600000.0000,180.0000,0.0000,8.0000,10.0000,0.1000,FAIL,-0.1331,0.2680,0.3854,0.2562,-1,0,0,PASS,-0.0254,0.0447,0.0603,0.0368,4370,0,0,PASS,-0.0254,0.0447,0.0603,0.0368,4370,0,0,
m1244#1244,REACHABLE,37.5000,1.2000,600000.0000,180.0000,0.0000,3.0000,25.0000,0.1000,FAIL,-0.2145,0.2373,0.2473,0.0316,-1,0,0,PASS,-0.0265,0.0475,0.0502,0.0072,2021,0,0,PASS,-0.0265,0.0475,0.0502,0.0072,2021,0,0,
m1248#1248,REACHABLE,37.5000,1.2000,600000.0000,180.0000,15.0000,3.0000,10.0000,0.1000,FAIL,-1.8130,1.9874,2.1222,0.3942,-1,0,0,FAIL,0.0717,0.0434,0.1010,0.2662,-1,0,0,FAIL,0.0717,0.0434,0.1010,0.2662,-1,0,0,SETTLING_TIMEOUT
m1252#1252,REACHABLE,37.5000,1.2000,600000.0000,180.0000,15.0000,30.0000,25.0000,0.1000,FAIL,-0.0575,0.1439,0.2041,0.1440,-1,0,0,PASS,0.0715,0.0082,0.0103,0.0088,2114,0,0,PASS,0.0686,0.0233,0.0364,0.0343,2114,0,0,
m1256#1256,REACHABLE,37.5000,1.2000,600000.0000,180.0000,30.0000,30.0000,10.0000,0.1000,FAIL,-0.1294,0.4763,0.7497,0.6527,-1,0,0,FAIL,-0.2838,0.3657,0.4198,0.1299,-1,0,0,PASS,0.0698,0.0317,0.0354,0.0097,3360,0,0,
m1260#1260,REACHABLE,37.5000,1.2000,600000.0000,180.0000,30.0000,8.0000,25.0000,0.1000,FAIL,-0.0539,0.2398,0.3789,0.3297,-1,0,0,PASS,0.0745,0.0281,0.0508,0.1189,1594,0,0,PASS,0.0771,0.0260,0.0272,0.0039,1585,0,0,
m1264#1264,REACHABLE,37.5000,1.2000,600000.0000,180.0000,60.0000,8.0000,10.0000,0.1000,FAIL,-3.3620,3.6932,4.0332,0.7063,-1,0,0,PASS,0.0791,0.0409,0.0989,0.1886,3045,0,0,PASS,0.0791,0.0409,0.0989,0.1886,3045,0,0,
m1268#1268,REACHABLE,37.5000,1.2000,600000.0000,180.0000,60.0000,3.0000,25.0000,0.1000,FAIL,0.0721,0.2447,0.4709,0.5476,-1,0,0,PASS,0.0694,0.0122,0.0131,0.0036,1687,0,0,PASS,0.0753,0.0209,0.0261,0.0128,1834,0,0,
m1272#1272,SAFETY_LIMITED,37.5000,1.2000,600000.0000,180.0000,120.0000,3.0000,10.0000,0.1000,FAIL,-4.7454,5.1312,5.6329,0.9299,-1,0,0,PASS,0.0311,0.0693,0.1371,0.1708,7496,0,0,PASS,0.0311,0.0693,0.1371,0.1708,7496,0,0,
m1276#1276,SAFETY_LIMITED,37.5000,1.2000,600000.0000,180.0000,120.0000,30.0000,25.0000,0.1000,FAIL,-0.1194,0.3675,0.5682,0.4541,-1,0,0,FAIL,-0.4617,0.5447,0.6070,0.1474,-1,0,0,FAIL,-0.6025,0.6353,0.6615,0.0577,-1,0,0,STEADY_MAE
m1280#1280,REACHABLE,37.5000,1.2000,600000.0000,300.0000,0.0000,30.0000,10.0000,0.1000,FAIL,-0.2023,0.2743,0.3268,0.1273,-1,0,0,FAIL,-0.1290,0.1445,0.1543,0.0205,-1,0,0,FAIL,-0.1290,0.1445,0.1543,0.0205,-1,0,0,LEARNER_LOW_CONFIDENCE
m1284#1284,REACHABLE,37.5000,1.2000,600000.0000,300.0000,0.0000,8.0000,25.0000,0.1000,FAIL,-0.1227,0.2330,0.3056,0.1801,-1,0,0,PASS,0.0544,0.0241,0.0475,0.1013,2097,0,0,PASS,0.0544,0.0241,0.0475,0.1013,2097,0,0,
m1288#1288,REACHABLE,37.5000,1.2000,600000.0000,300.0000,15.0000,8.0000,10.0000,0.1000,FAIL,-3.2873,3.5040,3.7073,0.4356,-1,0,0,PASS,-0.0151,0.0846,0.0888,0.0118,4999,0,0,FAIL,-0.0141,0.1188,0.1264,0.0195,4760,0,0,STEADY_MAE
m1292#1292,REACHABLE,37.5000,1.2000,600000.0000,300.0000,15.0000,3.0000,25.0000,0.1000,FAIL,-0.0783,0.2716,0.4442,0.3657,-1,0,0,PASS,0.0640,0.0228,0.0483,0.0723,5517,0,0,PASS,0.0626,0.0194,0.0200,0.0020,1151,0,0,
m1296#1296,REACHABLE,37.5000,1.2000,600000.0000,300.0000,30.0000,3.0000,10.0000,0.1000,FAIL,-3.5440,3.8548,4.1491,0.6258,-1,0,0,FAIL,-6.0768,6.3025,6.5247,0.4578,-1,0,0,FAIL,-6.0768,6.3025,6.5247,0.4578,-1,0,0,LEARNER_LOW_CONFIDENCE
m1300#1300,REACHABLE,37.5000,1.2000,600000.0000,300.0000,30.0000,30.0000,25.0000,0.1000,FAIL,-0.0761,0.4019,0.6939,0.6238,-1,0,0,FAIL,-0.1106,0.5729,0.8525,0.5570,-1,0,0,FAIL,-0.0060,0.1040,0.1119,0.0182,4380,0,0,STEADY_MAE
m1304#1304,REACHABLE,37.5000,1.2000,600000.0000,300.0000,60.0000,30.0000,10.0000,0.1000,FAIL,-5.8389,6.1477,6.4798,0.6677,-1,0,0,FAIL,-0.6339,0.6560,0.6750,0.0416,-1,0,0,FAIL,-0.6339,0.6560,0.6750,0.0416,-1,0,0,STEADY_MAE
m1308#1308,REACHABLE,37.5000,1.2000,600000.0000,300.0000,60.0000,8.0000,25.0000,0.1000,FAIL,-0.0567,0.4479,0.7339,0.6849,-1,0,0,FAIL,-0.1924,0.5441,0.8448,0.5639,-1,0,0,PASS,0.0802,0.0316,0.0686,0.1476,2232,0,0,
m1312#1312,SAFETY_LIMITED,37.5000,1.2000,600000.0000,300.0000,120.0000,8.0000,10.0000,0.1000,FAIL,-7.3924,7.9374,8.6459,1.3014,-1,0,0,FAIL,-0.0614,0.1425,0.2057,0.1453,-1,0,0,FAIL,-0.0614,0.1425,0.2057,0.1453,-1,0,0,STEADY_MAE
m1316#1316,SAFETY_LIMITED,37.5000,1.2000,600000.0000,300.0000,120.0000,3.0000,25.0000,0.1000,FAIL,-0.2929,0.6199,0.8973,0.6241,-1,0,0,PASS,0.0199,0.0361,0.0951,0.1245,3498,0,0,PASS,0.0362,0.0416,0.0960,0.1400,5366,0,0,
m1320#1320,REACHABLE,37.5000,1.2000,1600000.0000,120.0000,0.0000,3.0000,10.0000,0.1000,FAIL,-0.1386,0.1712,0.1863,0.0460,-1,0,0,FAIL,-0.1399,0.1549,0.1597,0.0150,-1,0,0,FAIL,-0.1399,0.1549,0.1597,0.0150,-1,0,0,LEARNER_LOW_CONFIDENCE
m1324#1324,REACHABLE,37.5000,1.2000,1600000.0000,120.0000,0.0000,30.0000,25.0000,0.1000,FAIL,-0.1204,0.1505,0.1560,0.0140,-1,0,0,PASS,0.0515,0.0154,0.0207,0.0123,2506,0,0,PASS,0.0515,0.0123,0.0189,0.0146,2506,0,0,
m1328#1328,REACHABLE,37.5000,1.2000,1600000.0000,120.0000,15.0000,30.0000,10.0000,0.1000,FAIL,-0.0937,0.1689,0.2173,0.1203,-1,0,0,PASS,0.0613,0.0095,0.0117,0.0048,6089,0,0,PASS,0.0615,0.0330,0.0523,0.1123,6089,0,0,
m1332#1332,REACHABLE,37.5000,1.2000,1600000.0000,120.0000,15.0000,8.0000,25.0000,0.1000,FAIL,-0.1250,0.1486,0.1605,0.0315,-1,0,0,PASS,-0.0236,0.0527,0.0725,0.0505,2366,0,0,PASS,-0.0239,0.0529,0.0730,0.0498,2366,0,0,
m1336#1336,REACHABLE,37.5000,1.2000,1600000.0000,120.0000,30.0000,8.0000,10.0000,0.1000,FAIL,-0.1457,0.2394,0.2713,0.0871,-1,0,0,PASS,0.0715,0.0345,0.0626,0.1332,6209,0,0,PASS,0.0715,0.0345,0.0626,0.1332,6209,0,0,
m1340#1340,REACHABLE,37.5000,1.2000,1600000.0000,120.0000,30.0000,3.0000,25.0000,0.1000,PASS,-0.0055,0.0760,0.1129,0.1082,4015,0,0,PASS,-0.0223,0.0580,0.0835,0.0630,2554,0,0,PASS,-0.0220,0.0582,0.0836,0.0632,2554,0,0,
m1344#1344,REACHABLE,37.5000,1.2000,1600000.0000,120.0000,60.0000,3.0000,10.0000,0.1000,FAIL,-0.1484,0.2977,0.3808,0.2293,-1,0,0,PASS,-0.0060,0.0621,0.0927,0.0903,8408,0,0,PASS,-0.0066,0.0776,0.0993,0.0731,6689,0,0,
m1348#1348,REACHABLE,37.5000,1.2000,1600000.0000,120.0000,60.0000,30.0000,25.0000,0.1000,FAIL,0.0806,0.0705,0.1585,0.1863,-1,0,0,PASS,-0.0171,0.0655,0.0965,0.0783,3906,0,0,PASS,-0.0168,0.0663,0.0953,0.0771,3989,0,0,
m1352#1352,REACHABLE,37.5000,1.2000,1600000.0000,120.0000,120.0000,30.0000,10.0000,0.1000,FAIL,0.0345,0.2446,0.4327,0.4950,-1,0,0,FAIL,-0.3262,0.6415,0.6918,0.1244,-1,0,0,PASS,0.0258,0.0557,0.1030,0.1330,6168,0,0,
m1356#1356,REACHABLE,37.5000,1.2000,1600000.0000,120.0000,120.0000,8.0000,25.0000,0.1000,FAIL,0.0354,0.1593,0.2791,0.2905,-1,0,0,FAIL,-0.0910,0.1496,0.1849,0.0910,-1,0,0,FAIL,-0.0844,0.1417,0.1801,0.0907,-1,0,0,STEADY_MAE
m1360#1360,REACHABLE,37.5000,1.2000,1600000.0000,180.0000,0.0000,8.0000,10.0000,0.1000,FAIL,-0.1360,0.2171,0.2651,0.1296,-1,0,0,PASS,-0.0408,0.0476,0.0532,0.0131,6762,0,0,PASS,-0.0408,0.0476,0.0532,0.0131,6762,0,0,
m1364#1364,REACHABLE,37.5000,1.2000,1600000.0000,180.0000,0.0000,3.0000,25.0000,0.1000,FAIL,-0.1397,0.1531,0.1569,0.0120,-1,0,0,PASS,0.0512,0.0357,0.0495,0.0361,2169,0,0,PASS,0.0512,0.0357,0.0495,0.0361,2169,0,0,
m1368#1368,REACHABLE,37.5000,1.2000,1600000.0000,180.0000,15.0000,3.0000,10.0000,0.1000,FAIL,-0.1112,0.2344,0.3253,0.2167,-1,0,0,PASS,0.0537,0.0236,0.0492,0.0783,6815,0,0,PASS,0.0537,0.0236,0.0492,0.0783,6815,0,0,
m1372#1372,REACHABLE,37.5000,1.2000,1600000.0000,180.0000,15.0000,30.0000,25.0000,0.1000,FAIL,-0.0105,0.1486,0.1720,0.0567,-1,0,0,FAIL,-0.0136,0.1335,0.2053,0.1934,-1,0,0,FAIL,0.0632,0.1070,0.2058,0.2704,-1,0,0,STEADY_MAE
m1376#1376,REACHABLE,37.5000,1.2000,1600000.0000,180.0000,30.0000,30.0000,10.0000,0.1000,FAIL,-0.1488,0.3123,0.3882,0.1775,-1,0,0,FAIL,-0.0063,0.1090,0.5335,0.5699,-1,0,0,FAIL,-0.0068,0.0607,0.1352,0.2996,-1,0,0,SETTLING_TIMEOUT
m1380#1380,REACHABLE,37.5000,1.2000,1600000.0000,180.0000,30.0000,8.0000,25.0000,0.1000,FAIL,-0.0832,0.1484,0.1784,0.0836,-1,0,0,PASS,-0.0198,0.0679,0.1001,0.0807,2634,0,0,PASS,-0.0194,0.0684,0.0999,0.0803,2634,0,0,
m1384#1384,REACHABLE,37.5000,1.2000,1600000.0000,180.0000,60.0000,8.0000,10.0000,0.1000,FAIL,-0.1130,0.3501,0.5131,0.4132,-1,0,0,PASS,0.0707,0.0224,0.0587,0.1353,5758,0,0,PASS,0.0125,0.0387,0.0875,0.1106,5754,0,0,
m1388#1388,REACHABLE,37.5000,1.2000,1600000.0000,180.0000,60.0000,3.0000,25.0000,0.1000,FAIL,-0.0064,0.1307,0.1993,0.1797,-1,0,0,PASS,-0.0064,0.0711,0.1179,0.1138,3749,0,0,PASS,-0.0057,0.0639,0.1085,0.1092,3456,0,0,
m1392#1392,REACHABLE,37.5000,1.2000,1600000.0000,180.0000,120.0000,3.0000,10.0000,0.1000,FAIL,-1.9562,2.7325,3.4015,1.6848,-1,0,0,PASS,0.0237,0.0369,0.0741,0.0999,4764,0,0,PASS,0.0237,0.0369,0.0741,0.0999,4764,0,0,
m1396#1396,REACHABLE,37.5000,1.2000,1600000.0000,180.0000,120.0000,30.0000,25.0000,0.1000,FAIL,0.1298,0.1715,0.3091,0.3181,-1,0,0,FAIL,-0.1688,0.4036,0.4813,0.3153,-1,0,0,PASS,0.0053,0.0855,0.1317,0.1224,5293,0,0,
m1400#1400,REACHABLE,37.5000,1.2000,1600000.0000,300.0000,0.0000,30.0000,10.0000,0.1000,FAIL,-0.3058,0.3855,0.4367,0.1317,-1,0,0,FAIL,-0.1284,0.1480,0.1961,0.0846,-1,0,0,FAIL,-0.1284,0.1480,0.1961,0.0846,-1,0,0,LEARNER_LOW_CONFIDENCE
m1404#1404,REACHABLE,37.5000,1.2000,1600000.0000,300.0000,0.0000,8.0000,25.0000,0.1000,FAIL,-0.1378,0.1790,0.2032,0.0661,-1,0,0,PASS,0.0536,0.0309,0.0325,0.0031,2439,0,0,PASS,0.0539,0.0099,0.0162,0.0137,2439,0,0,
m1408#1408,REACHABLE,37.5000,1.2000,1600000.0000,300.0000,15.0000,8.0000,10.0000,0.1000,FAIL,-0.2008,0.3290,0.4219,0.2141,-1,0,0,PASS,-0.0336,0.0542,0.0707,0.0388,7794,0,0,PASS,-0.0336,0.0542,0.0707,0.0388,7794,0,0,
m1412#1412,REACHABLE,37.5000,1.2000,1600000.0000,300.0000,15.0000,3.0000,25.0000,0.1000,FAIL,-0.1889,0.2901,0.3356,0.1499,-1,0,0,PASS,-0.0213,0.0864,0.0948,0.0167,3767,0,0,PASS,-0.0213,0.0864,0.0948,0.0167,3767,0,0,
m1416#1416,REACHABLE,37.5000,1.2000,1600000.0000,300.0000,30.0000,3.0000,10.0000,0.1000,FAIL,-0.2683,0.3398,0.3769,0.1067,-1,0,0,PASS,-0.0142,0.0588,0.0850,0.0606,7926,0,0,PASS,-0.0142,0.0588,0.0850,0.0606,7926,0,0,
m1420#1420,REACHABLE,37.5000,1.2000,1600000.0000,300.0000,30.0000,30.0000,25.0000,0.1000,FAIL,-0.0545,0.1576,0.2371,0.1842,-1,0,0,PASS,-0.0066,0.0700,0.1230,0.1288,5821,0,0,FAIL,-0.0056,0.1645,0.4334,0.4375,-1,0,0,LEARNER_LOW_CONFIDENCE
m1424#1424,REACHABLE,37.5000,1.2000,1600000.0000,300.0000,60.0000,30.0000,10.0000,0.1000,FAIL,-2.9525,3.8414,4.8201,1.9137,-1,0,0,FAIL,-0.3370,0.5968,0.6968,0.2317,-1,0,0,PASS,0.0097,0.0535,0.1071,0.1305,7132,0,0,
m1428#1428,REACHABLE,37.5000,1.2000,1600000.0000,300.0000,60.0000,8.0000,25.0000,0.1000,FAIL,-0.0345,0.2139,0.3387,0.3069,-1,0,0,PASS,0.0685,0.0265,0.0644,0.1445,4246,0,0,PASS,0.0722,0.0094,0.0105,0.0032,3481,0,0,
m1432#1432,REACHABLE,37.5000,1.2000,1600000.0000,300.0000,120.0000,8.0000,10.0000,0.1000,FAIL,-6.5460,7.0713,7.5201,1.1649,-1,0,0,PASS,0.0740,0.0342,0.0789,0.2034,7065,0,0,PASS,0.0272,0.0423,0.0836,0.1161,6707,0,0,
m1436#1436,REACHABLE,37.5000,1.2000,1600000.0000,300.0000,120.0000,3.0000,25.0000,0.1000,FAIL,-0.2116,0.3805,0.5066,0.2994,-1,0,0,PASS,0.0777,0.0206,0.0217,0.0032,4598,0,0,PASS,0.0298,0.0373,0.0761,0.1071,4524,0,0,
m1440#1440,REACHABLE,37.5000,1.5000,180000.0000,120.0000,0.0000,3.0000,10.0000,0.1000,FAIL,-0.0964,0.2682,0.4432,0.3732,-1,0,0,PASS,-0.0375,0.0493,0.0565,0.0205,1934,0,0,PASS,0.0595,0.0045,0.0103,0.0179,1724,0,0,
m1444#1444,SAFETY_LIMITED,37.5000,1.5000,180000.0000,120.0000,0.0000,30.0000,25.0000,0.1000,FAIL,-0.0263,0.1825,0.3163,0.2886,-1,0,0,PASS,0.0610,0.0409,0.0487,0.0315,1083,0,0,PASS,0.0639,0.0339,0.0503,0.1080,1086,0,0,
m1448#1448,SAFETY_LIMITED,37.5000,1.5000,180000.0000,120.0000,15.0000,30.0000,10.0000,0.1000,FAIL,-0.1618,0.5205,0.7499,0.6129,-1,0,0,FAIL,-0.1143,0.4341,0.8893,0.7890,-1,0,0,PASS,0.0667,0.0261,0.0507,0.1069,2252,0,0,
m1452#1452,SAFETY_LIMITED,37.5000,1.5000,180000.0000,120.0000,15.0000,8.0000,25.0000,0.1000,FAIL,-0.0948,0.2851,0.4130,0.3560,-1,0,0,FAIL,-0.0948,0.2851,0.4130,0.3560,-1,0,0,FAIL,-0.2975,0.4676,0.6438,0.3878,-1,0,0,LEARNER_LOW_CONFIDENCE
m1456#1456,SAFETY_LIMITED,37.5000,1.5000,180000.0000,120.0000,30.0000,8.0000,10.0000,0.1000,FAIL,-0.9418,1.6315,2.1476,1.2453,-1,0,0,FAIL,-0.0091,0.0814,0.1711,0.1742,-1,0,0,FAIL,0.0083,0.0862,0.1644,0.2106,-1,0,0,SETTLING_TIMEOUT
m1460#1460,SAFETY_LIMITED,37.5000,1.5000,180000.0000,120.0000,30.0000,3.0000,25.0000,0.1000,FAIL,0.0612,0.4312,0.6287,0.4213,-1,0,0,FAIL,0.0612,0.4312,0.6287,0.4213,-1,0,0,FAIL,-0.2796,0.5893,0.8649,0.6546,-1,0,0,LEARNER_LOW_CONFIDENCE
m1464#1464,SAFETY_LIMITED,37.5000,1.5000,180000.0000,120.0000,60.0000,3.0000,10.0000,0.1000,FAIL,-0.8376,1.7157,2.2494,1.4223,-1,0,0,FAIL,0.0883,0.0557,0.1470,0.3252,-1,0,0,PASS,0.0289,0.0573,0.1237,0.1771,2641,0,0,
m1468#1468,SAFETY_LIMITED,37.5000,1.5000,180000.0000,120.0000,60.0000,30.0000,25.0000,0.1000,FAIL,-0.0778,0.6318,0.8775,0.4836,-1,0,0,FAIL,-0.1141,0.6368,0.8799,0.5100,-1,0,0,FAIL,0.0100,0.6306,0.8789,0.5258,-1,0,0,LEARNER_LOW_CONFIDENCE
m1472#1472,SAFETY_LIMITED,37.5000,1.5000,180000.0000,120.0000,120.0000,30.0000,10.0000,0.1000,FAIL,-1.3523,2.6632,3.6856,2.2206,-1,0,0,FAIL,-0.0816,1.0925,1.7212,1.2753,-1,0,0,FAIL,-0.5116,0.5973,0.7361,0.2490,-1,0,0,STEADY_MAE
m1476#1476,SAFETY_LIMITED,37.5000,1.5000,180000.0000,120.0000,120.0000,8.0000,25.0000,0.1000,FAIL,0.7835,0.5652,1.1906,1.3930,-1,1,0,FAIL,0.7835,0.5547,1.1903,1.3763,-1,1,0,FAIL,0.0067,0.1149,0.2705,0.3338,-1,0,0,STEADY_MAE
m1480#1480,REACHABLE,37.5000,1.5000,180000.0000,180.0000,0.0000,8.0000,10.0000,0.1000,FAIL,-0.1046,0.3545,0.6834,0.6089,-1,0,0,PASS,0.0552,0.0451,0.0519,0.0236,1815,0,0,PASS,0.0545,0.0299,0.0452,0.0887,1611,0,0,
m1484#1484,REACHABLE,37.5000,1.5000,180000.0000,180.0000,0.0000,3.0000,25.0000,0.1000,FAIL,-0.1157,0.2622,0.3450,0.2381,-1,0,0,PASS,0.0673,0.0135,0.0181,0.0135,2387,0,0,FAIL,-0.1233,0.1517,0.1589,0.0211,-1,0,0,LEARNER_LOW_CONFIDENCE
m1488#1488,REACHABLE,37.5000,1.5000,180000.0000,180.0000,15.0000,3.0000,10.0000,0.1000,FAIL,-0.7893,2.2250,3.0512,2.4083,-1,0,0,PASS,0.0656,0.0284,0.0515,0.1263,1793,0,0,PASS,0.0822,0.0162,0.0252,0.0544,3696,0,0,
m1492#1492,SAFETY_LIMITED,37.5000,1.5000,180000.0000,180.0000,15.0000,30.0000,25.0000,0.1000,FAIL,0.0343,0.3504,0.5523,0.5973,-1,0,0,FAIL,0.0895,0.0480,0.1370,0.2860,-1,0,0,PASS,0.0726,0.0363,0.0492,0.0558,1630,0,0,
m1496#1496,SAFETY_LIMITED,37.5000,1.5000,180000.0000,180.0000,30.0000,30.0000,10.0000,0.1000,FAIL,-1.7590,2.1778,2.6299,0.8918,-1,0,0,FAIL,0.0782,0.1263,0.2407,0.2760,-1,0,0,FAIL,0.0838,0.3054,0.6840,0.7588,-1,0,0,STEADY_MAE
m1500#1500,SAFETY_LIMITED,37.5000,1.5000,180000.0000,180.0000,30.0000,8.0000,25.0000,0.1000,FAIL,-0.2801,0.7319,0.9820,0.5080,-1,0,0,FAIL,-0.2801,0.8279,1.0706,0.5138,-1,0,0,FAIL,-0.6955,0.9400,1.2134,0.5526,-1,0,0,LEARNER_LOW_CONFIDENCE
m1504#1504,SAFETY_LIMITED,37.5000,1.5000,180000.0000,180.0000,60.0000,8.0000,10.0000,0.1000,FAIL,-1.4108,2.3797,3.4520,2.1343,-1,0,0,FAIL,0.0222,0.1323,0.2949,0.4183,-1,0,0,FAIL,0.0215,0.1489,0.3482,0.3951,-1,0,0,STEADY_MAE
m1508#1508,SAFETY_LIMITED,37.5000,1.5000,180000.0000,180.0000,60.0000,3.0000,25.0000,0.1000,FAIL,-0.4556,0.9896,1.4221,0.9765,-1,0,0,FAIL,0.0876,0.1496,0.3811,0.5014,-1,0,0,PASS,0.0268,0.0488,0.1116,0.1497,3747,0,0,
m1512#1512,SAFETY_LIMITED,37.5000,1.5000,180000.0000,180.0000,120.0000,3.0000,10.0000,0.1000,FAIL,-1.8740,3.4784,5.3194,3.2015,-1,0,0,FAIL,-0.8124,0.8414,0.8626,0.0576,-1,0,0,FAIL,-0.9210,0.9572,0.9718,0.0441,-1,0,0,STEADY_MAE
m1516#1516,SAFETY_LIMITED,37.5000,1.5000,180000.0000,180.0000,120.0000,30.0000,25.0000,0.1000,FAIL,-0.1477,1.6623,2.3002,1.2111,-1,0,0,FAIL,-0.1239,0.6003,0.9429,0.6883,-1,0,0,FAIL,-0.6164,0.6613,0.6904,0.0772,-1,0,0,STEADY_MAE
m1520#1520,SAFETY_LIMITED,37.5000,1.5000,180000.0000,300.0000,0.0000,30.0000,10.0000,0.1000,FAIL,-2.0207,2.2333,2.4140,0.3787,-1,0,0,PASS,0.0666,0.0174,0.0386,0.0429,1707,0,0,PASS,0.0569,0.0255,0.0471,0.1044,1695,0,0,
m1524#1524,REACHABLE,37.5000,1.5000,180000.0000,300.0000,0.0000,8.0000,25.0000,0.1000,FAIL,-0.1844,0.4155,0.6104,0.4232,-1,0,0,FAIL,-0.0181,0.0920,0.1387,0.1360,-1,0,0,PASS,-0.0162,0.0734,0.1247,0.1014,7200,0,0,
m1528#1528,SAFETY_LIMITED,37.5000,1.5000,180000.0000,300.0000,15.0000,8.0000,10.0000,0.1000,FAIL,-1.5955,2.2824,2.9109,1.3512,-1,0,0,FAIL,-1.5963,2.9779,3.5569,1.1853,-1,0,0,FAIL,-1.8279,2.9790,3.5565,1.1839,-1,0,0,LEARNER_LOW_CONFIDENCE
m1532#1532,REACHABLE,37.5000,1.5000,180000.0000,300.0000,15.0000,3.0000,25.0000,0.1000,FAIL,-0.5725,1.6310,2.2602,1.9185,-1,0,0,FAIL,-0.5729,1.5807,2.0144,1.2479,-1,0,0,FAIL,-0.9556,1.6805,2.0687,1.4549,-1,0,0,LEARNER_LOW_CONFIDENCE
m1536#1536,SAFETY_LIMITED,37.5000,1.5000,180000.0000,300.0000,30.0000,3.0000,10.0000,0.1000,FAIL,-1.3876,2.5042,3.4870,2.1792,-1,0,0,FAIL,0.0528,0.0351,0.1060,0.2161,-1,0,0,PASS,0.0238,0.0105,0.0135,0.0066,1703,0,0,
m1540#1540,SAFETY_LIMITED,37.5000,1.5000,180000.0000,300.0000,30.0000,30.0000,25.0000,0.1000,FAIL,-1.2881,1.8032,2.2033,0.9934,-1,0,0,PASS,0.0951,0.0480,0.1224,0.2184,8349,0,0,PASS,0.0951,0.0480,0.1224,0.2184,8349,0,0,
m1544#1544,SAFETY_LIMITED,37.5000,1.5000,180000.0000,300.0000,60.0000,30.0000,10.0000,0.1000,FAIL,-3.4076,4.3514,5.5528,2.1791,-1,0,0,FAIL,-3.4136,4.5051,5.6236,2.2063,-1,0,0,FAIL,-4.2911,5.0857,6.1583,1.8964,-1,0,0,LEARNER_LOW_CONFIDENCE
m1548#1548,SAFETY_LIMITED,37.5000,1.5000,180000.0000,300.0000,60.0000,8.0000,25.0000,0.1000,FAIL,-0.9657,1.8283,2.4329,1.4668,-1,0,0,FAIL,0.0098,0.0695,0.1768,0.2310,-1,0,0,FAIL,0.0724,0.0467,0.1200,0.2250,-1,0,0,SETTLING_TIMEOUT
m1552#1552,SAFETY_LIMITED,37.5000,1.5000,180000.0000,300.0000,120.0000,8.0000,10.0000,0.1000,FAIL,-3.2083,5.5928,8.2820,4.7243,-1,0,0,FAIL,-3.2083,8.8104,8.8527,0.3475,-1,0,0,FAIL,-5.3117,8.7989,8.8509,0.1509,-1,0,0,STEADY_MAE
m1556#1556,SAFETY_LIMITED,37.5000,1.5000,180000.0000,300.0000,120.0000,3.0000,25.0000,0.1000,FAIL,0.1337,2.3486,3.6152,2.3194,-1,0,0,FAIL,0.1337,0.6505,0.6760,0.0708,-1,0,0,FAIL,-1.0401,1.0602,1.0727,0.0434,-1,0,0,STEADY_MAE
m1560#1560,REACHABLE,37.5000,1.5000,600000.0000,120.0000,0.0000,3.0000,10.0000,0.1000,FAIL,-0.1328,0.2225,0.2861,0.1592,-1,0,0,PASS,0.0537,0.0359,0.0512,0.1152,3393,0,0,PASS,0.0537,0.0359,0.0512,0.1152,3393,0,0,
m1564#1564,REACHABLE,37.5000,1.5000,600000.0000,120.0000,0.0000,30.0000,25.0000,0.1000,FAIL,-0.0097,0.0897,0.1518,0.1433,-1,0,0,PASS,0.0591,0.0279,0.0326,0.0102,1109,0,0,PASS,0.0591,0.0279,0.0326,0.0102,1109,0,0,
m1568#1568,REACHABLE,37.5000,1.5000,600000.0000,120.0000,15.0000,30.0000,10.0000,0.1000,FAIL,-0.1025,0.3386,0.5295,0.4364,-1,0,0,PASS,-0.0166,0.0851,0.1332,0.1170,7342,0,0,PASS,-0.0149,0.0480,0.0508,0.0065,3060,0,0,
m1572#1572,REACHABLE,37.5000,1.5000,600000.0000,120.0000,15.0000,8.0000,25.0000,0.1000,FAIL,0.0041,0.1375,0.1622,0.0697,-1,0,0,PASS,0.0673,0.0072,0.0085,0.0034,1133,0,0,PASS,0.0669,0.0280,0.0508,0.1173,1133,0,0,
m1576#1576,REACHABLE,37.5000,1.5000,600000.0000,120.0000,30.0000,8.0000,10.0000,0.1000,FAIL,-0.0144,0.2799,0.4813,0.4722,-1,0,0,PASS,0.0786,0.0156,0.0300,0.0555,2049,0,0,PASS,0.0786,0.0156,0.0300,0.0555,2049,0,0,
m1580#1580,REACHABLE,37.5000,1.5000,600000.0000,120.0000,30.0000,3.0000,25.0000,0.1000,FAIL,-0.1101,0.2048,0.2595,0.1485,-1,0,0,FAIL,-0.0017,0.1004,0.1278,0.0553,1976,0,0,PASS,-0.0180,0.0467,0.0546,0.0189,1810,0,0,
m1584#1584,REACHABLE,37.5000,1.5000,600000.0000,120.0000,60.0000,3.0000,10.0000,0.1000,FAIL,0.0065,0.3520,0.6197,0.6297,-1,0,0,PASS,0.0822,0.0351,0.0362,0.0039,2207,0,0,PASS,0.0822,0.0351,0.0362,0.0039,2207,0,0,
m1588#1588,SAFETY_LIMITED,37.5000,1.5000,600000.0000,120.0000,60.0000,30.0000,25.0000,0.1000,FAIL,0.1733,0.1906,0.3728,0.4548,-1,0,0,FAIL,0.4107,0.1161,0.3076,0.3310,-1,0,0,FAIL,0.4346,0.1037,0.1833,0.1735,-1,0,0,STARTUP_OVERSHOOT
m1592#1592,SAFETY_LIMITED,37.5000,1.5000,600000.0000,120.0000,120.0000,30.0000,10.0000,0.1000,FAIL,-0.1134,0.4260,0.6754,0.5932,-1,0,0,PASS,0.0298,0.0536,0.1001,0.1592,8982,0,0,FAIL,0.0138,0.0720,0.1280,0.1744,-1,0,0,SETTLING_TIMEOUT
m1596#1596,SAFETY_LIMITED,37.5000,1.5000,600000.0000,120.0000,120.0000,8.0000,25.0000,0.1000,FAIL,-0.0454,0.3015,0.4821,0.4563,-1,0,0,PASS,0.0559,0.0304,0.0758,0.1445,3531,0,0,PASS,0.0738,0.0332,0.0675,0.1346,4824,0,0,
m1600#1600,REACHABLE,37.5000,1.5000,600000.0000,180.0000,0.0000,8.0000,10.0000,0.1000,FAIL,-0.1378,0.2673,0.3851,0.2537,-1,0,0,PASS,-0.0191,0.0412,0.0504,0.0228,3892,0,0,PASS,-0.0191,0.0412,0.0504,0.0228,3892,0,0,
m1604#1604,REACHABLE,37.5000,1.5000,600000.0000,180.0000,0.0000,3.0000,25.0000,0.1000,FAIL,-0.0366,0.1295,0.1740,0.1416,-1,0,0,PASS,0.0561,0.0122,0.0291,0.0428,1784,0,0,PASS,0.0561,0.0122,0.0291,0.0428,1784,0,0,
m1608#1608,REACHABLE,37.5000,1.5000,600000.0000,180.0000,15.0000,3.0000,10.0000,0.1000,FAIL,-0.0867,0.3678,0.5175,0.3706,-1,0,0,PASS,0.0691,0.0216,0.0397,0.0386,2742,0,0,PASS,0.0691,0.0216,0.0397,0.0386,2742,0,0,
m1612#1612,REACHABLE,37.5000,1.5000,600000.0000,180.0000,15.0000,30.0000,25.0000,0.1000,FAIL,-0.0590,0.1341,0.1816,0.1158,-1,0,0,PASS,0.0743,0.0026,0.0065,0.0090,1737,0,0,PASS,0.0743,0.0026,0.0065,0.0090,1737,0,0,
m1616#1616,REACHABLE,37.5000,1.5000,600000.0000,180.0000,30.0000,30.0000,10.0000,0.1000,FAIL,-0.0951,0.4364,0.7231,0.6353,-1,0,0,FAIL,-0.0338,0.5933,0.9425,0.7806,-1,0,0,PASS,0.0742,0.0136,0.0145,0.0033,2821,0,0,
m1620#1620,REACHABLE,37.5000,1.5000,600000.0000,180.0000,30.0000,8.0000,25.0000,0.1000,FAIL,-0.0184,0.2153,0.3598,0.3444,-1,0,0,PASS,0.0750,0.0298,0.0508,0.1214,1339,0,0,PASS,0.0759,0.0418,0.0495,0.0348,1339,0,0,
m1624#1624,REACHABLE,37.5000,1.5000,600000.0000,180.0000,60.0000,8.0000,10.0000,0.1000,FAIL,-2.6863,2.9865,3.3522,0.6894,-1,0,0,FAIL,0.0005,0.0940,0.1659,0.1831,-1,0,0,FAIL,0.0005,0.0940,0.1659,0.1831,-1,0,0,SETTLING_TIMEOUT
m1628#1628,REACHABLE,37.5000,1.5000,600000.0000,180.0000,60.0000,3.0000,25.0000,0.1000,FAIL,0.1123,0.2415,0.4501,0.5523,-1,0,0,PASS,0.0799,0.0093,0.0112,0.0059,1650,0,0,PASS,0.0740,0.0278,0.0314,0.0084,1608,0,0,
m1632#1632,SAFETY_LIMITED,37.5000,1.5000,600000.0000,180.0000,120.0000,3.0000,10.0000,0.1000,FAIL,-3.3829,3.8635,4.4063,1.1956,-1,0,0,PASS,0.0197,0.0730,0.1411,0.1632,7869,0,0,PASS,0.0197,0.0730,0.1411,0.1632,7869,0,0,
m1636#1636,SAFETY_LIMITED,37.5000,1.5000,600000.0000,180.0000,120.0000,30.0000,25.0000,0.1000,FAIL,-0.2675,0.5397,0.7512,0.4619,-1,0,0,FAIL,-0.6742,0.6856,0.6863,0.0019,-1,0,0,FAIL,0.0316,0.2994,0.5514,0.5616,-1,0,0,STEADY_MAE
m1640#1640,REACHABLE,37.5000,1.5000,600000.0000,300.0000,0.0000,30.0000,10.0000,0.1000,FAIL,-0.1347,0.3331,0.5687,0.4833,-1,0,0,PASS,-0.0341,0.0613,0.0811,0.0501,4737,0,0,PASS,-0.0341,0.0613,0.0811,0.0501,4737,0,0,
m1644#1644,REACHABLE,37.5000,1.5000,600000.0000,300.0000,0.0000,8.0000,25.0000,0.1000,FAIL,-0.1151,0.1905,0.2310,0.1140,-1,0,0,PASS,0.0518,0.0013,0.0028,0.0056,1847,0,0,PASS,0.0518,0.0013,0.0028,0.0056,1847,0,0,
m1648#1648,REACHABLE,37.5000,1.5000,600000.0000,300.0000,15.0000,8.0000,10.0000,0.1000,FAIL,-2.3685,2.5817,2.7839,0.4532,-1,0,0,FAIL,-2.3147,2.5288,2.7271,0.4235,-1,0,0,FAIL,-2.3147,2.5288,2.7271,0.4235,-1,0,0,LEARNER_LOW_CONFIDENCE
m1652#1652,REACHABLE,37.5000,1.5000,600000.0000,300.0000,15.0000,3.0000,25.0000,0.1000,FAIL,-0.1126,0.2991,0.4189,0.3063,-1,0,0,PASS,0.0604,0.0085,0.0148,0.0167,1799,0,0,PASS,0.0604,0.0085,0.0148,0.0167,1799,0,0,
m1656#1656,REACHABLE,37.5000,1.5000,600000.0000,300.0000,30.0000,3.0000,10.0000,0.1000,FAIL,-2.6970,3.0295,3.3381,0.6930,-1,0,0,PASS,0.0737,0.0241,0.0275,0.0083,3198,0,0,PASS,0.0737,0.0241,0.0275,0.0083,3198,0,0,
m1660#1660,REACHABLE,37.5000,1.5000,600000.0000,300.0000,30.0000,30.0000,25.0000,0.1000,FAIL,-0.0220,0.3164,0.5821,0.5627,-1,0,0,FAIL,-0.0271,0.4458,0.6509,0.4801,-1,0,0,PASS,0.0787,0.0183,0.0494,0.0598,2344,0,0,
m1664#1664,SAFETY_LIMITED,37.5000,1.5000,600000.0000,300.0000,60.0000,30.0000,10.0000,0.1000,FAIL,-4.7323,5.0684,5.4412,0.7332,-1,0,0,FAIL,-0.2146,0.7002,1.4241,1.2560,-1,0,0,PASS,0.0325,0.0371,0.0844,0.1240,5809,0,0,
m1668#1668,REACHABLE,37.5000,1.5000,600000.0000,300.0000,60.0000,8.0000,25.0000,0.1000,FAIL,-0.0419,0.4161,0.6979,0.6646,-1,0,0,PASS,0.0771,0.0337,0.0683,0.1443,2349,0,0,PASS,0.0787,0.0323,0.0685,0.1522,2260,0,0,
m1672#1672,SAFETY_LIMITED,37.5000,1.5000,600000.0000,300.0000,120.0000,8.0000,10.0000,0.1000,FAIL,-6.0307,6.6294,7.3822,1.4003,-1,0,0,FAIL,-0.5673,0.6217,0.6546,0.0900,-1,0,0,FAIL,-0.5673,0.6217,0.6546,0.0900,-1,0,0,STEADY_MAE
m1676#1676,SAFETY_LIMITED,37.5000,1.5000,600000.0000,300.0000,120.0000,3.0000,25.0000,0.1000,FAIL,-0.2846,0.5972,0.8595,0.6274,-1,0,0,PASS,0.0194,0.0558,0.1122,0.1337,7407,0,0,PASS,0.0239,0.0549,0.1081,0.1296,7319,0,0,
m1680#1680,REACHABLE,37.5000,1.5000,1600000.0000,120.0000,0.0000,3.0000,10.0000,0.1000,FAIL,-0.2213,0.2401,0.2494,0.0287,-1,0,0,FAIL,-0.1222,0.1831,0.2137,0.0931,-1,0,0,FAIL,-0.1222,0.1831,0.2137,0.0931,-1,0,0,LEARNER_LOW_CONFIDENCE
m1684#1684,REACHABLE,37.5000,1.5000,1600000.0000,120.0000,0.0000,30.0000,25.0000,0.1000,PASS,-0.0366,0.0667,0.0886,0.0531,3177,0,0,PASS,-0.0273,0.0485,0.0640,0.0376,2037,0,0,PASS,-0.0275,0.0488,0.0636,0.0367,2037,0,0,
m1688#1688,REACHABLE,37.5000,1.5000,1600000.0000,120.0000,15.0000,30.0000,10.0000,0.1000,FAIL,-0.0868,0.1542,0.1949,0.0967,-1,0,0,PASS,0.0688,0.0379,0.0759,0.1453,5392,0,0,PASS,0.0688,0.0379,0.0759,0.1453,5392,0,0,
m1692#1692,REACHABLE,37.5000,1.5000,1600000.0000,120.0000,15.0000,8.0000,25.0000,0.1000,FAIL,-0.0985,0.1488,0.1751,0.0711,-1,0,0,FAIL,-0.0999,0.1315,0.1526,0.0525,-1,0,0,FAIL,-0.0999,0.1313,0.1525,0.0527,-1,0,0,STEADY_MAE
m1696#1696,REACHABLE,37.5000,1.5000,1600000.0000,120.0000,30.0000,8.0000,10.0000,0.1000,FAIL,-0.0590,0.1564,0.2050,0.1296,-1,0,0,PASS,0.0842,0.0325,0.0666,0.1393,5430,0,0,PASS,0.0842,0.0325,0.0666,0.1393,5430,0,0,
m1700#1700,REACHABLE,37.5000,1.5000,1600000.0000,120.0000,30.0000,3.0000,25.0000,0.1000,PASS,0.0046,0.0691,0.1059,0.1040,3293,0,0,PASS,-0.0137,0.0575,0.0839,0.0647,2103,0,0,PASS,-0.0137,0.0573,0.0835,0.0645,2103,0,0,
m1704#1704,REACHABLE,37.5000,1.5000,1600000.0000,120.0000,60.0000,3.0000,10.0000,0.1000,FAIL,-0.0656,0.2015,0.2780,0.2105,-1,0,0,PASS,0.0700,0.0354,0.0437,0.0198,3980,0,0,PASS,0.0749,0.0272,0.0437,0.0937,3980,0,0,
m1708#1708,REACHABLE,37.5000,1.5000,1600000.0000,120.0000,60.0000,30.0000,25.0000,0.1000,FAIL,0.0765,0.0766,0.1521,0.2155,-1,0,0,FAIL,0.3529,0.0628,0.0924,0.0786,6101,0,0,PASS,0.2561,0.0636,0.0932,0.0776,3585,0,0,
m1712#1712,REACHABLE,37.5000,1.5000,1600000.0000,120.0000,120.0000,30.0000,10.0000,0.1000,FAIL,-0.0306,0.2417,0.4081,0.3737,-1,0,0,FAIL,-0.0905,0.3761,0.5976,0.5114,-1,0,0,PASS,0.0350,0.0387,0.0733,0.1150,4995,0,0,
m1716#1716,REACHABLE,37.5000,1.5000,1600000.0000,120.0000,120.0000,8.0000,25.0000,0.1000,FAIL,0.1204,0.1033,0.1930,0.2898,-1,0,0,PASS,-0.0062,0.0645,0.0993,0.0960,3357,0,0,PASS,-0.0012,0.0634,0.0976,0.0933,3822,0,0,
m1720#1720,REACHABLE,37.5000,1.5000,1600000.0000,180.0000,0.0000,8.0000,10.0000,0.1000,FAIL,-0.1339,0.1961,0.2312,0.0984,-1,0,0,FAIL,-0.1364,0.1703,0.1866,0.0482,-1,0,0,FAIL,-0.1364,0.1703,0.1866,0.0482,-1,0,0,LEARNER_LOW_CONFIDENCE
m1724#1724,REACHABLE,37.5000,1.5000,1600000.0000,180.0000,0.0000,3.0000,25.0000,0.1000,PASS,-0.0423,0.0906,0.1156,0.0747,3224,0,0,PASS,0.0510,0.0319,0.0439,0.0275,1900,0,0,PASS,0.0510,0.0319,0.0439,0.0275,1900,0,0,
m1728#1728,REACHABLE,37.5000,1.5000,1600000.0000,180.0000,15.0000,3.0000,10.0000,0.1000,FAIL,-0.1045,0.2184,0.2939,0.1837,-1,0,0,PASS,0.0574,0.0277,0.0511,0.1135,5999,0,0,PASS,0.0574,0.0277,0.0511,0.1135,5999,0,0,
m1732#1732,REACHABLE,37.5000,1.5000,1600000.0000,180.0000,15.0000,30.0000,25.0000,0.1000,FAIL,-0.1154,0.1452,0.1647,0.0456,-1,0,0,PASS,-0.0214,0.0633,0.0950,0.0739,2380,0,0,PASS,-0.0238,0.0639,0.0946,0.0737,2380,0,0,
m1736#1736,REACHABLE,37.5000,1.5000,1600000.0000,180.0000,30.0000,30.0000,10.0000,0.1000,FAIL,-0.1752,0.3187,0.4249,0.2475,-1,0,0,PASS,-0.0086,0.0789,0.1078,0.0813,7408,0,0,FAIL,-0.0083,0.0817,0.1615,0.1636,-1,0,0,SETTLING_TIMEOUT
m1740#1740,REACHABLE,37.5000,1.5000,1600000.0000,180.0000,30.0000,8.0000,25.0000,0.1000,FAIL,0.0038,0.1413,0.1662,0.0697,-1,0,0,PASS,-0.0182,0.0636,0.0962,0.0795,2321,0,0,PASS,-0.0181,0.0625,0.0969,0.0826,2321,0,0,
m1744#1744,REACHABLE,37.5000,1.5000,1600000.0000,180.0000,60.0000,8.0000,10.0000,0.1000,FAIL,-0.0919,0.3451,0.5031,0.4099,-1,0,0,PASS,0.0739,0.0292,0.0496,0.0779,4778,0,0,PASS,0.0739,0.0292,0.0496,0.0779,4778,0,0,
m1748#1748,REACHABLE,37.5000,1.5000,1600000.0000,180.0000,60.0000,3.0000,25.0000,0.1000,FAIL,-0.0769,0.2002,0.2630,0.1705,-1,0,0,FAIL,-0.0886,0.1456,0.1903,0.1077,-1,0,0,FAIL,-0.0849,0.1448,0.1884,0.1049,-1,0,0,STEADY_MAE
m1752#1752,REACHABLE,37.5000,1.5000,1600000.0000,180.0000,120.0000,3.0000,10.0000,0.1000,FAIL,-0.2743,1.1366,2.0351,1.8026,-1,0,0,PASS,0.0782,0.0353,0.0611,0.0997,4186,0,0,PASS,0.0782,0.0353,0.0611,0.0997,4186,0,0,
m1756#1756,REACHABLE,37.5000,1.5000,1600000.0000,180.0000,120.0000,30.0000,25.0000,0.1000,FAIL,0.0828,0.1549,0.3038,0.3673,-1,0,0,PASS,-0.0006,0.0761,0.1286,0.1241,5858,0,0,PASS,0.0098,0.0772,0.1296,0.1292,5253,0,0,
m1760#1760,REACHABLE,37.5000,1.5000,1600000.0000,300.0000,0.0000,30.0000,10.0000,0.1000,FAIL,-0.1309,0.2834,0.4487,0.3189,-1,0,0,PASS,-0.0425,0.0514,0.0579,0.0157,6781,0,0,PASS,-0.0425,0.0514,0.0579,0.0157,6781,0,0,
m1764#1764,REACHABLE,37.5000,1.5000,1600000.0000,300.0000,0.0000,8.0000,25.0000,0.1000,FAIL,-0.1326,0.1657,0.1809,0.0430,-1,0,0,PASS,0.0536,0.0324,0.0423,0.0229,2251,0,0,PASS,0.0540,0.0050,0.0116,0.0190,2117,0,0,
m1768#1768,REACHABLE,37.5000,1.5000,1600000.0000,300.0000,15.0000,8.0000,10.0000,0.1000,FAIL,-0.1898,0.2730,0.3213,0.1344,-1,0,0,PASS,-0.0213,0.0508,0.0750,0.0565,6813,0,0,PASS,-0.0213,0.0508,0.0750,0.0565,6813,0,0,
m1772#1772,REACHABLE,37.5000,1.5000,1600000.0000,300.0000,15.0000,3.0000,25.0000,0.1000,FAIL,-0.1045,0.1858,0.2268,0.1227,-1,0,0,PASS,0.0612,0.0318,0.0400,0.0186,3480,0,0,PASS,0.0617,0.0303,0.0550,0.1260,2162,0,0,
m1776#1776,REACHABLE,37.5000,1.5000,1600000.0000,300.0000,30.0000,3.0000,10.0000,0.1000,FAIL,-0.1370,0.3776,0.5517,0.4287,-1,0,0,PASS,0.0630,0.0277,0.0589,0.1322,7270,0,0,PASS,0.0635,0.0309,0.0613,0.1327,7270,0,0,
m1780#1780,REACHABLE,37.5000,1.5000,1600000.0000,300.0000,30.0000,30.0000,25.0000,0.1000,FAIL,-0.0555,0.1457,0.2070,0.1502,-1,0,0,PASS,-0.0124,0.0552,0.0958,0.0877,5966,0,0,PASS,-0.0030,0.0534,0.1021,0.1050,3814,0,0,
m1784#1784,REACHABLE,37.5000,1.5000,1600000.0000,300.0000,60.0000,30.0000,10.0000,0.1000,FAIL,-0.1291,0.5063,0.7966,0.6827,-1,0,0,PASS,0.2112,0.0435,0.0863,0.1097,7915,0,0,PASS,0.2112,0.0435,0.0863,0.1097,7915,0,0,
m1788#1788,REACHABLE,37.5000,1.5000,1600000.0000,300.0000,60.0000,8.0000,25.0000,0.1000,FAIL,-0.0248,0.2691,0.4093,0.3353,-1,0,0,PASS,0.0736,0.0295,0.0355,0.0139,3298,0,0,PASS,0.0725,0.0309,0.0376,0.0144,3141,0,0,
m1792#1792,REACHABLE,37.5000,1.5000,1600000.0000,300.0000,120.0000,8.0000,10.0000,0.1000,FAIL,-4.7072,5.2534,5.7567,1.2084,-1,0,0,FAIL,-0.0003,0.0971,0.1944,0.2120,-1,0,0,FAIL,0.0038,0.0927,0.1993,0.2203,-1,0,0,SETTLING_TIMEOUT
m1796#1796,REACHABLE,37.5000,1.5000,1600000.0000,300.0000,120.0000,3.0000,25.0000,0.1000,FAIL,-0.0874,0.2651,0.4111,0.3276,-1,0,0,PASS,0.0755,0.0190,0.0270,0.0196,3922,0,0,PASS,0.0811,0.0083,0.0111,0.0066,3648,0,0,
m1800#1800,REACHABLE,37.5000,2.0000,180000.0000,120.0000,0.0000,3.0000,10.0000,0.1000,FAIL,-0.0266,0.2754,0.4044,0.2927,-1,0,0,PASS,-0.0320,0.0488,0.0583,0.0307,2239,0,0,FAIL,-0.1386,0.1532,0.1628,0.0322,-1,0,0,LEARNER_LOW_CONFIDENCE
m1804#1804,SAFETY_LIMITED,37.5000,2.0000,180000.0000,120.0000,0.0000,30.0000,25.0000,0.1000,FAIL,-0.0560,0.2415,0.3571,0.2565,-1,0,0,FAIL,0.0290,0.0892,0.1607,0.1688,-1,0,0,FAIL,0.0207,0.1252,0.1488,0.0949,-1,0,0,STEADY_MAE
m1808#1808,SAFETY_LIMITED,37.5000,2.0000,180000.0000,120.0000,15.0000,30.0000,10.0000,0.1000,FAIL,-0.5186,0.8597,0.9918,0.3025,-1,0,0,PASS,0.0619,0.0296,0.0496,0.1048,1070,0,0,PASS,0.0569,0.0050,0.0103,0.0162,1088,0,0,
m1812#1812,SAFETY_LIMITED,37.5000,2.0000,180000.0000,120.0000,15.0000,8.0000,25.0000,0.1000,FAIL,0.4347,0.2638,0.3908,0.3448,-1,0,0,FAIL,0.4347,0.2638,0.3908,0.3448,-1,0,0,FAIL,0.0231,0.2026,0.3537,0.3832,-1,0,0,LEARNER_LOW_CONFIDENCE
m1816#1816,SAFETY_LIMITED,37.5000,2.0000,180000.0000,120.0000,30.0000,8.0000,10.0000,0.1000,FAIL,0.1460,0.9180,1.2813,0.7850,-1,0,0,PASS,0.1460,0.0242,0.0695,0.1545,1636,0,0,FAIL,-1.0532,1.6425,2.0684,1.1165,-1,0,0,LEARNER_LOW_CONFIDENCE
m1820#1820,SAFETY_LIMITED,37.5000,2.0000,180000.0000,120.0000,30.0000,3.0000,25.0000,0.1000,FAIL,0.0479,0.2823,0.4755,0.4720,-1,0,0,FAIL,0.0479,0.2760,0.5008,0.5443,-1,0,0,FAIL,-0.2369,0.5154,0.7265,0.5775,-1,0,0,LEARNER_LOW_CONFIDENCE
m1824#1824,SAFETY_LIMITED,37.5000,2.0000,180000.0000,120.0000,60.0000,3.0000,10.0000,0.1000,FAIL,1.7940,1.2552,2.2127,2.3351,-1,1,1,FAIL,1.7940,0.1127,0.2728,0.3605,-1,1,1,FAIL,0.0859,0.0692,0.2121,0.3771,-1,0,0,SETTLING_TIMEOUT
m1828#1828,SAFETY_LIMITED,37.5000,2.0000,180000.0000,120.0000,60.0000,30.0000,25.0000,0.1000,FAIL,2.3639,0.3397,0.7612,1.0840,-1,1,1,FAIL,2.3639,0.3397,0.7612,1.0840,-1,1,1,FAIL,1.9432,0.3522,0.7743,1.1102,-1,1,1,UNSAFE_TRUE_TEMP
m1832#1832,SAFETY_LIMITED,37.5000,2.0000,180000.0000,120.0000,120.0000,30.0000,10.0000,0.1000,FAIL,1.8078,1.9318,2.9266,2.1069,-1,1,1,FAIL,1.8078,0.6752,1.0517,0.6928,-1,1,1,FAIL,1.8078,0.6752,1.0517,0.6928,-1,1,1,UNSAFE_TRUE_TEMP
m1836#1836,SAFETY_LIMITED,37.5000,2.0000,180000.0000,120.0000,120.0000,8.0000,25.0000,0.1000,FAIL,5.2113,0.4999,1.1628,1.4320,-1,1,1,FAIL,5.2113,0.4999,1.1628,1.4320,-1,1,1,FAIL,0.6081,0.4916,1.1601,1.4570,-1,0,0,STARTUP_OVERSHOOT
m1840#1840,REACHABLE,37.5000,2.0000,180000.0000,180.0000,0.0000,8.0000,10.0000,0.1000,FAIL,-0.0905,0.3264,0.5726,0.5288,-1,0,0,FAIL,-0.1284,0.1433,0.1526,0.0245,-1,0,0,PASS,0.0572,0.0286,0.0507,0.1083,2295,0,0,
m1844#1844,REACHABLE,37.5000,2.0000,180000.0000,180.0000,0.0000,3.0000,25.0000,0.1000,FAIL,-0.1402,0.1537,0.1646,0.0322,-1,0,0,FAIL,-0.1402,0.1537,0.1644,0.0323,-1,0,0,FAIL,-0.0164,0.1442,0.1523,0.0248,-1,0,0,LEARNER_LOW_CONFIDENCE
m1848#1848,SAFETY_LIMITED,37.5000,2.0000,180000.0000,180.0000,15.0000,3.0000,10.0000,0.1000,FAIL,-0.0409,1.7302,2.4652,2.6886,-1,0,0,PASS,-0.0247,0.0991,0.1274,0.1074,4329,0,0,FAIL,-0.0087,0.0684,0.1308,0.1556,-1,0,0,SETTLING_TIMEOUT
m1852#1852,SAFETY_LIMITED,37.5000,2.0000,180000.0000,180.0000,15.0000,30.0000,25.0000,0.1000,FAIL,-0.1087,0.3403,0.5124,0.3907,-1,0,0,FAIL,-0.1087,0.3403,0.5124,0.3907,-1,0,0,FAIL,-0.1171,0.3239,0.5035,0.4051,-1,0,0,LEARNER_LOW_CONFIDENCE
m1856#1856,SAFETY_LIMITED,37.5000,2.0000,180000.0000,180.0000,30.0000,30.0000,10.0000,0.1000,FAIL,-0.6246,1.7850,2.2577,1.0423,-1,0,0,FAIL,0.0881,0.0990,0.2683,0.4325,-1,0,0,FAIL,0.1031,0.1119,0.2773,0.3872,-1,0,0,STEADY_MAE
m1860#1860,SAFETY_LIMITED,37.5000,2.0000,180000.0000,180.0000,30.0000,8.0000,25.0000,0.1000,FAIL,-0.2150,0.5469,0.8340,0.6463,-1,0,0,FAIL,-0.1930,0.5411,0.8420,0.6734,-1,0,0,FAIL,-0.6545,0.9364,1.2642,0.6376,-1,0,0,LEARNER_LOW_CONFIDENCE
m1864#1864,SAFETY_LIMITED,37.5000,2.0000,180000.0000,180.0000,60.0000,8.0000,10.0000,0.1000,FAIL,1.2721,1.4433,2.7105,3.3343,-1,1,0,FAIL,1.2721,0.0983,0.2461,0.3471,-1,1,0,FAIL,0.0372,0.1337,0.3433,0.4970,-1,0,0,STEADY_MAE
m1868#1868,SAFETY_LIMITED,37.5000,2.0000,180000.0000,180.0000,60.0000,3.0000,25.0000,0.1000,FAIL,1.5528,0.4638,0.9782,1.5390,-1,1,1,FAIL,1.5528,0.4709,0.9776,1.5708,-1,1,1,FAIL,1.6004,0.4885,0.9813,1.5474,-1,1,1,UNSAFE_TRUE_TEMP
m1872#1872,SAFETY_LIMITED,37.5000,2.0000,180000.0000,180.0000,120.0000,3.0000,10.0000,0.1000,FAIL,-0.7474,2.5120,4.1300,3.4450,-1,0,0,FAIL,-0.1698,0.6931,1.0986,0.7812,-1,0,0,FAIL,-0.6026,0.6409,0.6554,0.0544,-1,0,0,STEADY_MAE
m1876#1876,SAFETY_LIMITED,37.5000,2.0000,180000.0000,180.0000,120.0000,30.0000,25.0000,0.1000,FAIL,3.9697,1.2171,1.8739,1.4162,-1,1,1,FAIL,3.9697,1.2171,1.8739,1.4162,-1,1,1,FAIL,1.0235,1.1976,1.8662,1.3134,-1,1,0,UNSAFE_TRUE_TEMP
m1880#1880,SAFETY_LIMITED,37.5000,2.0000,180000.0000,300.0000,0.0000,30.0000,10.0000,0.1000,FAIL,-1.6651,1.9159,2.1495,0.4938,-1,0,0,FAIL,-1.6651,1.9929,2.1953,0.4199,-1,0,0,PASS,0.0515,0.0334,0.0337,0.0010,1688,0,0,
m1884#1884,REACHABLE,37.5000,2.0000,180000.0000,300.0000,0.0000,8.0000,25.0000,0.1000,FAIL,-0.6402,0.8466,1.0367,0.4741,-1,0,0,FAIL,-0.6402,0.8466,1.0367,0.4741,-1,0,0,FAIL,-0.1145,0.1759,0.2235,0.1731,-1,0,0,LEARNER_LOW_CONFIDENCE
m1888#1888,SAFETY_LIMITED,37.5000,2.0000,180000.0000,300.0000,15.0000,8.0000,10.0000,0.1000,FAIL,-0.8823,1.8238,2.4714,1.4442,-1,0,0,FAIL,-0.8823,1.9049,2.5651,1.5133,-1,0,0,PASS,0.0738,0.0388,0.1192,0.2122,1747,0,0,
m1892#1892,SAFETY_LIMITED,37.5000,2.0000,180000.0000,300.0000,15.0000,3.0000,25.0000,0.1000,FAIL,0.2064,0.9480,1.2517,0.6943,-1,0,0,FAIL,0.2064,1.0508,1.3793,0.7074,-1,0,0,FAIL,-0.8312,1.3026,1.7937,1.2677,-1,0,0,LEARNER_LOW_CONFIDENCE
m1896#1896,SAFETY_LIMITED,37.5000,2.0000,180000.0000,300.0000,30.0000,3.0000,10.0000,0.1000,FAIL,-0.0290,1.9421,3.1538,2.8382,-1,0,0,FAIL,0.0868,0.1599,0.4664,0.7482,-1,0,0,FAIL,-1.4198,3.0969,4.1364,2.1095,-1,0,0,LEARNER_LOW_CONFIDENCE
m1900#1900,SAFETY_LIMITED,37.5000,2.0000,180000.0000,300.0000,30.0000,30.0000,25.0000,0.1000,FAIL,-0.9946,1.2783,1.5325,0.5506,-1,0,0,FAIL,-0.9946,1.2783,1.5325,0.5506,-1,0,0,FAIL,-0.9946,1.2783,1.5325,0.5506,-1,0,0,LEARNER_LOW_CONFIDENCE
m1904#1904,SAFETY_LIMITED,37.5000,2.0000,180000.0000,300.0000,60.0000,30.0000,10.0000,0.1000,FAIL,-1.3484,3.2289,4.4424,2.2807,-1,0,0,FAIL,-1.3484,3.2436,4.4424,2.2861,-1,0,0,FAIL,-0.8909,0.9250,0.9381,0.0394,-1,0,0,STEADY_MAE
m1908#1908,SAFETY_LIMITED,37.5000,2.0000,180000.0000,300.0000,60.0000,8.0000,25.0000,0.1000,FAIL,1.3038,1.4104,2.2166,1.9560,-1,1,0,FAIL,1.3038,0.1062,0.2259,0.2717,-1,1,0,FAIL,0.9014,0.0536,0.1282,0.1571,8545,1,0,UNSAFE_TRUE_TEMP
m1912#1912,SAFETY_LIMITED,37.5000,2.0000,180000.0000,300.0000,120.0000,8.0000,10.0000,0.1000,FAIL,-1.7770,3.9858,6.6876,5.0505,-1,0,0,FAIL,-1.8059,7.5826,7.6250,0.1365,-1,0,0,FAIL,-3.2320,8.8987,8.9496,0.1508,-1,0,0,STEADY_MAE
m1916#1916,SAFETY_LIMITED,37.5000,2.0000,180000.0000,300.0000,120.0000,3.0000,25.0000,0.1000,FAIL,4.2167,1.7864,2.9196,2.4733,-1,1,1,FAIL,4.2167,1.0133,1.6003,1.1835,-1,1,1,FAIL,-0.2895,0.6627,1.0451,0.7425,-1,0,0,STEADY_MAE
m1920#1920,REACHABLE,37.5000,2.0000,600000.0000,120.0000,0.0000,3.0000,10.0000,0.1000,FAIL,-0.0336,0.1477,0.2202,0.1892,-1,0,0,PASS,0.0575,0.0361,0.0486,0.0890,2683,0,0,PASS,0.0575,0.0361,0.0486,0.0890,2683,0,0,
m1924#1924,REACHABLE,37.5000,2.0000,600000.0000,120.0000,0.0000,30.0000,25.0000,0.1000,PASS,-0.0095,0.0771,0.1294,0.1200,1485,0,0,PASS,0.0551,0.0263,0.0413,0.1016,1295,0,0,PASS,0.0551,0.0263,0.0413,0.1016,1295,0,0,
m1928#1928,REACHABLE,37.5000,2.0000,600000.0000,120.0000,15.0000,30.0000,10.0000,0.1000,FAIL,0.0542,0.2062,0.4240,0.4855,-1,0,0,PASS,-0.0205,0.0231,0.0238,0.0017,5684,0,0,PASS,0.0674,0.0145,0.0240,0.0211,1935,0,0,
m1932#1932,REACHABLE,37.5000,2.0000,600000.0000,120.0000,15.0000,8.0000,25.0000,0.1000,FAIL,-0.0232,0.1587,0.2312,0.2055,-1,0,0,PASS,0.0665,0.0317,0.0496,0.0939,892,0,0,PASS,0.0665,0.0317,0.0496,0.0939,892,0,0,
m1936#1936,REACHABLE,37.5000,2.0000,600000.0000,120.0000,30.0000,8.0000,10.0000,0.1000,FAIL,0.0775,0.2460,0.4472,0.5301,-1,0,0,PASS,0.0713,0.0321,0.0508,0.1198,1563,0,0,PASS,0.0713,0.0321,0.0508,0.1198,1563,0,0,
m1940#1940,REACHABLE,37.5000,2.0000,600000.0000,120.0000,30.0000,3.0000,25.0000,0.1000,FAIL,0.0630,0.1482,0.2512,0.3206,-1,0,0,PASS,0.0736,0.0319,0.0494,0.0954,1102,0,0,PASS,0.0728,0.0272,0.0503,0.1114,1102,0,0,
m1944#1944,SAFETY_LIMITED,37.5000,2.0000,600000.0000,120.0000,60.0000,3.0000,10.0000,0.1000,FAIL,-0.0154,0.3323,0.5825,0.5756,-1,0,0,PASS,0.0718,0.0330,0.0618,0.1328,2084,0,0,PASS,0.0718,0.0330,0.0618,0.1328,2084,0,0,
m1948#1948,SAFETY_LIMITED,37.5000,2.0000,600000.0000,120.0000,60.0000,30.0000,25.0000,0.1000,FAIL,0.2180,0.1748,0.3349,0.5386,-1,0,0,PASS,0.2656,0.0372,0.0616,0.1462,4805,0,0,FAIL,0.5080,0.0270,0.0416,0.0286,4895,0,0,STARTUP_OVERSHOOT
m1952#1952,SAFETY_LIMITED,37.5000,2.0000,600000.0000,120.0000,120.0000,30.0000,10.0000,0.1000,FAIL,-0.2517,0.6431,0.9469,0.6835,-1,0,0,PASS,0.0356,0.0610,0.1248,0.1457,7416,0,0,PASS,0.0356,0.0610,0.1248,0.1457,7416,0,0,
m1956#1956,SAFETY_LIMITED,37.5000,2.0000,600000.0000,120.0000,120.0000,8.0000,25.0000,0.1000,FAIL,-0.3355,0.5229,0.6578,0.3434,-1,0,0,PASS,0.0290,0.0472,0.1002,0.1271,2136,0,0,PASS,0.0394,0.0462,0.1000,0.1440,5501,0,0,
m1960#1960,REACHABLE,37.5000,2.0000,600000.0000,180.0000,0.0000,8.0000,10.0000,0.1000,FAIL,-0.1998,0.3472,0.4632,0.2709,-1,0,0,PASS,-0.0264,0.0835,0.1352,0.1221,3963,0,0,PASS,-0.0264,0.0835,0.1352,0.1221,3963,0,0,
m1964#1964,REACHABLE,37.5000,2.0000,600000.0000,180.0000,0.0000,3.0000,25.0000,0.1000,FAIL,-0.0355,0.1126,0.1586,0.1272,-1,0,0,PASS,0.0544,0.0223,0.0275,0.0137,1535,0,0,PASS,0.0544,0.0223,0.0275,0.0137,1535,0,0,
m1968#1968,REACHABLE,37.5000,2.0000,600000.0000,180.0000,15.0000,3.0000,10.0000,0.1000,FAIL,-0.0736,0.3296,0.4784,0.3699,-1,0,0,PASS,0.0726,0.0388,0.0496,0.0489,1919,0,0,PASS,0.0726,0.0388,0.0496,0.0489,1919,0,0,
m1972#1972,REACHABLE,37.5000,2.0000,600000.0000,180.0000,15.0000,30.0000,25.0000,0.1000,FAIL,-0.0583,0.2407,0.4030,0.3473,-1,0,0,PASS,-0.0031,0.0472,0.0597,0.0319,2463,0,0,PASS,-0.0011,0.0390,0.0600,0.0386,2238,0,0,
m1976#1976,SAFETY_LIMITED,37.5000,2.0000,600000.0000,180.0000,30.0000,30.0000,10.0000,0.1000,FAIL,-0.0415,0.3652,0.6668,0.6372,-1,0,0,FAIL,-0.0325,0.4697,0.7831,0.5798,-1,0,0,PASS,0.0800,0.0440,0.0478,0.0085,2271,0,0,
m1980#1980,REACHABLE,37.5000,2.0000,600000.0000,180.0000,30.0000,8.0000,25.0000,0.1000,FAIL,0.0439,0.1837,0.3320,0.3786,-1,0,0,PASS,0.0751,0.0205,0.0228,0.0054,1118,0,0,PASS,0.0763,0.0080,0.0094,0.0046,1118,0,0,
m1984#1984,SAFETY_LIMITED,37.5000,2.0000,600000.0000,180.0000,60.0000,8.0000,10.0000,0.1000,FAIL,-1.8295,2.1351,2.4941,0.7227,-1,0,0,PASS,0.0862,0.0401,0.1008,0.1964,2509,0,0,PASS,0.0862,0.0401,0.1008,0.1964,2509,0,0,
m1988#1988,SAFETY_LIMITED,37.5000,2.0000,600000.0000,180.0000,60.0000,3.0000,25.0000,0.1000,FAIL,0.1092,0.2198,0.4232,0.5287,-1,0,0,PASS,0.0744,0.0240,0.0262,0.0062,1418,0,0,PASS,0.0756,0.0114,0.0134,0.0060,1372,0,0,
m1992#1992,SAFETY_LIMITED,37.5000,2.0000,600000.0000,180.0000,120.0000,3.0000,10.0000,0.1000,FAIL,-2.2171,2.7733,3.3299,1.2528,-1,0,0,FAIL,0.0217,0.0879,0.2003,0.2567,-1,0,0,FAIL,0.0217,0.0879,0.2003,0.2567,-1,0,0,SETTLING_TIMEOUT
m1996#1996,SAFETY_LIMITED,37.5000,2.0000,600000.0000,180.0000,120.0000,30.0000,25.0000,0.1000,FAIL,-0.3177,0.5513,0.7253,0.4273,-1,0,0,PASS,0.0239,0.0653,0.1289,0.1636,8563,0,0,FAIL,0.1213,0.2090,0.4212,0.5583,-1,0,0,STEADY_MAE
m2000#2000,REACHABLE,37.5000,2.0000,600000.0000,300.0000,0.0000,30.0000,10.0000,0.1000,FAIL,-0.1126,0.3851,0.6304,0.5363,-1,0,0,PASS,0.0535,0.0220,0.0477,0.1022,3315,0,0,PASS,0.0535,0.0220,0.0477,0.1022,3315,0,0,
m2004#2004,REACHABLE,37.5000,2.0000,600000.0000,300.0000,0.0000,8.0000,25.0000,0.1000,FAIL,-0.1112,0.2501,0.3330,0.2250,-1,0,0,PASS,0.0567,0.0016,0.0032,0.0072,1878,0,0,PASS,0.0567,0.0016,0.0032,0.0072,1878,0,0,
m2008#2008,REACHABLE,37.5000,2.0000,600000.0000,300.0000,15.0000,8.0000,10.0000,0.1000,FAIL,-1.8167,2.0409,2.2426,0.4431,-1,0,0,FAIL,-1.8176,2.0437,2.2436,0.4468,-1,0,0,FAIL,-1.8176,2.0437,2.2436,0.4468,-1,0,0,LEARNER_LOW_CONFIDENCE
m2012#2012,REACHABLE,37.5000,2.0000,600000.0000,300.0000,15.0000,3.0000,25.0000,0.1000,FAIL,-0.1063,0.2591,0.3809,0.2802,-1,0,0,PASS,0.0644,0.0221,0.0501,0.1129,1991,0,0,PASS,0.0644,0.0221,0.0501,0.1129,1991,0,0,
m2016#2016,REACHABLE,37.5000,2.0000,600000.0000,300.0000,30.0000,3.0000,10.0000,0.1000,FAIL,-2.0069,2.3579,2.6884,0.7032,-1,0,0,PASS,-0.0049,0.0929,0.1272,0.1139,3613,0,0,PASS,-0.0049,0.0929,0.1272,0.1139,3613,0,0,
m2020#2020,SAFETY_LIMITED,37.5000,2.0000,600000.0000,300.0000,30.0000,30.0000,25.0000,0.1000,FAIL,0.0621,0.2693,0.5437,0.6173,-1,0,0,FAIL,-0.0228,0.3985,0.5593,0.3833,-1,0,0,PASS,0.0665,0.0288,0.0296,0.0035,1917,0,0,
m2024#2024,SAFETY_LIMITED,37.5000,2.0000,600000.0000,300.0000,60.0000,30.0000,10.0000,0.1000,FAIL,-3.4691,3.8122,4.2394,0.8246,-1,0,0,FAIL,-0.3776,0.6957,1.1078,0.7014,-1,0,0,FAIL,0.0233,0.1127,0.2247,0.2313,-1,0,0,STEADY_MAE
m2028#2028,SAFETY_LIMITED,37.5000,2.0000,600000.0000,300.0000,60.0000,8.0000,25.0000,0.1000,FAIL,-0.1085,0.4572,0.7349,0.6284,-1,0,0,FAIL,-0.0051,0.1143,0.1718,0.1325,-1,0,0,FAIL,-0.0036,0.0857,0.1513,0.1618,-1,0,0,SETTLING_TIMEOUT
m2032#2032,SAFETY_LIMITED,37.5000,2.0000,600000.0000,300.0000,120.0000,8.0000,10.0000,0.1000,FAIL,-4.3424,5.0562,5.8595,1.6508,-1,0,0,FAIL,-0.1030,0.2196,0.3296,0.2436,-1,0,0,FAIL,-0.1030,0.2196,0.3296,0.2436,-1,0,0,STEADY_MAE
m2036#2036,SAFETY_LIMITED,37.5000,2.0000,600000.0000,300.0000,120.0000,3.0000,25.0000,0.1000,FAIL,-0.1957,0.6162,0.9843,0.8159,-1,0,0,PASS,0.0166,0.0561,0.1173,0.1432,5300,0,0,PASS,0.0213,0.0610,0.1150,0.1489,7959,0,0,
m2040#2040,REACHABLE,37.5000,2.0000,1600000.0000,120.0000,0.0000,3.0000,10.0000,0.1000,FAIL,-0.0408,0.1134,0.1518,0.1114,-1,0,0,PASS,-0.0417,0.0883,0.1105,0.0713,4311,0,0,PASS,-0.0417,0.0883,0.1105,0.0713,4311,0,0,
m2044#2044,REACHABLE,37.5000,2.0000,1600000.0000,120.0000,0.0000,30.0000,25.0000,0.1000,PASS,-0.0342,0.0603,0.0803,0.0455,2676,0,0,PASS,-0.0239,0.0464,0.0638,0.0405,1792,0,0,PASS,-0.0229,0.0460,0.0641,0.0420,1792,0,0,
m2048#2048,REACHABLE,37.5000,2.0000,1600000.0000,120.0000,15.0000,30.0000,10.0000,0.1000,FAIL,-0.0915,0.1442,0.1736,0.0730,-1,0,0,PASS,0.0797,0.0389,0.0780,0.1537,4343,0,0,PASS,0.0797,0.0389,0.0780,0.1537,4343,0,0,
m2052#2052,REACHABLE,37.5000,2.0000,1600000.0000,120.0000,15.0000,8.0000,25.0000,0.1000,PASS,-0.0056,0.0624,0.0883,0.0684,2479,0,0,PASS,-0.0185,0.0504,0.0732,0.0546,1476,0,0,PASS,-0.0185,0.0504,0.0732,0.0546,1476,0,0,
m2056#2056,REACHABLE,37.5000,2.0000,1600000.0000,120.0000,30.0000,8.0000,10.0000,0.1000,FAIL,-0.0415,0.1421,0.1826,0.1107,-1,0,0,PASS,-0.0033,0.0527,0.0919,0.0950,3620,0,0,PASS,-0.0033,0.0527,0.0919,0.0950,3620,0,0,
m2060#2060,REACHABLE,37.5000,2.0000,1600000.0000,120.0000,30.0000,3.0000,25.0000,0.1000,PASS,0.0085,0.0584,0.0975,0.1038,2692,0,0,PASS,-0.0172,0.0565,0.0838,0.0651,1758,0,0,PASS,-0.0172,0.0558,0.0836,0.0656,1758,0,0,
m2064#2064,REACHABLE,37.5000,2.0000,1600000.0000,120.0000,60.0000,3.0000,10.0000,0.1000,FAIL,0.0592,0.1971,0.2580,0.1670,-1,0,0,PASS,0.0803,0.0363,0.0592,0.1445,2977,0,0,PASS,0.0803,0.0363,0.0592,0.1445,2977,0,0,
m2068#2068,REACHABLE,37.5000,2.0000,1600000.0000,120.0000,60.0000,30.0000,25.0000,0.1000,FAIL,0.1338,0.0782,0.1418,0.2721,2998,0,0,PASS,0.1308,0.0105,0.0232,0.0367,2597,0,0,PASS,0.1488,0.0369,0.0429,0.0138,2560,0,0,
m2072#2072,REACHABLE,37.5000,2.0000,1600000.0000,120.0000,120.0000,30.0000,10.0000,0.1000,FAIL,-0.0514,0.2877,0.4599,0.3522,-1,0,0,FAIL,-0.4547,0.5308,0.5760,0.1149,-1,0,0,FAIL,-0.0062,0.0877,0.1441,0.1453,-1,0,0,SETTLING_TIMEOUT
m2076#2076,REACHABLE,37.5000,2.0000,1600000.0000,120.0000,120.0000,8.0000,25.0000,0.1000,FAIL,0.2021,0.1849,0.2495,0.1379,-1,0,0,PASS,0.0025,0.0562,0.0930,0.0987,2912,0,0,PASS,0.0035,0.0554,0.0915,0.0981,3175,0,0,
m2080#2080,REACHABLE,37.5000,2.0000,1600000.0000,180.0000,0.0000,8.0000,10.0000,0.1000,FAIL,-0.1349,0.1701,0.1908,0.0568,-1,0,0,FAIL,-0.1353,0.1567,0.1657,0.0257,-1,0,0,FAIL,-0.1353,0.1567,0.1657,0.0257,-1,0,0,LEARNER_LOW_CONFIDENCE
m2084#2084,REACHABLE,37.5000,2.0000,1600000.0000,180.0000,0.0000,3.0000,25.0000,0.1000,FAIL,-0.1226,0.1592,0.1768,0.0551,-1,0,0,PASS,-0.0285,0.0471,0.0658,0.0384,1634,0,0,PASS,-0.0285,0.0807,0.0950,0.0318,1634,0,0,
m2088#2088,REACHABLE,37.5000,2.0000,1600000.0000,180.0000,15.0000,3.0000,10.0000,0.1000,FAIL,-0.0905,0.1956,0.2524,0.1643,-1,0,0,PASS,0.0641,0.0328,0.0555,0.1358,4441,0,0,PASS,0.0641,0.0328,0.0555,0.1358,4441,0,0,
m2092#2092,REACHABLE,37.5000,2.0000,1600000.0000,180.0000,15.0000,30.0000,25.0000,0.1000,PASS,0.0082,0.0838,0.1437,0.1534,2934,0,0,PASS,-0.0228,0.0637,0.0926,0.0697,2039,0,0,PASS,-0.0219,0.0633,0.0921,0.0693,2039,0,0,
m2096#2096,REACHABLE,37.5000,2.0000,1600000.0000,180.0000,30.0000,30.0000,10.0000,0.1000,FAIL,-0.0241,0.2142,0.3032,0.2099,-1,0,0,FAIL,0.1127,0.2695,0.4793,0.6097,-1,0,0,PASS,0.0054,0.0573,0.1036,0.1061,4266,0,0,
m2100#2100,REACHABLE,37.5000,2.0000,1600000.0000,180.0000,30.0000,8.0000,25.0000,0.1000,PASS,0.0274,0.0798,0.1445,0.1733,2990,0,0,PASS,-0.0168,0.0637,0.0989,0.0856,1653,0,0,PASS,-0.0173,0.0629,0.0973,0.0843,1653,0,0,
m2104#2104,REACHABLE,37.5000,2.0000,1600000.0000,180.0000,60.0000,8.0000,10.0000,0.1000,FAIL,-0.1009,0.3130,0.4709,0.3749,-1,0,0,PASS,0.0760,0.0293,0.0497,0.0783,3306,0,0,PASS,0.0760,0.0293,0.0497,0.0783,3306,0,0,
m2108#2108,REACHABLE,37.5000,2.0000,1600000.0000,180.0000,60.0000,3.0000,25.0000,0.1000,FAIL,0.0960,0.1060,0.1795,0.1930,-1,0,0,PASS,0.0008,0.0619,0.1056,0.1075,2081,0,0,PASS,-0.0004,0.0596,0.1035,0.1076,1932,0,0,
m2112#2112,REACHABLE,37.5000,2.0000,1600000.0000,180.0000,120.0000,3.0000,10.0000,0.1000,FAIL,-0.1360,0.3997,0.5926,0.4727,-1,0,0,PASS,0.0825,0.0151,0.0267,0.0273,3681,0,0,PASS,0.0825,0.0151,0.0267,0.0273,3681,0,0,
m2116#2116,REACHABLE,37.5000,2.0000,1600000.0000,180.0000,120.0000,30.0000,25.0000,0.1000,FAIL,0.0666,0.1512,0.2887,0.3544,-1,0,0,PASS,0.0036,0.0723,0.1232,0.1288,4790,0,0,PASS,0.0064,0.0744,0.1275,0.1310,5249,0,0,
m2120#2120,REACHABLE,37.5000,2.0000,1600000.0000,300.0000,0.0000,30.0000,10.0000,0.1000,FAIL,-0.1394,0.2595,0.3625,0.2245,-1,0,0,PASS,-0.0336,0.0476,0.0552,0.0181,5456,0,0,PASS,-0.0336,0.0476,0.0552,0.0181,5456,0,0,
m2124#2124,REACHABLE,37.5000,2.0000,1600000.0000,300.0000,0.0000,8.0000,25.0000,0.1000,FAIL,-0.1397,0.1530,0.1601,0.0194,-1,0,0,PASS,0.0537,0.0109,0.0155,0.0109,2434,0,0,PASS,0.0535,0.0199,0.0409,0.0837,1742,0,0,
m2128#2128,REACHABLE,37.5000,2.0000,1600000.0000,300.0000,15.0000,8.0000,10.0000,0.1000,FAIL,-0.1736,0.3278,0.3573,0.0811,-1,0,0,PASS,-0.0168,0.0917,0.1315,0.1151,5273,0,0,PASS,-0.0168,0.0917,0.1315,0.1151,5273,0,0,
m2132#2132,REACHABLE,37.5000,2.0000,1600000.0000,300.0000,15.0000,3.0000,25.0000,0.1000,FAIL,-0.1043,0.1686,0.2009,0.0977,-1,0,0,PASS,0.0643,0.0226,0.0498,0.1047,1635,0,0,PASS,0.0639,0.0131,0.0171,0.0101,1635,0,0,
m2136#2136,REACHABLE,37.5000,2.0000,1600000.0000,300.0000,30.0000,3.0000,10.0000,0.1000,FAIL,-0.1676,0.3683,0.5340,0.3729,-1,0,0,PASS,0.0694,0.0293,0.0332,0.0115,6202,0,0,PASS,0.0694,0.0293,0.0332,0.0115,6202,0,0,
m2140#2140,REACHABLE,37.5000,2.0000,1600000.0000,300.0000,30.0000,30.0000,25.0000,0.1000,FAIL,-0.0883,0.2226,0.3232,0.2486,-1,0,0,FAIL,-0.0788,0.1431,0.1949,0.1129,-1,0,0,FAIL,-0.0805,0.1453,0.1988,0.1245,-1,0,0,STEADY_MAE
m2144#2144,REACHABLE,37.5000,2.0000,1600000.0000,300.0000,60.0000,30.0000,10.0000,0.1000,FAIL,-0.0552,0.4421,0.7548,0.7063,-1,0,0,PASS,0.0854,0.0313,0.0692,0.1328,7486,0,0,PASS,0.0854,0.0313,0.0692,0.1328,7486,0,0,
m2148#2148,REACHABLE,37.5000,2.0000,1600000.0000,300.0000,60.0000,8.0000,25.0000,0.1000,FAIL,-0.0233,0.2417,0.3822,0.3372,-1,0,0,PASS,0.0728,0.0368,0.0437,0.0162,2309,0,0,PASS,0.0785,0.0221,0.0495,0.0810,2348,0,0,
m2152#2152,REACHABLE,37.5000,2.0000,1600000.0000,300.0000,120.0000,8.0000,10.0000,0.1000,FAIL,-3.4740,3.9599,4.3816,1.0492,-1,0,0,PASS,0.0798,0.0400,0.1157,0.2140,5492,0,0,PASS,0.0801,0.0400,0.1156,0.2143,5487,0,0,
m2156#2156,REACHABLE,37.5000,2.0000,1600000.0000,300.0000,120.0000,3.0000,25.0000,0.1000,FAIL,-0.0777,0.2417,0.3693,0.2895,-1,0,0,PASS,0.0812,0.0384,0.0465,0.0201,3280,0,0,PASS,0.0852,0.0223,0.0619,0.1096,3321,0,0,
m1#1,REACHABLE,30.0000,0.5000,180000.0000,120.0000,0.0000,3.0000,10.0000,0.1000,FAIL,-0.2155,0.3739,0.5620,0.3603,-1,0,0,FAIL,-0.0261,0.1104,0.1282,0.0393,2017,0,0,PASS,-0.0252,0.0908,0.1290,0.1008,2014,0,0,
m5#5,REACHABLE,35.0000,0.5000,180000.0000,120.0000,0.0000,30.0000,25.0000,0.1000,FAIL,-0.0959,0.2676,0.4100,0.3176,-1,0,0,FAIL,-0.0457,0.2616,0.3605,0.2496,-1,0,0,PASS,0.0609,0.0426,0.0493,0.0153,1524,0,0,
m9#9,REACHABLE,30.0000,0.5000,180000.0000,120.0000,15.0000,30.0000,10.0000,0.1000,FAIL,-2.2804,2.6493,2.9523,0.7773,-1,0,0,FAIL,-0.0658,0.2717,0.6944,0.6417,-1,0,0,PASS,0.0661,0.0322,0.0362,0.0113,4809,0,0,
m13#13,REACHABLE,35.0000,0.5000,180000.0000,120.0000,15.0000,8.0000,25.0000,0.1000,FAIL,-0.1535,0.3649,0.5190,0.3678,-1,0,0,PASS,-0.0133,0.0591,0.0598,0.0018,1818,0,0,PASS,-0.0133,0.0591,0.0598,0.0018,1818,0,0,
m17#17,REACHABLE,30.0000,0.5000,180000.0000,120.0000,30.0000,8.0000,10.0000,0.1000,FAIL,-2.4020,2.6904,2.9784,0.6332,-1,0,0,FAIL,-0.0877,2.0055,2.2980,0.8306,-1,0,0,PASS,0.0753,0.0319,0.0707,0.1491,2058,0,0,
m21#21,REACHABLE,35.0000,0.5000,180000.0000,120.0000,30.0000,3.0000,25.0000,0.1000,FAIL,-0.0264,0.3131,0.5083,0.4861,-1,0,0,PASS,0.0705,0.0029,0.0047,0.0040,1099,0,0,PASS,0.0705,0.0029,0.0047,0.0040,1099,0,0,
m25#25,REACHABLE,30.0000,0.5000,180000.0000,120.0000,60.0000,3.0000,10.0000,0.1000,FAIL,-3.2345,3.7246,4.2437,1.0589,-1,0,0,FAIL,0.0815,0.0663,0.1687,0.2763,-1,0,0,FAIL,0.0815,0.0663,0.1687,0.2763,-1,0,0,SETTLING_TIMEOUT
m29#29,SAFETY_LIMITED,35.0000,0.5000,180000.0000,120.0000,60.0000,30.0000,25.0000,0.1000,FAIL,-0.0262,0.3985,0.7615,0.7439,-1,0,0,PASS,0.2272,0.0414,0.0818,0.1731,6304,0,0,PASS,0.2366,0.0493,0.0964,0.1850,7144,0,0,
m33#33,SAFETY_LIMITED,30.0000,0.5000,180000.0000,120.0000,120.0000,30.0000,10.0000,0.1000,FAIL,-5.1248,5.5696,6.1025,0.9976,-1,0,0,FAIL,-0.5014,0.7646,0.7799,0.0336,-1,0,0,FAIL,-0.4799,0.7604,0.7792,0.0343,-1,0,0,STEADY_MAE
m37#37,SAFETY_LIMITED,35.0000,0.5000,180000.0000,120.0000,120.0000,8.0000,25.0000,0.1000,FAIL,-0.3258,0.6518,0.8746,0.4987,-1,0,0,PASS,0.0593,0.0504,0.1158,0.1942,7092,0,0,FAIL,-0.6452,0.6632,0.6811,0.0374,-1,0,0,STEADY_MAE
m41#41,REACHABLE,30.0000,0.5000,180000.0000,180.0000,0.0000,8.0000,10.0000,0.1000,FAIL,-2.6167,3.4054,4.1287,1.6065,-1,0,0,FAIL,-0.0308,0.3525,0.4590,0.2339,-1,0,0,PASS,0.0568,0.0244,0.0461,0.0978,1907,0,0,
m45#45,REACHABLE,35.0000,0.5000,180000.0000,180.0000,0.0000,3.0000,25.0000,0.1000,FAIL,-0.1314,0.2663,0.3738,0.2474,-1,0,0,PASS,0.0551,0.0156,0.0175,0.0058,1960,0,0,PASS,0.0551,0.0156,0.0175,0.0058,1960,0,0,
m49#49,REACHABLE,30.0000,0.5000,180000.0000,180.0000,15.0000,3.0000,10.0000,0.1000,FAIL,-2.7575,3.1105,3.4006,0.6848,-1,0,0,PASS,0.0707,0.0088,0.0164,0.0154,2496,0,0,PASS,0.0700,0.0003,0.0009,0.0013,2361,0,0,
m53#53,REACHABLE,35.0000,0.5000,180000.0000,180.0000,15.0000,30.0000,25.0000,0.1000,FAIL,-0.1170,0.4055,0.6588,0.5438,-1,0,0,FAIL,-0.1942,0.2830,0.3385,0.1439,-1,0,0,PASS,0.0779,0.0342,0.0373,0.0081,2042,0,0,
m57#57,REACHABLE,30.0000,0.5000,180000.0000,180.0000,30.0000,30.0000,10.0000,0.1000,FAIL,-4.3558,4.5933,4.8566,0.5107,-1,0,0,FAIL,-0.7085,0.8150,0.8351,0.0397,-1,0,0,FAIL,-0.7085,0.8150,0.8351,0.0397,-1,0,0,STEADY_MAE
m61#61,REACHABLE,35.0000,0.5000,180000.0000,180.0000,30.0000,8.0000,25.0000,0.1000,FAIL,-1.8005,2.0354,2.2413,0.4577,-1,0,0,FAIL,-0.0192,0.5429,0.8458,0.6604,-1,0,0,PASS,0.0741,0.0284,0.0317,0.0081,1415,0,0,
m65#65,SAFETY_LIMITED,30.0000,0.5000,180000.0000,180.0000,60.0000,8.0000,10.0000,0.1000,FAIL,-4.7658,5.3786,5.9959,1.3127,-1,0,0,FAIL,-0.0004,0.2360,0.4671,0.4724,-1,0,0,FAIL,-0.0064,0.2374,0.4719,0.4884,-1,0,0,STEADY_MAE
m69#69,REACHABLE,35.0000,0.5000,180000.0000,180.0000,60.0000,3.0000,25.0000,0.1000,FAIL,-2.2293,2.5636,2.9205,0.7255,-1,0,0,FAIL,0.0061,0.0882,0.1984,0.2121,-1,0,0,FAIL,0.0028,0.0884,0.1962,0.2166,-1,0,0,SETTLING_TIMEOUT
m73#73,SAFETY_LIMITED,30.0000,0.5000,180000.0000,180.0000,120.0000,3.0000,10.0000,0.1000,FAIL,-6.4363,7.2072,8.1798,1.8206,-1,0,0,FAIL,-0.6383,0.6658,0.6960,0.0635,-1,0,0,FAIL,-0.6122,1.4219,2.1148,1.5288,-1,0,0,STEADY_MAE
m77#77,SAFETY_LIMITED,35.0000,0.5000,180000.0000,180.0000,120.0000,30.0000,25.0000,0.1000,FAIL,-3.0961,3.4315,3.8012,0.6883,-1,0,0,FAIL,-0.7581,1.0418,1.0567,0.0352,-1,0,0,FAIL,0.1033,0.6501,1.2035,1.1542,-1,0,0,STEADY_MAE
m81#81,REACHABLE,30.0000,0.5000,180000.0000,300.0000,0.0000,30.0000,10.0000,0.1000,FAIL,-5.0425,5.2560,5.3963,0.3910,-1,0,0,FAIL,-0.5187,0.8434,1.5814,1.1447,-1,0,0,FAIL,-0.1188,0.1837,0.2414,0.1254,-1,0,0,STEADY_MAE
m85#85,REACHABLE,35.0000,0.5000,180000.0000,300.0000,0.0000,8.0000,25.0000,0.1000,FAIL,-1.9831,2.4210,2.9905,1.0642,-1,0,0,PASS,0.0557,0.0040,0.0086,0.0088,1668,0,0,PASS,0.0557,0.0040,0.0086,0.0088,1668,0,0,
m89#89,REACHABLE,30.0000,0.5000,180000.0000,300.0000,15.0000,8.0000,10.0000,0.1000,FAIL,-5.4277,5.8315,6.2092,0.8138,-1,0,0,FAIL,-0.1155,0.1983,0.2658,0.1550,-1,0,0,FAIL,-0.1125,0.2121,0.2745,0.1496,-1,0,0,STEADY_MAE
m93#93,REACHABLE,35.0000,0.5000,180000.0000,300.0000,15.0000,3.0000,25.0000,0.1000,FAIL,-2.0187,2.2773,2.4961,0.5136,-1,0,0,FAIL,-2.0187,2.2964,2.5135,0.4716,-1,0,0,FAIL,-2.0187,2.2964,2.5135,0.4716,-1,0,0,LEARNER_LOW_CONFIDENCE
m97#97,REACHABLE,30.0000,0.5000,180000.0000,300.0000,30.0000,3.0000,10.0000,0.1000,FAIL,-6.0525,6.6380,7.1864,1.1607,-1,0,0,FAIL,-0.1134,0.2167,0.2918,0.1828,-1,0,0,FAIL,-0.1137,0.2183,0.2917,0.1735,-1,0,0,STEADY_MAE
m101#101,REACHABLE,35.0000,0.5000,180000.0000,300.0000,30.0000,30.0000,25.0000,0.1000,FAIL,-2.9044,3.0637,3.2464,0.3567,-1,0,0,FAIL,-0.8242,0.8458,0.8654,0.0406,-1,0,0,FAIL,-0.8242,0.8458,0.8654,0.0406,-1,0,0,STEADY_MAE
m105#105,SAFETY_LIMITED,30.0000,0.5000,180000.0000,300.0000,60.0000,30.0000,10.0000,0.1000,FAIL,-7.7944,8.3325,8.8635,1.0750,-1,0,0,FAIL,-7.8086,8.4094,8.8199,0.8682,-1,0,0,FAIL,-7.8086,8.4094,8.8199,0.8682,-1,0,0,LEARNER_LOW_CONFIDENCE
m109#109,SAFETY_LIMITED,35.0000,0.5000,180000.0000,300.0000,60.0000,8.0000,25.0000,0.1000,FAIL,-3.2982,3.7358,4.2278,0.9449,-1,0,0,FAIL,-3.2982,3.7562,4.2225,0.9285,-1,0,0,FAIL,-1.2412,1.2588,1.2748,0.0333,-1,0,0,STEADY_MAE
m113#113,SAFETY_LIMITED,30.0000,0.5000,180000.0000,300.0000,120.0000,8.0000,10.0000,0.1000,FAIL,-8.8992,9.9876,11.1707,2.3484,-1,0,0,FAIL,-1.5974,1.6257,1.6260,0.0010,-1,0,0,FAIL,-1.5182,1.5346,1.5492,0.0321,-1,0,0,STEADY_MAE
m117#117,SAFETY_LIMITED,35.0000,0.5000,180000.0000,300.0000,120.0000,3.0000,25.0000,0.1000,FAIL,-3.9894,4.6728,5.3475,1.4057,-1,0,0,FAIL,-1.1278,1.1465,1.1597,0.0335,-1,0,0,FAIL,-1.0293,1.0455,1.0601,0.0331,-1,0,0,STEADY_MAE
m121#121,REACHABLE,30.0000,0.5000,600000.0000,120.0000,0.0000,3.0000,10.0000,0.1000,FAIL,-0.1391,0.2443,0.3153,0.1784,-1,0,0,PASS,0.0503,0.0372,0.0481,0.0209,5512,0,0,PASS,0.0503,0.0372,0.0481,0.0209,5512,0,0,
m125#125,REACHABLE,35.0000,0.5000,600000.0000,120.0000,0.0000,30.0000,25.0000,0.1000,FAIL,-0.2102,0.2502,0.2787,0.0694,-1,0,0,FAIL,-0.1056,0.1344,0.1501,0.0463,-1,0,0,FAIL,-0.1060,0.1344,0.1504,0.0452,-1,0,0,STEADY_MAE
m129#129,REACHABLE,30.0000,0.5000,600000.0000,120.0000,15.0000,30.0000,10.0000,0.1000,FAIL,-0.1749,0.2589,0.3149,0.1370,-1,0,0,FAIL,-0.0215,0.3014,0.4720,0.4575,-1,0,0,PASS,0.0601,0.0406,0.0497,0.0246,7480,0,0,
m133#133,REACHABLE,35.0000,0.5000,600000.0000,120.0000,15.0000,8.0000,25.0000,0.1000,FAIL,-0.1073,0.1749,0.2122,0.1060,-1,0,0,PASS,0.0609,0.0399,0.0469,0.0161,3318,0,0,PASS,0.0601,0.0320,0.0726,0.1399,2224,0,0,
m137#137,REACHABLE,30.0000,0.5000,600000.0000,120.0000,30.0000,8.0000,10.0000,0.1000,FAIL,-0.1638,0.3503,0.4573,0.2797,-1,0,0,PASS,0.0659,0.0346,0.0365,0.0076,3704,0,0,PASS,0.0664,0.0275,0.0336,0.0131,3704,0,0,
m141#141,REACHABLE,35.0000,0.5000,600000.0000,120.0000,30.0000,3.0000,25.0000,0.1000,FAIL,-0.0775,0.1663,0.2139,0.1368,-1,0,0,PASS,-0.0143,0.0540,0.0860,0.0727,1982,0,0,PASS,-0.0153,0.0530,0.0855,0.0739,1982,0,0,
m145#145,REACHABLE,30.0000,0.5000,600000.0000,120.0000,60.0000,3.0000,10.0000,0.1000,FAIL,-0.1824,1.2573,1.9949,1.9326,-1,0,0,PASS,0.0689,0.0283,0.0353,0.0276,3680,0,0,PASS,0.0689,0.0283,0.0353,0.0276,3680,0,0,
m149#149,REACHABLE,35.0000,0.5000,600000.0000,120.0000,60.0000,30.0000,25.0000,0.1000,FAIL,-0.1162,0.2103,0.2904,0.1748,-1,0,0,PASS,0.2008,0.0725,0.1241,0.1316,4279,0,0,PASS,0.0032,0.0618,0.1102,0.1178,3260,0,0,
m153#153,REACHABLE,30.0000,0.5000,600000.0000,120.0000,120.0000,30.0000,10.0000,0.1000,FAIL,-0.2756,0.5761,0.9092,0.8023,-1,0,0,FAIL,-0.4570,0.9883,1.3289,0.8422,-1,0,0,FAIL,-0.7329,0.7531,0.7734,0.0409,-1,0,0,STEADY_MAE
m157#157,REACHABLE,35.0000,0.5000,600000.0000,120.0000,120.0000,8.0000,25.0000,0.1000,FAIL,0.0112,0.2452,0.3722,0.2730,-1,0,0,PASS,0.0294,0.0471,0.0977,0.1368,8722,0,0,PASS,0.0823,0.0258,0.0304,0.0107,4315,0,0,
m161#161,REACHABLE,30.0000,0.5000,600000.0000,180.0000,0.0000,8.0000,10.0000,0.1000,FAIL,-0.2339,0.2863,0.3161,0.0833,-1,0,0,PASS,-0.0437,0.0499,0.0550,0.0126,6410,0,0,PASS,-0.0437,0.0499,0.0550,0.0126,6410,0,0,
m165#165,REACHABLE,35.0000,0.5000,600000.0000,180.0000,0.0000,3.0000,25.0000,0.1000,FAIL,-0.1377,0.2064,0.2414,0.1056,-1,0,0,PASS,0.0533,0.0350,0.0479,0.1011,1998,0,0,PASS,0.0533,0.0350,0.0479,0.1011,1998,0,0,
m169#169,REACHABLE,30.0000,0.5000,600000.0000,180.0000,15.0000,3.0000,10.0000,0.1000,FAIL,-0.2807,0.4379,0.6422,0.5086,-1,0,0,PASS,-0.0206,0.0768,0.0845,0.0187,5438,0,0,PASS,-0.0214,0.0753,0.0834,0.0197,4969,0,0,
m173#173,REACHABLE,35.0000,0.5000,600000.0000,180.0000,15.0000,30.0000,25.0000,0.1000,FAIL,-0.0960,0.2125,0.2970,0.2033,-1,0,0,FAIL,-0.1393,0.3096,0.3852,0.1759,-1,0,0,PASS,-0.0140,0.0454,0.0776,0.0685,8437,0,0,
m177#177,REACHABLE,30.0000,0.5000,600000.0000,180.0000,30.0000,30.0000,10.0000,0.1000,FAIL,-0.2719,0.5193,0.7146,0.4381,-1,0,0,FAIL,-0.1007,0.4360,0.7659,0.6718,-1,0,0,FAIL,-0.0112,0.0930,0.3764,0.3761,-1,0,0,SETTLING_TIMEOUT
m181#181,REACHABLE,35.0000,0.5000,600000.0000,180.0000,30.0000,8.0000,25.0000,0.1000,FAIL,-0.2339,0.3291,0.3801,0.1406,-1,0,0,PASS,-0.0151,0.0690,0.0726,0.0085,5007,0,0,PASS,-0.0146,0.0657,0.0665,0.0033,5796,0,0,
m185#185,REACHABLE,30.0000,0.5000,600000.0000,180.0000,60.0000,8.0000,10.0000,0.1000,FAIL,-4.5110,4.9028,5.2002,0.8000,-1,0,0,PASS,0.0134,0.0446,0.0959,0.1229,5993,0,0,PASS,0.0138,0.0437,0.0927,0.1208,4731,0,0,
m189#189,REACHABLE,35.0000,0.5000,600000.0000,180.0000,60.0000,3.0000,25.0000,0.1000,FAIL,-0.0988,0.3708,0.4845,0.2917,-1,0,0,PASS,0.0694,0.0347,0.0378,0.0080,5222,0,0,PASS,0.0717,0.0369,0.0395,0.0071,3271,0,0,
m193#193,REACHABLE,30.0000,0.5000,600000.0000,180.0000,120.0000,3.0000,10.0000,0.1000,FAIL,-5.6376,6.0560,6.4552,0.9496,-1,0,0,PASS,0.0282,0.0432,0.0932,0.1310,7700,0,0,PASS,0.0305,0.0383,0.0775,0.1156,5880,0,0,
m197#197,REACHABLE,35.0000,0.5000,600000.0000,180.0000,120.0000,30.0000,25.0000,0.1000,FAIL,-0.1903,0.3558,0.5110,0.3254,-1,0,0,FAIL,-0.7225,0.7398,0.7596,0.0379,-1,0,0,PASS,0.0333,0.0406,0.0787,0.1170,6395,0,0,
m201#201,REACHABLE,30.0000,0.5000,600000.0000,300.0000,0.0000,30.0000,10.0000,0.1000,FAIL,-0.3319,0.4207,0.4927,0.1610,-1,0,0,FAIL,-0.3425,0.4239,0.5845,0.2547,-1,0,0,FAIL,-0.3425,0.4239,0.5845,0.2547,-1,0,0,LEARNER_LOW_CONFIDENCE
m205#205,REACHABLE,35.0000,0.5000,600000.0000,300.0000,0.0000,8.0000,25.0000,0.1000,FAIL,-0.2329,0.2598,0.2731,0.0350,-1,0,0,PASS,0.0534,0.0425,0.0428,0.0008,2411,0,0,PASS,0.0536,0.0448,0.0453,0.0012,2411,0,0,
m209#209,REACHABLE,30.0000,0.5000,600000.0000,300.0000,15.0000,8.0000,10.0000,0.1000,FAIL,-1.5157,2.4260,3.2660,1.9056,-1,0,0,FAIL,-0.4486,0.8040,0.8999,0.2294,-1,0,0,FAIL,-0.1357,0.1748,0.2279,0.1177,-1,0,0,STEADY_MAE
m213#213,REACHABLE,35.0000,0.5000,600000.0000,300.0000,15.0000,3.0000,25.0000,0.1000,FAIL,-0.1984,0.2806,0.3237,0.1275,-1,0,0,PASS,0.0579,0.0252,0.0299,0.0103,5327,0,0,PASS,0.0578,0.0240,0.0267,0.0059,2417,0,0,
m217#217,REACHABLE,30.0000,0.5000,600000.0000,300.0000,30.0000,3.0000,10.0000,0.1000,FAIL,-4.6575,5.1265,5.4479,0.8855,-1,0,0,FAIL,-0.1324,0.2803,0.3978,0.2999,-1,0,0,FAIL,-0.1329,0.1985,0.3242,0.2098,-1,0,0,STEADY_MAE
m221#221,REACHABLE,35.0000,0.5000,600000.0000,300.0000,30.0000,30.0000,25.0000,0.1000,FAIL,-0.2593,0.3255,0.3651,0.1047,-1,0,0,FAIL,-0.1047,0.4466,0.8572,0.7750,-1,0,0,FAIL,-0.0042,0.3179,0.6625,0.6744,-1,0,0,STEADY_MAE
m225#225,REACHABLE,30.0000,0.5000,600000.0000,300.0000,60.0000,30.0000,10.0000,0.1000,FAIL,-6.4241,7.0412,7.5568,1.2485,-1,0,0,FAIL,-0.6140,2.5863,3.5344,2.1737,-1,0,0,FAIL,-0.2112,0.3253,0.4256,0.2221,-1,0,0,STEADY_MAE
m229#229,REACHABLE,35.0000,0.5000,600000.0000,300.0000,60.0000,8.0000,25.0000,0.1000,FAIL,-0.2536,0.4962,0.6872,0.4453,-1,0,0,FAIL,-0.1134,0.5324,0.8362,0.7332,-1,0,0,PASS,0.0686,0.0277,0.0635,0.1422,4033,0,0,
m233#233,REACHABLE,30.0000,0.5000,600000.0000,300.0000,120.0000,8.0000,10.0000,0.1000,FAIL,-9.8376,10.1339,10.4664,0.6493,-1,0,0,FAIL,-8.2394,8.8899,9.3751,1.2626,-1,0,0,FAIL,-0.6469,0.6755,0.7076,0.0640,-1,0,0,STEADY_MAE
m237#237,REACHABLE,35.0000,0.5000,600000.0000,300.0000,120.0000,3.0000,25.0000,0.1000,FAIL,-1.4782,2.0333,2.4147,0.9794,-1,0,0,FAIL,-0.5959,1.1040,1.4132,0.7241,-1,0,0,FAIL,0.0011,0.0952,0.1851,0.1995,-1,0,0,SETTLING_TIMEOUT
m241#241,REACHABLE,30.0000,0.5000,1600000.0000,120.0000,0.0000,3.0000,10.0000,0.1000,FAIL,-0.1445,0.2113,0.2437,0.1002,-1,0,0,PASS,-0.0484,0.0546,0.0577,0.0101,8003,0,0,PASS,-0.0484,0.0546,0.0577,0.0101,8003,0,0,
m245#245,REACHABLE,35.0000,0.5000,1600000.0000,120.0000,0.0000,30.0000,25.0000,0.1000,FAIL,-0.1331,0.1590,0.1705,0.0280,-1,0,0,PASS,0.0517,0.0361,0.0522,0.1109,3789,0,0,PASS,0.0515,0.0142,0.0244,0.0237,3789,0,0,
m249#249,REACHABLE,30.0000,0.5000,1600000.0000,120.0000,15.0000,30.0000,10.0000,0.1000,FAIL,-0.2076,0.2614,0.2943,0.0776,-1,0,0,PASS,0.0577,0.0376,0.0491,0.0259,7964,0,0,PASS,0.0577,0.0376,0.0491,0.0259,7964,0,0,
m253#253,REACHABLE,35.0000,0.5000,1600000.0000,120.0000,15.0000,8.0000,25.0000,0.1000,FAIL,-0.1238,0.1603,0.1747,0.0407,-1,0,0,PASS,0.0554,0.0399,0.0425,0.0058,3613,0,0,PASS,0.0550,0.0054,0.0121,0.0158,3613,0,0,
m257#257,REACHABLE,30.0000,0.5000,1600000.0000,120.0000,30.0000,8.0000,10.0000,0.1000,FAIL,-0.1943,0.2642,0.3018,0.1025,-1,0,0,PASS,0.0606,0.0234,0.0415,0.0762,8030,0,0,PASS,0.0606,0.0234,0.0415,0.0762,8030,0,0,
m261#261,REACHABLE,35.0000,0.5000,1600000.0000,120.0000,30.0000,3.0000,25.0000,0.1000,FAIL,-0.1072,0.1558,0.1738,0.0510,-1,0,0,FAIL,0.0697,0.0728,0.1883,0.2633,-1,0,0,FAIL,0.0705,0.0731,0.1883,0.2641,-1,0,0,SETTLING_TIMEOUT
m265#265,REACHABLE,30.0000,0.5000,1600000.0000,120.0000,60.0000,3.0000,10.0000,0.1000,FAIL,-0.1373,0.2561,0.3258,0.1910,-1,0,0,PASS,0.0706,0.0260,0.0403,0.0324,7911,0,0,PASS,0.0706,0.0260,0.0403,0.0324,7911,0,0,
m269#269,REACHABLE,35.0000,0.5000,1600000.0000,120.0000,60.0000,30.0000,25.0000,0.1000,FAIL,0.0036,0.1097,0.1679,0.1734,-1,0,0,PASS,-0.0208,0.0703,0.0936,0.0682,7005,0,0,PASS,-0.0232,0.0670,0.0906,0.0639,6205,0,0,
m273#273,REACHABLE,30.0000,0.5000,1600000.0000,120.0000,120.0000,30.0000,10.0000,0.1000,FAIL,-0.0814,0.2779,0.4059,0.4148,-1,0,0,FAIL,-0.3203,0.6417,0.7454,0.4163,-1,0,0,FAIL,-0.2064,0.2986,0.4078,0.2037,-1,0,0,STEADY_MAE
m277#277,REACHABLE,35.0000,0.5000,1600000.0000,120.0000,120.0000,8.0000,25.0000,0.1000,FAIL,0.0268,0.1055,0.1975,0.2270,-1,0,0,PASS,-0.0094,0.0686,0.0925,0.0699,6416,0,0,PASS,-0.0058,0.0662,0.0947,0.0755,8039,0,0,
m281#281,REACHABLE,30.0000,0.5000,1600000.0000,180.0000,0.0000,8.0000,10.0000,0.1000,FAIL,-0.3207,0.3675,0.3935,0.0739,-1,0,0,FAIL,-0.2271,0.2351,0.2426,0.0162,-1,0,0,FAIL,-0.2271,0.2351,0.2426,0.0162,-1,0,0,LEARNER_LOW_CONFIDENCE
m285#285,REACHABLE,35.0000,0.5000,1600000.0000,180.0000,0.0000,3.0000,25.0000,0.1000,FAIL,-0.1449,0.1777,0.1943,0.0496,-1,0,0,PASS,0.0509,0.0325,0.0356,0.0067,3759,0,0,PASS,0.0513,0.0309,0.0341,0.0073,3759,0,0,
m289#289,REACHABLE,30.0000,0.5000,1600000.0000,180.0000,15.0000,3.0000,10.0000,0.1000,FAIL,-0.2262,0.3489,0.3555,0.0190,-1,0,0,PASS,-0.0410,0.0528,0.0848,0.0707,8747,0,0,PASS,-0.0410,0.0528,0.0848,0.0707,8747,0,0,
m293#293,REACHABLE,35.0000,0.5000,1600000.0000,180.0000,15.0000,30.0000,25.0000,0.1000,FAIL,-0.1926,0.2496,0.2855,0.0856,-1,0,0,FAIL,-0.0408,0.1637,0.2821,0.2475,-1,0,0,FAIL,-0.0246,0.0684,0.1398,0.1385,-1,0,0,SETTLING_TIMEOUT
m297#297,REACHABLE,30.0000,0.5000,1600000.0000,180.0000,30.0000,30.0000,10.0000,0.1000,FAIL,-0.2699,0.3530,0.4037,0.1246,-1,0,0,PASS,-0.0320,0.0571,0.0785,0.0496,8634,0,0,PASS,-0.0320,0.0571,0.0785,0.0496,8634,0,0,
m301#301,REACHABLE,35.0000,0.5000,1600000.0000,180.0000,30.0000,8.0000,25.0000,0.1000,FAIL,-0.1962,0.2515,0.2715,0.0564,-1,0,0,FAIL,-0.0302,0.1026,0.2252,0.2008,-1,0,0,FAIL,-0.0275,0.0908,0.2263,0.2008,-1,0,0,SETTLING_TIMEOUT
m305#305,REACHABLE,30.0000,0.5000,1600000.0000,180.0000,60.0000,8.0000,10.0000,0.1000,FAIL,-0.3127,0.5858,1.1485,1.0163,-1,0,0,PASS,-0.0308,0.0899,0.1352,0.1130,8781,0,0,PASS,-0.0230,0.0803,0.1305,0.1159,8525,0,0,
m309#309,REACHABLE,35.0000,0.5000,1600000.0000,180.0000,60.0000,3.0000,25.0000,0.1000,FAIL,-0.0635,0.2051,0.2656,0.2131,-1,0,0,PASS,-0.0182,0.0825,0.1195,0.1018,5178,0,0,FAIL,-0.0172,0.1933,0.3285,0.3118,-1,0,0,STEADY_MAE
m313#313,REACHABLE,30.0000,0.5000,1600000.0000,180.0000,120.0000,3.0000,10.0000,0.1000,FAIL,-0.3925,0.7084,1.3662,1.1445,-1,0,0,FAIL,-0.0195,0.1090,0.1661,0.1546,-1,0,0,FAIL,-0.0165,0.0950,0.1456,0.1410,-1,0,0,SETTLING_TIMEOUT
m317#317,REACHABLE,35.0000,0.5000,1600000.0000,180.0000,120.0000,30.0000,25.0000,0.1000,FAIL,-0.0141,0.1881,0.3049,0.2910,-1,0,0,FAIL,0.3423,0.4729,0.5351,0.1680,-1,0,0,PASS,-0.0119,0.0823,0.1206,0.1017,7334,0,0,
m321#321,HEAT_LIMITED,30.0000,0.5000,1600000.0000,300.0000,0.0000,30.0000,10.0000,0.1000,FAIL,-0.4334,0.5441,0.9890,0.6820,-1,0,0,FAIL,-1.5631,2.0978,2.6277,1.1303,-1,0,0,FAIL,-1.5631,2.0978,2.6277,1.1303,-1,0,0,PHYSICAL_POWER_LIMIT
m325#325,REACHABLE,35.0000,0.5000,1600000.0000,300.0000,0.0000,8.0000,25.0000,0.1000,FAIL,-0.2399,0.2593,0.2679,0.0238,-1,0,0,PASS,0.0516,0.0409,0.0450,0.0093,5447,0,0,PASS,0.0521,0.0456,0.0461,0.0009,5245,0,0,
m329#329,HEAT_LIMITED,30.0000,0.5000,1600000.0000,300.0000,15.0000,8.0000,10.0000,0.1000,FAIL,-0.4204,0.5440,0.9714,0.6776,-1,0,0,FAIL,-1.5563,2.0902,2.6193,1.1284,-1,0,0,FAIL,-1.5563,2.0902,2.6193,1.1284,-1,0,0,PHYSICAL_POWER_LIMIT
m333#333,REACHABLE,35.0000,0.5000,1600000.0000,300.0000,15.0000,3.0000,25.0000,0.1000,FAIL,-0.2227,0.2791,0.3104,0.0887,-1,0,0,PASS,0.0549,0.0238,0.0270,0.0071,6123,0,0,PASS,0.0548,0.0083,0.0187,0.0243,5324,0,0,
m337#337,HEAT_LIMITED,30.0000,0.5000,1600000.0000,300.0000,30.0000,3.0000,10.0000,0.1000,FAIL,-0.4826,0.6413,1.0319,0.6758,-1,0,0,FAIL,-1.5775,2.1138,2.6464,1.1336,-1,0,0,FAIL,-1.5775,2.1138,2.6464,1.1336,-1,0,0,PHYSICAL_POWER_LIMIT
m341#341,REACHABLE,35.0000,0.5000,1600000.0000,300.0000,30.0000,30.0000,25.0000,0.1000,FAIL,-0.2838,0.3476,0.3938,0.1119,-1,0,0,FAIL,-0.0639,0.3079,0.4038,0.3421,-1,0,0,FAIL,-0.0303,0.1194,0.3778,0.3575,-1,0,0,STEADY_MAE
m345#345,HEAT_LIMITED,30.0000,0.5000,1600000.0000,300.0000,60.0000,30.0000,10.0000,0.1000,FAIL,-0.4592,1.0966,2.1009,1.7870,-1,0,0,FAIL,-1.8628,2.4316,3.0119,1.2207,-1,0,0,FAIL,-1.8628,2.4316,3.0119,1.2207,-1,0,0,PHYSICAL_POWER_LIMIT
m349#349,REACHABLE,35.0000,0.5000,1600000.0000,300.0000,60.0000,8.0000,25.0000,0.1000,FAIL,-0.4179,0.5174,0.5846,0.1649,-1,0,0,FAIL,-0.1061,0.1549,0.1947,0.0924,-1,0,0,FAIL,-0.0999,0.2238,0.5706,0.4772,-1,0,0,STEADY_MAE
m353#353,HEAT_LIMITED,30.0000,0.5000,1600000.0000,300.0000,120.0000,8.0000,10.0000,0.1000,FAIL,-0.7226,1.5612,2.7402,2.1696,-1,0,0,FAIL,-2.1437,2.7839,3.4199,1.3550,-1,0,0,FAIL,-1.7586,2.3141,2.8745,1.1849,-1,0,0,PHYSICAL_POWER_LIMIT
m357#357,REACHABLE,35.0000,0.5000,1600000.0000,300.0000,120.0000,3.0000,25.0000,0.1000,FAIL,-0.2375,0.4016,0.5148,0.2804,-1,0,0,FAIL,-0.2915,0.7363,0.8446,0.2609,-1,0,0,PASS,-0.0064,0.0665,0.1186,0.1170,7146,0,0,
m361#361,REACHABLE,30.0000,0.7000,180000.0000,120.0000,0.0000,3.0000,10.0000,0.1000,FAIL,-0.1290,0.2552,0.3916,0.2905,-1,0,0,PASS,0.0596,0.0313,0.0473,0.1014,1316,0,0,PASS,0.0596,0.0313,0.0473,0.1014,1316,0,0,
m365#365,REACHABLE,35.0000,0.7000,180000.0000,120.0000,0.0000,30.0000,25.0000,0.1000,FAIL,-0.0329,0.2319,0.3633,0.2931,-1,0,0,PASS,0.0606,0.0276,0.0301,0.0069,1305,0,0,PASS,0.0595,0.0326,0.0329,0.0011,1305,0,0,
m369#369,REACHABLE,30.0000,0.7000,180000.0000,120.0000,15.0000,30.0000,10.0000,0.1000,FAIL,-1.8939,2.0380,2.1850,0.3002,-1,0,0,FAIL,-0.5425,0.7425,0.7593,0.0331,-1,0,0,FAIL,-0.5425,0.7425,0.7593,0.0331,-1,0,0,STEADY_MAE
m373#373,REACHABLE,35.0000,0.7000,180000.0000,120.0000,15.0000,8.0000,25.0000,0.1000,FAIL,-0.0387,0.2507,0.3963,0.3420,-1,0,0,PASS,0.0582,0.0296,0.0514,0.1167,1795,0,0,PASS,0.0582,0.0296,0.0514,0.1167,1795,0,0,
m377#377,REACHABLE,30.0000,0.7000,180000.0000,120.0000,30.0000,8.0000,10.0000,0.1000,FAIL,-1.7368,2.0563,2.3288,0.6063,-1,0,0,PASS,0.0858,0.0087,0.0133,0.0104,1780,0,0,PASS,0.0858,0.0087,0.0133,0.0104,1780,0,0,
m381#381,REACHABLE,35.0000,0.7000,180000.0000,120.0000,30.0000,3.0000,25.0000,0.1000,FAIL,-0.0065,0.2843,0.4679,0.4440,-1,0,0,PASS,0.0952,0.0249,0.0492,0.1154,4498,0,0,PASS,0.0952,0.0249,0.0492,0.1154,4498,0,0,
m385#385,SAFETY_LIMITED,30.0000,0.7000,180000.0000,120.0000,60.0000,3.0000,10.0000,0.1000,FAIL,-2.1624,2.6492,3.2073,1.0949,-1,0,0,PASS,0.0821,0.0431,0.0911,0.1202,6281,0,0,PASS,0.0821,0.0431,0.0911,0.1202,6281,0,0,
m389#389,SAFETY_LIMITED,35.0000,0.7000,180000.0000,120.0000,60.0000,30.0000,25.0000,0.1000,FAIL,0.0232,0.3829,0.7176,0.7441,-1,0,0,FAIL,0.2860,0.0463,0.1314,0.2136,-1,0,0,FAIL,0.1857,0.1039,0.2166,0.2944,-1,0,0,STEADY_MAE
m393#393,SAFETY_LIMITED,30.0000,0.7000,180000.0000,120.0000,120.0000,30.0000,10.0000,0.1000,FAIL,-3.6776,4.2105,4.8237,1.1523,-1,0,0,FAIL,-0.1049,0.8580,1.3825,1.1161,-1,0,0,FAIL,-0.5830,0.6735,0.7575,0.1371,-1,0,0,STEADY_MAE
m397#397,SAFETY_LIMITED,35.0000,0.7000,180000.0000,120.0000,120.0000,8.0000,25.0000,0.1000,FAIL,-0.9607,1.4734,1.8567,1.0026,-1,0,0,FAIL,-0.6301,0.6703,0.7000,0.0728,-1,0,0,FAIL,0.0543,0.1024,0.2147,0.2931,-1,0,0,STEADY_MAE
m401#401,REACHABLE,30.0000,0.7000,180000.0000,180.0000,0.0000,8.0000,10.0000,0.1000,FAIL,-1.8628,2.4595,3.2165,1.4687,-1,0,0,PASS,0.0582,0.0191,0.0210,0.0057,1445,0,0,PASS,0.0582,0.0191,0.0210,0.0057,1445,0,0,
m405#405,REACHABLE,35.0000,0.7000,180000.0000,180.0000,0.0000,3.0000,25.0000,0.1000,FAIL,-0.2038,0.3462,0.4595,0.2692,-1,0,0,PASS,-0.0277,0.0701,0.0720,0.0054,1709,0,0,PASS,-0.0277,0.0701,0.0720,0.0054,1709,0,0,
m409#409,REACHABLE,30.0000,0.7000,180000.0000,180.0000,15.0000,3.0000,10.0000,0.1000,FAIL,-1.8094,2.1336,2.4210,0.6152,-1,0,0,PASS,0.0752,0.0028,0.0098,0.0162,1187,0,0,PASS,0.0752,0.0028,0.0098,0.0162,1187,0,0,
m413#413,REACHABLE,35.0000,0.7000,180000.0000,180.0000,15.0000,30.0000,25.0000,0.1000,FAIL,-0.0793,0.3614,0.5894,0.5193,-1,0,0,FAIL,-0.0356,0.3504,0.6920,0.6052,-1,0,0,PASS,0.0753,0.0324,0.0343,0.0059,1688,0,0,
m417#417,SAFETY_LIMITED,30.0000,0.7000,180000.0000,180.0000,30.0000,30.0000,10.0000,0.1000,FAIL,-2.9218,3.2175,3.5081,0.6042,-1,0,0,FAIL,-0.7046,0.7414,0.7621,0.0420,-1,0,0,FAIL,-0.7046,0.7414,0.7621,0.0420,-1,0,0,STEADY_MAE
m421#421,REACHABLE,35.0000,0.7000,180000.0000,180.0000,30.0000,8.0000,25.0000,0.1000,FAIL,-0.1453,0.4286,0.6588,0.5185,-1,0,0,PASS,0.0552,0.0302,0.0329,0.0100,1508,0,0,PASS,0.0552,0.0302,0.0329,0.0100,1508,0,0,
m425#425,SAFETY_LIMITED,30.0000,0.7000,180000.0000,180.0000,60.0000,8.0000,10.0000,0.1000,FAIL,-3.2761,3.9333,4.6483,1.4386,-1,0,0,FAIL,0.0202,0.8219,1.2544,1.0838,-1,0,0,FAIL,0.0202,0.8219,1.2544,1.0838,-1,0,0,STEADY_MAE
m429#429,SAFETY_LIMITED,35.0000,0.7000,180000.0000,180.0000,60.0000,3.0000,25.0000,0.1000,FAIL,-1.5765,1.9753,2.3067,0.7466,-1,0,0,PASS,0.0814,0.0436,0.1184,0.2175,1886,0,0,PASS,0.0853,0.0458,0.1212,0.2209,1909,0,0,
m433#433,SAFETY_LIMITED,30.0000,0.7000,180000.0000,180.0000,120.0000,3.0000,10.0000,0.1000,FAIL,-4.4961,5.4341,6.5855,2.2482,-1,0,0,FAIL,-0.6058,1.4422,2.3494,1.7633,-1,0,0,FAIL,-0.6957,1.5002,2.3371,1.6468,-1,0,0,STEADY_MAE
m437#437,SAFETY_LIMITED,35.0000,0.7000,180000.0000,180.0000,120.0000,30.0000,25.0000,0.1000,FAIL,-2.1649,2.6086,3.0510,0.9046,-1,0,0,FAIL,-0.0424,0.6861,1.2010,1.1227,-1,0,0,FAIL,0.0428,0.5997,1.0707,1.0498,-1,0,0,STEADY_MAE
m441#441,REACHABLE,30.0000,0.7000,180000.0000,300.0000,0.0000,30.0000,10.0000,0.1000,FAIL,-3.3174,3.4666,3.6009,0.3133,-1,0,0,FAIL,-0.6091,0.6459,0.6529,0.0146,-1,0,0,FAIL,-0.6091,0.6459,0.6529,0.0146,-1,0,0,STEADY_MAE
m445#445,REACHABLE,35.0000,0.7000,180000.0000,300.0000,0.0000,8.0000,25.0000,0.1000,FAIL,-0.1203,0.3187,0.5394,0.4454,-1,0,0,PASS,0.0522,0.0178,0.0465,0.0561,2571,0,0,PASS,0.0522,0.0178,0.0465,0.0561,2571,0,0,
m449#449,REACHABLE,30.0000,0.7000,180000.0000,300.0000,15.0000,8.0000,10.0000,0.1000,FAIL,-3.4126,3.8310,4.2373,0.8409,-1,0,0,PASS,-0.0015,0.0553,0.0712,0.0302,8245,0,0,PASS,0.0026,0.0681,0.0751,0.0144,8087,0,0,
m453#453,REACHABLE,35.0000,0.7000,180000.0000,300.0000,15.0000,3.0000,25.0000,0.1000,FAIL,-1.5947,1.8929,2.0901,0.5023,-1,0,0,FAIL,-1.5947,1.8929,2.0901,0.5023,-1,0,0,FAIL,-1.5947,1.8929,2.0901,0.5023,-1,0,0,LEARNER_LOW_CONFIDENCE
m457#457,REACHABLE,30.0000,0.7000,180000.0000,300.0000,30.0000,3.0000,10.0000,0.1000,FAIL,-3.6755,4.3459,4.9795,1.3210,-1,0,0,PASS,0.0828,0.0233,0.0288,0.0116,5056,0,0,FAIL,0.0902,0.0587,0.1819,0.3352,-1,0,0,SETTLING_TIMEOUT
m461#461,SAFETY_LIMITED,35.0000,0.7000,180000.0000,300.0000,30.0000,30.0000,25.0000,0.1000,FAIL,-2.2548,2.4498,2.6642,0.4120,-1,0,0,FAIL,-0.1091,0.4436,0.5029,0.1417,-1,0,0,FAIL,0.0023,0.1387,0.2838,0.3218,-1,0,0,STEADY_MAE
m465#465,SAFETY_LIMITED,30.0000,0.7000,180000.0000,300.0000,60.0000,30.0000,10.0000,0.1000,FAIL,-5.8531,6.4935,7.1769,1.4144,-1,0,0,FAIL,-5.8997,6.7024,7.3257,1.2633,-1,0,0,FAIL,-5.8997,6.7024,7.3257,1.2633,-1,0,0,LEARNER_LOW_CONFIDENCE
m469#469,SAFETY_LIMITED,35.0000,0.7000,180000.0000,300.0000,60.0000,8.0000,25.0000,0.1000,FAIL,-2.3708,2.8348,3.3825,1.0382,-1,0,0,FAIL,-2.3777,2.8380,3.3790,1.0325,-1,0,0,FAIL,0.0783,0.2622,0.5125,0.5375,-1,0,0,STEADY_MAE
m473#473,SAFETY_LIMITED,30.0000,0.7000,180000.0000,300.0000,120.0000,8.0000,10.0000,0.1000,FAIL,-6.7420,8.0417,9.5173,2.9051,-1,0,0,FAIL,-1.0243,2.6337,4.1788,3.3785,-1,0,0,FAIL,-1.0055,2.5924,4.3391,3.3621,-1,0,0,STEADY_MAE
m477#477,SAFETY_LIMITED,35.0000,0.7000,180000.0000,300.0000,120.0000,3.0000,25.0000,0.1000,FAIL,-2.7303,3.4103,4.2311,1.6609,-1,0,0,FAIL,-1.4243,1.7491,1.7629,0.0332,-1,0,0,FAIL,-1.1187,1.1410,1.1511,0.0326,-1,0,0,STEADY_MAE
m481#481,REACHABLE,30.0000,0.7000,600000.0000,120.0000,0.0000,3.0000,10.0000,0.1000,FAIL,-0.1343,0.2146,0.2578,0.1252,-1,0,0,PASS,0.0540,0.0238,0.0483,0.0549,2872,0,0,PASS,0.0542,0.0166,0.0197,0.0067,2872,0,0,
m485#485,REACHABLE,35.0000,0.7000,600000.0000,120.0000,0.0000,30.0000,25.0000,0.1000,FAIL,-0.1115,0.1547,0.1705,0.0360,-1,0,0,PASS,-0.0174,0.0506,0.0709,0.0572,1599,0,0,PASS,-0.0174,0.0504,0.0705,0.0547,1599,0,0,
m489#489,REACHABLE,30.0000,0.7000,600000.0000,120.0000,15.0000,30.0000,10.0000,0.1000,FAIL,-0.0946,0.2437,0.3600,0.2702,-1,0,0,FAIL,-0.1923,0.3137,0.3868,0.1836,-1,0,0,PASS,0.0640,0.0260,0.0286,0.0046,3353,0,0,
m493#493,REACHABLE,35.0000,0.7000,600000.0000,120.0000,15.0000,8.0000,25.0000,0.1000,FAIL,-0.1070,0.1569,0.1872,0.0811,-1,0,0,PASS,0.0627,0.0277,0.0285,0.0021,1716,0,0,PASS,0.0615,0.0307,0.0312,0.0023,1716,0,0,
m497#497,REACHABLE,30.0000,0.7000,600000.0000,120.0000,30.0000,8.0000,10.0000,0.1000,FAIL,-0.1436,0.2981,0.3707,0.1801,-1,0,0,PASS,0.0701,0.0110,0.0268,0.0633,3202,0,0,PASS,0.0673,0.0233,0.0497,0.0471,3038,0,0,
m501#501,REACHABLE,35.0000,0.7000,600000.0000,120.0000,30.0000,3.0000,25.0000,0.1000,FAIL,-0.0785,0.1475,0.1858,0.1074,-1,0,0,PASS,0.0702,0.0376,0.0774,0.0880,1750,0,0,PASS,0.0721,0.0052,0.0094,0.0103,1750,0,0,
m505#505,REACHABLE,30.0000,0.7000,600000.0000,120.0000,60.0000,3.0000,10.0000,0.1000,FAIL,-0.1574,0.4497,0.6456,0.4931,-1,0,0,PASS,-0.0022,0.0774,0.1305,0.1405,4285,0,0,PASS,-0.0022,0.0774,0.1305,0.1405,4285,0,0,
m509#509,REACHABLE,35.0000,0.7000,600000.0000,120.0000,60.0000,30.0000,25.0000,0.1000,FAIL,0.0430,0.1504,0.2862,0.3101,-1,0,0,FAIL,0.2158,0.0859,0.1477,0.1484,-1,0,0,PASS,0.0706,0.0696,0.1232,0.1311,8056,0,0,
m513#513,REACHABLE,30.0000,0.7000,600000.0000,120.0000,120.0000,30.0000,10.0000,0.1000,FAIL,-0.3249,0.5202,0.7275,0.4095,-1,0,0,FAIL,-0.5971,0.6313,0.6338,0.0059,-1,0,0,PASS,0.0369,0.0396,0.0796,0.1258,7072,0,0,
m517#517,REACHABLE,35.0000,0.7000,600000.0000,120.0000,120.0000,8.0000,25.0000,0.1000,FAIL,-0.0648,0.2703,0.4397,0.3828,-1,0,0,FAIL,0.0034,0.1077,0.1131,0.0124,4872,0,0,PASS,0.0008,0.0956,0.0988,0.0085,5820,0,0,
m521#521,REACHABLE,30.0000,0.7000,600000.0000,180.0000,0.0000,8.0000,10.0000,0.1000,FAIL,-0.1354,0.2703,0.3897,0.2573,-1,0,0,PASS,0.0549,0.0297,0.0476,0.0933,6404,0,0,PASS,0.0555,0.0400,0.0496,0.0338,3201,0,0,
m525#525,REACHABLE,35.0000,0.7000,600000.0000,180.0000,0.0000,3.0000,25.0000,0.1000,FAIL,-0.1400,0.2055,0.2700,0.1327,-1,0,0,PASS,0.0532,0.0048,0.0076,0.0071,1999,0,0,PASS,0.0532,0.0048,0.0076,0.0071,1999,0,0,
m529#529,REACHABLE,30.0000,0.7000,600000.0000,180.0000,15.0000,3.0000,10.0000,0.1000,FAIL,-0.1922,0.3197,0.5579,0.5419,-1,0,0,PASS,0.0581,0.0266,0.0497,0.1070,5605,0,0,PASS,0.0588,0.0249,0.0335,0.0186,2635,0,0,
m533#533,REACHABLE,35.0000,0.7000,600000.0000,180.0000,15.0000,30.0000,25.0000,0.1000,FAIL,-0.0736,0.1680,0.2344,0.1613,-1,0,0,PASS,-0.0194,0.0573,0.0902,0.0735,3760,0,0,PASS,-0.0115,0.0591,0.0924,0.0777,1938,0,0,
m537#537,REACHABLE,30.0000,0.7000,600000.0000,180.0000,30.0000,30.0000,10.0000,0.1000,FAIL,-0.1677,0.4647,0.6794,0.5209,-1,0,0,FAIL,-0.0740,0.3980,0.9645,0.9165,-1,0,0,PASS,0.0100,0.0423,0.0885,0.1054,4459,0,0,
m541#541,REACHABLE,35.0000,0.7000,600000.0000,180.0000,30.0000,8.0000,25.0000,0.1000,FAIL,-0.0464,0.2317,0.3146,0.2740,-1,0,0,FAIL,-0.1776,0.3412,0.4274,0.2439,-1,0,0,PASS,0.0014,0.0574,0.0963,0.0889,2009,0,0,
m545#545,REACHABLE,30.0000,0.7000,600000.0000,180.0000,60.0000,8.0000,10.0000,0.1000,FAIL,-3.1872,3.5614,3.8827,0.8314,-1,0,0,PASS,0.0774,0.0288,0.0633,0.1392,3612,0,0,PASS,0.0741,0.0304,0.0645,0.1382,3349,0,0,
m549#549,REACHABLE,35.0000,0.7000,600000.0000,180.0000,60.0000,3.0000,25.0000,0.1000,FAIL,0.0050,0.2623,0.4458,0.4541,-1,0,0,PASS,0.0817,0.0415,0.0503,0.0816,4071,0,0,PASS,0.0757,0.0246,0.0252,0.0027,2118,0,0,
m553#553,REACHABLE,30.0000,0.7000,600000.0000,180.0000,120.0000,3.0000,10.0000,0.1000,FAIL,-4.4165,4.7894,5.1502,0.8319,-1,0,0,FAIL,0.0811,0.0419,0.1348,0.2378,-1,0,0,FAIL,0.0866,0.0517,0.1452,0.2511,-1,0,0,SETTLING_TIMEOUT
m557#557,REACHABLE,35.0000,0.7000,600000.0000,180.0000,120.0000,30.0000,25.0000,0.1000,FAIL,-0.0697,0.2920,0.4626,0.4059,-1,0,0,FAIL,-0.6235,0.6437,0.6613,0.0383,-1,0,0,FAIL,-0.5749,0.5754,0.5760,0.0012,-1,0,0,STEADY_MAE
m561#561,REACHABLE,30.0000,0.7000,600000.0000,300.0000,0.0000,30.0000,10.0000,0.1000,FAIL,-0.3077,0.4427,0.5789,0.2745,-1,0,0,FAIL,-0.3091,0.4355,0.5588,0.3182,-1,0,0,PASS,-0.0234,0.0328,0.0353,0.0051,4600,0,0,
m565#565,REACHABLE,35.0000,0.7000,600000.0000,300.0000,0.0000,8.0000,25.0000,0.1000,FAIL,-0.1362,0.2384,0.3190,0.1812,-1,0,0,PASS,0.0554,0.0370,0.0376,0.0020,2115,0,0,PASS,0.0546,0.0299,0.0479,0.0454,2115,0,0,
m569#569,REACHABLE,30.0000,0.7000,600000.0000,300.0000,15.0000,8.0000,10.0000,0.1000,FAIL,-4.0117,4.1698,4.3126,0.3289,-1,0,0,PASS,0.0614,0.0320,0.0495,0.0378,4136,0,0,PASS,0.0617,0.0053,0.0133,0.0191,3475,0,0,
m573#573,REACHABLE,35.0000,0.7000,600000.0000,300.0000,15.0000,3.0000,25.0000,0.1000,FAIL,-0.1799,0.3403,0.4769,0.3012,-1,0,0,PASS,-0.0200,0.0344,0.0379,0.0091,2590,0,0,PASS,-0.0200,0.0344,0.0379,0.0091,2590,0,0,
m577#577,REACHABLE,30.0000,0.7000,600000.0000,300.0000,30.0000,3.0000,10.0000,0.1000,FAIL,-4.5448,4.7521,4.9518,0.4235,-1,0,0,PASS,0.0691,0.0337,0.0426,0.0233,3741,0,0,PASS,0.0675,0.0250,0.0276,0.0049,3333,0,0,
m581#581,REACHABLE,35.0000,0.7000,600000.0000,300.0000,30.0000,30.0000,25.0000,0.1000,FAIL,-0.1223,0.3801,0.5781,0.4264,-1,0,0,FAIL,-0.2825,0.3882,0.4607,0.1717,-1,0,0,PASS,0.0682,0.0312,0.0475,0.0373,3532,0,0,
m585#585,REACHABLE,30.0000,0.7000,600000.0000,300.0000,60.0000,30.0000,10.0000,0.1000,FAIL,-4.5356,4.8612,5.1319,0.6719,-1,0,0,FAIL,-0.6307,0.6559,0.6765,0.0425,-1,0,0,FAIL,-0.6307,0.6559,0.6765,0.0425,-1,0,0,STEADY_MAE
m589#589,REACHABLE,35.0000,0.7000,600000.0000,300.0000,60.0000,8.0000,25.0000,0.1000,FAIL,-0.0768,0.4281,0.6795,0.6083,-1,0,0,FAIL,-0.0014,0.5652,0.8904,0.6161,-1,0,0,PASS,0.0757,0.0352,0.0382,0.0123,3189,0,0,
m593#593,REACHABLE,30.0000,0.7000,600000.0000,300.0000,120.0000,8.0000,10.0000,0.1000,FAIL,-7.9400,8.2714,8.6877,0.7683,-1,0,0,FAIL,-0.0062,0.1129,0.1924,0.1940,-1,0,0,FAIL,0.0016,0.1189,0.2259,0.2463,-1,0,0,STEADY_MAE
m597#597,REACHABLE,35.0000,0.7000,600000.0000,300.0000,120.0000,3.0000,25.0000,0.1000,FAIL,-0.3772,0.6466,0.8405,0.4397,-1,0,0,FAIL,-0.2558,0.6630,1.1198,0.8753,-1,0,0,PASS,0.0815,0.0385,0.1047,0.1984,4528,0,0,
m601#601,REACHABLE,30.0000,0.7000,1600000.0000,120.0000,0.0000,3.0000,10.0000,0.1000,FAIL,-0.1435,0.1771,0.1932,0.0505,-1,0,0,FAIL,-0.1448,0.1572,0.1625,0.0166,-1,0,0,FAIL,-0.1448,0.1572,0.1625,0.0166,-1,0,0,LEARNER_LOW_CONFIDENCE
m605#605,REACHABLE,35.0000,0.7000,1600000.0000,120.0000,0.0000,30.0000,25.0000,0.1000,FAIL,-0.1412,0.1534,0.1608,0.0178,-1,0,0,PASS,0.0521,0.0373,0.0496,0.1036,2851,0,0,PASS,0.0525,0.0388,0.0492,0.0907,2851,0,0,
m609#609,REACHABLE,30.0000,0.7000,1600000.0000,120.0000,15.0000,30.0000,10.0000,0.1000,FAIL,-0.2203,0.2488,0.2689,0.0474,-1,0,0,PASS,0.0576,0.0240,0.0241,0.0003,6709,0,0,PASS,0.0576,0.0240,0.0241,0.0003,6709,0,0,
m613#613,REACHABLE,35.0000,0.7000,1600000.0000,120.0000,15.0000,8.0000,25.0000,0.1000,FAIL,-0.1233,0.1537,0.1650,0.0315,-1,0,0,PASS,0.0516,0.0226,0.0489,0.0584,2905,0,0,PASS,0.0522,0.0334,0.0606,0.0612,2905,0,0,
m617#617,REACHABLE,30.0000,0.7000,1600000.0000,120.0000,30.0000,8.0000,10.0000,0.1000,FAIL,-0.2615,0.3299,0.3566,0.0720,-1,0,0,PASS,-0.0128,0.0947,0.1335,0.1192,6699,0,0,PASS,-0.0128,0.0947,0.1335,0.1192,6699,0,0,
m621#621,REACHABLE,35.0000,0.7000,1600000.0000,120.0000,30.0000,3.0000,25.0000,0.1000,PASS,-0.0124,0.0784,0.1127,0.0970,5011,0,0,PASS,-0.0203,0.0737,0.1254,0.1063,2811,0,0,PASS,-0.0203,0.0737,0.1254,0.1063,2811,0,0,
m625#625,REACHABLE,30.0000,0.7000,1600000.0000,120.0000,60.0000,3.0000,10.0000,0.1000,FAIL,-0.1070,0.2331,0.2943,0.1604,-1,0,0,FAIL,0.0802,0.0598,0.2404,0.4062,-1,0,0,PASS,0.0833,0.0403,0.0738,0.1101,8820,0,0,
m629#629,REACHABLE,35.0000,0.7000,1600000.0000,120.0000,60.0000,30.0000,25.0000,0.1000,FAIL,-0.0405,0.1646,0.2316,0.1892,-1,0,0,FAIL,-0.0974,0.1424,0.1661,0.0613,-1,0,0,FAIL,-0.0983,0.1422,0.1655,0.0606,-1,0,0,STEADY_MAE
m633#633,REACHABLE,30.0000,0.7000,1600000.0000,120.0000,120.0000,30.0000,10.0000,0.1000,FAIL,0.0281,0.2017,0.3645,0.4084,-1,0,0,FAIL,0.4853,0.5176,0.5816,0.1663,-1,0,0,FAIL,0.0124,0.1002,0.1579,0.1743,-1,0,0,STEADY_MAE
m637#637,REACHABLE,35.0000,0.7000,1600000.0000,120.0000,120.0000,8.0000,25.0000,0.1000,FAIL,0.0562,0.0961,0.1823,0.2318,-1,0,0,PASS,-0.0041,0.0647,0.0920,0.0740,6469,0,0,PASS,-0.0031,0.0647,0.0924,0.0754,6442,0,0,
m641#641,REACHABLE,30.0000,0.7000,1600000.0000,180.0000,0.0000,8.0000,10.0000,0.1000,FAIL,-0.2369,0.2539,0.2601,0.0161,-1,0,0,PASS,-0.0469,0.0536,0.0580,0.0111,7790,0,0,PASS,-0.0475,0.0535,0.0579,0.0111,7790,0,0,
m645#645,REACHABLE,35.0000,0.7000,1600000.0000,180.0000,0.0000,3.0000,25.0000,0.1000,FAIL,-0.1422,0.1591,0.1661,0.0213,-1,0,0,PASS,0.0507,0.0175,0.0233,0.0128,2729,0,0,PASS,0.0507,0.0175,0.0233,0.0128,2729,0,0,
m649#649,REACHABLE,30.0000,0.7000,1600000.0000,180.0000,15.0000,3.0000,10.0000,0.1000,FAIL,-0.2198,0.2635,0.2849,0.0595,-1,0,0,PASS,-0.0375,0.0522,0.0634,0.0262,7372,0,0,PASS,-0.0366,0.0521,0.0633,0.0261,7372,0,0,
m653#653,REACHABLE,35.0000,0.7000,1600000.0000,180.0000,15.0000,30.0000,25.0000,0.1000,FAIL,-0.1055,0.1587,0.1841,0.0609,-1,0,0,FAIL,-0.0284,0.1041,0.2196,0.1980,-1,0,0,FAIL,0.0646,0.0988,0.2149,0.2855,-1,0,0,SETTLING_TIMEOUT
m657#657,REACHABLE,30.0000,0.7000,1600000.0000,180.0000,30.0000,30.0000,10.0000,0.1000,FAIL,-0.1682,0.2597,0.3152,0.1408,-1,0,0,FAIL,-0.0244,0.1897,0.5000,0.4808,-1,0,0,FAIL,-0.0244,0.1897,0.5000,0.4808,-1,0,0,STEADY_MAE
m661#661,REACHABLE,35.0000,0.7000,1600000.0000,180.0000,30.0000,8.0000,25.0000,0.1000,FAIL,-0.0912,0.1591,0.1878,0.0828,-1,0,0,FAIL,-0.0226,0.1304,0.2154,0.1967,-1,0,0,FAIL,-0.0212,0.1057,0.2170,0.1984,-1,0,0,LEARNER_LOW_CONFIDENCE
m665#665,REACHABLE,30.0000,0.7000,1600000.0000,180.0000,60.0000,8.0000,10.0000,0.1000,FAIL,-0.1658,0.3365,0.4282,0.2808,-1,0,0,PASS,-0.0109,0.0610,0.1080,0.1134,7157,0,0,PASS,-0.0099,0.0601,0.1098,0.1111,6476,0,0,
m669#669,REACHABLE,35.0000,0.7000,1600000.0000,180.0000,60.0000,3.0000,25.0000,0.1000,FAIL,-0.0372,0.1415,0.1792,0.1063,-1,0,0,PASS,-0.0172,0.0789,0.1166,0.0989,4235,0,0,FAIL,-0.0154,0.0964,0.2699,0.2711,-1,0,0,SETTLING_TIMEOUT
m673#673,REACHABLE,30.0000,0.7000,1600000.0000,180.0000,120.0000,3.0000,10.0000,0.1000,FAIL,-1.0432,2.1187,3.0013,2.0443,-1,0,0,FAIL,-0.0622,0.1261,0.1716,0.1156,-1,0,0,FAIL,-0.0647,0.1286,0.1733,0.1148,-1,0,0,STEADY_MAE
m677#677,REACHABLE,35.0000,0.7000,1600000.0000,180.0000,120.0000,30.0000,25.0000,0.1000,FAIL,0.1017,0.1565,0.2770,0.3847,-1,0,0,PASS,0.0154,0.0627,0.1050,0.1246,8757,0,0,FAIL,0.0012,0.1049,0.1708,0.1754,-1,0,0,STEADY_MAE
m681#681,REACHABLE,30.0000,0.7000,1600000.0000,300.0000,0.0000,30.0000,10.0000,0.1000,FAIL,-0.2386,0.3320,0.4065,0.1699,-1,0,0,FAIL,-0.1441,0.1507,0.1538,0.0078,-1,0,0,FAIL,-0.1441,0.1507,0.1538,0.0078,-1,0,0,STEADY_MAE
m685#685,REACHABLE,35.0000,0.7000,1600000.0000,300.0000,0.0000,8.0000,25.0000,0.1000,FAIL,-0.2198,0.3013,0.3400,0.1214,-1,0,0,PASS,-0.0272,0.0333,0.0336,0.0008,5070,0,0,PASS,-0.0278,0.0323,0.0333,0.0023,4051,0,0,
m689#689,REACHABLE,30.0000,0.7000,1600000.0000,300.0000,15.0000,8.0000,10.0000,0.1000,FAIL,-0.3138,0.3572,0.3802,0.0624,-1,0,0,FAIL,-0.1372,0.1489,0.1580,0.0218,-1,0,0,FAIL,-0.1372,0.1489,0.1580,0.0218,-1,0,0,STEADY_MAE
m693#693,REACHABLE,35.0000,0.7000,1600000.0000,300.0000,15.0000,3.0000,25.0000,0.1000,FAIL,-0.2154,0.2520,0.2634,0.0329,-1,0,0,PASS,0.0559,0.0325,0.0331,0.0015,3316,0,0,PASS,0.0568,0.0067,0.0099,0.0069,3316,0,0,
m697#697,REACHABLE,30.0000,0.7000,1600000.0000,300.0000,30.0000,3.0000,10.0000,0.1000,FAIL,-0.2729,0.3713,0.4263,0.1541,-1,0,0,PASS,-0.0299,0.0595,0.0798,0.0536,8655,0,0,PASS,-0.0299,0.0595,0.0798,0.0536,8655,0,0,
m701#701,REACHABLE,35.0000,0.7000,1600000.0000,300.0000,30.0000,30.0000,25.0000,0.1000,FAIL,-0.1752,0.2465,0.2834,0.0941,-1,0,0,FAIL,-0.0173,0.0648,0.1044,0.2222,-1,0,0,FAIL,-0.0183,0.1659,0.3683,0.3615,-1,0,0,STEADY_MAE
m705#705,REACHABLE,30.0000,0.7000,1600000.0000,300.0000,60.0000,30.0000,10.0000,0.1000,FAIL,-0.4036,0.8096,1.6140,1.3040,-1,0,0,FAIL,-0.3190,0.6901,0.9170,0.5106,-1,0,0,PASS,-0.0141,0.0822,0.1375,0.1280,8646,0,0,
m709#709,REACHABLE,35.0000,0.7000,1600000.0000,300.0000,60.0000,8.0000,25.0000,0.1000,FAIL,-0.2046,0.3192,0.3832,0.1723,-1,0,0,FAIL,-0.0079,0.2069,0.5361,0.5313,-1,0,0,FAIL,-0.0068,0.1713,0.4351,0.4892,-1,0,0,LEARNER_LOW_CONFIDENCE
m713#713,REACHABLE,30.0000,0.7000,1600000.0000,300.0000,120.0000,8.0000,10.0000,0.1000,FAIL,-1.9949,3.2323,4.2804,2.3675,-1,0,0,FAIL,-0.2578,1.0029,1.4078,0.7409,-1,0,0,PASS,0.0107,0.0587,0.1073,0.1226,8015,0,0,
m717#717,REACHABLE,35.0000,0.7000,1600000.0000,300.0000,120.0000,3.0000,25.0000,0.1000,FAIL,-0.1538,0.2991,0.3836,0.2311,-1,0,0,FAIL,-0.2121,0.6831,0.7611,0.2050,-1,0,0,PASS,0.0168,0.0488,0.0959,0.1148,5254,0,0,
m721#721,REACHABLE,30.0000,1.0000,180000.0000,120.0000,0.0000,3.0000,10.0000,0.1000,FAIL,-0.1214,0.2831,0.4196,0.3144,-1,0,0,PASS,0.0596,0.0253,0.0480,0.1031,1933,0,0,PASS,0.0596,0.0253,0.0480,0.1031,1933,0,0,
m725#725,REACHABLE,35.0000,1.0000,180000.0000,120.0000,0.0000,30.0000,25.0000,0.1000,FAIL,-0.0416,0.1945,0.3213,0.2788,-1,0,0,PASS,0.0607,0.0384,0.0426,0.0099,1273,0,0,PASS,0.0607,0.0384,0.0426,0.0099,1273,0,0,
m729#729,SAFETY_LIMITED,30.0000,1.0000,180000.0000,120.0000,15.0000,30.0000,10.0000,0.1000,FAIL,-0.2028,0.4936,0.7365,0.5479,-1,0,0,FAIL,-0.1942,0.4597,0.8902,0.6948,-1,0,0,PASS,-0.0228,0.0575,0.0902,0.0657,2399,0,0,
m733#733,REACHABLE,35.0000,1.0000,180000.0000,120.0000,15.0000,8.0000,25.0000,0.1000,FAIL,-0.0012,0.2074,0.3563,0.3617,-1,0,0,PASS,0.0936,0.0009,0.0020,0.0046,1695,0,0,PASS,0.0936,0.0009,0.0020,0.0046,1695,0,0,
m737#737,SAFETY_LIMITED,30.0000,1.0000,180000.0000,120.0000,30.0000,8.0000,10.0000,0.1000,FAIL,-1.1826,1.7397,2.0579,0.8891,-1,0,0,PASS,0.0510,0.0005,0.0013,0.0017,1420,0,0,PASS,0.0510,0.0005,0.0013,0.0017,1420,0,0,
m741#741,REACHABLE,35.0000,1.0000,180000.0000,120.0000,30.0000,3.0000,25.0000,0.1000,FAIL,-0.4787,0.6389,0.7859,0.3116,-1,0,0,FAIL,-0.4802,0.6389,0.7848,0.3089,-1,0,0,FAIL,-0.4802,0.6389,0.7848,0.3089,-1,0,0,LEARNER_LOW_CONFIDENCE
m745#745,SAFETY_LIMITED,30.0000,1.0000,180000.0000,120.0000,60.0000,3.0000,10.0000,0.1000,FAIL,-1.3635,1.9071,2.3226,1.0187,-1,0,0,FAIL,0.0196,0.1483,0.3321,0.3624,-1,0,0,FAIL,0.0196,0.1483,0.3321,0.3624,-1,0,0,STEADY_MAE
m749#749,SAFETY_LIMITED,35.0000,1.0000,180000.0000,120.0000,60.0000,30.0000,25.0000,0.1000,FAIL,0.0307,0.3556,0.6636,0.6991,-1,0,0,FAIL,0.0737,0.0923,0.2137,0.2886,-1,0,0,FAIL,0.0778,0.1056,0.2167,0.2918,-1,0,0,STEADY_MAE
m753#753,SAFETY_LIMITED,30.0000,1.0000,180000.0000,120.0000,120.0000,30.0000,10.0000,0.1000,FAIL,-2.2531,2.8202,3.5138,1.3258,-1,0,0,FAIL,-0.1328,0.9693,1.6277,1.3413,-1,0,0,FAIL,-0.0055,0.9781,1.7045,1.4899,-1,0,0,STEADY_MAE
m757#757,SAFETY_LIMITED,35.0000,1.0000,180000.0000,120.0000,120.0000,8.0000,25.0000,0.1000,FAIL,-0.4675,1.0444,1.4996,1.1019,-1,0,0,FAIL,-0.0082,0.1457,0.2993,0.3055,-1,0,0,FAIL,0.0028,0.1371,0.3192,0.3655,-1,0,0,STEADY_MAE
m761#761,REACHABLE,30.0000,1.0000,180000.0000,180.0000,0.0000,8.0000,10.0000,0.1000,FAIL,-0.1229,0.3546,0.6290,0.5289,-1,0,0,PASS,0.0537,0.0281,0.0329,0.0830,2481,0,0,PASS,0.0537,0.0281,0.0329,0.0830,2481,0,0,
m765#765,REACHABLE,35.0000,1.0000,180000.0000,180.0000,0.0000,3.0000,25.0000,0.1000,FAIL,-0.1166,0.2652,0.3480,0.2340,-1,0,0,PASS,0.0565,0.0074,0.0103,0.0093,1647,0,0,PASS,0.0565,0.0074,0.0103,0.0093,1647,0,0,
m769#769,REACHABLE,30.0000,1.0000,180000.0000,180.0000,15.0000,3.0000,10.0000,0.1000,FAIL,-0.0444,0.3885,0.8301,0.7732,-1,0,0,PASS,0.0632,0.0279,0.0555,0.1232,2201,0,0,PASS,0.0632,0.0279,0.0555,0.1232,2201,0,0,
m773#773,SAFETY_LIMITED,35.0000,1.0000,180000.0000,180.0000,15.0000,30.0000,25.0000,0.1000,FAIL,-0.0241,0.2905,0.5316,0.5064,-1,0,0,PASS,0.0826,0.0005,0.0012,0.0017,1044,0,0,PASS,0.0826,0.0005,0.0012,0.0017,1044,0,0,
m777#777,SAFETY_LIMITED,30.0000,1.0000,180000.0000,180.0000,30.0000,30.0000,10.0000,0.1000,FAIL,-2.0550,2.3163,2.6393,0.6011,-1,0,0,FAIL,-0.2134,0.6877,1.2864,1.2333,-1,0,0,FAIL,0.0895,0.0949,0.2803,0.3838,-1,0,0,SETTLING_TIMEOUT
m781#781,SAFETY_LIMITED,35.0000,1.0000,180000.0000,180.0000,30.0000,8.0000,25.0000,0.1000,FAIL,-0.8656,1.0674,1.2571,0.4059,-1,0,0,FAIL,-0.8958,1.0950,1.2832,0.4003,-1,0,0,FAIL,-0.8958,1.0950,1.2832,0.4003,-1,0,0,LEARNER_LOW_CONFIDENCE
m785#785,SAFETY_LIMITED,30.0000,1.0000,180000.0000,180.0000,60.0000,8.0000,10.0000,0.1000,FAIL,-2.1324,2.7627,3.5712,1.4526,-1,0,0,FAIL,-0.0601,0.5700,0.9057,0.7647,-1,0,0,FAIL,-0.0601,0.5700,0.9057,0.7647,-1,0,0,STEADY_MAE
m789#789,SAFETY_LIMITED,35.0000,1.0000,180000.0000,180.0000,60.0000,3.0000,25.0000,0.1000,FAIL,-1.0613,1.3890,1.7036,0.6619,-1,0,0,PASS,0.0515,0.0197,0.0217,0.0071,2740,0,0,PASS,0.0812,0.0420,0.1097,0.2155,2727,0,0,
m793#793,SAFETY_LIMITED,30.0000,1.0000,180000.0000,180.0000,120.0000,3.0000,10.0000,0.1000,FAIL,-2.6916,3.8098,5.0273,2.4521,-1,0,0,FAIL,-0.6043,1.4095,2.3150,1.7522,-1,0,0,FAIL,-0.9763,1.7139,2.4517,1.5035,-1,0,0,STEADY_MAE
m797#797,SAFETY_LIMITED,35.0000,1.0000,180000.0000,180.0000,120.0000,30.0000,25.0000,0.1000,FAIL,-1.4823,2.0043,2.5274,1.0884,-1,0,0,FAIL,-0.1458,0.7655,1.3412,1.1702,-1,0,0,FAIL,-0.1588,0.8022,1.3844,1.2064,-1,0,0,STEADY_MAE
m801#801,REACHABLE,30.0000,1.0000,180000.0000,300.0000,0.0000,30.0000,10.0000,0.1000,FAIL,-2.2328,2.3686,2.4994,0.2827,-1,0,0,FAIL,-0.7032,0.7456,0.7527,0.0143,-1,0,0,FAIL,-0.7032,0.7456,0.7527,0.0143,-1,0,0,STEADY_MAE
m805#805,REACHABLE,35.0000,1.0000,180000.0000,300.0000,0.0000,8.0000,25.0000,0.1000,FAIL,-0.1105,0.2962,0.5161,0.4406,-1,0,0,FAIL,-0.1121,0.2673,0.3838,0.2760,-1,0,0,FAIL,-0.1121,0.2673,0.3838,0.2760,-1,0,0,LEARNER_LOW_CONFIDENCE
m809#809,REACHABLE,30.0000,1.0000,180000.0000,300.0000,15.0000,8.0000,10.0000,0.1000,FAIL,-2.0144,2.4825,2.9123,0.8735,-1,0,0,FAIL,-2.0144,2.5886,3.0124,0.8903,-1,0,0,FAIL,-2.0144,2.5886,3.0124,0.8903,-1,0,0,LEARNER_LOW_CONFIDENCE
m813#813,REACHABLE,35.0000,1.0000,180000.0000,300.0000,15.0000,3.0000,25.0000,0.1000,FAIL,-0.0292,0.3707,0.6836,0.6890,-1,0,0,PASS,0.1017,0.0407,0.0948,0.2029,3238,0,0,PASS,0.1017,0.0407,0.0948,0.2029,3238,0,0,
m817#817,REACHABLE,30.0000,1.0000,180000.0000,300.0000,30.0000,3.0000,10.0000,0.1000,FAIL,-2.0788,2.8194,3.4975,1.4812,-1,0,0,FAIL,0.0871,0.1990,0.4351,0.4665,-1,0,0,FAIL,0.0871,0.1990,0.4351,0.4665,-1,0,0,STEADY_MAE
m821#821,SAFETY_LIMITED,35.0000,1.0000,180000.0000,300.0000,30.0000,30.0000,25.0000,0.1000,FAIL,-1.7245,1.9725,2.2325,0.5738,-1,0,0,FAIL,0.0871,0.1320,0.3382,0.4580,-1,0,0,FAIL,0.0871,0.1320,0.3382,0.4580,-1,0,0,STEADY_MAE
m825#825,SAFETY_LIMITED,30.0000,1.0000,180000.0000,300.0000,60.0000,30.0000,10.0000,0.1000,FAIL,-4.0199,4.6907,5.5191,1.5505,-1,0,0,FAIL,-4.0217,4.8133,5.6165,1.5591,-1,0,0,FAIL,-4.0217,4.8133,5.6165,1.5591,-1,0,0,LEARNER_LOW_CONFIDENCE
m829#829,SAFETY_LIMITED,35.0000,1.0000,180000.0000,300.0000,60.0000,8.0000,25.0000,0.1000,FAIL,-1.5660,2.1059,2.6786,1.1332,-1,0,0,FAIL,0.0563,0.1105,0.2140,0.2247,-1,0,0,FAIL,0.0133,0.2750,0.6284,0.6787,-1,0,0,STEADY_MAE
m833#833,SAFETY_LIMITED,30.0000,1.0000,180000.0000,300.0000,120.0000,8.0000,10.0000,0.1000,FAIL,-4.5751,5.8958,7.6722,3.3348,-1,0,0,FAIL,-1.1110,2.4300,3.8301,2.7117,-1,0,0,FAIL,-1.0606,2.3088,3.7862,2.7092,-1,0,0,STEADY_MAE
m837#837,SAFETY_LIMITED,35.0000,1.0000,180000.0000,300.0000,120.0000,3.0000,25.0000,0.1000,FAIL,-1.7914,2.6489,3.6222,1.9894,-1,0,0,FAIL,-0.0932,0.9976,1.7217,1.4814,-1,0,0,FAIL,-0.0896,1.0026,1.7268,1.4734,-1,0,0,STEADY_MAE
m841#841,REACHABLE,30.0000,1.0000,600000.0000,120.0000,0.0000,3.0000,10.0000,0.1000,FAIL,-0.2138,0.2565,0.2780,0.0661,-1,0,0,PASS,-0.0246,0.0793,0.1271,0.1030,2087,0,0,PASS,-0.0252,0.0923,0.1035,0.0267,2087,0,0,
m845#845,REACHABLE,35.0000,1.0000,600000.0000,120.0000,0.0000,30.0000,25.0000,0.1000,PASS,-0.0206,0.0956,0.1469,0.1277,2158,0,0,PASS,-0.0074,0.0454,0.0722,0.0691,1114,0,0,PASS,-0.0074,0.0454,0.0722,0.0691,1114,0,0,
m849#849,REACHABLE,30.0000,1.0000,600000.0000,120.0000,15.0000,30.0000,10.0000,0.1000,FAIL,-0.0782,0.2178,0.2970,0.1841,-1,0,0,PASS,0.0603,0.0396,0.0494,0.0480,4496,0,0,PASS,-0.0040,0.0564,0.0892,0.0774,2343,0,0,
m853#853,REACHABLE,35.0000,1.0000,600000.0000,120.0000,15.0000,8.0000,25.0000,0.1000,FAIL,-0.0857,0.2247,0.2490,0.0656,-1,0,0,FAIL,-0.0142,0.0773,0.1328,0.1347,-1,0,0,FAIL,-0.0142,0.0773,0.1328,0.1347,-1,0,0,SETTLING_TIMEOUT
m857#857,REACHABLE,30.0000,1.0000,600000.0000,120.0000,30.0000,8.0000,10.0000,0.1000,FAIL,-0.0804,0.2841,0.4227,0.3460,-1,0,0,PASS,0.0745,0.0353,0.0373,0.0060,2152,0,0,PASS,0.0736,0.0229,0.0272,0.0090,2152,0,0,
m861#861,REACHABLE,35.0000,1.0000,600000.0000,120.0000,30.0000,3.0000,25.0000,0.1000,FAIL,0.0330,0.1154,0.1776,0.2167,-1,0,0,PASS,0.0734,0.0157,0.0184,0.0068,1203,0,0,PASS,0.0746,0.0240,0.0499,0.1039,1203,0,0,
m865#865,REACHABLE,30.0000,1.0000,600000.0000,120.0000,60.0000,3.0000,10.0000,0.1000,FAIL,0.0671,0.2838,0.5179,0.5886,-1,0,0,PASS,0.0816,0.0140,0.0295,0.0417,2088,0,0,PASS,0.0816,0.0140,0.0295,0.0417,2088,0,0,
m869#869,REACHABLE,35.0000,1.0000,600000.0000,120.0000,60.0000,30.0000,25.0000,0.1000,FAIL,0.1832,0.1634,0.3408,0.5360,-1,0,0,PASS,0.1290,0.0636,0.1188,0.1370,3501,0,0,PASS,0.2021,0.0682,0.1278,0.1459,4347,0,0,
m873#873,SAFETY_LIMITED,30.0000,1.0000,600000.0000,120.0000,120.0000,30.0000,10.0000,0.1000,FAIL,-0.1240,0.3727,0.6056,0.4880,-1,0,0,FAIL,-0.3799,0.6172,0.7549,0.3583,-1,0,0,PASS,0.0436,0.0349,0.0633,0.1110,5496,0,0,
m877#877,SAFETY_LIMITED,35.0000,1.0000,600000.0000,120.0000,120.0000,8.0000,25.0000,0.1000,FAIL,0.0312,0.1811,0.3536,0.3749,-1,0,0,PASS,0.0856,0.0356,0.0518,0.1100,3372,0,0,PASS,0.0876,0.0349,0.0524,0.1100,3415,0,0,
m881#881,REACHABLE,30.0000,1.0000,600000.0000,180.0000,0.0000,8.0000,10.0000,0.1000,FAIL,-0.1409,0.2610,0.3682,0.2295,-1,0,0,PASS,0.0555,0.0108,0.0136,0.0061,2342,0,0,PASS,0.0559,0.0277,0.0452,0.0441,2342,0,0,
m885#885,REACHABLE,35.0000,1.0000,600000.0000,180.0000,0.0000,3.0000,25.0000,0.1000,FAIL,-0.0412,0.1399,0.1710,0.1359,-1,0,0,PASS,0.0554,0.0291,0.0456,0.0390,1820,0,0,PASS,0.0554,0.0291,0.0456,0.0390,1820,0,0,
m889#889,REACHABLE,30.0000,1.0000,600000.0000,180.0000,15.0000,3.0000,10.0000,0.1000,FAIL,-0.0909,0.2722,0.4198,0.3813,-1,0,0,PASS,0.0655,0.0300,0.0536,0.1299,2102,0,0,PASS,0.0645,0.0300,0.0489,0.1043,2099,0,0,
m893#893,REACHABLE,35.0000,1.0000,600000.0000,180.0000,15.0000,30.0000,25.0000,0.1000,FAIL,-0.0697,0.1425,0.1892,0.1074,-1,0,0,PASS,-0.0047,0.0556,0.0970,0.0941,2458,0,0,PASS,0.0037,0.0524,0.0970,0.1075,2322,0,0,
m897#897,REACHABLE,30.0000,1.0000,600000.0000,180.0000,30.0000,30.0000,10.0000,0.1000,FAIL,-0.1051,0.4426,0.7153,0.6152,-1,0,0,FAIL,-0.3638,0.4228,0.4466,0.0564,-1,0,0,PASS,-0.0077,0.0602,0.0665,0.0151,4333,0,0,
m901#901,REACHABLE,35.0000,1.0000,600000.0000,180.0000,30.0000,8.0000,25.0000,0.1000,FAIL,-0.1186,0.2138,0.2794,0.1645,-1,0,0,PASS,0.0729,0.0164,0.0202,0.0077,2681,0,0,PASS,0.0720,0.0318,0.0373,0.0130,1756,0,0,
m905#905,REACHABLE,30.0000,1.0000,600000.0000,180.0000,60.0000,8.0000,10.0000,0.1000,FAIL,-0.1964,0.8287,1.8286,1.7263,-1,0,0,PASS,0.0830,0.0337,0.0687,0.1453,2805,0,0,PASS,0.0814,0.0337,0.0702,0.1474,2785,0,0,
m909#909,REACHABLE,35.0000,1.0000,600000.0000,180.0000,60.0000,3.0000,25.0000,0.1000,FAIL,-0.0216,0.2943,0.4892,0.4721,-1,0,0,PASS,0.0011,0.0600,0.0614,0.0043,2843,0,0,PASS,-0.0011,0.0365,0.0377,0.0038,3079,0,0,
m913#913,SAFETY_LIMITED,30.0000,1.0000,600000.0000,180.0000,120.0000,3.0000,10.0000,0.1000,FAIL,-3.6029,3.8862,4.2441,0.6833,-1,0,0,FAIL,0.0872,0.0423,0.1322,0.2408,-1,0,0,FAIL,0.0862,0.0498,0.1342,0.2416,-1,0,0,SETTLING_TIMEOUT
m917#917,SAFETY_LIMITED,35.0000,1.0000,600000.0000,180.0000,120.0000,30.0000,25.0000,0.1000,FAIL,0.1099,0.2475,0.4464,0.4490,-1,0,0,FAIL,-0.3662,0.4985,0.5653,0.1952,-1,0,0,FAIL,0.7648,0.1104,0.2430,0.3097,-1,0,0,STARTUP_OVERSHOOT
m921#921,REACHABLE,30.0000,1.0000,600000.0000,300.0000,0.0000,30.0000,10.0000,0.1000,FAIL,-0.1307,0.2507,0.2659,0.0362,-1,0,0,FAIL,-0.2084,0.2611,0.2861,0.0576,-1,0,0,PASS,0.0558,0.0068,0.0107,0.0071,2982,0,0,
m925#925,REACHABLE,35.0000,1.0000,600000.0000,300.0000,0.0000,8.0000,25.0000,0.1000,FAIL,-0.1250,0.2061,0.2545,0.1296,-1,0,0,PASS,-0.0363,0.0459,0.0499,0.0118,2138,0,0,PASS,-0.0363,0.0456,0.0499,0.0124,2138,0,0,
m929#929,REACHABLE,30.0000,1.0000,600000.0000,300.0000,15.0000,8.0000,10.0000,0.1000,FAIL,-2.5873,2.7501,2.8942,0.3308,-1,0,0,PASS,0.0630,0.0353,0.0490,0.0354,6436,0,0,PASS,0.0619,0.0068,0.0099,0.0062,2453,0,0,
m933#933,REACHABLE,35.0000,1.0000,600000.0000,300.0000,15.0000,3.0000,25.0000,0.1000,FAIL,-0.1143,0.2543,0.3506,0.2365,-1,0,0,PASS,0.0616,0.0471,0.0478,0.0031,1648,0,0,PASS,0.0616,0.0471,0.0478,0.0031,1648,0,0,
m937#937,REACHABLE,30.0000,1.0000,600000.0000,300.0000,30.0000,3.0000,10.0000,0.1000,FAIL,-3.0819,3.3196,3.5430,0.4661,-1,0,0,PASS,0.0707,0.0334,0.0500,0.1108,2402,0,0,PASS,0.0705,0.0341,0.0496,0.1208,2398,0,0,
m941#941,REACHABLE,35.0000,1.0000,600000.0000,300.0000,30.0000,30.0000,25.0000,0.1000,FAIL,-0.0222,0.3069,0.5417,0.5240,-1,0,0,FAIL,-0.0060,0.4719,0.6722,0.4580,-1,0,0,PASS,0.0701,0.0147,0.0158,0.0022,2614,0,0,
m945#945,REACHABLE,30.0000,1.0000,600000.0000,300.0000,60.0000,30.0000,10.0000,0.1000,FAIL,-4.8153,5.0512,5.2971,0.5127,-1,0,0,FAIL,-0.6340,0.6541,0.6742,0.0403,-1,0,0,FAIL,-0.6340,0.6541,0.6742,0.0403,-1,0,0,STEADY_MAE
m949#949,REACHABLE,35.0000,1.0000,600000.0000,300.0000,60.0000,8.0000,25.0000,0.1000,FAIL,0.0544,0.3451,0.6268,0.6869,-1,0,0,FAIL,-0.0085,0.5370,0.7429,0.4604,-1,0,0,PASS,0.0790,0.0274,0.0286,0.0034,2465,0,0,
m953#953,SAFETY_LIMITED,30.0000,1.0000,600000.0000,300.0000,120.0000,8.0000,10.0000,0.1000,FAIL,-6.1863,6.5535,7.0242,0.8740,-1,0,0,FAIL,-0.0481,0.1827,0.3087,0.2770,-1,0,0,FAIL,-0.0778,0.2343,0.4134,0.3703,-1,0,0,STEADY_MAE
m957#957,SAFETY_LIMITED,35.0000,1.0000,600000.0000,300.0000,120.0000,3.0000,25.0000,0.1000,FAIL,-0.2444,0.5501,0.7585,0.4243,-1,0,0,FAIL,-0.2026,0.4778,0.8431,0.6995,-1,0,0,PASS,0.0839,0.0396,0.1016,0.2017,4163,0,0,
m961#961,REACHABLE,30.0000,1.0000,1600000.0000,120.0000,0.0000,3.0000,10.0000,0.1000,FAIL,-0.1400,0.1602,0.1684,0.0255,-1,0,0,PASS,0.0517,0.0216,0.0271,0.0123,5553,0,0,PASS,0.0517,0.0216,0.0271,0.0123,5553,0,0,
m965#965,REACHABLE,35.0000,1.0000,1600000.0000,120.0000,0.0000,30.0000,25.0000,0.1000,FAIL,-0.1097,0.1464,0.1664,0.0483,-1,0,0,FAIL,-0.0293,0.1208,0.1330,0.0348,2654,0,0,PASS,-0.0285,0.0415,0.0445,0.0067,2484,0,0,
m969#969,REACHABLE,30.0000,1.0000,1600000.0000,120.0000,15.0000,30.0000,10.0000,0.1000,FAIL,-0.1067,0.1577,0.1895,0.0766,-1,0,0,PASS,0.0675,0.0307,0.0577,0.1227,5676,0,0,PASS,0.0675,0.0307,0.0577,0.1227,5676,0,0,
m973#973,REACHABLE,35.0000,1.0000,1600000.0000,120.0000,15.0000,8.0000,25.0000,0.1000,FAIL,-0.1293,0.1487,0.1575,0.0238,-1,0,0,PASS,-0.0292,0.0522,0.0681,0.0394,2269,0,0,PASS,-0.0292,0.0522,0.0682,0.0399,2269,0,0,
m977#977,REACHABLE,30.0000,1.0000,1600000.0000,120.0000,30.0000,8.0000,10.0000,0.1000,FAIL,-0.0899,0.1591,0.1953,0.1026,-1,0,0,PASS,0.0764,0.0321,0.0391,0.0159,7305,0,0,PASS,0.0764,0.0321,0.0391,0.0159,7305,0,0,
m981#981,REACHABLE,35.0000,1.0000,1600000.0000,120.0000,30.0000,3.0000,25.0000,0.1000,PASS,-0.0087,0.0695,0.0998,0.0855,4042,0,0,PASS,-0.0214,0.0556,0.0769,0.0513,2344,0,0,PASS,-0.0214,0.0556,0.0769,0.0513,2344,0,0,
m985#985,REACHABLE,30.0000,1.0000,1600000.0000,120.0000,60.0000,3.0000,10.0000,0.1000,FAIL,-0.0038,0.1474,0.2282,0.2170,-1,0,0,FAIL,0.0898,0.1245,0.3568,0.4551,-1,0,0,FAIL,0.0898,0.1245,0.3568,0.4551,-1,0,0,STEADY_MAE
m989#989,REACHABLE,35.0000,1.0000,1600000.0000,120.0000,60.0000,30.0000,25.0000,0.1000,PASS,0.0655,0.0706,0.1374,0.1914,4512,0,0,PASS,0.1573,0.0579,0.0841,0.0626,4090,0,0,FAIL,0.3747,0.2553,0.3400,0.1805,-1,0,0,STARTUP_OVERSHOOT
m993#993,REACHABLE,30.0000,1.0000,1600000.0000,120.0000,120.0000,30.0000,10.0000,0.1000,FAIL,0.1334,0.1671,0.3356,0.4877,-1,0,0,FAIL,-0.2830,0.6323,0.9365,0.5213,-1,0,0,PASS,0.0177,0.0873,0.1366,0.1327,6969,0,0,
m997#997,REACHABLE,35.0000,1.0000,1600000.0000,120.0000,120.0000,8.0000,25.0000,0.1000,FAIL,0.1500,0.0909,0.1687,0.1974,-1,0,0,PASS,-0.0022,0.0594,0.0901,0.0756,4932,0,0,PASS,-0.0021,0.0624,0.0880,0.0742,4719,0,0,
m1001#1001,REACHABLE,30.0000,1.0000,1600000.0000,180.0000,0.0000,8.0000,10.0000,0.1000,FAIL,-0.1382,0.1925,0.2203,0.0830,-1,0,0,PASS,0.0503,0.0425,0.0493,0.0127,6120,0,0,PASS,0.0503,0.0425,0.0493,0.0127,6120,0,0,
m1005#1005,REACHABLE,35.0000,1.0000,1600000.0000,180.0000,0.0000,3.0000,25.0000,0.1000,PASS,-0.0454,0.0912,0.1146,0.0698,4118,0,0,PASS,-0.0336,0.0461,0.0567,0.0241,2110,0,0,PASS,-0.0336,0.0461,0.0567,0.0241,2110,0,0,
m1009#1009,REACHABLE,30.0000,1.0000,1600000.0000,180.0000,15.0000,3.0000,10.0000,0.1000,FAIL,-0.1908,0.2977,0.3473,0.1581,-1,0,0,PASS,-0.0270,0.0608,0.1086,0.0901,6510,0,0,PASS,-0.0270,0.0608,0.1086,0.0901,6510,0,0,
m1013#1013,REACHABLE,35.0000,1.0000,1600000.0000,180.0000,15.0000,30.0000,25.0000,0.1000,FAIL,-0.0163,0.1485,0.1667,0.0445,-1,0,0,PASS,0.0613,0.0288,0.0465,0.0345,8238,0,0,PASS,0.0553,0.0258,0.0500,0.0464,8401,0,0,
m1017#1017,REACHABLE,30.0000,1.0000,1600000.0000,180.0000,30.0000,30.0000,10.0000,0.1000,FAIL,-0.0631,0.2232,0.2874,0.2371,-1,0,0,FAIL,-0.1242,0.3188,0.4034,0.2080,-1,0,0,FAIL,-0.0129,0.1453,0.4460,0.4427,-1,0,0,STEADY_MAE
m1021#1021,REACHABLE,35.0000,1.0000,1600000.0000,180.0000,30.0000,8.0000,25.0000,0.1000,FAIL,-0.0797,0.2278,0.2504,0.0622,-1,0,0,FAIL,-0.1018,0.1423,0.1718,0.0705,-1,0,0,FAIL,-0.1018,0.1423,0.1718,0.0705,-1,0,0,STEADY_MAE
m1025#1025,REACHABLE,30.0000,1.0000,1600000.0000,180.0000,60.0000,8.0000,10.0000,0.1000,FAIL,-0.1376,0.2979,0.3848,0.2611,-1,0,0,PASS,0.0715,0.0278,0.0531,0.1121,4943,0,0,PASS,0.0715,0.0278,0.0531,0.1121,4943,0,0,
m1029#1029,REACHABLE,35.0000,1.0000,1600000.0000,180.0000,60.0000,3.0000,25.0000,0.1000,FAIL,0.0428,0.1056,0.1767,0.2201,-1,0,0,PASS,-0.0103,0.0724,0.1120,0.0958,2636,0,0,PASS,-0.0179,0.0724,0.1122,0.0965,2746,0,0,
m1033#1033,REACHABLE,30.0000,1.0000,1600000.0000,180.0000,120.0000,3.0000,10.0000,0.1000,FAIL,-0.2157,0.6809,1.4558,1.3562,-1,0,0,PASS,0.0245,0.0365,0.0737,0.1028,4872,0,0,PASS,0.0274,0.0428,0.0872,0.1215,4482,0,0,
m1037#1037,REACHABLE,35.0000,1.0000,1600000.0000,180.0000,120.0000,30.0000,25.0000,0.1000,FAIL,0.1038,0.1325,0.2526,0.3712,-1,0,0,PASS,-0.0025,0.0692,0.1120,0.0977,6744,0,0,PASS,-0.0103,0.0693,0.1137,0.1030,5090,0,0,
m1041#1041,REACHABLE,30.0000,1.0000,1600000.0000,300.0000,0.0000,30.0000,10.0000,0.1000,FAIL,-0.2327,0.2623,0.2833,0.0521,-1,0,0,PASS,-0.0372,0.0494,0.0526,0.0072,6895,0,0,PASS,-0.0372,0.0494,0.0526,0.0072,6895,0,0,
m1045#1045,REACHABLE,35.0000,1.0000,1600000.0000,300.0000,0.0000,8.0000,25.0000,0.1000,FAIL,-0.1406,0.1714,0.1885,0.0485,-1,0,0,PASS,0.0523,0.0073,0.0112,0.0085,3064,0,0,PASS,0.0521,0.0088,0.0178,0.0233,2170,0,0,
m1049#1049,REACHABLE,30.0000,1.0000,1600000.0000,300.0000,15.0000,8.0000,10.0000,0.1000,FAIL,-0.2066,0.3006,0.3579,0.1526,-1,0,0,PASS,-0.0365,0.0609,0.0817,0.0460,6972,0,0,PASS,-0.0365,0.0609,0.0817,0.0460,6972,0,0,
m1053#1053,REACHABLE,35.0000,1.0000,1600000.0000,300.0000,15.0000,3.0000,25.0000,0.1000,FAIL,-0.1134,0.1928,0.2307,0.1187,-1,0,0,PASS,0.0587,0.0233,0.0498,0.1052,2233,0,0,PASS,0.0587,0.0233,0.0498,0.1052,2233,0,0,
m1057#1057,REACHABLE,30.0000,1.0000,1600000.0000,300.0000,30.0000,3.0000,10.0000,0.1000,FAIL,-0.1614,0.3563,0.4828,0.3272,-1,0,0,PASS,0.0627,0.0341,0.0503,0.0649,5805,0,0,PASS,0.0627,0.0341,0.0503,0.0649,5805,0,0,
m1061#1061,REACHABLE,35.0000,1.0000,1600000.0000,300.0000,30.0000,30.0000,25.0000,0.1000,FAIL,-0.0657,0.1567,0.2144,0.1415,-1,0,0,FAIL,-0.0137,0.1366,0.3403,0.3322,-1,0,0,FAIL,-0.0117,0.1850,0.3456,0.3449,-1,0,0,STEADY_MAE
m1065#1065,REACHABLE,30.0000,1.0000,1600000.0000,300.0000,60.0000,30.0000,10.0000,0.1000,FAIL,-0.4055,0.6857,1.2723,1.0232,-1,0,0,FAIL,-0.4042,0.6515,0.7190,0.1948,-1,0,0,FAIL,-0.0740,0.1289,0.1763,0.1053,-1,0,0,STEADY_MAE
m1069#1069,REACHABLE,35.0000,1.0000,1600000.0000,300.0000,60.0000,8.0000,25.0000,0.1000,FAIL,-0.0860,0.2190,0.2988,0.2061,-1,0,0,PASS,0.0068,0.0427,0.0870,0.0990,4496,0,0,PASS,0.0712,0.0311,0.0525,0.1212,3502,0,0,
m1073#1073,REACHABLE,30.0000,1.0000,1600000.0000,300.0000,120.0000,8.0000,10.0000,0.1000,FAIL,-2.8030,3.4842,4.0735,1.4992,-1,0,0,PASS,0.0225,0.0485,0.0987,0.1338,8701,0,0,PASS,0.0257,0.0435,0.0883,0.1241,6184,0,0,
m1077#1077,REACHABLE,35.0000,1.0000,1600000.0000,300.0000,120.0000,3.0000,25.0000,0.1000,FAIL,-0.1988,0.3591,0.4661,0.2642,-1,0,0,FAIL,-0.0577,0.1143,0.1542,0.0998,-1,0,0,FAIL,-0.0510,0.1180,0.1662,0.1226,-1,0,0,STEADY_MAE
m1081#1081,REACHABLE,30.0000,1.2000,180000.0000,120.0000,0.0000,3.0000,10.0000,0.1000,FAIL,-0.1186,0.2623,0.3853,0.2784,-1,0,0,FAIL,-0.1358,0.1498,0.1558,0.0199,-1,0,0,FAIL,-0.1358,0.1498,0.1558,0.0199,-1,0,0,LEARNER_LOW_CONFIDENCE
m1085#1085,SAFETY_LIMITED,35.0000,1.2000,180000.0000,120.0000,0.0000,30.0000,25.0000,0.1000,FAIL,-0.0168,0.1777,0.2964,0.2496,-1,0,0,PASS,0.0584,0.0128,0.0207,0.0172,1056,0,0,PASS,0.0584,0.0128,0.0207,0.0172,1056,0,0,
m1089#1089,SAFETY_LIMITED,30.0000,1.2000,180000.0000,120.0000,15.0000,30.0000,10.0000,0.1000,FAIL,-0.0945,0.3807,0.6247,0.5384,-1,0,0,PASS,0.0694,0.0455,0.0481,0.0100,1510,0,0,PASS,0.0694,0.0455,0.0481,0.0100,1510,0,0,
m1093#1093,REACHABLE,35.0000,1.2000,180000.0000,120.0000,15.0000,8.0000,25.0000,0.1000,FAIL,0.0921,0.1887,0.3405,0.4396,-1,0,0,PASS,0.0633,0.0370,0.0983,0.1830,1837,0,0,PASS,0.1051,0.0634,0.1215,0.2399,7276,0,0,
m1097#1097,SAFETY_LIMITED,30.0000,1.2000,180000.0000,120.0000,30.0000,8.0000,10.0000,0.1000,FAIL,-1.1242,1.5409,1.8018,0.5539,-1,0,0,PASS,0.0521,0.0063,0.0224,0.0246,1542,0,0,PASS,0.0549,0.0317,0.0488,0.1036,1426,0,0,
m1101#1101,SAFETY_LIMITED,35.0000,1.2000,180000.0000,120.0000,30.0000,3.0000,25.0000,0.1000,FAIL,-0.2668,0.4407,0.5978,0.3466,-1,0,0,FAIL,-0.2668,0.4407,0.5978,0.3466,-1,0,0,FAIL,-0.2668,0.4407,0.5978,0.3466,-1,0,0,LEARNER_LOW_CONFIDENCE
m1105#1105,SAFETY_LIMITED,30.0000,1.2000,180000.0000,120.0000,60.0000,3.0000,10.0000,0.1000,FAIL,-1.0534,1.6787,2.1466,1.1801,-1,0,0,FAIL,-0.0069,0.2903,0.5880,0.5970,-1,0,0,FAIL,-0.0060,0.2928,0.5835,0.5970,-1,0,0,STEADY_MAE
m1109#1109,SAFETY_LIMITED,35.0000,1.2000,180000.0000,120.0000,60.0000,30.0000,25.0000,0.1000,FAIL,0.1372,0.3807,0.6514,0.8197,-1,0,0,FAIL,0.1220,0.3311,0.6455,0.7740,-1,0,0,FAIL,0.0997,0.1532,0.3516,0.4471,-1,0,0,STEADY_MAE
m1113#1113,SAFETY_LIMITED,30.0000,1.2000,180000.0000,120.0000,120.0000,30.0000,10.0000,0.1000,FAIL,-1.6433,2.3803,3.1407,1.5635,-1,0,0,FAIL,-0.7500,0.7527,0.7553,0.0061,-1,0,0,FAIL,-0.1032,1.0298,1.7642,1.5904,-1,0,0,STEADY_MAE
m1117#1117,SAFETY_LIMITED,35.0000,1.2000,180000.0000,120.0000,120.0000,8.0000,25.0000,0.1000,FAIL,0.2601,0.5577,1.0042,1.3712,-1,0,0,FAIL,0.0226,0.0868,0.1846,0.2199,-1,0,0,FAIL,0.0070,0.1274,0.3239,0.3898,-1,0,0,STEADY_MAE
m1121#1121,REACHABLE,30.0000,1.2000,180000.0000,180.0000,0.0000,8.0000,10.0000,0.1000,FAIL,-0.1903,0.4434,0.6492,0.4820,-1,0,0,FAIL,-0.2177,0.2267,0.2327,0.0151,-1,0,0,FAIL,-0.0263,0.1175,0.1292,0.0378,3015,0,0,STEADY_MAE
m1125#1125,REACHABLE,35.0000,1.2000,180000.0000,180.0000,0.0000,3.0000,25.0000,0.1000,FAIL,-0.1263,0.2052,0.2650,0.1481,-1,0,0,FAIL,-0.1322,0.1477,0.1533,0.0170,-1,0,0,FAIL,-0.1322,0.1477,0.1533,0.0170,-1,0,0,LEARNER_LOW_CONFIDENCE
m1129#1129,REACHABLE,30.0000,1.2000,180000.0000,180.0000,15.0000,3.0000,10.0000,0.1000,FAIL,-0.0426,0.3996,0.7603,0.7705,-1,0,0,PASS,0.0557,0.0286,0.0340,0.0181,2958,0,0,PASS,0.0572,0.0006,0.0013,0.0030,3268,0,0,
m1133#1133,SAFETY_LIMITED,35.0000,1.2000,180000.0000,180.0000,15.0000,30.0000,25.0000,0.1000,FAIL,-0.0882,0.3574,0.5713,0.4936,-1,0,0,FAIL,0.0062,0.0864,0.2036,0.2076,-1,0,0,FAIL,0.0062,0.0864,0.2036,0.2076,-1,0,0,SETTLING_TIMEOUT
m1137#1137,SAFETY_LIMITED,30.0000,1.2000,180000.0000,180.0000,30.0000,30.0000,10.0000,0.1000,FAIL,-1.7570,2.0818,2.4342,0.6798,-1,0,0,FAIL,-0.0920,0.4516,1.0751,1.1657,-1,0,0,FAIL,0.1023,0.2400,0.5055,0.6011,-1,0,0,STEADY_MAE
m1141#1141,SAFETY_LIMITED,35.0000,1.2000,180000.0000,180.0000,30.0000,8.0000,25.0000,0.1000,FAIL,-0.5620,0.7690,0.9756,0.4172,-1,0,0,FAIL,-0.5620,0.7690,0.9756,0.4172,-1,0,0,FAIL,-0.5620,0.7690,0.9756,0.4172,-1,0,0,LEARNER_LOW_CONFIDENCE
m1145#1145,SAFETY_LIMITED,30.0000,1.2000,180000.0000,180.0000,60.0000,8.0000,10.0000,0.1000,FAIL,-1.5644,2.2435,3.0226,1.5231,-1,0,0,FAIL,-0.0010,0.6193,1.1805,1.2415,-1,0,0,FAIL,-0.0345,0.3789,0.7136,0.6408,-1,0,0,STEADY_MAE
m1149#1149,SAFETY_LIMITED,35.0000,1.2000,180000.0000,180.0000,60.0000,3.0000,25.0000,0.1000,FAIL,-0.6660,1.0120,1.3512,0.7660,-1,0,0,FAIL,0.0763,0.1439,0.3633,0.5044,-1,0,0,PASS,0.0528,0.0066,0.0156,0.0273,3250,0,0,
m1153#1153,SAFETY_LIMITED,30.0000,1.2000,180000.0000,180.0000,120.0000,3.0000,10.0000,0.1000,FAIL,-1.7601,3.0814,4.3896,2.2580,-1,0,0,FAIL,-0.6198,0.6701,0.7158,0.1173,-1,0,0,FAIL,-0.6145,1.4318,2.3138,1.7338,-1,0,0,STEADY_MAE
m1157#1157,SAFETY_LIMITED,35.0000,1.2000,180000.0000,180.0000,120.0000,30.0000,25.0000,0.1000,FAIL,-0.8004,1.4765,2.0135,1.2654,-1,0,0,FAIL,-0.1267,0.6856,1.1694,0.9947,-1,0,0,FAIL,-0.1466,0.6288,1.1488,1.0051,-1,0,0,STEADY_MAE
m1161#1161,SAFETY_LIMITED,30.0000,1.2000,180000.0000,300.0000,0.0000,30.0000,10.0000,0.1000,FAIL,-1.8882,2.0371,2.1777,0.3147,-1,0,0,PASS,0.0670,0.0001,0.0001,0.0003,1196,0,0,PASS,0.0670,0.0001,0.0001,0.0003,1196,0,0,
m1165#1165,REACHABLE,35.0000,1.2000,180000.0000,300.0000,0.0000,8.0000,25.0000,0.1000,FAIL,-0.1047,0.3112,0.4957,0.4057,-1,0,0,FAIL,-0.1047,0.3112,0.4957,0.4057,-1,0,0,FAIL,-0.1047,0.3112,0.4957,0.4057,-1,0,0,LEARNER_LOW_CONFIDENCE
m1169#1169,REACHABLE,30.0000,1.2000,180000.0000,300.0000,15.0000,8.0000,10.0000,0.1000,FAIL,-1.6232,2.1342,2.5671,0.9647,-1,0,0,FAIL,-1.6233,2.1333,2.5755,0.9528,-1,0,0,FAIL,-1.6232,2.1333,2.5755,0.9528,-1,0,0,LEARNER_LOW_CONFIDENCE
m1173#1173,REACHABLE,35.0000,1.2000,180000.0000,300.0000,15.0000,3.0000,25.0000,0.1000,FAIL,-0.8938,1.6681,1.8927,0.4653,-1,0,0,FAIL,-0.8938,1.6681,1.8927,0.4653,-1,0,0,FAIL,-0.9905,1.6680,1.8927,0.4653,-1,0,0,LEARNER_LOW_CONFIDENCE
m1177#1177,SAFETY_LIMITED,30.0000,1.2000,180000.0000,300.0000,30.0000,3.0000,10.0000,0.1000,FAIL,-1.6172,2.4098,3.1268,1.5617,-1,0,0,FAIL,0.0270,0.3825,0.7446,0.7441,-1,0,0,FAIL,0.0197,0.2666,0.5138,0.4741,-1,0,0,STEADY_MAE
m1181#1181,SAFETY_LIMITED,35.0000,1.2000,180000.0000,300.0000,30.0000,30.0000,25.0000,0.1000,FAIL,-0.1956,0.6107,0.8827,0.6903,-1,0,0,FAIL,0.0841,0.1576,0.3403,0.4416,-1,0,0,FAIL,0.0841,0.1576,0.3403,0.4416,-1,0,0,STEADY_MAE
m1185#1185,SAFETY_LIMITED,30.0000,1.2000,180000.0000,300.0000,60.0000,30.0000,10.0000,0.1000,FAIL,-3.2351,3.9138,4.7649,1.6375,-1,0,0,FAIL,-3.2367,3.9276,4.7574,1.6355,-1,0,0,FAIL,-3.2367,3.9276,4.7574,1.6355,-1,0,0,LEARNER_LOW_CONFIDENCE
m1189#1189,SAFETY_LIMITED,35.0000,1.2000,180000.0000,300.0000,60.0000,8.0000,25.0000,0.1000,FAIL,-1.2889,1.9121,2.4100,1.1784,-1,0,0,FAIL,-0.0920,0.2988,0.5325,0.4696,-1,0,0,FAIL,-0.0951,0.3278,0.5863,0.5491,-1,0,0,STEADY_MAE
m1193#1193,SAFETY_LIMITED,30.0000,1.2000,180000.0000,300.0000,120.0000,8.0000,10.0000,0.1000,FAIL,-3.7213,4.9309,6.8620,3.2689,-1,0,0,FAIL,-1.1096,2.2225,3.7829,2.7043,-1,0,0,FAIL,-1.0796,2.3691,3.7726,2.6698,-1,0,0,STEADY_MAE
m1197#1197,SAFETY_LIMITED,35.0000,1.2000,180000.0000,300.0000,120.0000,3.0000,25.0000,0.1000,FAIL,-1.2698,2.2287,3.2014,1.8325,-1,0,0,FAIL,-0.0825,1.0311,1.8003,1.5722,-1,0,0,FAIL,-0.8178,0.8610,0.8892,0.0781,-1,0,0,STEADY_MAE
m1201#1201,REACHABLE,30.0000,1.2000,600000.0000,120.0000,0.0000,3.0000,10.0000,0.1000,FAIL,-0.1336,0.1634,0.1772,0.0421,-1,0,0,PASS,0.0554,0.0416,0.0457,0.0128,1464,0,0,PASS,0.0554,0.0416,0.0457,0.0128,1464,0,0,
m1205#1205,REACHABLE,35.0000,1.2000,600000.0000,120.0000,0.0000,30.0000,25.0000,0.1000,PASS,-0.0229,0.0858,0.1312,0.1105,1888,0,0,PASS,0.0510,0.0298,0.0489,0.1014,1489,0,0,PASS,0.0508,0.0327,0.0491,0.1010,1489,0,0,
m1209#1209,REACHABLE,30.0000,1.2000,600000.0000,120.0000,15.0000,30.0000,10.0000,0.1000,FAIL,-0.0546,0.1470,0.2193,0.1699,-1,0,0,PASS,0.0661,0.0014,0.0016,0.0012,4135,0,0,PASS,0.0700,0.0244,0.0482,0.0509,2046,0,0,
m1213#1213,REACHABLE,35.0000,1.2000,600000.0000,120.0000,15.0000,8.0000,25.0000,0.1000,PASS,0.0026,0.0917,0.1465,0.1514,1964,0,0,PASS,0.0657,0.0262,0.0515,0.1226,1012,0,0,PASS,0.0648,0.0295,0.0505,0.1131,1012,0,0,
m1217#1217,REACHABLE,30.0000,1.2000,600000.0000,120.0000,30.0000,8.0000,10.0000,0.1000,FAIL,-0.0556,0.2524,0.4005,0.3468,-1,0,0,PASS,0.0770,0.0155,0.0212,0.0141,1655,0,0,PASS,0.0770,0.0155,0.0212,0.0141,1655,0,0,
m1221#1221,REACHABLE,35.0000,1.2000,600000.0000,120.0000,30.0000,3.0000,25.0000,0.1000,FAIL,0.0414,0.0942,0.1635,0.2046,-1,0,0,PASS,0.0739,0.0186,0.0289,0.0234,1118,0,0,PASS,0.0739,0.0186,0.0289,0.0234,1118,0,0,
m1225#1225,REACHABLE,30.0000,1.2000,600000.0000,120.0000,60.0000,3.0000,10.0000,0.1000,FAIL,0.0812,0.2587,0.4984,0.5836,-1,0,0,PASS,0.0806,0.0184,0.0205,0.0077,1877,0,0,PASS,0.0806,0.0184,0.0205,0.0077,1877,0,0,
m1229#1229,REACHABLE,35.0000,1.2000,600000.0000,120.0000,60.0000,30.0000,25.0000,0.1000,FAIL,0.0992,0.1647,0.3346,0.4372,-1,0,0,FAIL,0.2027,0.1072,0.2085,0.3610,-1,0,0,FAIL,0.3432,0.0639,0.1198,0.1458,2793,0,0,STARTUP_OVERSHOOT
m1233#1233,SAFETY_LIMITED,30.0000,1.2000,600000.0000,120.0000,120.0000,30.0000,10.0000,0.1000,FAIL,-0.0043,0.4156,0.6439,0.4715,-1,0,0,FAIL,-0.0300,0.1040,0.1492,0.1274,-1,0,0,FAIL,-0.6737,0.6751,0.6766,0.0031,-1,0,0,STEADY_MAE
m1237#1237,SAFETY_LIMITED,35.0000,1.2000,600000.0000,120.0000,120.0000,8.0000,25.0000,0.1000,FAIL,0.0275,0.2373,0.4109,0.3860,-1,0,0,PASS,0.0810,0.0214,0.0236,0.0064,3171,0,0,PASS,0.0802,0.0345,0.0635,0.1379,3571,0,0,
m1241#1241,REACHABLE,30.0000,1.2000,600000.0000,180.0000,0.0000,8.0000,10.0000,0.1000,FAIL,-0.1213,0.2274,0.2943,0.1743,-1,0,0,PASS,0.0560,0.0245,0.0470,0.1013,1920,0,0,PASS,0.0554,0.0255,0.0474,0.0658,1920,0,0,
m1245#1245,REACHABLE,35.0000,1.2000,600000.0000,180.0000,0.0000,3.0000,25.0000,0.1000,FAIL,-0.1180,0.2035,0.2416,0.1247,-1,0,0,FAIL,-0.0212,0.1017,0.1056,0.0101,2039,0,0,FAIL,-0.0212,0.1017,0.1056,0.0101,2039,0,0,STEADY_MAE
m1249#1249,REACHABLE,30.0000,1.2000,600000.0000,180.0000,15.0000,3.0000,10.0000,0.1000,FAIL,-0.1034,0.3137,0.4431,0.3365,-1,0,0,PASS,0.0634,0.0033,0.0042,0.0026,1532,0,0,PASS,0.0634,0.0033,0.0042,0.0026,1532,0,0,
m1253#1253,REACHABLE,35.0000,1.2000,600000.0000,180.0000,15.0000,30.0000,25.0000,0.1000,FAIL,0.0165,0.1261,0.2327,0.2510,-1,0,0,PASS,0.0737,0.0275,0.0494,0.1021,1858,0,0,PASS,0.0731,0.0222,0.0245,0.0069,1858,0,0,
m1257#1257,REACHABLE,30.0000,1.2000,600000.0000,180.0000,30.0000,30.0000,10.0000,0.1000,FAIL,-0.0027,0.3377,0.6064,0.6086,-1,0,0,FAIL,-0.0176,0.5134,0.7622,0.5450,-1,0,0,PASS,0.0788,0.0126,0.0194,0.0161,2624,0,0,
m1261#1261,REACHABLE,35.0000,1.2000,600000.0000,180.0000,30.0000,8.0000,25.0000,0.1000,FAIL,0.0115,0.1520,0.2497,0.2624,-1,0,0,PASS,0.0751,0.0367,0.0391,0.0052,1449,0,0,PASS,0.0769,0.0110,0.0116,0.0019,1440,0,0,
m1265#1265,REACHABLE,30.0000,1.2000,600000.0000,180.0000,60.0000,8.0000,10.0000,0.1000,FAIL,-0.0861,0.4478,0.7221,0.6426,-1,0,0,PASS,0.0872,0.0362,0.0737,0.1486,2202,0,0,PASS,0.0872,0.0362,0.0737,0.1486,2202,0,0,
m1269#1269,REACHABLE,35.0000,1.2000,600000.0000,180.0000,60.0000,3.0000,25.0000,0.1000,FAIL,0.0932,0.2162,0.3971,0.4932,-1,0,0,PASS,0.0823,0.0309,0.0498,0.0596,1621,0,0,PASS,0.0810,0.0338,0.0375,0.0082,1809,0,0,
m1273#1273,SAFETY_LIMITED,30.0000,1.2000,600000.0000,180.0000,120.0000,3.0000,10.0000,0.1000,FAIL,-0.4246,1.5380,2.3136,1.9849,-1,0,0,FAIL,0.0812,0.0523,0.1540,0.2435,-1,0,0,FAIL,0.0868,0.0462,0.1317,0.2374,-1,0,0,SETTLING_TIMEOUT
m1277#1277,SAFETY_LIMITED,35.0000,1.2000,600000.0000,180.0000,120.0000,30.0000,25.0000,0.1000,FAIL,-0.0828,0.3255,0.5064,0.3944,-1,0,0,FAIL,-0.6203,0.6518,0.6701,0.0373,-1,0,0,FAIL,0.0380,0.2272,0.4266,0.4573,-1,0,0,STEADY_MAE
m1281#1281,REACHABLE,30.0000,1.2000,600000.0000,300.0000,0.0000,30.0000,10.0000,0.1000,FAIL,-0.1201,0.2744,0.4814,0.3678,-1,0,0,FAIL,-0.0738,0.3227,0.6023,0.4732,-1,0,0,PASS,0.0570,0.0417,0.0456,0.0087,2519,0,0,
m1285#1285,REACHABLE,35.0000,1.2000,600000.0000,300.0000,0.0000,8.0000,25.0000,0.1000,FAIL,-0.1254,0.1825,0.2143,0.0908,-1,0,0,PASS,0.0515,0.0150,0.0201,0.0127,2294,0,0,PASS,0.0515,0.0150,0.0201,0.0127,2294,0,0,
m1289#1289,REACHABLE,30.0000,1.2000,600000.0000,300.0000,15.0000,8.0000,10.0000,0.1000,FAIL,-2.2569,2.4167,2.5590,0.3333,-1,0,0,PASS,-0.0143,0.0803,0.0922,0.0349,2736,0,0,PASS,-0.0177,0.0955,0.1038,0.0200,2382,0,0,
m1293#1293,REACHABLE,35.0000,1.2000,600000.0000,300.0000,15.0000,3.0000,25.0000,0.1000,FAIL,-0.0999,0.2433,0.3250,0.2082,-1,0,0,PASS,0.0583,0.0438,0.0446,0.0026,1818,0,0,PASS,0.0583,0.0438,0.0446,0.0026,1818,0,0,
m1297#1297,REACHABLE,30.0000,1.2000,600000.0000,300.0000,30.0000,3.0000,10.0000,0.1000,FAIL,-2.4524,2.6858,2.9079,0.4638,-1,0,0,PASS,0.0728,0.0248,0.0499,0.1225,2185,0,0,PASS,0.0687,0.0280,0.0290,0.0029,2185,0,0,
m1301#1301,REACHABLE,35.0000,1.2000,600000.0000,300.0000,30.0000,30.0000,25.0000,0.1000,FAIL,-0.0801,0.3668,0.5938,0.5186,-1,0,0,FAIL,-0.2765,0.4945,0.6478,0.3691,-1,0,0,PASS,0.0081,0.0834,0.0858,0.0055,3648,0,0,
m1305#1305,REACHABLE,30.0000,1.2000,600000.0000,300.0000,60.0000,30.0000,10.0000,0.1000,FAIL,-4.1199,4.3455,4.6120,0.5106,-1,0,0,FAIL,-0.6300,0.6502,0.6700,0.0404,-1,0,0,FAIL,-0.6300,0.6502,0.6700,0.0404,-1,0,0,STEADY_MAE
m1309#1309,REACHABLE,35.0000,1.2000,600000.0000,300.0000,60.0000,8.0000,25.0000,0.1000,FAIL,0.0560,0.3277,0.6036,0.6645,-1,0,0,PASS,0.0746,0.0248,0.0263,0.0041,1947,0,0,PASS,0.0794,0.0355,0.0391,0.0067,1733,0,0,
m1313#1313,SAFETY_LIMITED,30.0000,1.2000,600000.0000,300.0000,120.0000,8.0000,10.0000,0.1000,FAIL,-5.2341,5.6362,6.1533,0.9551,-1,0,0,FAIL,0.0407,0.1166,0.2373,0.2922,-1,0,0,FAIL,0.0411,0.1029,0.2383,0.2949,-1,0,0,STEADY_MAE
m1317#1317,SAFETY_LIMITED,35.0000,1.2000,600000.0000,300.0000,120.0000,3.0000,25.0000,0.1000,FAIL,-0.2394,0.4401,0.6279,0.4006,-1,0,0,PASS,0.0794,0.0409,0.1031,0.1969,4088,0,0,PASS,0.0859,0.0395,0.0999,0.2017,4583,0,0,
m1321#1321,REACHABLE,30.0000,1.2000,1600000.0000,120.0000,0.0000,3.0000,10.0000,0.1000,FAIL,-0.1394,0.1550,0.1603,0.0161,-1,0,0,PASS,0.0534,0.0379,0.0488,0.0244,4999,0,0,PASS,0.0534,0.0379,0.0488,0.0244,4999,0,0,
m1325#1325,REACHABLE,35.0000,1.2000,1600000.0000,120.0000,0.0000,30.0000,25.0000,0.1000,PASS,-0.0297,0.0638,0.0808,0.0423,3152,0,0,PASS,0.0557,0.0114,0.0240,0.0445,2052,0,0,PASS,0.0545,0.0267,0.0371,0.0241,2052,0,0,
m1329#1329,REACHABLE,30.0000,1.2000,1600000.0000,120.0000,15.0000,30.0000,10.0000,0.1000,FAIL,-0.0899,0.1508,0.1771,0.0658,-1,0,0,PASS,0.0648,0.0307,0.0554,0.1179,5044,0,0,PASS,0.0648,0.0310,0.0555,0.1182,5044,0,0,
m1333#1333,REACHABLE,35.0000,1.2000,1600000.0000,120.0000,15.0000,8.0000,25.0000,0.1000,PASS,-0.0194,0.0661,0.0867,0.0573,3185,0,0,PASS,-0.0216,0.0485,0.0681,0.0475,1970,0,0,PASS,-0.0217,0.0485,0.0682,0.0475,1970,0,0,
m1337#1337,REACHABLE,30.0000,1.2000,1600000.0000,120.0000,30.0000,8.0000,10.0000,0.1000,FAIL,-0.0892,0.1495,0.1850,0.0929,-1,0,0,PASS,-0.0181,0.0600,0.0948,0.0789,3721,0,0,PASS,-0.0227,0.0740,0.1046,0.0818,3721,0,0,
m1341#1341,REACHABLE,35.0000,1.2000,1600000.0000,120.0000,30.0000,3.0000,25.0000,0.1000,PASS,-0.0048,0.0640,0.0939,0.0831,3383,0,0,PASS,-0.0250,0.0553,0.0768,0.0518,2082,0,0,PASS,-0.0211,0.0554,0.0769,0.0529,2082,0,0,
m1345#1345,REACHABLE,30.0000,1.2000,1600000.0000,120.0000,60.0000,3.0000,10.0000,0.1000,FAIL,-0.0817,0.2124,0.2937,0.2079,-1,0,0,FAIL,-0.0808,0.1400,0.1819,0.1010,-1,0,0,FAIL,-0.0823,0.1398,0.1810,0.1053,-1,0,0,STEADY_MAE
m1349#1349,REACHABLE,35.0000,1.2000,1600000.0000,120.0000,60.0000,30.0000,25.0000,0.1000,PASS,0.0774,0.0698,0.1318,0.1878,4071,0,0,PASS,0.1097,0.0582,0.0832,0.0628,3255,0,0,PASS,0.1708,0.0577,0.0838,0.0629,4176,0,0,
m1353#1353,REACHABLE,30.0000,1.2000,1600000.0000,120.0000,120.0000,30.0000,10.0000,0.1000,FAIL,0.0767,0.1661,0.3375,0.4183,-1,0,0,FAIL,-0.0866,0.3500,0.5411,0.4771,-1,0,0,PASS,0.0127,0.0817,0.1348,0.1316,5533,0,0,
m1357#1357,REACHABLE,35.0000,1.2000,1600000.0000,120.0000,120.0000,8.0000,25.0000,0.1000,FAIL,0.0843,0.1612,0.2424,0.1836,-1,0,0,FAIL,-0.0909,0.1367,0.1677,0.0757,-1,0,0,FAIL,-0.0864,0.1380,0.1656,0.0770,-1,0,0,STEADY_MAE
m1361#1361,REACHABLE,30.0000,1.2000,1600000.0000,180.0000,0.0000,8.0000,10.0000,0.1000,FAIL,-0.1355,0.1764,0.1976,0.0598,-1,0,0,PASS,0.0539,0.0304,0.0483,0.0574,5428,0,0,PASS,0.0539,0.0304,0.0483,0.0574,5428,0,0,
m1365#1365,REACHABLE,35.0000,1.2000,1600000.0000,180.0000,0.0000,3.0000,25.0000,0.1000,PASS,-0.0439,0.0836,0.1023,0.0587,3335,0,0,PASS,-0.0304,0.0450,0.0573,0.0279,2111,0,0,PASS,-0.0306,0.0451,0.0574,0.0281,2111,0,0,
m1369#1369,REACHABLE,30.0000,1.2000,1600000.0000,180.0000,15.0000,3.0000,10.0000,0.1000,FAIL,-0.1077,0.2015,0.2475,0.1417,-1,0,0,PASS,0.0595,0.0224,0.0350,0.0287,3634,0,0,PASS,0.0592,0.0400,0.0502,0.0335,3634,0,0,
m1373#1373,REACHABLE,35.0000,1.2000,1600000.0000,180.0000,15.0000,30.0000,25.0000,0.1000,PASS,-0.0066,0.0834,0.1393,0.1304,3730,0,0,PASS,-0.0238,0.0614,0.0859,0.0606,2197,0,0,PASS,-0.0251,0.0613,0.0859,0.0607,2197,0,0,
m1377#1377,REACHABLE,30.0000,1.2000,1600000.0000,180.0000,30.0000,30.0000,10.0000,0.1000,FAIL,-0.0526,0.1557,0.2293,0.1791,-1,0,0,FAIL,0.0694,0.2291,0.4016,0.4773,-1,0,0,PASS,0.0736,0.0366,0.0651,0.0765,8456,0,0,
m1381#1381,REACHABLE,35.0000,1.2000,1600000.0000,180.0000,30.0000,8.0000,25.0000,0.1000,PASS,0.0027,0.0877,0.1402,0.1434,3803,0,0,PASS,-0.0234,0.0649,0.0944,0.0718,2098,0,0,PASS,-0.0211,0.0659,0.0948,0.0725,2098,0,0,
m1385#1385,REACHABLE,30.0000,1.2000,1600000.0000,180.0000,60.0000,8.0000,10.0000,0.1000,FAIL,-0.0530,0.2159,0.3126,0.2654,-1,0,0,PASS,0.0737,0.0272,0.0496,0.0713,4682,0,0,PASS,0.0696,0.0235,0.0496,0.0745,4122,0,0,
m1389#1389,REACHABLE,35.0000,1.2000,1600000.0000,180.0000,60.0000,3.0000,25.0000,0.1000,FAIL,0.0491,0.0929,0.1667,0.2144,-1,0,0,PASS,-0.0146,0.0720,0.1134,0.1026,2356,0,0,PASS,-0.0130,0.0718,0.1137,0.1009,2413,0,0,
m1393#1393,REACHABLE,30.0000,1.2000,1600000.0000,180.0000,120.0000,3.0000,10.0000,0.1000,FAIL,-0.1896,0.3640,0.5121,0.3301,-1,0,0,PASS,0.0248,0.0378,0.0751,0.1042,5239,0,0,PASS,0.0249,0.0388,0.0765,0.1042,4036,0,0,
m1397#1397,REACHABLE,35.0000,1.2000,1600000.0000,180.0000,120.0000,30.0000,25.0000,0.1000,FAIL,0.1511,0.1241,0.2381,0.2504,-1,0,0,PASS,0.0015,0.0678,0.1071,0.0978,6142,0,0,PASS,-0.0062,0.0691,0.1086,0.0995,5020,0,0,
m1401#1401,REACHABLE,30.0000,1.2000,1600000.0000,300.0000,0.0000,30.0000,10.0000,0.1000,FAIL,-0.3020,0.3339,0.3479,0.0316,-1,0,0,FAIL,-0.1199,0.1294,0.1340,0.0108,6159,0,0,FAIL,-0.1199,0.1294,0.1340,0.0108,6159,0,0,LEARNER_LOW_CONFIDENCE
m1405#1405,REACHABLE,35.0000,1.2000,1600000.0000,300.0000,0.0000,8.0000,25.0000,0.1000,FAIL,-0.1347,0.1619,0.1744,0.0346,-1,0,0,PASS,0.0523,0.0029,0.0065,0.0085,2892,0,0,PASS,0.0522,0.0214,0.0282,0.0152,2145,0,0,
m1409#1409,REACHABLE,30.0000,1.2000,1600000.0000,300.0000,15.0000,8.0000,10.0000,0.1000,FAIL,-0.2010,0.2628,0.2974,0.0948,-1,0,0,PASS,0.0596,0.0226,0.0263,0.0079,4462,0,0,PASS,0.0596,0.0226,0.0263,0.0079,4462,0,0,
m1413#1413,REACHABLE,35.0000,1.2000,1600000.0000,300.0000,15.0000,3.0000,25.0000,0.1000,FAIL,-0.1942,0.2587,0.2927,0.0991,-1,0,0,PASS,-0.0212,0.0658,0.1264,0.1114,5637,0,0,PASS,-0.0207,0.0832,0.1294,0.1151,8312,0,0,
m1417#1417,REACHABLE,30.0000,1.2000,1600000.0000,300.0000,30.0000,3.0000,10.0000,0.1000,FAIL,-0.1661,0.3617,0.4522,0.2315,-1,0,0,PASS,0.0626,0.0254,0.0295,0.0088,4175,0,0,PASS,0.0626,0.0254,0.0295,0.0088,4175,0,0,
m1421#1421,REACHABLE,35.0000,1.2000,1600000.0000,300.0000,30.0000,30.0000,25.0000,0.1000,FAIL,-0.0524,0.1476,0.1953,0.1210,-1,0,0,PASS,-0.0098,0.0705,0.1253,0.1212,5037,0,0,PASS,-0.0139,0.0742,0.1160,0.1110,4134,0,0,
m1425#1425,REACHABLE,30.0000,1.2000,1600000.0000,300.0000,60.0000,30.0000,10.0000,0.1000,FAIL,-0.3061,0.4303,0.5401,0.2400,-1,0,0,FAIL,-0.1047,0.4480,0.8944,0.8017,-1,0,0,PASS,0.0136,0.0421,0.0798,0.0926,5371,0,0,
m1429#1429,REACHABLE,35.0000,1.2000,1600000.0000,300.0000,60.0000,8.0000,25.0000,0.1000,FAIL,-0.0785,0.2099,0.2838,0.2008,-1,0,0,PASS,0.0709,0.0233,0.0279,0.0112,3497,0,0,PASS,0.0703,0.0297,0.0696,0.1546,3060,0,0,
m1433#1433,REACHABLE,30.0000,1.2000,1600000.0000,300.0000,120.0000,8.0000,10.0000,0.1000,FAIL,-1.8843,2.5199,3.0714,1.3965,-1,0,0,PASS,0.0242,0.0375,0.0755,0.1033,7395,0,0,PASS,0.0796,0.0334,0.0753,0.1641,5517,0,0,
m1437#1437,REACHABLE,35.0000,1.2000,1600000.0000,300.0000,120.0000,3.0000,25.0000,0.1000,FAIL,-0.0021,0.2489,0.3546,0.3590,-1,0,0,PASS,0.0241,0.0369,0.0745,0.1010,3946,0,0,PASS,0.0219,0.0365,0.0735,0.0974,2920,0,0,
m1441#1441,REACHABLE,30.0000,1.5000,180000.0000,120.0000,0.0000,3.0000,10.0000,0.1000,FAIL,-0.0386,0.2413,0.3539,0.2530,-1,0,0,PASS,0.0601,0.0259,0.0490,0.1079,1672,0,0,PASS,0.0579,0.0016,0.0038,0.0082,1763,0,0,
m1445#1445,SAFETY_LIMITED,35.0000,1.5000,180000.0000,120.0000,0.0000,30.0000,25.0000,0.1000,FAIL,-0.0087,0.1634,0.2735,0.2254,-1,0,0,PASS,0.0750,0.0098,0.0173,0.0216,808,0,0,PASS,-0.0186,0.0451,0.0529,0.0168,1839,0,0,
m1449#1449,SAFETY_LIMITED,30.0000,1.5000,180000.0000,120.0000,15.0000,30.0000,10.0000,0.1000,FAIL,-0.0234,0.3773,0.5783,0.5854,-1,0,0,PASS,0.0593,0.0007,0.0012,0.0011,1179,0,0,PASS,0.0583,0.0033,0.0052,0.0040,1296,0,0,
m1453#1453,SAFETY_LIMITED,35.0000,1.5000,180000.0000,120.0000,15.0000,8.0000,25.0000,0.1000,FAIL,0.1141,0.1718,0.3189,0.4082,-1,0,0,PASS,0.0703,0.0478,0.0728,0.0596,2391,0,0,FAIL,0.0748,0.1453,0.1710,0.0590,-1,0,0,STEADY_MAE
m1457#1457,SAFETY_LIMITED,30.0000,1.5000,180000.0000,120.0000,30.0000,8.0000,10.0000,0.1000,FAIL,-0.6912,0.9627,1.2259,0.5393,-1,0,0,PASS,-0.0251,0.0616,0.0990,0.1081,2531,0,0,FAIL,-0.0489,0.1118,0.1133,0.0045,2645,0,0,STEADY_MAE
m1461#1461,SAFETY_LIMITED,35.0000,1.5000,180000.0000,120.0000,30.0000,3.0000,25.0000,0.1000,FAIL,0.0294,0.2508,0.4195,0.4206,-1,0,0,FAIL,0.0125,0.2498,0.4162,0.4323,-1,0,0,FAIL,-0.0100,0.2436,0.4120,0.4134,-1,0,0,LEARNER_LOW_CONFIDENCE
m1465#1465,SAFETY_LIMITED,30.0000,1.5000,180000.0000,120.0000,60.0000,3.0000,10.0000,0.1000,FAIL,-0.0465,1.1619,1.6172,0.9702,-1,0,0,FAIL,-0.0055,0.2843,0.5947,0.6260,-1,0,0,FAIL,-0.0062,0.3143,0.6491,0.6929,-1,0,0,STEADY_MAE
m1469#1469,SAFETY_LIMITED,35.0000,1.5000,180000.0000,120.0000,60.0000,30.0000,25.0000,0.1000,FAIL,0.1738,0.4229,0.7111,0.9149,-1,0,0,FAIL,0.1738,0.4229,0.7111,0.9149,-1,0,0,FAIL,-0.0209,0.3973,0.6853,0.6987,-1,0,0,LEARNER_LOW_CONFIDENCE
m1473#1473,SAFETY_LIMITED,30.0000,1.5000,180000.0000,120.0000,120.0000,30.0000,10.0000,0.1000,FAIL,-1.2679,1.9463,2.6638,1.4221,-1,0,0,FAIL,-1.2126,1.2474,1.2710,0.0617,-1,0,0,FAIL,-0.3456,0.9206,1.5074,1.1859,-1,0,0,STEADY_MAE
m1477#1477,SAFETY_LIMITED,35.0000,1.5000,180000.0000,120.0000,120.0000,8.0000,25.0000,0.1000,FAIL,0.6867,0.4318,0.9630,1.0931,-1,0,0,FAIL,0.6867,0.5650,0.9769,1.3202,-1,0,0,FAIL,0.3267,0.5391,1.0078,1.4616,-1,0,0,STARTUP_OVERSHOOT
m1481#1481,REACHABLE,30.0000,1.5000,180000.0000,180.0000,0.0000,8.0000,10.0000,0.1000,FAIL,-0.0961,0.3335,0.5270,0.4493,-1,0,0,PASS,0.0528,0.0256,0.0479,0.1029,2385,0,0,FAIL,-0.1363,0.1470,0.1539,0.0184,-1,0,0,STEADY_MAE
m1485#1485,REACHABLE,35.0000,1.5000,180000.0000,180.0000,0.0000,3.0000,25.0000,0.1000,FAIL,-0.0233,0.1445,0.2418,0.2192,-1,0,0,FAIL,-0.0241,0.1225,0.1834,0.1706,-1,0,0,FAIL,-0.1180,0.1515,0.1595,0.0228,-1,0,0,LEARNER_LOW_CONFIDENCE
m1489#1489,REACHABLE,30.0000,1.5000,180000.0000,180.0000,15.0000,3.0000,10.0000,0.1000,FAIL,-0.5991,1.6089,2.1896,1.7957,-1,0,0,FAIL,-0.3999,1.8103,2.4385,2.1952,-1,0,0,PASS,0.0313,0.0274,0.0894,0.1518,8961,0,0,
m1493#1493,SAFETY_LIMITED,35.0000,1.5000,180000.0000,180.0000,15.0000,30.0000,25.0000,0.1000,FAIL,-0.0167,0.2857,0.4665,0.4359,-1,0,0,FAIL,-0.0167,0.2857,0.4665,0.4359,-1,0,0,FAIL,-0.0167,0.2857,0.4665,0.4359,-1,0,0,LEARNER_LOW_CONFIDENCE
m1497#1497,SAFETY_LIMITED,30.0000,1.5000,180000.0000,180.0000,30.0000,30.0000,10.0000,0.1000,FAIL,-1.3167,1.8202,2.1128,0.6435,-1,0,0,FAIL,-0.6130,0.6409,0.6629,0.0454,-1,0,0,FAIL,-0.6234,0.6509,0.6714,0.0428,-1,0,0,STEADY_MAE
m1501#1501,SAFETY_LIMITED,35.0000,1.5000,180000.0000,180.0000,30.0000,8.0000,25.0000,0.1000,FAIL,-0.2111,0.5575,0.7899,0.5211,-1,0,0,FAIL,-0.1935,0.5997,0.8658,0.5605,-1,0,0,FAIL,-0.3377,0.6194,0.8762,0.5896,-1,0,0,LEARNER_LOW_CONFIDENCE
m1505#1505,SAFETY_LIMITED,30.0000,1.5000,180000.0000,180.0000,60.0000,8.0000,10.0000,0.1000,FAIL,-0.5666,1.8516,2.4552,1.4431,-1,0,0,FAIL,-0.0751,0.6657,1.2537,1.2159,-1,0,0,FAIL,-0.0798,0.7206,1.3281,1.2423,-1,0,0,STEADY_MAE
m1509#1509,SAFETY_LIMITED,35.0000,1.5000,180000.0000,180.0000,60.0000,3.0000,25.0000,0.1000,FAIL,-0.3747,0.7148,1.0861,0.7382,-1,0,0,FAIL,-0.3747,0.7148,1.0861,0.7382,-1,0,0,FAIL,-0.3731,0.7148,1.0880,0.7382,-1,0,0,LEARNER_LOW_CONFIDENCE
m1513#1513,SAFETY_LIMITED,30.0000,1.5000,180000.0000,180.0000,120.0000,3.0000,10.0000,0.1000,FAIL,-1.4861,2.5474,3.8507,2.4253,-1,0,0,FAIL,-0.5071,1.2719,2.2412,1.7725,-1,0,0,FAIL,-0.6888,1.5036,2.3867,1.7328,-1,0,0,STEADY_MAE
m1517#1517,SAFETY_LIMITED,35.0000,1.5000,180000.0000,180.0000,120.0000,30.0000,25.0000,0.1000,FAIL,0.2260,0.7389,1.3639,1.6321,-1,0,0,FAIL,-0.0461,0.4337,0.8699,0.8469,-1,0,0,FAIL,-0.1082,0.4404,0.7285,0.5544,-1,0,0,STEADY_MAE
m1521#1521,SAFETY_LIMITED,30.0000,1.5000,180000.0000,300.0000,0.0000,30.0000,10.0000,0.1000,FAIL,-1.6769,1.9304,2.1160,0.4430,-1,0,0,FAIL,-1.6509,1.9253,2.1382,0.4717,-1,0,0,PASS,0.0557,0.0004,0.0011,0.0014,4691,0,0,
m1525#1525,REACHABLE,35.0000,1.5000,180000.0000,300.0000,0.0000,8.0000,25.0000,0.1000,FAIL,-0.1747,0.3773,0.5244,0.3295,-1,0,0,FAIL,-0.1016,0.3168,0.4004,0.2275,-1,0,0,PASS,-0.0093,0.0754,0.0770,0.0052,5869,0,0,
m1529#1529,SAFETY_LIMITED,30.0000,1.5000,180000.0000,300.0000,15.0000,8.0000,10.0000,0.1000,FAIL,-1.1912,1.8595,2.3101,1.0122,-1,0,0,FAIL,-1.1912,1.8595,2.3101,1.0122,-1,0,0,FAIL,-1.4858,2.0075,2.5197,1.0293,-1,0,0,LEARNER_LOW_CONFIDENCE
m1533#1533,REACHABLE,35.0000,1.5000,180000.0000,300.0000,15.0000,3.0000,25.0000,0.1000,FAIL,-0.7478,1.0529,1.2852,0.5182,-1,0,0,FAIL,-0.7478,1.0529,1.2852,0.5182,-1,0,0,FAIL,-0.7928,1.0475,1.2835,0.5182,-1,0,0,LEARNER_LOW_CONFIDENCE
m1537#1537,SAFETY_LIMITED,30.0000,1.5000,180000.0000,300.0000,30.0000,3.0000,10.0000,0.1000,FAIL,-0.9029,1.9959,2.6865,1.6097,-1,0,0,FAIL,0.0885,0.2872,0.8458,1.1321,-1,0,0,FAIL,-1.1336,2.2450,2.9702,1.6344,-1,0,0,LEARNER_LOW_CONFIDENCE
m1541#1541,SAFETY_LIMITED,35.0000,1.5000,180000.0000,300.0000,30.0000,30.0000,25.0000,0.1000,FAIL,-1.0545,1.4288,1.6336,0.4421,-1,0,0,FAIL,-1.0581,1.4288,1.6336,0.4421,-1,0,0,FAIL,-1.0581,1.4288,1.6336,0.4421,-1,0,0,LEARNER_LOW_CONFIDENCE
m1545#1545,SAFETY_LIMITED,30.0000,1.5000,180000.0000,300.0000,60.0000,30.0000,10.0000,0.1000,FAIL,-2.3521,3.1058,3.9770,1.7399,-1,0,0,FAIL,-2.3521,3.0943,3.9615,1.7385,-1,0,0,FAIL,-2.7295,3.4113,4.3118,1.6345,-1,0,0,LEARNER_LOW_CONFIDENCE
m1549#1549,SAFETY_LIMITED,35.0000,1.5000,180000.0000,300.0000,60.0000,8.0000,25.0000,0.1000,FAIL,-0.6354,1.5164,1.9955,1.1334,-1,0,0,FAIL,-0.0058,0.1965,0.4224,0.4907,-1,0,0,FAIL,0.0000,0.1744,0.4018,0.4094,-1,0,0,STEADY_MAE
m1553#1553,SAFETY_LIMITED,30.0000,1.5000,180000.0000,300.0000,120.0000,8.0000,10.0000,0.1000,FAIL,-2.5904,3.9194,5.9538,3.5364,-1,0,0,FAIL,-0.9795,2.2875,3.6996,2.6539,-1,0,0,FAIL,-1.0432,2.2816,3.7669,2.6674,-1,0,0,STEADY_MAE
m1557#1557,SAFETY_LIMITED,35.0000,1.5000,180000.0000,300.0000,120.0000,3.0000,25.0000,0.1000,FAIL,0.2832,1.8745,2.7671,1.8500,-1,0,0,FAIL,0.2832,0.6909,1.1547,0.9112,-1,0,0,FAIL,-0.0741,0.9828,1.6950,1.3923,-1,0,0,STEADY_MAE
m1561#1561,REACHABLE,30.0000,1.5000,600000.0000,120.0000,0.0000,3.0000,10.0000,0.1000,FAIL,-0.0384,0.1353,0.1856,0.1508,-1,0,0,PASS,0.0564,0.0107,0.0126,0.0049,1270,0,0,PASS,0.0564,0.0107,0.0126,0.0049,1270,0,0,
m1565#1565,REACHABLE,35.0000,1.5000,600000.0000,120.0000,0.0000,30.0000,25.0000,0.1000,PASS,-0.0168,0.0754,0.1176,0.0995,1551,0,0,PASS,-0.0017,0.0469,0.0772,0.0754,1269,0,0,PASS,-0.0030,0.0474,0.0771,0.0740,1269,0,0,
m1569#1569,REACHABLE,30.0000,1.5000,600000.0000,120.0000,15.0000,30.0000,10.0000,0.1000,FAIL,-0.1084,0.2156,0.2710,0.1282,-1,0,0,PASS,-0.0053,0.0928,0.1022,0.0220,4539,0,0,PASS,-0.0039,0.0408,0.0546,0.0282,2342,0,0,
m1573#1573,REACHABLE,35.0000,1.5000,600000.0000,120.0000,15.0000,8.0000,25.0000,0.1000,PASS,0.0092,0.0805,0.1343,0.1459,1565,0,0,PASS,0.0615,0.0040,0.0048,0.0023,1121,0,0,PASS,0.0615,0.0040,0.0048,0.0023,1121,0,0,
m1577#1577,REACHABLE,30.0000,1.5000,600000.0000,120.0000,30.0000,8.0000,10.0000,0.1000,FAIL,-0.0034,0.2255,0.3757,0.3754,-1,0,0,PASS,0.0811,0.0344,0.0366,0.0071,1665,0,0,PASS,0.0823,0.0213,0.0249,0.0080,1665,0,0,
m1581#1581,REACHABLE,35.0000,1.5000,600000.0000,120.0000,30.0000,3.0000,25.0000,0.1000,FAIL,-0.0313,0.1642,0.2325,0.2054,-1,0,0,PASS,-0.0021,0.0755,0.1299,0.1156,1452,0,0,PASS,-0.0021,0.0755,0.1299,0.1156,1452,0,0,
m1585#1585,REACHABLE,30.0000,1.5000,600000.0000,120.0000,60.0000,3.0000,10.0000,0.1000,FAIL,0.0804,0.2501,0.4761,0.5612,-1,0,0,PASS,0.0843,0.0314,0.0631,0.1492,1563,0,0,PASS,0.0843,0.0314,0.0631,0.1492,1563,0,0,
m1589#1589,SAFETY_LIMITED,35.0000,1.5000,600000.0000,120.0000,60.0000,30.0000,25.0000,0.1000,FAIL,0.2175,0.1510,0.3065,0.5244,-1,0,0,FAIL,0.3454,0.0546,0.1105,0.1420,3292,0,0,FAIL,0.3695,0.0544,0.1132,0.1459,6100,0,0,STARTUP_OVERSHOOT
m1593#1593,SAFETY_LIMITED,30.0000,1.5000,600000.0000,120.0000,120.0000,30.0000,10.0000,0.1000,FAIL,-0.2136,0.4832,0.7156,0.4994,-1,0,0,PASS,0.0636,0.0564,0.1339,0.2085,8956,0,0,FAIL,0.0373,0.0996,0.2025,0.2484,-1,0,0,SETTLING_TIMEOUT
m1597#1597,SAFETY_LIMITED,35.0000,1.5000,600000.0000,120.0000,120.0000,8.0000,25.0000,0.1000,FAIL,-0.2907,0.4386,0.5361,0.2624,-1,0,0,PASS,0.0534,0.0409,0.0755,0.1307,3301,0,0,PASS,0.0731,0.0486,0.1017,0.1912,3167,0,0,
m1601#1601,REACHABLE,30.0000,1.5000,600000.0000,180.0000,0.0000,8.0000,10.0000,0.1000,FAIL,-0.1122,0.1849,0.2215,0.1026,-1,0,0,PASS,0.0561,0.0054,0.0068,0.0033,1403,0,0,PASS,0.0552,0.0067,0.0084,0.0038,1403,0,0,
m1605#1605,REACHABLE,35.0000,1.5000,600000.0000,180.0000,0.0000,3.0000,25.0000,0.1000,FAIL,-0.0373,0.1109,0.1516,0.1163,-1,0,0,PASS,0.0581,0.0261,0.0471,0.1021,1554,0,0,PASS,0.0581,0.0261,0.0471,0.1021,1554,0,0,
m1609#1609,REACHABLE,30.0000,1.5000,600000.0000,180.0000,15.0000,3.0000,10.0000,0.1000,FAIL,-0.1057,0.2923,0.4107,0.2985,-1,0,0,PASS,0.0678,0.0034,0.0045,0.0028,1315,0,0,PASS,0.0699,0.0029,0.0040,0.0027,1315,0,0,
m1613#1613,REACHABLE,35.0000,1.5000,600000.0000,180.0000,15.0000,30.0000,25.0000,0.1000,FAIL,0.0277,0.1147,0.2066,0.2329,-1,0,0,PASS,0.0641,0.0253,0.0493,0.0911,1386,0,0,PASS,0.0708,0.0315,0.0503,0.1129,1386,0,0,
m1617#1617,REACHABLE,30.0000,1.5000,600000.0000,180.0000,30.0000,30.0000,10.0000,0.1000,FAIL,0.0114,0.2964,0.5726,0.5881,-1,0,0,FAIL,-0.0202,0.4469,0.6487,0.4817,-1,0,0,PASS,0.0756,0.0054,0.0069,0.0030,2227,0,0,
m1621#1621,REACHABLE,35.0000,1.5000,600000.0000,180.0000,30.0000,8.0000,25.0000,0.1000,FAIL,0.0220,0.1341,0.2361,0.2614,-1,0,0,PASS,0.0799,0.0018,0.0027,0.0057,1209,0,0,PASS,0.0779,0.0229,0.0274,0.0106,1209,0,0,
m1625#1625,REACHABLE,30.0000,1.5000,600000.0000,180.0000,60.0000,8.0000,10.0000,0.1000,FAIL,-0.1234,0.4761,0.7605,0.6424,-1,0,0,PASS,0.0042,0.0753,0.1338,0.1459,3069,0,0,PASS,0.0042,0.0753,0.1338,0.1459,3069,0,0,
m1629#1629,REACHABLE,35.0000,1.5000,600000.0000,180.0000,60.0000,3.0000,25.0000,0.1000,FAIL,0.1082,0.2038,0.3768,0.4905,-1,0,0,PASS,0.0757,0.0018,0.0027,0.0028,1358,0,0,PASS,0.0795,0.0185,0.0208,0.0056,1464,0,0,
m1633#1633,SAFETY_LIMITED,30.0000,1.5000,600000.0000,180.0000,120.0000,3.0000,10.0000,0.1000,FAIL,-0.2709,0.6047,0.8738,0.5738,-1,0,0,PASS,0.0571,0.0388,0.0937,0.1614,5478,0,0,PASS,0.0584,0.0424,0.0774,0.1376,5120,0,0,
m1637#1637,SAFETY_LIMITED,35.0000,1.5000,600000.0000,180.0000,120.0000,30.0000,25.0000,0.1000,FAIL,-0.1935,0.4579,0.6418,0.4558,-1,0,0,FAIL,-0.0682,0.1693,0.2567,0.2019,-1,0,0,FAIL,-0.0063,0.2453,0.4323,0.4309,-1,0,0,STEADY_MAE
m1641#1641,REACHABLE,30.0000,1.5000,600000.0000,300.0000,0.0000,30.0000,10.0000,0.1000,FAIL,-0.1289,0.3233,0.5648,0.4535,-1,0,0,FAIL,-0.1303,0.4129,0.6575,0.5188,-1,0,0,PASS,0.0606,0.0114,0.0166,0.0103,2303,0,0,
m1645#1645,REACHABLE,35.0000,1.5000,600000.0000,300.0000,0.0000,8.0000,25.0000,0.1000,FAIL,-0.1291,0.1616,0.1810,0.0527,-1,0,0,PASS,0.0625,0.0022,0.0043,0.0053,2467,0,0,PASS,0.0625,0.0022,0.0043,0.0053,2467,0,0,
m1649#1649,REACHABLE,30.0000,1.5000,600000.0000,300.0000,15.0000,8.0000,10.0000,0.1000,FAIL,-1.8526,2.0226,2.1695,0.3302,-1,0,0,PASS,0.0717,0.0024,0.0035,0.0024,1493,0,0,PASS,0.0717,0.0024,0.0035,0.0024,1493,0,0,
m1653#1653,REACHABLE,35.0000,1.5000,600000.0000,300.0000,15.0000,3.0000,25.0000,0.1000,FAIL,-0.1090,0.2494,0.3582,0.2520,-1,0,0,PASS,0.0658,0.0396,0.0418,0.0064,1908,0,0,PASS,0.0658,0.0396,0.0418,0.0064,1908,0,0,
m1657#1657,REACHABLE,30.0000,1.5000,600000.0000,300.0000,30.0000,3.0000,10.0000,0.1000,FAIL,-1.9286,2.1693,2.3947,0.4831,-1,0,0,PASS,0.0726,0.0026,0.0038,0.0028,1768,0,0,PASS,0.0726,0.0026,0.0038,0.0028,1768,0,0,
m1661#1661,REACHABLE,35.0000,1.5000,600000.0000,300.0000,30.0000,30.0000,25.0000,0.1000,FAIL,0.0656,0.2363,0.4919,0.5644,-1,0,0,FAIL,0.0014,0.3580,0.5038,0.3360,-1,0,0,PASS,0.0504,0.0422,0.0442,0.0049,2042,0,0,
m1665#1665,SAFETY_LIMITED,30.0000,1.5000,600000.0000,300.0000,60.0000,30.0000,10.0000,0.1000,FAIL,-3.3293,3.5635,3.8555,0.5262,-1,0,0,FAIL,-3.3168,3.5699,3.8513,0.5396,-1,0,0,FAIL,-3.3168,3.5699,3.8513,0.5396,-1,0,0,LEARNER_LOW_CONFIDENCE
m1669#1669,REACHABLE,35.0000,1.5000,600000.0000,300.0000,60.0000,8.0000,25.0000,0.1000,FAIL,0.0541,0.3097,0.5781,0.6350,-1,0,0,PASS,0.0797,0.0131,0.0185,0.0101,2552,0,0,PASS,0.0824,0.0456,0.0496,0.0270,2162,0,0,
m1673#1673,SAFETY_LIMITED,30.0000,1.5000,600000.0000,300.0000,120.0000,8.0000,10.0000,0.1000,FAIL,-4.1077,4.6014,5.1682,1.1825,-1,0,0,FAIL,0.0287,0.2352,0.4711,0.5090,-1,0,0,FAIL,0.0003,0.2257,0.4567,0.5144,-1,0,0,STEADY_MAE
m1677#1677,SAFETY_LIMITED,35.0000,1.5000,600000.0000,300.0000,120.0000,3.0000,25.0000,0.1000,FAIL,-0.2392,0.5808,0.8101,0.5416,-1,0,0,FAIL,-0.6122,0.6474,0.6753,0.0661,-1,0,0,PASS,0.0777,0.0368,0.1078,0.2014,4181,0,0,
m1681#1681,REACHABLE,30.0000,1.5000,1600000.0000,120.0000,0.0000,3.0000,10.0000,0.1000,FAIL,-0.1230,0.1772,0.2035,0.0796,-1,0,0,PASS,-0.0288,0.0632,0.1264,0.1016,3198,0,0,PASS,-0.0287,0.0518,0.0673,0.0342,3198,0,0,
m1685#1685,REACHABLE,35.0000,1.5000,1600000.0000,120.0000,0.0000,30.0000,25.0000,0.1000,PASS,-0.0351,0.0597,0.0752,0.0370,2872,0,0,PASS,-0.0256,0.0452,0.0604,0.0358,1693,0,0,PASS,-0.0261,0.0455,0.0609,0.0352,1693,0,0,
m1689#1689,REACHABLE,30.0000,1.5000,1600000.0000,120.0000,15.0000,30.0000,10.0000,0.1000,FAIL,-0.1117,0.1446,0.1659,0.0504,-1,0,0,PASS,-0.0172,0.0648,0.0972,0.0769,2811,0,0,PASS,-0.0209,0.0681,0.0997,0.0793,2811,0,0,
m1693#1693,REACHABLE,35.0000,1.5000,1600000.0000,120.0000,15.0000,8.0000,25.0000,0.1000,FAIL,-0.1009,0.1410,0.1613,0.0538,-1,0,0,FAIL,-0.0990,0.1278,0.1480,0.0476,1836,0,0,FAIL,-0.0990,0.1278,0.1480,0.0476,1836,0,0,STEADY_MAE
m1697#1697,REACHABLE,30.0000,1.5000,1600000.0000,120.0000,30.0000,8.0000,10.0000,0.1000,FAIL,0.0124,0.1427,0.1712,0.0804,-1,0,0,PASS,-0.0161,0.0634,0.0976,0.0855,2870,0,0,PASS,-0.0168,0.0633,0.0980,0.0839,2870,0,0,
m1701#1701,REACHABLE,35.0000,1.5000,1600000.0000,120.0000,30.0000,3.0000,25.0000,0.1000,PASS,-0.0032,0.0591,0.0894,0.0820,2925,0,0,PASS,-0.0215,0.0541,0.0768,0.0541,1623,0,0,PASS,-0.0215,0.0537,0.0770,0.0548,1623,0,0,
m1705#1705,REACHABLE,30.0000,1.5000,1600000.0000,120.0000,60.0000,3.0000,10.0000,0.1000,FAIL,0.0101,0.1292,0.2066,0.2110,-1,0,0,PASS,-0.0027,0.0589,0.1045,0.1057,2699,0,0,PASS,0.0002,0.0596,0.1041,0.1048,2699,0,0,
m1709#1709,REACHABLE,35.0000,1.5000,1600000.0000,120.0000,60.0000,30.0000,25.0000,0.1000,PASS,0.0953,0.0647,0.1255,0.2206,3416,0,0,FAIL,0.3352,0.0559,0.0827,0.0656,3749,0,0,FAIL,0.3106,0.1563,0.1815,0.0645,-1,0,0,STARTUP_OVERSHOOT
m1713#1713,REACHABLE,30.0000,1.5000,1600000.0000,120.0000,120.0000,30.0000,10.0000,0.1000,FAIL,0.1425,0.1554,0.3113,0.3148,-1,0,0,PASS,0.0057,0.0761,0.1312,0.1372,6439,0,0,PASS,0.0052,0.0829,0.1313,0.1284,5076,0,0,
m1717#1717,REACHABLE,35.0000,1.5000,1600000.0000,120.0000,120.0000,8.0000,25.0000,0.1000,FAIL,0.1592,0.0780,0.1585,0.2054,-1,0,0,PASS,-0.0058,0.0547,0.0847,0.0787,2968,0,0,PASS,-0.0051,0.0542,0.0846,0.0806,3621,0,0,
m1721#1721,REACHABLE,30.0000,1.5000,1600000.0000,180.0000,0.0000,8.0000,10.0000,0.1000,FAIL,-0.1391,0.1630,0.1769,0.0386,-1,0,0,PASS,0.0589,0.0253,0.0427,0.0390,4109,0,0,PASS,0.0589,0.0253,0.0427,0.0390,4109,0,0,
m1725#1725,REACHABLE,35.0000,1.5000,1600000.0000,180.0000,0.0000,3.0000,25.0000,0.1000,FAIL,-0.1372,0.1504,0.1513,0.0026,-1,0,0,PASS,0.0539,0.0339,0.0380,0.0097,2136,0,0,PASS,0.0539,0.0339,0.0380,0.0097,2136,0,0,
m1729#1729,REACHABLE,30.0000,1.5000,1600000.0000,180.0000,15.0000,3.0000,10.0000,0.1000,FAIL,-0.1051,0.1810,0.2206,0.1176,-1,0,0,PASS,0.0617,0.0284,0.0576,0.1345,2830,0,0,PASS,0.0619,0.0306,0.0566,0.1313,2830,0,0,
m1733#1733,REACHABLE,35.0000,1.5000,1600000.0000,180.0000,15.0000,30.0000,25.0000,0.1000,PASS,0.0001,0.0776,0.1289,0.1245,3266,0,0,PASS,-0.0215,0.0582,0.0847,0.0635,1843,0,0,PASS,-0.0215,0.0582,0.0847,0.0635,1843,0,0,
m1737#1737,REACHABLE,30.0000,1.5000,1600000.0000,180.0000,30.0000,30.0000,10.0000,0.1000,FAIL,-0.1346,0.2204,0.2800,0.1423,-1,0,0,PASS,-0.0133,0.0545,0.0715,0.0439,7343,0,0,FAIL,-0.0868,0.1324,0.1724,0.0898,-1,0,0,STEADY_MAE
m1741#1741,REACHABLE,35.0000,1.5000,1600000.0000,180.0000,30.0000,8.0000,25.0000,0.1000,PASS,0.0120,0.0746,0.1285,0.1384,3190,0,0,PASS,-0.0213,0.0626,0.0938,0.0739,1812,0,0,PASS,-0.0213,0.0626,0.0938,0.0739,1812,0,0,
m1745#1745,REACHABLE,30.0000,1.5000,1600000.0000,180.0000,60.0000,8.0000,10.0000,0.1000,FAIL,-0.0325,0.1990,0.3045,0.2736,-1,0,0,PASS,0.0761,0.0298,0.0497,0.0793,3793,0,0,PASS,0.0743,0.0305,0.0505,0.1034,3211,0,0,
m1749#1749,REACHABLE,35.0000,1.5000,1600000.0000,180.0000,60.0000,3.0000,25.0000,0.1000,FAIL,-0.0117,0.1581,0.2350,0.2126,-1,0,0,FAIL,-0.0915,0.1510,0.1918,0.1015,-1,0,0,FAIL,-0.0939,0.1508,0.1923,0.1022,-1,0,0,STEADY_MAE
m1753#1753,REACHABLE,30.0000,1.5000,1600000.0000,180.0000,120.0000,3.0000,10.0000,0.1000,FAIL,-0.0728,0.2493,0.3958,0.3263,-1,0,0,PASS,0.0787,0.0356,0.0513,0.1126,4476,0,0,PASS,0.0821,0.0262,0.0301,0.0091,3397,0,0,
m1757#1757,REACHABLE,35.0000,1.5000,1600000.0000,180.0000,120.0000,30.0000,25.0000,0.1000,FAIL,0.1539,0.1241,0.2451,0.3010,-1,0,0,PASS,0.0009,0.0684,0.1110,0.1082,4986,0,0,PASS,0.0046,0.0695,0.1126,0.1126,4806,0,0,
m1761#1761,REACHABLE,30.0000,1.5000,1600000.0000,300.0000,0.0000,30.0000,10.0000,0.1000,FAIL,-0.1363,0.2388,0.3276,0.1902,-1,0,0,FAIL,-0.0390,0.2159,0.3290,0.3007,-1,0,0,PASS,0.0547,0.0273,0.0316,0.0092,3921,0,0,
m1765#1765,REACHABLE,35.0000,1.5000,1600000.0000,300.0000,0.0000,8.0000,25.0000,0.1000,FAIL,-0.1325,0.1543,0.1615,0.0199,-1,0,0,PASS,0.0522,0.0343,0.0494,0.0545,2196,0,0,PASS,0.0516,0.0153,0.0177,0.0053,2196,0,0,
m1769#1769,REACHABLE,30.0000,1.5000,1600000.0000,300.0000,15.0000,8.0000,10.0000,0.1000,FAIL,-0.1061,0.2348,0.3563,0.2512,-1,0,0,PASS,0.0595,0.0370,0.0595,0.1159,3993,0,0,PASS,0.0605,0.0148,0.0171,0.0050,2944,0,0,
m1773#1773,REACHABLE,35.0000,1.5000,1600000.0000,300.0000,15.0000,3.0000,25.0000,0.1000,FAIL,-0.1119,0.1670,0.1940,0.0819,-1,0,0,PASS,0.0611,0.0262,0.0269,0.0026,1759,0,0,PASS,0.0609,0.0075,0.0165,0.0237,1759,0,0,
m1777#1777,REACHABLE,30.0000,1.5000,1600000.0000,300.0000,30.0000,3.0000,10.0000,0.1000,FAIL,-0.1773,0.3263,0.4073,0.1819,-1,0,0,PASS,0.0647,0.0246,0.0276,0.0072,3231,0,0,PASS,0.0647,0.0246,0.0276,0.0072,3231,0,0,
m1781#1781,REACHABLE,35.0000,1.5000,1600000.0000,300.0000,30.0000,30.0000,25.0000,0.1000,FAIL,0.0257,0.1279,0.2194,0.2566,-1,0,0,PASS,-0.0111,0.0728,0.1243,0.1199,4002,0,0,PASS,-0.0104,0.0728,0.1202,0.1147,3375,0,0,
m1785#1785,REACHABLE,30.0000,1.5000,1600000.0000,300.0000,60.0000,30.0000,10.0000,0.1000,FAIL,-0.0193,0.3449,0.6197,0.6093,-1,0,0,FAIL,-0.3008,0.5947,0.7796,0.4133,-1,0,0,PASS,0.0261,0.0452,0.0953,0.1240,5426,0,0,
m1789#1789,REACHABLE,35.0000,1.5000,1600000.0000,300.0000,60.0000,8.0000,25.0000,0.1000,FAIL,0.0396,0.1988,0.2642,0.1728,-1,0,0,PASS,0.0739,0.0244,0.0425,0.0498,2769,0,0,PASS,0.0735,0.0130,0.0290,0.0414,2447,0,0,
m1793#1793,REACHABLE,30.0000,1.5000,1600000.0000,300.0000,120.0000,8.0000,10.0000,0.1000,FAIL,-0.4587,1.3492,2.1699,1.7431,-1,0,0,FAIL,0.0039,0.0887,0.1486,0.1583,-1,0,0,FAIL,0.0052,0.0833,0.1426,0.1563,-1,0,0,SETTLING_TIMEOUT
m1797#1797,REACHABLE,35.0000,1.5000,1600000.0000,300.0000,120.0000,3.0000,25.0000,0.1000,FAIL,0.0080,0.2029,0.3452,0.3596,-1,0,0,PASS,0.0750,0.0246,0.0273,0.0069,3107,0,0,PASS,0.0849,0.0191,0.0633,0.1116,3398,0,0,
m1801#1801,REACHABLE,30.0000,2.0000,180000.0000,120.0000,0.0000,3.0000,10.0000,0.1000,FAIL,-0.0253,0.2415,0.3291,0.2295,-1,0,0,FAIL,-0.0244,0.1541,0.1646,0.0290,-1,0,0,FAIL,-0.1352,0.1507,0.1612,0.0325,-1,0,0,STEADY_MAE
m1805#1805,SAFETY_LIMITED,35.0000,2.0000,180000.0000,120.0000,0.0000,30.0000,25.0000,0.1000,FAIL,-0.0531,0.2367,0.3317,0.2303,-1,0,0,FAIL,-0.0531,0.2367,0.3317,0.2303,-1,0,0,FAIL,0.0037,0.1061,0.1280,0.0898,2968,0,0,STEADY_MAE
m1809#1809,SAFETY_LIMITED,30.0000,2.0000,180000.0000,120.0000,15.0000,30.0000,10.0000,0.1000,FAIL,0.0106,0.4463,0.5990,0.3410,-1,0,0,PASS,0.1103,0.0405,0.1013,0.2022,6660,0,0,PASS,0.1011,0.0087,0.0139,0.0111,1703,0,0,
m1813#1813,SAFETY_LIMITED,35.0000,2.0000,180000.0000,120.0000,15.0000,8.0000,25.0000,0.1000,FAIL,0.0141,0.1780,0.2962,0.2854,-1,0,0,FAIL,0.0141,0.1780,0.2962,0.2854,-1,0,0,FAIL,-0.0080,0.1706,0.2952,0.2963,-1,0,0,LEARNER_LOW_CONFIDENCE
m1817#1817,SAFETY_LIMITED,30.0000,2.0000,180000.0000,120.0000,30.0000,8.0000,10.0000,0.1000,FAIL,1.2036,0.5156,0.8016,0.6035,-1,0,0,FAIL,1.2036,0.5900,0.8752,0.7469,-1,0,0,FAIL,-0.7582,1.0612,1.3617,0.6229,-1,0,0,LEARNER_LOW_CONFIDENCE
m1821#1821,SAFETY_LIMITED,35.0000,2.0000,180000.0000,120.0000,30.0000,3.0000,25.0000,0.1000,FAIL,0.0757,0.2361,0.3965,0.4356,-1,0,0,FAIL,0.0757,0.2361,0.3965,0.4356,-1,0,0,FAIL,-0.0045,0.2333,0.4051,0.4099,-1,0,0,LEARNER_LOW_CONFIDENCE
m1825#1825,SAFETY_LIMITED,30.0000,2.0000,180000.0000,120.0000,60.0000,3.0000,10.0000,0.1000,FAIL,0.5490,0.6512,1.1599,1.0489,-1,0,0,FAIL,0.5624,0.7945,1.3023,1.1072,-1,0,0,FAIL,-0.8096,1.3603,1.9472,1.2136,-1,0,0,LEARNER_LOW_CONFIDENCE
m1829#1829,SAFETY_LIMITED,35.0000,2.0000,180000.0000,120.0000,60.0000,30.0000,25.0000,0.1000,FAIL,2.8812,0.3093,0.5826,0.5850,-1,0,0,FAIL,2.8812,0.3206,0.6032,0.6352,-1,0,0,FAIL,1.6197,0.3077,0.5834,0.6905,-1,0,0,STARTUP_OVERSHOOT
m1833#1833,SAFETY_LIMITED,30.0000,2.0000,180000.0000,120.0000,120.0000,30.0000,10.0000,0.1000,FAIL,4.6148,1.3427,2.1026,1.5937,-1,0,0,FAIL,4.6148,0.8744,1.7505,1.7230,-1,0,0,FAIL,2.2491,0.9087,1.7105,1.6047,-1,0,0,STARTUP_OVERSHOOT
m1837#1837,SAFETY_LIMITED,35.0000,2.0000,180000.0000,120.0000,120.0000,8.0000,25.0000,0.1000,FAIL,4.2490,0.3983,0.9377,1.1490,-1,1,1,FAIL,4.2490,0.3983,0.9377,1.1490,-1,1,1,FAIL,0.2471,0.4289,0.9416,1.1511,-1,0,0,LEARNER_LOW_CONFIDENCE
m1841#1841,REACHABLE,30.0000,2.0000,180000.0000,180.0000,0.0000,8.0000,10.0000,0.1000,FAIL,-0.4106,0.9906,1.2760,0.7458,-1,0,0,PASS,0.0790,0.0264,0.0291,0.0084,2923,0,0,FAIL,-0.1354,0.1490,0.1591,0.0260,-1,0,0,LEARNER_LOW_CONFIDENCE
m1845#1845,REACHABLE,35.0000,2.0000,180000.0000,180.0000,0.0000,3.0000,25.0000,0.1000,FAIL,-0.0203,0.1501,0.1618,0.0353,-1,0,0,FAIL,-0.0203,0.1533,0.1651,0.0357,-1,0,0,FAIL,-0.0219,0.1563,0.1675,0.0386,-1,0,0,LEARNER_LOW_CONFIDENCE
m1849#1849,SAFETY_LIMITED,30.0000,2.0000,180000.0000,180.0000,15.0000,3.0000,10.0000,0.1000,FAIL,-0.6738,1.0169,1.3228,0.6943,-1,0,0,FAIL,-0.6738,1.0169,1.3228,0.6943,-1,0,0,FAIL,-0.0798,0.4903,0.9045,0.8473,-1,0,0,STEADY_MAE
m1853#1853,SAFETY_LIMITED,35.0000,2.0000,180000.0000,180.0000,15.0000,30.0000,25.0000,0.1000,FAIL,0.1053,0.2326,0.4221,0.4260,-1,0,0,FAIL,0.1053,0.2326,0.4221,0.4260,-1,0,0,FAIL,0.0183,0.2324,0.4245,0.4273,-1,0,0,LEARNER_LOW_CONFIDENCE
m1857#1857,SAFETY_LIMITED,30.0000,2.0000,180000.0000,180.0000,30.0000,30.0000,10.0000,0.1000,FAIL,-0.1506,1.2794,1.5364,0.5810,-1,0,0,FAIL,-0.1506,1.6193,1.8753,0.5858,-1,0,0,FAIL,-1.1554,1.4946,1.7690,0.5867,-1,0,0,LEARNER_LOW_CONFIDENCE
m1861#1861,SAFETY_LIMITED,35.0000,2.0000,180000.0000,180.0000,30.0000,8.0000,25.0000,0.1000,FAIL,0.0041,0.4381,0.6579,0.4939,-1,0,0,FAIL,0.0041,0.4381,0.6579,0.4939,-1,0,0,FAIL,0.0041,0.6395,0.8611,0.4386,-1,0,0,LEARNER_LOW_CONFIDENCE
m1865#1865,SAFETY_LIMITED,30.0000,2.0000,180000.0000,180.0000,60.0000,8.0000,10.0000,0.1000,FAIL,0.0722,1.3605,2.0206,1.6027,-1,0,0,FAIL,0.0720,0.8085,1.4773,1.2950,-1,0,0,FAIL,-0.1912,0.8092,1.4345,1.2671,-1,0,0,STEADY_MAE
m1869#1869,SAFETY_LIMITED,35.0000,2.0000,180000.0000,180.0000,60.0000,3.0000,25.0000,0.1000,FAIL,2.5975,0.4485,0.8349,0.8669,-1,0,0,FAIL,2.5975,0.4485,0.8349,0.8669,-1,0,0,FAIL,0.9537,0.4544,0.8490,0.8669,-1,0,0,STARTUP_OVERSHOOT
m1873#1873,SAFETY_LIMITED,30.0000,2.0000,180000.0000,180.0000,120.0000,3.0000,10.0000,0.1000,FAIL,3.6975,1.7735,2.9000,2.4407,-1,0,0,FAIL,3.6975,1.2992,2.2458,1.7308,-1,0,0,FAIL,-0.3153,1.4426,2.3250,1.7113,-1,0,0,STEADY_MAE
m1877#1877,SAFETY_LIMITED,35.0000,2.0000,180000.0000,180.0000,120.0000,30.0000,25.0000,0.1000,FAIL,3.2719,0.9756,1.5070,1.0725,-1,1,0,FAIL,3.2719,0.9756,1.5070,1.0725,-1,1,0,FAIL,0.8278,0.9602,1.4992,0.9957,-1,0,0,STARTUP_OVERSHOOT
m1881#1881,SAFETY_LIMITED,30.0000,2.0000,180000.0000,300.0000,0.0000,30.0000,10.0000,0.1000,FAIL,-0.0931,0.3844,0.7675,0.7001,-1,0,0,PASS,0.0591,0.0278,0.0614,0.1323,2545,0,0,PASS,0.0587,0.0226,0.0496,0.1061,2160,0,0,
m1885#1885,REACHABLE,35.0000,2.0000,180000.0000,300.0000,0.0000,8.0000,25.0000,0.1000,FAIL,-0.3132,0.4880,0.6052,0.3164,-1,0,0,FAIL,-0.0352,0.2388,0.3399,0.2602,-1,0,0,FAIL,-0.0363,0.2627,0.3851,0.2873,-1,0,0,LEARNER_LOW_CONFIDENCE
m1889#1889,SAFETY_LIMITED,30.0000,2.0000,180000.0000,300.0000,15.0000,8.0000,10.0000,0.1000,FAIL,-0.3362,1.6933,2.5688,2.3370,-1,0,0,FAIL,-0.3361,1.8268,2.2921,1.0547,-1,0,0,FAIL,-1.4863,2.2306,2.9526,1.4665,-1,0,0,LEARNER_LOW_CONFIDENCE
m1893#1893,SAFETY_LIMITED,35.0000,2.0000,180000.0000,300.0000,15.0000,3.0000,25.0000,0.1000,FAIL,0.2569,0.5724,0.8215,0.5437,-1,0,0,FAIL,0.2569,0.5724,0.8215,0.5437,-1,0,0,FAIL,-0.6417,1.0372,1.3418,0.8043,-1,0,0,LEARNER_LOW_CONFIDENCE
m1897#1897,SAFETY_LIMITED,30.0000,2.0000,180000.0000,300.0000,30.0000,3.0000,10.0000,0.1000,FAIL,0.2152,1.8757,2.8755,3.1712,-1,0,0,PASS,0.1553,0.0248,0.0273,0.0075,2237,0,0,FAIL,-1.0175,2.4422,3.3521,2.0175,-1,0,0,LEARNER_LOW_CONFIDENCE
m1901#1901,SAFETY_LIMITED,35.0000,2.0000,180000.0000,300.0000,30.0000,30.0000,25.0000,0.1000,FAIL,-0.0285,0.9154,1.1743,0.5210,-1,0,0,FAIL,-0.0285,0.9157,1.1767,0.5317,-1,0,0,FAIL,-0.0285,0.9157,1.1767,0.5317,-1,0,0,LEARNER_LOW_CONFIDENCE
m1905#1905,SAFETY_LIMITED,30.0000,2.0000,180000.0000,300.0000,60.0000,30.0000,10.0000,0.1000,FAIL,-1.4669,2.4615,3.4277,1.9767,-1,0,0,FAIL,-1.4730,2.4629,3.4272,1.9591,-1,0,0,FAIL,-0.2921,1.5231,2.6729,2.3491,-1,0,0,STEADY_MAE
m1909#1909,SAFETY_LIMITED,35.0000,2.0000,180000.0000,300.0000,60.0000,8.0000,25.0000,0.1000,FAIL,2.3174,0.9052,1.4671,1.2192,-1,0,0,FAIL,2.3174,0.3426,0.6790,0.6456,-1,0,0,FAIL,0.7095,0.3220,0.6768,0.6989,-1,0,0,STARTUP_OVERSHOOT
m1913#1913,SAFETY_LIMITED,30.0000,2.0000,180000.0000,300.0000,120.0000,8.0000,10.0000,0.1000,FAIL,2.6650,2.7670,4.8636,4.0551,-1,0,0,FAIL,2.6650,2.0147,3.6650,2.9534,-1,0,0,FAIL,-0.9507,2.1444,3.7130,2.8090,-1,0,0,STEADY_MAE
m1917#1917,SAFETY_LIMITED,35.0000,2.0000,180000.0000,300.0000,120.0000,3.0000,25.0000,0.1000,FAIL,3.5801,1.3970,2.3256,1.9144,-1,1,0,FAIL,3.5801,0.5073,0.8721,0.6459,-1,1,0,FAIL,-0.3441,0.7196,0.7328,0.0578,-1,0,0,STEADY_MAE
m1921#1921,REACHABLE,30.0000,2.0000,600000.0000,120.0000,0.0000,3.0000,10.0000,0.1000,FAIL,-0.1410,0.1511,0.1541,0.0093,-1,0,0,PASS,0.0532,0.0257,0.0473,0.1030,1551,0,0,PASS,0.0532,0.0257,0.0473,0.1030,1551,0,0,
m1925#1925,REACHABLE,35.0000,2.0000,600000.0000,120.0000,0.0000,30.0000,25.0000,0.1000,PASS,-0.0140,0.0659,0.1040,0.0929,1255,0,0,PASS,0.0055,0.0387,0.0706,0.0832,955,0,0,PASS,0.0501,0.0368,0.0492,0.0504,955,0,0,
m1929#1929,REACHABLE,30.0000,2.0000,600000.0000,120.0000,15.0000,30.0000,10.0000,0.1000,FAIL,0.0379,0.1708,0.3398,0.3819,-1,0,0,PASS,0.0782,0.0104,0.0121,0.0040,1512,0,0,PASS,0.0747,0.0175,0.0208,0.0069,1507,0,0,
m1933#1933,REACHABLE,35.0000,2.0000,600000.0000,120.0000,15.0000,8.0000,25.0000,0.1000,PASS,0.0155,0.0689,0.1229,0.1403,1213,0,0,PASS,0.0823,0.0243,0.0512,0.1129,1149,0,0,PASS,0.0823,0.0243,0.0512,0.1129,1149,0,0,
m1937#1937,REACHABLE,30.0000,2.0000,600000.0000,120.0000,30.0000,8.0000,10.0000,0.1000,FAIL,0.0520,0.1972,0.3474,0.3968,-1,0,0,PASS,0.0812,0.0153,0.0180,0.0065,1441,0,0,PASS,0.0761,0.0172,0.0202,0.0072,1441,0,0,
m1941#1941,REACHABLE,35.0000,2.0000,600000.0000,120.0000,30.0000,3.0000,25.0000,0.1000,PASS,0.0773,0.0773,0.1438,0.2263,1660,0,0,PASS,0.0715,0.0048,0.0070,0.0068,1010,0,0,PASS,0.0726,0.0065,0.0088,0.0074,1010,0,0,
m1945#1945,SAFETY_LIMITED,30.0000,2.0000,600000.0000,120.0000,60.0000,3.0000,10.0000,0.1000,FAIL,0.0956,0.2352,0.4488,0.5504,-1,0,0,PASS,0.0730,0.0368,0.0483,0.0693,1534,0,0,PASS,0.0730,0.0368,0.0483,0.0693,1534,0,0,
m1949#1949,SAFETY_LIMITED,35.0000,2.0000,600000.0000,120.0000,60.0000,30.0000,25.0000,0.1000,FAIL,0.2454,0.1362,0.2288,0.4671,-1,0,0,FAIL,0.4463,0.1692,0.3256,0.5439,-1,0,0,FAIL,0.4436,0.1247,0.2286,0.4594,-1,0,0,STARTUP_OVERSHOOT
m1953#1953,SAFETY_LIMITED,30.0000,2.0000,600000.0000,120.0000,120.0000,30.0000,10.0000,0.1000,FAIL,-0.2313,0.5025,0.6897,0.4799,-1,0,0,FAIL,0.0658,0.1100,0.2449,0.3262,-1,0,0,PASS,0.0534,0.0581,0.1188,0.1816,8618,0,0,
m1957#1957,SAFETY_LIMITED,35.0000,2.0000,600000.0000,120.0000,120.0000,8.0000,25.0000,0.1000,FAIL,-0.0107,0.2370,0.3645,0.3727,-1,0,0,FAIL,1.3702,0.7843,0.9151,0.2932,-1,0,0,PASS,0.0814,0.0546,0.1072,0.1951,6999,0,0,
m1961#1961,REACHABLE,30.0000,2.0000,600000.0000,180.0000,0.0000,8.0000,10.0000,0.1000,FAIL,-0.1137,0.2329,0.3225,0.2261,-1,0,0,FAIL,-0.0216,0.1245,0.1292,0.0143,1127,0,0,PASS,-0.0212,0.0836,0.1258,0.1044,1127,0,0,
m1965#1965,REACHABLE,35.0000,2.0000,600000.0000,180.0000,0.0000,3.0000,25.0000,0.1000,PASS,-0.0343,0.0968,0.1266,0.0961,1290,0,0,FAIL,-0.1236,0.1508,0.1541,0.0102,-1,0,0,FAIL,-0.1236,0.1508,0.1541,0.0102,-1,0,0,STEADY_MAE
m1969#1969,REACHABLE,30.0000,2.0000,600000.0000,180.0000,15.0000,3.0000,10.0000,0.1000,FAIL,-0.0851,0.2508,0.3682,0.2815,-1,0,0,PASS,0.0713,0.0021,0.0032,0.0037,1004,0,0,PASS,0.0713,0.0021,0.0032,0.0037,1004,0,0,
m1973#1973,REACHABLE,35.0000,2.0000,600000.0000,180.0000,15.0000,30.0000,25.0000,0.1000,FAIL,-0.0606,0.1823,0.2640,0.1952,-1,0,0,PASS,-0.0057,0.0761,0.0808,0.0120,3009,0,0,PASS,-0.0139,0.0991,0.1293,0.1149,3088,0,0,
m1977#1977,SAFETY_LIMITED,30.0000,2.0000,600000.0000,180.0000,30.0000,30.0000,10.0000,0.1000,FAIL,0.0568,0.2591,0.5341,0.5925,-1,0,0,PASS,0.0805,0.0051,0.0091,0.0168,5322,0,0,PASS,0.0907,0.0444,0.0459,0.0053,1859,0,0,
m1981#1981,REACHABLE,35.0000,2.0000,600000.0000,180.0000,30.0000,8.0000,25.0000,0.1000,FAIL,-0.0169,0.1707,0.2873,0.2740,-1,0,0,PASS,0.0812,0.0124,0.0142,0.0042,1203,0,0,PASS,0.0545,0.0019,0.0027,0.0026,1203,0,0,
m1985#1985,SAFETY_LIMITED,30.0000,2.0000,600000.0000,180.0000,60.0000,8.0000,10.0000,0.1000,FAIL,0.0048,0.3603,0.6482,0.6548,-1,0,0,PASS,0.0777,0.0316,0.0672,0.1405,1891,0,0,PASS,0.0777,0.0316,0.0672,0.1405,1891,0,0,
m1989#1989,SAFETY_LIMITED,35.0000,2.0000,600000.0000,180.0000,60.0000,3.0000,25.0000,0.1000,FAIL,0.1680,0.1827,0.3501,0.4603,-1,0,0,PASS,0.0718,0.0223,0.0311,0.0223,1303,0,0,PASS,0.0699,0.0308,0.0505,0.0864,1633,0,0,
m1993#1993,SAFETY_LIMITED,30.0000,2.0000,600000.0000,180.0000,120.0000,3.0000,10.0000,0.1000,FAIL,-0.0543,0.5653,0.9529,0.9353,-1,0,0,PASS,0.0579,0.0509,0.1166,0.1874,6453,0,0,PASS,0.0705,0.0576,0.1273,0.2073,6035,0,0,
m1997#1997,SAFETY_LIMITED,35.0000,2.0000,600000.0000,180.0000,120.0000,30.0000,25.0000,0.1000,FAIL,-0.1694,0.3629,0.5116,0.3903,-1,0,0,FAIL,0.6983,0.1347,0.2090,0.1999,-1,0,0,FAIL,0.1637,0.1946,0.3844,0.5263,-1,0,0,STEADY_MAE
m2001#2001,REACHABLE,30.0000,2.0000,600000.0000,300.0000,0.0000,30.0000,10.0000,0.1000,FAIL,-0.1195,0.3367,0.5152,0.3955,-1,0,0,FAIL,-0.0448,0.3622,0.5876,0.5478,-1,0,0,PASS,0.0619,0.0038,0.0055,0.0035,1741,0,0,
m2005#2005,REACHABLE,35.0000,2.0000,600000.0000,300.0000,0.0000,8.0000,25.0000,0.1000,FAIL,-0.0337,0.1341,0.2080,0.1779,-1,0,0,PASS,0.0560,0.0280,0.0481,0.1014,1631,0,0,PASS,0.0560,0.0280,0.0481,0.1014,1631,0,0,
m2009#2009,REACHABLE,30.0000,2.0000,600000.0000,300.0000,15.0000,8.0000,10.0000,0.1000,FAIL,-0.1040,0.3884,0.5707,0.4254,-1,0,0,PASS,0.0689,0.0014,0.0021,0.0018,1177,0,0,PASS,0.0668,0.0011,0.0017,0.0015,1177,0,0,
m2013#2013,REACHABLE,35.0000,2.0000,600000.0000,300.0000,15.0000,3.0000,25.0000,0.1000,FAIL,-0.0263,0.2110,0.3259,0.3046,-1,0,0,PASS,0.0799,0.0297,0.0630,0.1325,1881,0,0,PASS,0.0799,0.0297,0.0630,0.1325,1881,0,0,
m2017#2017,REACHABLE,30.0000,2.0000,600000.0000,300.0000,30.0000,3.0000,10.0000,0.1000,FAIL,-1.6803,2.0365,2.2373,0.6237,-1,0,0,FAIL,-0.0001,0.1104,0.1273,0.0347,1934,0,0,FAIL,-0.0001,0.1104,0.1273,0.0347,1934,0,0,STEADY_MAE
m2021#2021,SAFETY_LIMITED,35.0000,2.0000,600000.0000,300.0000,30.0000,30.0000,25.0000,0.1000,FAIL,0.0737,0.2155,0.4540,0.5216,-1,0,0,PASS,0.0806,0.0048,0.0101,0.0161,2806,0,0,PASS,0.0859,0.0295,0.0332,0.0086,1806,0,0,
m2025#2025,SAFETY_LIMITED,30.0000,2.0000,600000.0000,300.0000,60.0000,30.0000,10.0000,0.1000,FAIL,-2.4421,2.7127,3.0264,0.6239,-1,0,0,FAIL,-2.4387,2.7082,3.0160,0.6168,-1,0,0,FAIL,-2.4387,2.7082,3.0160,0.6168,-1,0,0,LEARNER_LOW_CONFIDENCE
m2029#2029,SAFETY_LIMITED,35.0000,2.0000,600000.0000,300.0000,60.0000,8.0000,25.0000,0.1000,FAIL,0.0118,0.3386,0.6232,0.6298,-1,0,0,FAIL,-0.0096,0.1082,0.1098,0.0038,3306,0,0,PASS,-0.0074,0.0969,0.0977,0.0023,3539,0,0,
m2033#2033,SAFETY_LIMITED,30.0000,2.0000,600000.0000,300.0000,120.0000,8.0000,10.0000,0.1000,FAIL,-2.8147,3.3672,3.9690,1.2820,-1,0,0,FAIL,0.0206,0.3074,0.5879,0.6450,-1,0,0,FAIL,0.0058,0.2764,0.5835,0.5758,-1,0,0,STEADY_MAE
m2037#2037,SAFETY_LIMITED,35.0000,2.0000,600000.0000,300.0000,120.0000,3.0000,25.0000,0.1000,FAIL,-0.1153,0.5303,0.8123,0.7128,-1,0,0,PASS,0.0538,0.0424,0.0785,0.1605,7066,0,0,PASS,0.0559,0.0430,0.0966,0.1569,6476,0,0,
m2041#2041,REACHABLE,30.0000,2.0000,1600000.0000,120.0000,0.0000,3.0000,10.0000,0.1000,PASS,-0.0428,0.0832,0.1047,0.0625,3651,0,0,PASS,0.0515,0.0363,0.0485,0.0324,2251,0,0,PASS,0.0515,0.0363,0.0485,0.0324,2251,0,0,
m2045#2045,REACHABLE,35.0000,2.0000,1600000.0000,120.0000,0.0000,30.0000,25.0000,0.1000,PASS,-0.0365,0.0555,0.0712,0.0350,2253,0,0,PASS,0.0102,0.0087,0.0197,0.0315,1253,0,0,PASS,-0.0015,0.0091,0.0159,0.0154,1253,0,0,
m2049#2049,REACHABLE,30.0000,2.0000,1600000.0000,120.0000,15.0000,30.0000,10.0000,0.1000,FAIL,0.0079,0.1209,0.1570,0.1715,-1,0,0,PASS,-0.0229,0.0652,0.0956,0.0741,2333,0,0,PASS,-0.0229,0.0652,0.0956,0.0741,2333,0,0,
m2053#2053,REACHABLE,35.0000,2.0000,1600000.0000,120.0000,15.0000,8.0000,25.0000,0.1000,PASS,-0.0151,0.0562,0.0774,0.0524,2237,0,0,PASS,-0.0189,0.0468,0.0680,0.0503,1243,0,0,PASS,-0.0155,0.0466,0.0679,0.0505,1243,0,0,
m2057#2057,REACHABLE,30.0000,2.0000,1600000.0000,120.0000,30.0000,8.0000,10.0000,0.1000,FAIL,0.0247,0.1222,0.1589,0.1888,-1,0,0,PASS,-0.0163,0.0585,0.0930,0.0806,2447,0,0,PASS,-0.0153,0.0587,0.0937,0.0823,2447,0,0,
m2061#2061,REACHABLE,35.0000,2.0000,1600000.0000,120.0000,30.0000,3.0000,25.0000,0.1000,PASS,0.0236,0.0529,0.0850,0.0841,2248,0,0,PASS,-0.0132,0.0522,0.0770,0.0585,1224,0,0,PASS,-0.0132,0.0522,0.0770,0.0585,1224,0,0,
m2065#2065,REACHABLE,30.0000,2.0000,1600000.0000,120.0000,60.0000,3.0000,10.0000,0.1000,FAIL,0.0867,0.1090,0.1918,0.2228,-1,0,0,PASS,0.0067,0.0530,0.0985,0.1116,2040,0,0,PASS,0.0067,0.0530,0.0985,0.1116,2040,0,0,
m2069#2069,REACHABLE,35.0000,2.0000,1600000.0000,120.0000,60.0000,30.0000,25.0000,0.1000,PASS,0.1201,0.0662,0.1195,0.2412,2988,0,0,PASS,0.0658,0.0309,0.0526,0.1114,2355,0,0,PASS,0.0848,0.0306,0.0703,0.1440,2291,0,0,
m2073#2073,REACHABLE,30.0000,2.0000,1600000.0000,120.0000,120.0000,30.0000,10.0000,0.1000,FAIL,0.1356,0.3028,0.3811,0.1678,-1,0,0,FAIL,-0.0800,0.1547,0.2084,0.1336,-1,0,0,FAIL,-0.0743,0.1612,0.2159,0.1433,-1,0,0,STEADY_MAE
m2077#2077,REACHABLE,35.0000,2.0000,1600000.0000,120.0000,120.0000,8.0000,25.0000,0.1000,FAIL,0.0702,0.0731,0.1535,0.2221,-1,0,0,PASS,0.0019,0.0497,0.0784,0.0792,3314,0,0,PASS,0.0025,0.0476,0.0777,0.0810,3147,0,0,
m2081#2081,REACHABLE,30.0000,2.0000,1600000.0000,180.0000,0.0000,8.0000,10.0000,0.1000,FAIL,-0.0380,0.1365,0.1617,0.1260,-1,0,0,PASS,0.0539,0.0275,0.0373,0.0193,2377,0,0,PASS,0.0550,0.0230,0.0473,0.0601,2377,0,0,
m2085#2085,REACHABLE,35.0000,2.0000,1600000.0000,180.0000,0.0000,3.0000,25.0000,0.1000,FAIL,-0.1186,0.1476,0.1594,0.0360,-1,0,0,PASS,-0.0259,0.0947,0.1060,0.0270,1737,0,0,PASS,-0.0259,0.0947,0.1060,0.0270,1737,0,0,
m2089#2089,REACHABLE,30.0000,2.0000,1600000.0000,180.0000,15.0000,3.0000,10.0000,0.1000,FAIL,-0.1055,0.1663,0.1970,0.0931,-1,0,0,PASS,0.0639,0.0423,0.0452,0.0061,2082,0,0,PASS,0.0635,0.0315,0.0532,0.1255,2082,0,0,
m2093#2093,REACHABLE,35.0000,2.0000,1600000.0000,180.0000,15.0000,30.0000,25.0000,0.1000,PASS,0.0005,0.0653,0.1156,0.1160,2602,0,0,PASS,-0.0262,0.0591,0.0842,0.0594,1645,0,0,PASS,-0.0252,0.0589,0.0839,0.0596,1645,0,0,
m2097#2097,REACHABLE,30.0000,2.0000,1600000.0000,180.0000,30.0000,30.0000,10.0000,0.1000,FAIL,0.0355,0.1390,0.2468,0.2912,-1,0,0,PASS,0.0043,0.0516,0.0973,0.0995,3210,0,0,PASS,0.0031,0.0512,0.0965,0.0976,2605,0,0,
m2101#2101,REACHABLE,35.0000,2.0000,1600000.0000,180.0000,30.0000,8.0000,25.0000,0.1000,PASS,0.0167,0.0690,0.1172,0.1357,2573,0,0,PASS,-0.0157,0.0600,0.0938,0.0768,1538,0,0,PASS,-0.0156,0.0599,0.0938,0.0768,1538,0,0,
m2105#2105,REACHABLE,30.0000,2.0000,1600000.0000,180.0000,60.0000,8.0000,10.0000,0.1000,FAIL,0.0877,0.2472,0.3748,0.3052,-1,0,0,PASS,0.0752,0.0320,0.0497,0.0673,2488,0,0,PASS,0.0752,0.0320,0.0497,0.0673,2488,0,0,
m2109#2109,REACHABLE,35.0000,2.0000,1600000.0000,180.0000,60.0000,3.0000,25.0000,0.1000,PASS,0.0956,0.0820,0.1456,0.2433,2886,0,0,PASS,-0.0095,0.0687,0.1107,0.1059,1552,0,0,PASS,-0.0058,0.0647,0.1090,0.1034,1713,0,0,
m2113#2113,REACHABLE,30.0000,2.0000,1600000.0000,180.0000,120.0000,3.0000,10.0000,0.1000,FAIL,0.0115,0.2394,0.3599,0.2858,-1,0,0,PASS,0.0871,0.0139,0.0154,0.0042,3732,0,0,PASS,0.0878,0.0365,0.0500,0.0890,3045,0,0,
m2117#2117,REACHABLE,35.0000,2.0000,1600000.0000,180.0000,120.0000,30.0000,25.0000,0.1000,FAIL,0.1356,0.1228,0.2036,0.1745,-1,0,0,PASS,0.0015,0.0607,0.1043,0.1075,3532,0,0,PASS,0.0057,0.0639,0.1027,0.1082,4490,0,0,
m2121#2121,REACHABLE,30.0000,2.0000,1600000.0000,300.0000,0.0000,30.0000,10.0000,0.1000,FAIL,-0.1139,0.1895,0.2409,0.1279,-1,0,0,FAIL,0.0557,0.1906,0.3372,0.3952,-1,0,0,PASS,0.0559,0.0218,0.0252,0.0074,2812,0,0,
m2125#2125,REACHABLE,35.0000,2.0000,1600000.0000,300.0000,0.0000,8.0000,25.0000,0.1000,FAIL,-0.0371,0.1054,0.1427,0.1083,2532,0,0,PASS,0.0535,0.0320,0.0493,0.0847,1927,0,0,PASS,0.0535,0.0320,0.0493,0.0847,1927,0,0,
m2129#2129,REACHABLE,30.0000,2.0000,1600000.0000,300.0000,15.0000,8.0000,10.0000,0.1000,FAIL,-0.1831,0.2978,0.3913,0.2035,-1,0,0,FAIL,-0.0145,0.0605,0.1366,0.1402,-1,0,0,PASS,-0.0158,0.0384,0.0463,0.0157,7909,0,0,
m2133#2133,REACHABLE,35.0000,2.0000,1600000.0000,300.0000,15.0000,3.0000,25.0000,0.1000,FAIL,-0.0999,0.1559,0.1793,0.0692,-1,0,0,PASS,0.0632,0.0043,0.0090,0.0120,1270,0,0,PASS,0.0634,0.0290,0.0530,0.1269,1270,0,0,
m2137#2137,REACHABLE,30.0000,2.0000,1600000.0000,300.0000,30.0000,3.0000,10.0000,0.1000,FAIL,-0.1223,0.2687,0.3684,0.2503,-1,0,0,PASS,-0.0087,0.0542,0.0881,0.0797,2202,0,0,PASS,-0.0141,0.0541,0.0868,0.0783,2202,0,0,
m2141#2141,REACHABLE,35.0000,2.0000,1600000.0000,300.0000,30.0000,30.0000,25.0000,0.1000,FAIL,-0.0544,0.1998,0.2844,0.2352,-1,0,0,FAIL,-0.0902,0.1641,0.2135,0.1248,-1,0,0,FAIL,-0.0895,0.1639,0.2128,0.1250,-1,0,0,STEADY_MAE
m2145#2145,REACHABLE,30.0000,2.0000,1600000.0000,300.0000,60.0000,30.0000,10.0000,0.1000,FAIL,0.0422,0.3249,0.5921,0.6386,-1,0,0,FAIL,-0.3273,0.4838,0.5957,0.2745,-1,0,0,PASS,0.0782,0.0305,0.0497,0.0585,4106,0,0,
m2149#2149,REACHABLE,35.0000,2.0000,1600000.0000,300.0000,60.0000,8.0000,25.0000,0.1000,FAIL,0.0875,0.1495,0.3246,0.4245,-1,0,0,PASS,0.0813,0.0126,0.0175,0.0114,1914,0,0,PASS,0.0787,0.0353,0.0623,0.0969,2106,0,0,
m2153#2153,REACHABLE,30.0000,2.0000,1600000.0000,300.0000,120.0000,8.0000,10.0000,0.1000,FAIL,-0.2282,0.5223,0.6973,0.3817,-1,0,0,PASS,0.0845,0.0343,0.0707,0.1572,5052,0,0,PASS,0.0871,0.0347,0.0761,0.1560,4288,0,0,
m2157#2157,REACHABLE,35.0000,2.0000,1600000.0000,300.0000,120.0000,3.0000,25.0000,0.1000,FAIL,0.0341,0.1769,0.3373,0.3714,-1,0,0,PASS,0.0875,0.0367,0.0519,0.1007,2881,0,0,PASS,0.0826,0.0381,0.0501,0.1013,2934,0,0,
m2#2,REACHABLE,37.5000,0.5000,180000.0000,120.0000,0.0000,8.0000,20.0000,0.1000,FAIL,-0.1423,0.2934,0.4857,0.3490,-1,0,0,PASS,0.0576,0.0004,0.0007,0.0010,1331,0,0,PASS,0.0576,0.0004,0.0007,0.0010,1331,0,0,
m6#6,REACHABLE,37.5000,0.5000,180000.0000,120.0000,0.0000,3.0000,28.0000,0.0100,PASS,-0.0217,0.0394,0.0559,0.0362,1808,0,0,PASS,0.0096,0.0022,0.0045,0.0103,1808,0,0,PASS,0.0096,0.0022,0.0045,0.0103,1808,0,0,
m10#10,REACHABLE,37.5000,0.5000,180000.0000,120.0000,15.0000,3.0000,20.0000,0.1000,FAIL,-1.7609,1.9897,2.1651,0.4152,-1,0,0,PASS,0.0663,0.0016,0.0024,0.0024,1252,0,0,PASS,0.0672,0.0003,0.0007,0.0015,1252,0,0,
m14#14,REACHABLE,37.5000,0.5000,180000.0000,120.0000,15.0000,30.0000,28.0000,0.0100,FAIL,-0.0358,0.2634,0.4631,0.4296,-1,0,0,FAIL,-0.0381,0.2046,0.3283,0.2870,-1,0,0,PASS,0.0259,0.0002,0.0005,0.0011,1616,0,0,
m18#18,REACHABLE,37.5000,0.5000,180000.0000,120.0000,30.0000,30.0000,20.0000,0.1000,FAIL,-2.3905,2.5624,2.7504,0.3991,-1,0,0,FAIL,-0.6888,0.7393,0.7493,0.0264,-1,0,0,FAIL,-0.6888,0.7393,0.7493,0.0264,-1,0,0,STEADY_MAE
m22#22,REACHABLE,37.5000,0.5000,180000.0000,120.0000,30.0000,8.0000,28.0000,0.0100,FAIL,-0.0181,0.2963,0.5026,0.4885,-1,0,0,PASS,0.0171,0.0025,0.0052,0.0098,1097,0,0,PASS,0.0172,0.0028,0.0044,0.0065,1097,0,0,
m26#26,SAFETY_LIMITED,37.5000,0.5000,180000.0000,120.0000,60.0000,8.0000,20.0000,0.1000,FAIL,-2.9612,3.3622,3.8120,0.8691,-1,0,0,FAIL,-0.2039,0.6394,0.9277,0.6827,-1,0,0,PASS,0.0720,0.0478,0.0976,0.1127,5611,0,0,
m30#30,REACHABLE,37.5000,0.5000,180000.0000,120.0000,60.0000,3.0000,28.0000,0.0100,FAIL,-0.0452,0.4081,0.6583,0.5966,-1,0,0,PASS,0.0570,0.0050,0.0146,0.0249,1469,0,0,PASS,0.0086,0.0023,0.0048,0.0074,1437,0,0,
m34#34,SAFETY_LIMITED,37.5000,0.5000,180000.0000,120.0000,120.0000,3.0000,20.0000,0.1000,FAIL,-3.9385,4.5267,5.1874,1.4076,-1,0,0,FAIL,-0.6325,0.7006,0.7028,0.0068,-1,0,0,FAIL,-0.6385,0.7061,0.7314,0.0952,-1,0,0,STEADY_MAE
m38#38,SAFETY_LIMITED,37.5000,0.5000,180000.0000,120.0000,120.0000,30.0000,28.0000,0.0100,FAIL,-0.2464,0.5522,0.7233,0.3803,-1,0,0,FAIL,-0.7876,0.7900,0.7907,0.0023,-1,0,0,FAIL,-0.6329,0.7168,0.7169,0.0003,-1,0,0,STEADY_MAE
m42#42,REACHABLE,37.5000,0.5000,180000.0000,180.0000,0.0000,30.0000,20.0000,0.1000,FAIL,-2.4632,3.2582,3.6928,1.1464,-1,0,0,FAIL,-0.2078,0.3915,0.5311,0.3336,-1,0,0,PASS,0.0566,0.0180,0.0210,0.0055,2499,0,0,
m46#46,REACHABLE,37.5000,0.5000,180000.0000,180.0000,0.0000,8.0000,28.0000,0.0100,FAIL,-0.1324,0.1486,0.1647,0.0347,-1,0,0,PASS,-0.0920,0.0963,0.0993,0.0084,2341,0,0,PASS,-0.0923,0.0963,0.0994,0.0079,2341,0,0,
m50#50,REACHABLE,37.5000,0.5000,180000.0000,180.0000,15.0000,8.0000,20.0000,0.1000,FAIL,-2.4954,2.7267,2.9463,0.4496,-1,0,0,FAIL,-0.1929,2.9753,3.1908,0.4837,-1,0,0,PASS,0.0661,0.0189,0.0266,0.0122,1830,0,0,
m54#54,REACHABLE,37.5000,0.5000,180000.0000,180.0000,15.0000,3.0000,28.0000,0.0100,FAIL,-0.0570,0.3210,0.4700,0.3941,-1,0,0,PASS,0.0353,0.0411,0.0825,0.1210,3615,0,0,PASS,0.0353,0.0411,0.0825,0.1210,3615,0,0,
m58#58,REACHABLE,37.5000,0.5000,180000.0000,180.0000,30.0000,3.0000,20.0000,0.1000,FAIL,-2.7994,3.2012,3.5699,0.8123,-1,0,0,PASS,0.0790,0.0322,0.0788,0.1569,2299,0,0,PASS,0.0800,0.0343,0.0778,0.1637,2118,0,0,
m62#62,REACHABLE,37.5000,0.5000,180000.0000,180.0000,30.0000,30.0000,28.0000,0.0100,FAIL,-0.0638,0.4624,0.7349,0.6142,-1,0,0,FAIL,-0.0734,0.1736,0.2469,0.1772,-1,0,0,PASS,0.0323,0.0024,0.0051,0.0072,2026,0,0,
m66#66,SAFETY_LIMITED,37.5000,0.5000,180000.0000,180.0000,60.0000,30.0000,20.0000,0.1000,FAIL,-4.6642,5.0317,5.4526,0.8260,-1,0,0,FAIL,-4.6711,5.0417,5.4420,0.7772,-1,0,0,FAIL,-4.6711,5.0417,5.4420,0.7772,-1,0,0,LEARNER_LOW_CONFIDENCE
m70#70,SAFETY_LIMITED,37.5000,0.5000,180000.0000,180.0000,60.0000,8.0000,28.0000,0.0100,FAIL,-2.0659,2.3520,2.7001,0.6753,-1,0,0,FAIL,-0.0777,1.1772,2.6640,2.6676,-1,0,0,FAIL,-0.7337,0.7359,0.7375,0.0042,-1,0,0,STEADY_MAE
m74#74,SAFETY_LIMITED,37.5000,0.5000,180000.0000,180.0000,120.0000,8.0000,20.0000,0.1000,FAIL,-5.6371,6.2941,7.0983,1.5133,-1,0,0,FAIL,-0.9618,0.9794,0.9796,0.0007,-1,0,0,FAIL,-0.9795,0.9861,0.9863,0.0008,-1,0,0,STEADY_MAE
m78#78,SAFETY_LIMITED,37.5000,0.5000,180000.0000,180.0000,120.0000,3.0000,28.0000,0.0100,FAIL,-1.9475,2.5078,3.0385,1.2186,-1,0,0,FAIL,-0.6400,0.6767,0.6792,0.0071,-1,0,0,FAIL,-0.9848,1.0065,1.0082,0.0049,-1,0,0,STEADY_MAE
m82#82,REACHABLE,37.5000,0.5000,180000.0000,300.0000,0.0000,3.0000,20.0000,0.1000,FAIL,-0.3305,0.4462,0.5277,0.2050,-1,0,0,PASS,0.0558,0.0421,0.0492,0.0150,7876,0,0,PASS,0.0542,0.0064,0.0134,0.0233,3062,0,0,
m86#86,REACHABLE,37.5000,0.5000,180000.0000,300.0000,0.0000,30.0000,28.0000,0.0100,FAIL,-0.1227,0.1298,0.1353,0.0133,6665,0,0,FAIL,-0.1168,0.1321,0.1412,0.0189,4123,0,0,PASS,0.0104,0.0008,0.0019,0.0027,2262,0,0,
m90#90,REACHABLE,37.5000,0.5000,180000.0000,300.0000,15.0000,30.0000,20.0000,0.1000,FAIL,-5.0357,5.2557,5.4558,0.3983,-1,0,0,FAIL,-0.7847,0.8172,0.8345,0.0338,-1,0,0,FAIL,-0.7847,0.8172,0.8345,0.0338,-1,0,0,STEADY_MAE
m94#94,REACHABLE,37.5000,0.5000,180000.0000,300.0000,15.0000,8.0000,28.0000,0.0100,FAIL,-2.0255,2.2231,2.4081,0.3968,-1,0,0,FAIL,-2.0264,2.2325,2.4167,0.4170,-1,0,0,FAIL,-2.0264,2.2325,2.4167,0.4170,-1,0,0,LEARNER_LOW_CONFIDENCE
m98#98,REACHABLE,37.5000,0.5000,180000.0000,300.0000,30.0000,8.0000,20.0000,0.1000,FAIL,-4.9848,5.4557,5.9267,0.9680,-1,0,0,FAIL,-0.6414,0.6589,0.6749,0.0346,-1,0,0,FAIL,-0.6414,0.6589,0.6749,0.0346,-1,0,0,STEADY_MAE
m102#102,REACHABLE,37.5000,0.5000,180000.0000,300.0000,30.0000,3.0000,28.0000,0.0100,FAIL,-2.3016,2.6397,2.9385,0.6880,-1,0,0,FAIL,-2.1858,2.5039,2.7984,0.6441,-1,0,0,FAIL,-2.1858,2.5039,2.7984,0.6441,-1,0,0,LEARNER_LOW_CONFIDENCE
m106#106,REACHABLE,37.5000,0.5000,180000.0000,300.0000,60.0000,3.0000,20.0000,0.1000,FAIL,-5.8587,6.6176,7.3365,1.5366,-1,0,0,FAIL,-0.7355,0.7616,0.7830,0.0491,-1,0,0,FAIL,-0.7355,0.7616,0.7830,0.0491,-1,0,0,STEADY_MAE
m110#110,SAFETY_LIMITED,37.5000,0.5000,180000.0000,300.0000,60.0000,30.0000,28.0000,0.0100,FAIL,-3.4658,3.7830,4.1281,0.6554,-1,0,0,FAIL,-3.4913,3.7867,4.1143,0.5992,-1,0,0,FAIL,-3.4853,3.7914,4.1143,0.5992,-1,0,0,LEARNER_LOW_CONFIDENCE
m114#114,SAFETY_LIMITED,37.5000,0.5000,180000.0000,300.0000,120.0000,30.0000,20.0000,0.1000,FAIL,-8.0804,8.7486,9.5451,1.4867,-1,0,0,FAIL,-7.5130,8.8178,9.6135,1.5311,-1,0,0,FAIL,-7.4423,8.8221,9.6017,1.5394,-1,0,0,LEARNER_LOW_CONFIDENCE
m118#118,SAFETY_LIMITED,37.5000,0.5000,180000.0000,300.0000,120.0000,8.0000,28.0000,0.0100,FAIL,-3.8661,4.3916,5.0163,1.2774,-1,0,0,FAIL,-1.1994,1.2273,1.2328,0.0096,-1,0,0,FAIL,-1.3020,1.3336,1.3375,0.0096,-1,0,0,STEADY_MAE
m122#122,REACHABLE,37.5000,0.5000,600000.0000,120.0000,0.0000,8.0000,20.0000,0.1000,FAIL,-0.1363,0.2216,0.2778,0.1425,-1,0,0,PASS,0.0528,0.0078,0.0184,0.0266,4195,0,0,PASS,0.0530,0.0412,0.0453,0.0087,3333,0,0,
m126#126,REACHABLE,37.5000,0.5000,600000.0000,120.0000,0.0000,3.0000,28.0000,0.0100,PASS,-0.0234,0.0335,0.0386,0.0156,3214,0,0,PASS,0.0426,0.0039,0.0050,0.0108,2184,0,0,PASS,0.0475,0.0023,0.0046,0.0068,2184,0,0,
m130#130,REACHABLE,37.5000,0.5000,600000.0000,120.0000,15.0000,3.0000,20.0000,0.1000,FAIL,-0.1078,0.2407,0.3451,0.2363,-1,0,0,PASS,0.0598,0.0098,0.0105,0.0032,2510,0,0,PASS,0.0600,0.0218,0.0228,0.0037,2510,0,0,
m134#134,REACHABLE,37.5000,0.5000,600000.0000,120.0000,15.0000,30.0000,28.0000,0.0100,PASS,-0.0260,0.0351,0.0408,0.0140,3746,0,0,PASS,0.0228,0.0026,0.0049,0.0054,2595,0,0,PASS,0.0261,0.0024,0.0048,0.0043,2595,0,0,
m138#138,REACHABLE,37.5000,0.5000,600000.0000,120.0000,30.0000,30.0000,20.0000,0.1000,FAIL,-0.1401,0.3117,0.3971,0.1940,-1,0,0,FAIL,-0.0258,0.3777,0.7030,0.6886,-1,0,0,FAIL,-0.0028,0.2772,0.6415,0.6427,-1,0,0,STEADY_MAE
m142#142,REACHABLE,37.5000,0.5000,600000.0000,120.0000,30.0000,8.0000,28.0000,0.0100,PASS,-0.0302,0.0554,0.0756,0.0467,3875,0,0,PASS,0.0233,0.0034,0.0049,0.0036,2152,0,0,PASS,0.0270,0.0024,0.0051,0.0128,2152,0,0,
m146#146,REACHABLE,37.5000,0.5000,600000.0000,120.0000,60.0000,8.0000,20.0000,0.1000,FAIL,-0.1962,0.4706,0.6334,0.4488,-1,0,0,PASS,-0.0088,0.0680,0.0721,0.0096,6877,0,0,PASS,-0.0112,0.0718,0.1036,0.1221,8582,0,0,
m150#150,REACHABLE,37.5000,0.5000,600000.0000,120.0000,60.0000,3.0000,28.0000,0.0100,FAIL,-0.0249,0.1728,0.2619,0.2387,-1,0,0,PASS,0.0309,0.0032,0.0055,0.0136,2105,0,0,PASS,0.0317,0.0030,0.0048,0.0051,2156,0,0,
m154#154,REACHABLE,37.5000,0.5000,600000.0000,120.0000,120.0000,3.0000,20.0000,0.1000,FAIL,-0.3450,1.1707,2.0103,1.7071,-1,0,0,PASS,0.0234,0.0365,0.0744,0.1002,5534,0,0,PASS,0.0267,0.0368,0.0754,0.1037,4544,0,0,
m158#158,REACHABLE,37.5000,0.5000,600000.0000,120.0000,120.0000,30.0000,28.0000,0.0100,FAIL,0.0391,0.3141,0.4650,0.3599,-1,0,0,FAIL,-0.1310,0.2912,0.3946,0.2620,-1,0,0,PASS,-0.0674,0.0819,0.0830,0.0027,4890,0,0,
m162#162,REACHABLE,37.5000,0.5000,600000.0000,180.0000,0.0000,30.0000,20.0000,0.1000,FAIL,-0.2175,0.2666,0.2933,0.0668,-1,0,0,FAIL,-0.2211,0.2665,0.2936,0.0677,-1,0,0,PASS,-0.0173,0.0454,0.0665,0.0515,3963,0,0,
m166#166,REACHABLE,37.5000,0.5000,600000.0000,180.0000,0.0000,8.0000,28.0000,0.0100,PASS,-0.0543,0.0633,0.0672,0.0133,3828,0,0,PASS,0.0362,0.0032,0.0049,0.0102,2139,0,0,PASS,0.0356,0.0029,0.0049,0.0102,2139,0,0,
m170#170,REACHABLE,37.5000,0.5000,600000.0000,180.0000,15.0000,8.0000,20.0000,0.1000,FAIL,-0.2032,0.3089,0.3938,0.1864,-1,0,0,PASS,0.0591,0.0315,0.0328,0.0025,6126,0,0,PASS,0.0580,0.0172,0.0499,0.0629,2843,0,0,
m174#174,REACHABLE,37.5000,0.5000,600000.0000,180.0000,15.0000,3.0000,28.0000,0.0100,PASS,-0.0591,0.0648,0.0677,0.0090,4081,0,0,PASS,0.0266,0.0032,0.0049,0.0110,2391,0,0,PASS,0.0309,0.0034,0.0061,0.0148,2391,0,0,
m178#178,REACHABLE,37.5000,0.5000,600000.0000,180.0000,30.0000,3.0000,20.0000,0.1000,FAIL,-0.2961,1.5324,2.3187,2.2091,-1,0,0,PASS,-0.0062,0.0442,0.0832,0.0864,3542,0,0,PASS,0.0652,0.0311,0.0488,0.0332,3383,0,0,
m182#182,REACHABLE,37.5000,0.5000,600000.0000,180.0000,30.0000,30.0000,28.0000,0.0100,FAIL,-0.0842,0.1971,0.2859,0.2007,-1,0,0,PASS,-0.0706,0.0857,0.0977,0.0267,3758,0,0,PASS,0.0226,0.0022,0.0052,0.0134,3412,0,0,
m186#186,REACHABLE,37.5000,0.5000,600000.0000,180.0000,60.0000,30.0000,20.0000,0.1000,FAIL,-0.4149,0.6486,1.1685,0.9123,-1,0,0,FAIL,-0.1816,0.6005,1.2049,1.0387,-1,0,0,PASS,0.0105,0.0411,0.0811,0.0937,5136,0,0,
m190#190,REACHABLE,37.5000,0.5000,600000.0000,180.0000,60.0000,8.0000,28.0000,0.0100,FAIL,-0.0429,0.2611,0.4005,0.3591,-1,0,0,PASS,0.0341,0.0030,0.0079,0.0118,5199,0,0,PASS,0.0187,0.0032,0.0055,0.0125,3187,0,0,
m194#194,REACHABLE,37.5000,0.5000,600000.0000,180.0000,120.0000,8.0000,20.0000,0.1000,FAIL,-3.5418,4.0144,4.4395,1.0826,-1,0,0,PASS,0.0200,0.0436,0.0907,0.1248,8179,0,0,PASS,0.0767,0.0380,0.1186,0.2134,6024,0,0,
m198#198,REACHABLE,37.5000,0.5000,600000.0000,180.0000,120.0000,3.0000,28.0000,0.0100,FAIL,-0.1075,0.3319,0.5193,0.4005,-1,0,0,PASS,0.0110,0.0010,0.0013,0.0013,3989,0,0,PASS,0.0105,0.0033,0.0036,0.0012,3955,0,0,
m202#202,REACHABLE,37.5000,0.5000,600000.0000,300.0000,0.0000,3.0000,20.0000,0.1000,FAIL,-0.4184,0.4548,0.4745,0.0576,-1,0,0,FAIL,-0.0275,0.1369,0.4074,0.4457,-1,0,0,PASS,-0.0263,0.0689,0.0727,0.0090,5147,0,0,
m206#206,REACHABLE,37.5000,0.5000,600000.0000,300.0000,0.0000,30.0000,28.0000,0.0100,FAIL,-0.1242,0.1283,0.1314,0.0073,4610,0,0,FAIL,-0.1242,0.1284,0.1314,0.0073,3679,0,0,PASS,0.0085,0.0030,0.0036,0.0014,3733,0,0,
m210#210,REACHABLE,37.5000,0.5000,600000.0000,300.0000,15.0000,30.0000,20.0000,0.1000,FAIL,-0.2981,0.4394,0.5753,0.3154,-1,0,0,FAIL,-0.4108,0.4426,0.4576,0.0368,-1,0,0,PASS,-0.0246,0.0590,0.0885,0.0650,6500,0,0,
m214#214,REACHABLE,37.5000,0.5000,600000.0000,300.0000,15.0000,8.0000,28.0000,0.0100,FAIL,-0.2019,0.2093,0.2157,0.0141,-1,0,0,FAIL,-0.2017,0.2095,0.2163,0.0150,-1,0,0,PASS,-0.0618,0.0783,0.0793,0.0025,3593,0,0,
m218#218,REACHABLE,37.5000,0.5000,600000.0000,300.0000,30.0000,8.0000,20.0000,0.1000,FAIL,-5.3331,5.7232,6.0066,0.7170,-1,0,0,FAIL,-0.2163,0.6013,0.8720,0.6695,-1,0,0,PASS,-0.0174,0.0584,0.0963,0.0826,5783,0,0,
m222#222,REACHABLE,37.5000,0.5000,600000.0000,300.0000,30.0000,3.0000,28.0000,0.0100,FAIL,-0.1254,0.1481,0.1632,0.0407,-1,0,0,FAIL,-0.1211,0.1471,0.1687,0.0477,-1,0,0,PASS,0.0201,0.0019,0.0045,0.0109,3154,0,0,
m226#226,REACHABLE,37.5000,0.5000,600000.0000,300.0000,60.0000,3.0000,20.0000,0.1000,FAIL,-6.8344,7.0972,7.3248,0.5312,-1,0,0,FAIL,-0.4050,0.8351,1.4529,1.0672,-1,0,0,PASS,-0.0005,0.0569,0.1065,0.1154,5694,0,0,
m230#230,REACHABLE,37.5000,0.5000,600000.0000,300.0000,60.0000,30.0000,28.0000,0.0100,FAIL,-0.1494,0.3060,0.4247,0.2796,-1,0,0,PASS,0.0202,0.0086,0.0160,0.0312,3709,0,0,PASS,0.0235,0.0106,0.0185,0.0218,5296,0,0,
m234#234,REACHABLE,37.5000,0.5000,600000.0000,300.0000,120.0000,30.0000,20.0000,0.1000,FAIL,-5.1468,5.7040,6.1927,1.1998,-1,0,0,FAIL,-0.0581,1.1545,3.0289,3.2858,-1,0,0,FAIL,-0.9371,0.9586,0.9764,0.0398,-1,0,0,STEADY_MAE
m238#238,REACHABLE,37.5000,0.5000,600000.0000,300.0000,120.0000,8.0000,28.0000,0.0100,FAIL,-0.0503,0.4813,0.8380,0.8486,-1,0,0,FAIL,-0.6507,0.6542,0.6551,0.0023,-1,0,0,FAIL,-0.6553,0.6559,0.6562,0.0009,-1,0,0,STEADY_MAE
m242#242,REACHABLE,37.5000,0.5000,1600000.0000,120.0000,0.0000,8.0000,20.0000,0.1000,FAIL,-0.1416,0.2021,0.2331,0.0931,-1,0,0,PASS,0.0514,0.0481,0.0499,0.0048,5777,0,0,PASS,0.0518,0.0465,0.0471,0.0015,5777,0,0,
m246#246,REACHABLE,37.5000,0.5000,1600000.0000,120.0000,0.0000,3.0000,28.0000,0.0100,PASS,-0.0339,0.0354,0.0358,0.0014,5188,0,0,PASS,0.0055,0.0028,0.0045,0.0041,4416,0,0,PASS,0.0166,0.0039,0.0048,0.0018,4416,0,0,
m250#250,REACHABLE,37.5000,0.5000,1600000.0000,120.0000,15.0000,3.0000,20.0000,0.1000,FAIL,-0.2246,0.2567,0.2689,0.0368,-1,0,0,PASS,0.0553,0.0169,0.0303,0.0295,5367,0,0,FAIL,0.0557,0.0460,0.1132,0.2349,-1,0,0,SETTLING_TIMEOUT
m254#254,REACHABLE,37.5000,0.5000,1600000.0000,120.0000,15.0000,30.0000,28.0000,0.0100,PASS,-0.0305,0.0422,0.0494,0.0188,5102,0,0,PASS,0.0092,0.0011,0.0026,0.0039,4710,0,0,PASS,0.0095,0.0013,0.0022,0.0019,4696,0,0,
m258#258,REACHABLE,37.5000,0.5000,1600000.0000,120.0000,30.0000,30.0000,20.0000,0.1000,FAIL,-0.2686,0.3264,0.3591,0.0818,-1,0,0,FAIL,-0.1862,0.3409,0.3758,0.0922,-1,0,0,FAIL,-0.0197,0.1255,0.3570,0.3450,-1,0,0,STEADY_MAE
m262#262,REACHABLE,37.5000,0.5000,1600000.0000,120.0000,30.0000,8.0000,28.0000,0.0100,PASS,-0.0281,0.0411,0.0462,0.0182,5139,0,0,PASS,0.0178,0.0022,0.0075,0.0105,4764,0,0,PASS,0.0167,0.0019,0.0047,0.0075,4815,0,0,
m266#266,REACHABLE,37.5000,0.5000,1600000.0000,120.0000,60.0000,8.0000,20.0000,0.1000,FAIL,-0.0709,0.1999,0.2935,0.2673,-1,0,0,PASS,-0.0186,0.0794,0.1205,0.1044,7771,0,0,FAIL,-0.0185,0.0872,0.1906,0.2628,-1,0,0,SETTLING_TIMEOUT
m270#270,REACHABLE,37.5000,0.5000,1600000.0000,120.0000,60.0000,3.0000,28.0000,0.0100,FAIL,-0.1089,0.1327,0.1411,0.0231,6890,0,0,PASS,-0.0478,0.0757,0.0863,0.0257,4678,0,0,PASS,-0.0537,0.0780,0.0857,0.0160,4668,0,0,
m274#274,REACHABLE,37.5000,0.5000,1600000.0000,120.0000,120.0000,3.0000,20.0000,0.1000,FAIL,-0.1388,0.3079,0.4407,0.3189,-1,0,0,PASS,-0.0135,0.0739,0.1167,0.1058,7535,0,0,PASS,-0.0112,0.0684,0.1119,0.1061,5968,0,0,
m278#278,REACHABLE,37.5000,0.5000,1600000.0000,120.0000,120.0000,30.0000,28.0000,0.0100,FAIL,-0.0019,0.1149,0.1938,0.1924,-1,0,0,PASS,0.0261,0.0171,0.0543,0.0903,6337,0,0,PASS,0.0119,0.0080,0.0171,0.0305,5546,0,0,
m282#282,REACHABLE,37.5000,0.5000,1600000.0000,180.0000,0.0000,30.0000,20.0000,0.1000,FAIL,-0.2346,0.2815,0.3117,0.0780,-1,0,0,PASS,0.0522,0.0402,0.0498,0.1020,7861,0,0,PASS,-0.0422,0.0501,0.0528,0.0083,7416,0,0,
m286#286,REACHABLE,37.5000,0.5000,1600000.0000,180.0000,0.0000,8.0000,28.0000,0.0100,PASS,-0.0641,0.0658,0.0667,0.0026,5430,0,0,PASS,0.0254,0.0045,0.0068,0.0145,4785,0,0,PASS,0.0261,0.0045,0.0056,0.0121,4785,0,0,
m290#290,REACHABLE,37.5000,0.5000,1600000.0000,180.0000,15.0000,8.0000,20.0000,0.1000,FAIL,-0.2161,0.2983,0.3440,0.1295,-1,0,0,PASS,0.0552,0.0358,0.0499,0.0999,6487,0,0,PASS,0.0557,0.0286,0.0480,0.0355,6487,0,0,
m294#294,REACHABLE,37.5000,0.5000,1600000.0000,180.0000,15.0000,3.0000,28.0000,0.0100,PASS,-0.0622,0.0659,0.0680,0.0060,5511,0,0,PASS,0.0279,0.0048,0.0121,0.0293,4900,0,0,PASS,0.0201,0.0043,0.0049,0.0027,4900,0,0,
m298#298,REACHABLE,37.5000,0.5000,1600000.0000,180.0000,30.0000,3.0000,20.0000,0.1000,FAIL,-0.1985,0.3472,0.3645,0.0494,-1,0,0,FAIL,-0.0347,0.1533,0.3766,0.3534,-1,0,0,PASS,0.0591,0.0343,0.0527,0.1024,8554,0,0,
m302#302,REACHABLE,37.5000,0.5000,1600000.0000,180.0000,30.0000,30.0000,28.0000,0.0100,PASS,-0.0598,0.0705,0.0798,0.0202,5400,0,0,PASS,0.0166,0.0086,0.0150,0.0304,4954,0,0,PASS,0.0092,0.0015,0.0017,0.0006,4771,0,0,
m306#306,REACHABLE,37.5000,0.5000,1600000.0000,180.0000,60.0000,30.0000,20.0000,0.1000,FAIL,-0.2097,0.3393,0.4308,0.2231,-1,0,0,FAIL,-0.2910,0.5492,0.5854,0.0972,-1,0,0,FAIL,-0.0294,0.1242,0.1848,0.1602,-1,0,0,STEADY_MAE
m310#310,REACHABLE,37.5000,0.5000,1600000.0000,180.0000,60.0000,8.0000,28.0000,0.0100,PASS,-0.0697,0.0884,0.1019,0.0325,5729,0,0,PASS,0.0425,0.0230,0.0404,0.0513,4651,0,0,PASS,0.0345,0.0120,0.0320,0.0438,4682,0,0,
m314#314,REACHABLE,37.5000,0.5000,1600000.0000,180.0000,120.0000,8.0000,20.0000,0.1000,FAIL,-0.3677,0.5379,0.6482,0.2865,-1,0,0,FAIL,-0.0995,0.1809,0.2383,0.1471,-1,0,0,FAIL,-0.0970,0.1746,0.2250,0.1303,-1,0,0,STEADY_MAE
m318#318,REACHABLE,37.5000,0.5000,1600000.0000,180.0000,120.0000,3.0000,28.0000,0.0100,FAIL,-0.0537,0.1702,0.2618,0.2066,-1,0,0,PASS,0.0306,0.0126,0.0266,0.0374,5211,0,0,PASS,0.0502,0.0328,0.0480,0.0440,4958,0,0,
m322#322,REACHABLE,37.5000,0.5000,1600000.0000,300.0000,0.0000,3.0000,20.0000,0.1000,FAIL,-0.3435,0.3624,0.3715,0.0267,-1,0,0,FAIL,-0.1782,0.3322,0.4875,0.3533,-1,0,0,FAIL,-0.0854,0.2646,0.4875,0.4460,-1,0,0,STEADY_MAE
m326#326,REACHABLE,37.5000,0.5000,1600000.0000,300.0000,0.0000,30.0000,28.0000,0.0100,FAIL,-0.2046,0.2076,0.2099,0.0054,-1,0,0,FAIL,-0.2046,0.2076,0.2099,0.0053,-1,0,0,PASS,-0.0636,0.0755,0.0764,0.0017,5969,0,0,
m330#330,REACHABLE,37.5000,0.5000,1600000.0000,300.0000,15.0000,30.0000,20.0000,0.1000,FAIL,-0.4121,0.4457,0.4617,0.0379,-1,0,0,FAIL,-0.5150,0.8081,1.1159,0.6438,-1,0,0,FAIL,-0.5150,0.8081,1.1159,0.6438,-1,0,0,LEARNER_LOW_CONFIDENCE
m334#334,REACHABLE,37.5000,0.5000,1600000.0000,300.0000,15.0000,8.0000,28.0000,0.0100,FAIL,-0.1241,0.1285,0.1320,0.0080,5942,0,0,PASS,0.0281,0.0050,0.0112,0.0190,5169,0,0,PASS,0.0284,0.0047,0.0106,0.0185,5144,0,0,
m338#338,REACHABLE,37.5000,0.5000,1600000.0000,300.0000,30.0000,8.0000,20.0000,0.1000,FAIL,-0.3901,0.4457,0.4700,0.0718,-1,0,0,FAIL,-0.2909,0.3999,0.5707,0.3031,-1,0,0,FAIL,-0.1548,0.3526,0.5707,0.4392,-1,0,0,STEADY_MAE
m342#342,REACHABLE,37.5000,0.5000,1600000.0000,300.0000,30.0000,3.0000,28.0000,0.0100,FAIL,-0.1300,0.1340,0.1355,0.0050,6199,0,0,PASS,0.0273,0.0046,0.0093,0.0181,5322,0,0,PASS,0.0284,0.0055,0.0137,0.0249,5277,0,0,
m346#346,REACHABLE,37.5000,0.5000,1600000.0000,300.0000,60.0000,3.0000,20.0000,0.1000,FAIL,-0.4315,0.6015,0.7192,0.2967,-1,0,0,FAIL,-0.2376,0.3643,0.5640,0.3625,-1,0,0,FAIL,-0.1830,0.3471,0.5640,0.4170,-1,0,0,STEADY_MAE
m350#350,REACHABLE,37.5000,0.5000,1600000.0000,300.0000,60.0000,30.0000,28.0000,0.0100,FAIL,-0.1331,0.1536,0.1724,0.0396,-1,0,0,FAIL,-0.1387,0.1601,0.1772,0.0402,-1,0,0,PASS,0.0152,0.0059,0.0128,0.0266,7000,0,0,
m354#354,REACHABLE,37.5000,0.5000,1600000.0000,300.0000,120.0000,30.0000,20.0000,0.1000,FAIL,-0.4216,0.7094,0.8936,0.5005,-1,0,0,FAIL,-0.5448,0.9400,1.4967,1.0405,-1,0,0,FAIL,-0.7781,1.1274,1.6466,0.9588,-1,0,0,STEADY_MAE
m358#358,REACHABLE,37.5000,0.5000,1600000.0000,300.0000,120.0000,8.0000,28.0000,0.0100,FAIL,-0.1044,0.2982,0.4192,0.2886,-1,0,0,PASS,0.0259,0.0150,0.0347,0.0661,8688,0,0,PASS,0.0161,0.0087,0.0175,0.0369,6937,0,0,
m362#362,REACHABLE,37.5000,0.7000,180000.0000,120.0000,0.0000,8.0000,20.0000,0.1000,FAIL,-0.1140,0.2747,0.4422,0.3684,-1,0,0,PASS,0.0520,0.0132,0.0176,0.0107,2012,0,0,PASS,0.0520,0.0132,0.0176,0.0107,2012,0,0,
m366#366,REACHABLE,37.5000,0.7000,180000.0000,120.0000,0.0000,3.0000,28.0000,0.0100,PASS,-0.0094,0.0166,0.0193,0.0095,1426,0,0,PASS,0.0166,0.0020,0.0041,0.0106,1400,0,0,PASS,0.0166,0.0020,0.0041,0.0106,1400,0,0,
m370#370,REACHABLE,37.5000,0.7000,180000.0000,120.0000,15.0000,3.0000,20.0000,0.1000,FAIL,-0.1917,0.4758,0.6584,0.4263,-1,0,0,PASS,-0.0129,0.0949,0.1075,0.0346,2529,0,0,PASS,-0.0129,0.0949,0.1075,0.0346,2529,0,0,
m374#374,REACHABLE,37.5000,0.7000,180000.0000,120.0000,15.0000,30.0000,28.0000,0.0100,FAIL,0.0393,0.2073,0.4256,0.4695,-1,0,0,PASS,0.0258,0.0029,0.0069,0.0157,1228,0,0,PASS,0.0124,0.0028,0.0065,0.0146,1228,0,0,
m378#378,SAFETY_LIMITED,37.5000,0.7000,180000.0000,120.0000,30.0000,30.0000,20.0000,0.1000,FAIL,-1.8912,2.0780,2.2713,0.3724,-1,0,0,FAIL,-0.6194,0.6417,0.6644,0.0457,-1,0,0,FAIL,-0.6194,0.6417,0.6644,0.0457,-1,0,0,STEADY_MAE
m382#382,REACHABLE,37.5000,0.7000,180000.0000,120.0000,30.0000,8.0000,28.0000,0.0100,FAIL,-0.0748,0.3494,0.5389,0.4457,-1,0,0,PASS,-0.0499,0.0819,0.1182,0.0694,1517,0,0,PASS,-0.0499,0.0819,0.1182,0.0694,1517,0,0,
m386#386,SAFETY_LIMITED,37.5000,0.7000,180000.0000,120.0000,60.0000,8.0000,20.0000,0.1000,FAIL,-1.9793,2.3618,2.8295,0.8949,-1,0,0,FAIL,0.0834,0.0534,0.1472,0.2490,-1,0,0,FAIL,0.0834,0.0534,0.1472,0.2490,-1,0,0,SETTLING_TIMEOUT
m390#390,SAFETY_LIMITED,37.5000,0.7000,180000.0000,120.0000,60.0000,3.0000,28.0000,0.0100,FAIL,-1.0260,1.2406,1.4509,0.4696,-1,0,0,PASS,0.0062,0.0028,0.0049,0.0108,2045,0,0,PASS,0.0066,0.0030,0.0047,0.0055,2048,0,0,
m394#394,SAFETY_LIMITED,37.5000,0.7000,180000.0000,120.0000,120.0000,3.0000,20.0000,0.1000,FAIL,-2.4238,3.0702,3.8058,1.4998,-1,0,0,FAIL,-0.5785,0.6275,0.6686,0.0940,-1,0,0,FAIL,-0.5795,0.6324,0.6717,0.0935,-1,0,0,STEADY_MAE
m398#398,SAFETY_LIMITED,37.5000,0.7000,180000.0000,120.0000,120.0000,30.0000,28.0000,0.0100,FAIL,-0.0424,0.5394,0.9913,0.9693,-1,0,0,FAIL,0.6844,0.3300,0.3965,0.1151,-1,0,0,FAIL,-0.6193,0.6262,0.6318,0.0137,-1,0,0,STEADY_MAE
m402#402,REACHABLE,37.5000,0.7000,180000.0000,180.0000,0.0000,30.0000,20.0000,0.1000,FAIL,-0.1404,0.4315,0.6462,0.4895,-1,0,0,FAIL,-0.6185,0.6477,0.6549,0.0151,-1,0,0,FAIL,-0.6185,0.6477,0.6549,0.0151,-1,0,0,STEADY_MAE
m406#406,REACHABLE,37.5000,0.7000,180000.0000,180.0000,0.0000,8.0000,28.0000,0.0100,PASS,-0.0302,0.0478,0.0670,0.0425,1826,0,0,PASS,0.0088,0.0026,0.0046,0.0105,1826,0,0,PASS,0.0088,0.0026,0.0046,0.0105,1826,0,0,
m410#410,REACHABLE,37.5000,0.7000,180000.0000,180.0000,15.0000,8.0000,20.0000,0.1000,FAIL,-1.7847,2.0490,2.2879,0.5334,-1,0,0,PASS,0.0580,0.0083,0.0111,0.0067,1297,0,0,PASS,0.0580,0.0083,0.0111,0.0067,1297,0,0,
m414#414,REACHABLE,37.5000,0.7000,180000.0000,180.0000,15.0000,3.0000,28.0000,0.0100,FAIL,-0.0315,0.3372,0.4897,0.3689,-1,0,0,PASS,0.0614,0.0447,0.0844,0.1478,2040,0,0,PASS,0.0614,0.0447,0.0844,0.1478,2040,0,0,
m418#418,REACHABLE,37.5000,0.7000,180000.0000,180.0000,30.0000,3.0000,20.0000,0.1000,FAIL,-1.8594,2.2777,2.6530,0.8526,-1,0,0,PASS,0.0894,0.0128,0.0291,0.0364,1324,0,0,PASS,0.0826,0.0229,0.0282,0.0171,1324,0,0,
m422#422,SAFETY_LIMITED,37.5000,0.7000,180000.0000,180.0000,30.0000,30.0000,28.0000,0.0100,FAIL,-0.0296,0.3963,0.6773,0.5971,-1,0,0,FAIL,-0.0398,0.1011,0.1572,0.1245,-1,0,0,PASS,0.0120,0.0026,0.0051,0.0081,1793,0,0,
m426#426,SAFETY_LIMITED,37.5000,0.7000,180000.0000,180.0000,60.0000,30.0000,20.0000,0.1000,FAIL,-3.4193,3.7783,4.2589,0.8481,-1,0,0,FAIL,-3.4201,3.8353,4.2819,0.9338,-1,0,0,FAIL,-3.4201,3.8353,4.2819,0.9338,-1,0,0,LEARNER_LOW_CONFIDENCE
m430#430,SAFETY_LIMITED,37.5000,0.7000,180000.0000,180.0000,60.0000,8.0000,28.0000,0.0100,FAIL,-0.1043,0.5431,0.8944,0.8073,-1,0,0,PASS,0.0592,0.0058,0.0121,0.0151,1638,0,0,PASS,0.0588,0.0037,0.0080,0.0186,1580,0,0,
m434#434,SAFETY_LIMITED,37.5000,0.7000,180000.0000,180.0000,120.0000,8.0000,20.0000,0.1000,FAIL,-3.9809,4.7497,5.6950,1.8448,-1,0,0,FAIL,-0.7848,0.8353,0.8738,0.0931,-1,0,0,FAIL,-0.8538,0.8545,0.8550,0.0016,-1,0,0,STEADY_MAE
m438#438,SAFETY_LIMITED,37.5000,0.7000,180000.0000,180.0000,120.0000,3.0000,28.0000,0.0100,FAIL,-0.1610,0.8406,1.4334,1.2901,-1,0,0,FAIL,-0.0562,0.1510,0.2288,0.1543,-1,0,0,PASS,-0.0533,0.0766,0.0896,0.0323,3906,0,0,
m442#442,REACHABLE,37.5000,0.7000,180000.0000,300.0000,0.0000,3.0000,20.0000,0.1000,FAIL,-4.2695,5.4153,5.6687,0.7131,-1,0,0,FAIL,-0.0901,0.3946,0.5450,0.3265,-1,0,0,PASS,0.0576,0.0467,0.0476,0.0027,2160,0,0,
m446#446,REACHABLE,37.5000,0.7000,180000.0000,300.0000,0.0000,30.0000,28.0000,0.0100,FAIL,-0.0733,0.1036,0.1319,0.0628,2806,0,0,PASS,0.0171,0.0018,0.0025,0.0018,1784,0,0,PASS,0.0252,0.0018,0.0023,0.0016,1784,0,0,
m450#450,REACHABLE,37.5000,0.7000,180000.0000,300.0000,15.0000,30.0000,20.0000,0.1000,FAIL,-3.3666,3.5766,3.7861,0.4488,-1,0,0,FAIL,-0.8111,0.8631,0.8774,0.0323,-1,0,0,FAIL,-0.8111,0.8631,0.8774,0.0323,-1,0,0,STEADY_MAE
m454#454,REACHABLE,37.5000,0.7000,180000.0000,300.0000,15.0000,8.0000,28.0000,0.0100,FAIL,-1.6603,1.9085,2.1037,0.4781,-1,0,0,FAIL,-1.6603,1.9085,2.1037,0.4781,-1,0,0,FAIL,-1.6603,1.9085,2.1037,0.4781,-1,0,0,LEARNER_LOW_CONFIDENCE
m458#458,REACHABLE,37.5000,0.7000,180000.0000,300.0000,30.0000,8.0000,20.0000,0.1000,FAIL,-3.2297,3.7645,4.2842,1.0891,-1,0,0,FAIL,-0.6258,0.6476,0.6661,0.0414,-1,0,0,FAIL,-0.6258,0.6476,0.6661,0.0414,-1,0,0,STEADY_MAE
m462#462,REACHABLE,37.5000,0.7000,180000.0000,300.0000,30.0000,3.0000,28.0000,0.0100,FAIL,-1.6393,2.0143,2.3092,0.7096,-1,0,0,PASS,0.0067,0.0017,0.0032,0.0052,5140,0,0,PASS,0.0067,0.0017,0.0032,0.0052,5140,0,0,
m466#466,SAFETY_LIMITED,37.5000,0.7000,180000.0000,300.0000,60.0000,3.0000,20.0000,0.1000,FAIL,-4.1327,5.0054,5.8975,1.8341,-1,0,0,FAIL,-0.7213,0.7568,0.7827,0.0637,-1,0,0,FAIL,-0.7213,0.7568,0.7827,0.0637,-1,0,0,STEADY_MAE
m470#470,SAFETY_LIMITED,37.5000,0.7000,180000.0000,300.0000,60.0000,30.0000,28.0000,0.0100,FAIL,-2.6238,2.9285,3.3145,0.7303,-1,0,0,FAIL,-2.6244,2.9182,3.2941,0.6805,-1,0,0,FAIL,-2.6178,2.9183,3.2941,0.6805,-1,0,0,LEARNER_LOW_CONFIDENCE
m474#474,SAFETY_LIMITED,37.5000,0.7000,180000.0000,300.0000,120.0000,30.0000,20.0000,0.1000,FAIL,-6.3402,7.1393,8.1359,1.8244,-1,0,0,FAIL,-5.7911,6.8172,7.8529,2.2953,-1,0,0,FAIL,-1.6136,1.6606,1.6958,0.0800,-1,0,0,STEADY_MAE
m478#478,SAFETY_LIMITED,37.5000,0.7000,180000.0000,300.0000,120.0000,8.0000,28.0000,0.0100,FAIL,-2.9039,3.4970,4.2183,1.4605,-1,0,0,FAIL,-0.9222,0.9512,0.9598,0.0194,-1,0,0,FAIL,-1.3531,1.3569,1.3590,0.0074,-1,0,0,STEADY_MAE
m482#482,REACHABLE,37.5000,0.7000,600000.0000,120.0000,0.0000,8.0000,20.0000,0.1000,FAIL,-0.2108,0.2699,0.3023,0.0911,-1,0,0,PASS,-0.0255,0.0498,0.0509,0.0026,2858,0,0,FAIL,-0.0242,0.1229,0.1293,0.0167,2768,0,0,STEADY_MAE
m486#486,REACHABLE,37.5000,0.7000,600000.0000,120.0000,0.0000,3.0000,28.0000,0.0100,PASS,-0.0131,0.0155,0.0163,0.0029,2349,0,0,PASS,0.0674,0.0021,0.0045,0.0060,2209,0,0,PASS,0.0674,0.0021,0.0045,0.0060,2209,0,0,
m490#490,REACHABLE,37.5000,0.7000,600000.0000,120.0000,15.0000,3.0000,20.0000,0.1000,FAIL,-0.1014,0.2199,0.2959,0.1884,-1,0,0,PASS,0.0623,0.0219,0.0457,0.1040,2361,0,0,PASS,0.0625,0.0286,0.0497,0.1111,2361,0,0,
m494#494,REACHABLE,37.5000,0.7000,600000.0000,120.0000,15.0000,30.0000,28.0000,0.0100,FAIL,-0.0926,0.1305,0.1620,0.0706,-1,0,0,PASS,-0.0600,0.0809,0.0849,0.0125,2298,0,0,PASS,-0.0569,0.0827,0.0845,0.0043,2298,0,0,
m498#498,REACHABLE,37.5000,0.7000,600000.0000,120.0000,30.0000,30.0000,20.0000,0.1000,FAIL,-0.1073,0.2466,0.3554,0.2584,-1,0,0,FAIL,-0.0038,0.4229,0.5818,0.3593,-1,0,0,PASS,0.0032,0.0596,0.1097,0.1157,3426,0,0,
m502#502,REACHABLE,37.5000,0.7000,600000.0000,120.0000,30.0000,8.0000,28.0000,0.0100,FAIL,-0.0259,0.1231,0.1875,0.1636,-1,0,0,PASS,0.0226,0.0045,0.0048,0.0011,1388,0,0,PASS,0.0254,0.0020,0.0050,0.0077,1388,0,0,
m506#506,REACHABLE,37.5000,0.7000,600000.0000,120.0000,60.0000,8.0000,20.0000,0.1000,FAIL,-0.0376,0.3078,0.5189,0.4844,-1,0,0,PASS,0.0765,0.0162,0.0334,0.0586,2676,0,0,PASS,0.0765,0.0162,0.0334,0.0586,2676,0,0,
m510#510,REACHABLE,37.5000,0.7000,600000.0000,120.0000,60.0000,3.0000,28.0000,0.0100,FAIL,0.0291,0.1336,0.2374,0.2681,-1,0,0,PASS,0.0379,0.0027,0.0048,0.0068,1549,0,0,PASS,0.0424,0.0032,0.0075,0.0159,1608,0,0,
m514#514,REACHABLE,37.5000,0.7000,600000.0000,120.0000,120.0000,3.0000,20.0000,0.1000,FAIL,-0.1640,0.3835,0.5470,0.3867,-1,0,0,PASS,0.0821,0.0317,0.0691,0.1532,4272,0,0,PASS,0.0820,0.0294,0.0641,0.1466,3908,0,0,
m518#518,REACHABLE,37.5000,0.7000,600000.0000,120.0000,120.0000,30.0000,28.0000,0.0100,FAIL,0.0867,0.2069,0.3781,0.4096,-1,0,0,FAIL,-0.2916,0.3032,0.3225,0.0341,-1,0,0,PASS,0.0121,0.0037,0.0094,0.0191,4042,0,0,
m522#522,REACHABLE,37.5000,0.7000,600000.0000,180.0000,0.0000,30.0000,20.0000,0.1000,FAIL,-0.1253,0.2577,0.4038,0.2635,-1,0,0,FAIL,-0.0342,0.2732,0.4252,0.2862,-1,0,0,PASS,0.0549,0.0278,0.0349,0.0154,2965,0,0,
m526#526,REACHABLE,37.5000,0.7000,600000.0000,180.0000,0.0000,8.0000,28.0000,0.0100,PASS,-0.0329,0.0370,0.0392,0.0064,2772,0,0,PASS,0.0256,0.0037,0.0049,0.0030,2212,0,0,PASS,0.0256,0.0037,0.0049,0.0030,2212,0,0,
m530#530,REACHABLE,37.5000,0.7000,600000.0000,180.0000,15.0000,8.0000,20.0000,0.1000,FAIL,-0.1820,0.2485,0.2776,0.0763,-1,0,0,PASS,0.0598,0.0351,0.0383,0.0097,4475,0,0,PASS,0.0603,0.0071,0.0097,0.0059,2362,0,0,
m534#534,REACHABLE,37.5000,0.7000,600000.0000,180.0000,15.0000,3.0000,28.0000,0.0100,PASS,-0.0289,0.0421,0.0510,0.0222,2862,0,0,PASS,0.0410,0.0026,0.0045,0.0053,2408,0,0,PASS,0.0410,0.0026,0.0045,0.0053,2408,0,0,
m538#538,REACHABLE,37.5000,0.7000,600000.0000,180.0000,30.0000,3.0000,20.0000,0.1000,FAIL,-0.2368,0.4687,0.6224,0.3653,-1,0,0,PASS,-0.0131,0.0661,0.0688,0.0066,4181,0,0,PASS,-0.0138,0.0491,0.0554,0.0149,3978,0,0,
m542#542,REACHABLE,37.5000,0.7000,600000.0000,180.0000,30.0000,30.0000,28.0000,0.0100,FAIL,-0.0366,0.1839,0.2984,0.2633,-1,0,0,FAIL,-0.0415,0.1104,0.1547,0.1184,-1,0,0,PASS,0.0301,0.0028,0.0048,0.0062,2038,0,0,
m546#546,REACHABLE,37.5000,0.7000,600000.0000,180.0000,60.0000,30.0000,20.0000,0.1000,FAIL,-0.0903,0.4697,0.7690,0.6865,-1,0,0,FAIL,0.0294,0.0758,0.1954,0.2561,-1,0,0,FAIL,0.0305,0.0690,0.1708,0.2328,-1,0,0,SETTLING_TIMEOUT
m550#550,REACHABLE,37.5000,0.7000,600000.0000,180.0000,60.0000,8.0000,28.0000,0.0100,FAIL,-0.0363,0.2851,0.4410,0.4062,-1,0,0,PASS,-0.0608,0.0807,0.0888,0.0210,3524,0,0,PASS,-0.0311,0.0771,0.0775,0.0010,2327,0,0,
m554#554,REACHABLE,37.5000,0.7000,600000.0000,180.0000,120.0000,8.0000,20.0000,0.1000,FAIL,-2.4510,2.9681,3.3999,1.0919,-1,0,0,PASS,0.0740,0.0394,0.1226,0.2153,6023,0,0,PASS,0.0821,0.0508,0.1256,0.2137,5054,0,0,
m558#558,REACHABLE,37.5000,0.7000,600000.0000,180.0000,120.0000,3.0000,28.0000,0.0100,FAIL,0.0331,0.3036,0.5056,0.4342,-1,0,0,PASS,0.0100,0.0021,0.0051,0.0086,3220,0,0,PASS,0.0100,0.0008,0.0013,0.0014,3129,0,0,
m562#562,REACHABLE,37.5000,0.7000,600000.0000,300.0000,0.0000,3.0000,20.0000,0.1000,FAIL,-0.2360,0.3191,0.3647,0.1297,-1,0,0,PASS,0.0549,0.0460,0.0465,0.0011,3094,0,0,PASS,0.0548,0.0465,0.0469,0.0008,2945,0,0,
m566#566,REACHABLE,37.5000,0.7000,600000.0000,300.0000,0.0000,30.0000,28.0000,0.0100,PASS,-0.0741,0.0817,0.0899,0.0161,3941,0,0,PASS,-0.0741,0.0817,0.0900,0.0165,2741,0,0,PASS,0.0150,0.0029,0.0050,0.0107,2786,0,0,
m570#570,REACHABLE,37.5000,0.7000,600000.0000,300.0000,15.0000,30.0000,20.0000,0.1000,FAIL,-0.1773,0.4059,0.6116,0.5293,-1,0,0,FAIL,-0.0945,0.3580,0.4753,0.3823,-1,0,0,PASS,-0.0175,0.0583,0.0938,0.0800,4155,0,0,
m574#574,REACHABLE,37.5000,0.7000,600000.0000,300.0000,15.0000,8.0000,28.0000,0.0100,PASS,-0.0804,0.0917,0.0998,0.0205,4364,0,0,PASS,-0.0753,0.0848,0.0892,0.0128,3049,0,0,PASS,0.0204,0.0009,0.0017,0.0040,1833,0,0,
m578#578,REACHABLE,37.5000,0.7000,600000.0000,300.0000,30.0000,8.0000,20.0000,0.1000,FAIL,-4.0066,4.1900,4.3617,0.3713,-1,0,0,FAIL,-0.0102,0.1467,0.6149,0.7625,-1,0,0,PASS,-0.0024,0.0475,0.0915,0.0974,3995,0,0,
m582#582,REACHABLE,37.5000,0.7000,600000.0000,300.0000,30.0000,3.0000,28.0000,0.0100,FAIL,-0.1240,0.3212,0.4463,0.3150,-1,0,0,PASS,0.0426,0.0083,0.0235,0.0580,8085,0,0,PASS,0.0271,0.0011,0.0022,0.0052,2017,0,0,
m586#586,REACHABLE,37.5000,0.7000,600000.0000,300.0000,60.0000,3.0000,20.0000,0.1000,FAIL,-5.1681,5.4597,5.7313,0.6135,-1,0,0,PASS,0.0714,0.0398,0.0905,0.1846,4777,0,0,PASS,0.0707,0.0464,0.1018,0.1790,4231,0,0,
m590#590,REACHABLE,37.5000,0.7000,600000.0000,300.0000,60.0000,30.0000,28.0000,0.0100,FAIL,-0.0747,0.3286,0.5884,0.5218,-1,0,0,FAIL,-0.6043,0.6234,0.6252,0.0039,-1,0,0,FAIL,-0.6086,0.6250,0.6269,0.0041,-1,0,0,STEADY_MAE
m594#594,REACHABLE,37.5000,0.7000,600000.0000,300.0000,120.0000,30.0000,20.0000,0.1000,FAIL,-4.6506,5.0519,5.4353,0.8793,-1,0,0,FAIL,-0.9112,0.9289,0.9461,0.0355,-1,0,0,FAIL,-1.0186,1.0386,1.0574,0.0397,-1,0,0,STEADY_MAE
m598#598,REACHABLE,37.5000,0.7000,600000.0000,300.0000,120.0000,8.0000,28.0000,0.0100,FAIL,-0.0826,0.4635,0.7834,0.7121,-1,0,0,FAIL,-0.1115,0.2158,0.2864,0.1755,-1,0,0,FAIL,-0.6732,0.6754,0.6771,0.0040,-1,0,0,STEADY_MAE
m602#602,REACHABLE,37.5000,0.7000,1600000.0000,120.0000,0.0000,8.0000,20.0000,0.1000,FAIL,-0.1414,0.1787,0.2005,0.0592,-1,0,0,PASS,0.0504,0.0359,0.0429,0.0160,3987,0,0,PASS,0.0504,0.0359,0.0429,0.0160,3987,0,0,
m606#606,REACHABLE,37.5000,0.7000,1600000.0000,120.0000,0.0000,3.0000,28.0000,0.0100,PASS,-0.0938,0.0953,0.0957,0.0015,4380,0,0,PASS,-0.0648,0.0765,0.0784,0.0038,3520,0,0,PASS,-0.0614,0.0758,0.0782,0.0041,3520,0,0,
m610#610,REACHABLE,37.5000,0.7000,1600000.0000,120.0000,15.0000,3.0000,20.0000,0.1000,FAIL,-0.1180,0.1779,0.2071,0.0828,-1,0,0,PASS,-0.0198,0.0475,0.0686,0.0515,3827,0,0,PASS,-0.0198,0.0475,0.0686,0.0515,3827,0,0,
m614#614,REACHABLE,37.5000,0.7000,1600000.0000,120.0000,15.0000,30.0000,28.0000,0.0100,PASS,-0.0217,0.0251,0.0274,0.0058,3997,0,0,PASS,0.0163,0.0030,0.0048,0.0039,3748,0,0,PASS,0.0119,0.0011,0.0021,0.0023,3748,0,0,
m618#618,REACHABLE,37.5000,0.7000,1600000.0000,120.0000,30.0000,30.0000,20.0000,0.1000,FAIL,-0.0960,0.1523,0.1953,0.0998,-1,0,0,FAIL,-0.0221,0.1050,0.2519,0.2591,-1,0,0,FAIL,-0.0215,0.1323,0.3191,0.3023,-1,0,0,STEADY_MAE
m622#622,REACHABLE,37.5000,0.7000,1600000.0000,120.0000,30.0000,8.0000,28.0000,0.0100,PASS,-0.0192,0.0254,0.0288,0.0096,4639,0,0,PASS,0.0180,0.0015,0.0020,0.0014,3696,0,0,PASS,0.0157,0.0019,0.0029,0.0027,3697,0,0,
m626#626,REACHABLE,37.5000,0.7000,1600000.0000,120.0000,60.0000,8.0000,20.0000,0.1000,FAIL,-0.0351,0.1562,0.2305,0.1967,-1,0,0,PASS,-0.0161,0.0776,0.1175,0.1011,6220,0,0,PASS,-0.0135,0.0684,0.1084,0.1019,6220,0,0,
m630#630,REACHABLE,37.5000,0.7000,1600000.0000,120.0000,60.0000,3.0000,28.0000,0.0100,PASS,-0.0203,0.0392,0.0571,0.0376,5101,0,0,PASS,0.0262,0.0033,0.0053,0.0083,3741,0,0,PASS,0.0197,0.0030,0.0052,0.0088,3499,0,0,
m634#634,REACHABLE,37.5000,0.7000,1600000.0000,120.0000,120.0000,3.0000,20.0000,0.1000,FAIL,-0.0234,0.2471,0.4868,0.4944,-1,0,0,FAIL,0.4055,0.5040,0.5999,0.4784,-1,0,0,PASS,-0.0067,0.0748,0.1183,0.1048,5093,0,0,
m638#638,REACHABLE,37.5000,0.7000,1600000.0000,120.0000,120.0000,30.0000,28.0000,0.0100,FAIL,0.0527,0.0977,0.1806,0.2311,-1,0,0,PASS,0.0121,0.0061,0.0114,0.0240,4704,0,0,PASS,0.0109,0.0108,0.0228,0.0340,4432,0,0,
m642#642,REACHABLE,37.5000,0.7000,1600000.0000,180.0000,0.0000,30.0000,20.0000,0.1000,FAIL,-0.1351,0.2515,0.2582,0.0147,-1,0,0,PASS,0.0527,0.0381,0.0397,0.0041,5405,0,0,PASS,0.0525,0.0465,0.0498,0.0062,5070,0,0,
m646#646,REACHABLE,37.5000,0.7000,1600000.0000,180.0000,0.0000,8.0000,28.0000,0.0100,PASS,-0.0338,0.0372,0.0391,0.0053,4576,0,0,PASS,0.0169,0.0020,0.0033,0.0030,3520,0,0,PASS,0.0161,0.0019,0.0031,0.0028,3520,0,0,
m650#650,REACHABLE,37.5000,0.7000,1600000.0000,180.0000,15.0000,8.0000,20.0000,0.1000,FAIL,-0.2973,0.3500,0.3803,0.0839,-1,0,0,PASS,-0.0229,0.0992,0.1246,0.0576,7113,0,0,PASS,-0.0216,0.0462,0.0490,0.0065,6621,0,0,
m654#654,REACHABLE,37.5000,0.7000,1600000.0000,180.0000,15.0000,3.0000,28.0000,0.0100,PASS,-0.0309,0.0393,0.0433,0.0126,4715,0,0,PASS,0.0153,0.0020,0.0032,0.0029,3637,0,0,PASS,0.0281,0.0025,0.0038,0.0029,3637,0,0,
m658#658,REACHABLE,37.5000,0.7000,1600000.0000,180.0000,30.0000,3.0000,20.0000,0.1000,FAIL,-0.1879,0.2687,0.3121,0.1260,-1,0,0,PASS,0.0627,0.0251,0.0331,0.0195,6838,0,0,PASS,0.0622,0.0365,0.0493,0.0235,7414,0,0,
m662#662,REACHABLE,37.5000,0.7000,1600000.0000,180.0000,30.0000,30.0000,28.0000,0.0100,FAIL,-0.1211,0.1322,0.1409,0.0201,4467,0,0,PASS,-0.0645,0.0779,0.0853,0.0141,4321,0,0,PASS,-0.0598,0.0809,0.0848,0.0150,4258,0,0,
m666#666,REACHABLE,37.5000,0.7000,1600000.0000,180.0000,60.0000,30.0000,20.0000,0.1000,FAIL,-0.2096,0.3171,0.3886,0.1735,-1,0,0,FAIL,-0.2396,0.5197,0.6018,0.2067,-1,0,0,PASS,-0.0040,0.0633,0.1100,0.1102,7377,0,0,
m670#670,REACHABLE,37.5000,0.7000,1600000.0000,180.0000,60.0000,8.0000,28.0000,0.0100,PASS,-0.0462,0.0729,0.0930,0.0469,5903,0,0,PASS,0.0361,0.0095,0.0223,0.0340,4045,0,0,PASS,0.0361,0.0048,0.0101,0.0246,4138,0,0,
m674#674,REACHABLE,37.5000,0.7000,1600000.0000,180.0000,120.0000,8.0000,20.0000,0.1000,FAIL,-0.3243,0.6558,1.3472,1.1543,-1,0,0,FAIL,0.2514,0.0888,0.1672,0.2217,-1,0,0,PASS,0.0166,0.0498,0.1012,0.1267,7236,0,0,
m678#678,REACHABLE,37.5000,0.7000,1600000.0000,180.0000,120.0000,3.0000,28.0000,0.0100,FAIL,0.0115,0.1319,0.2454,0.2582,-1,0,0,PASS,0.0417,0.0303,0.0399,0.0296,4128,0,0,PASS,0.0419,0.0300,0.0397,0.0334,3869,0,0,
m682#682,REACHABLE,37.5000,0.7000,1600000.0000,300.0000,0.0000,3.0000,20.0000,0.1000,FAIL,-0.2429,0.2775,0.2959,0.0537,-1,0,0,PASS,0.0517,0.0413,0.0500,0.0971,6179,0,0,PASS,0.0515,0.0472,0.0498,0.0093,5119,0,0,
m686#686,REACHABLE,37.5000,0.7000,1600000.0000,300.0000,0.0000,30.0000,28.0000,0.0100,PASS,-0.0834,0.0853,0.0864,0.0028,4787,0,0,PASS,0.0223,0.0039,0.0041,0.0006,4138,0,0,PASS,0.0073,0.0021,0.0022,0.0002,4138,0,0,
m690#690,REACHABLE,37.5000,0.7000,1600000.0000,300.0000,15.0000,30.0000,20.0000,0.1000,FAIL,-0.3121,0.3468,0.3731,0.0606,-1,0,0,FAIL,-0.3132,0.3512,0.3791,0.0664,-1,0,0,FAIL,-0.0342,0.2060,0.5452,0.5316,-1,0,0,STEADY_MAE
m694#694,REACHABLE,37.5000,0.7000,1600000.0000,300.0000,15.0000,8.0000,28.0000,0.0100,PASS,-0.0809,0.0845,0.0865,0.0054,5106,0,0,PASS,0.0323,0.0045,0.0116,0.0199,4030,0,0,PASS,0.0269,0.0034,0.0037,0.0013,4030,0,0,
m698#698,REACHABLE,37.5000,0.7000,1600000.0000,300.0000,30.0000,8.0000,20.0000,0.1000,FAIL,-0.2762,0.3579,0.4048,0.1302,-1,0,0,FAIL,-0.0311,0.1438,0.3932,0.5318,-1,0,0,FAIL,-0.0299,0.1402,0.4577,0.5946,-1,0,0,STEADY_MAE
m702#702,REACHABLE,37.5000,0.7000,1600000.0000,300.0000,30.0000,3.0000,28.0000,0.0100,PASS,-0.0781,0.0846,0.0884,0.0104,5301,0,0,PASS,0.0353,0.0037,0.0073,0.0185,4038,0,0,PASS,0.0282,0.0034,0.0050,0.0115,4038,0,0,
m706#706,REACHABLE,37.5000,0.7000,1600000.0000,300.0000,60.0000,3.0000,20.0000,0.1000,FAIL,-0.4058,0.7480,1.3618,1.0774,-1,0,0,FAIL,-0.0990,0.1414,0.1777,0.0845,-1,0,0,FAIL,-0.0957,0.2445,0.3950,0.2962,-1,0,0,STEADY_MAE
m710#710,REACHABLE,37.5000,0.7000,1600000.0000,300.0000,60.0000,30.0000,28.0000,0.0100,FAIL,-0.0980,0.1773,0.2391,0.1456,-1,0,0,FAIL,-0.1378,0.1499,0.1575,0.0190,-1,0,0,PASS,0.0258,0.0112,0.0198,0.0317,5321,0,0,
m714#714,REACHABLE,37.5000,0.7000,1600000.0000,300.0000,120.0000,30.0000,20.0000,0.1000,FAIL,-0.3984,0.6227,0.7874,0.4095,-1,0,0,PASS,0.0168,0.0552,0.1098,0.1300,7777,0,0,FAIL,-0.6485,0.6655,0.6906,0.0427,-1,0,0,STEADY_MAE
m718#718,REACHABLE,37.5000,0.7000,1600000.0000,300.0000,120.0000,8.0000,28.0000,0.0100,FAIL,-0.1084,0.3422,0.4832,0.3354,-1,0,0,FAIL,-0.1877,0.2330,0.2692,0.0822,-1,0,0,PASS,-0.0511,0.0698,0.0859,0.0398,5989,0,0,
m722#722,REACHABLE,37.5000,1.0000,180000.0000,120.0000,0.0000,8.0000,20.0000,0.1000,FAIL,-0.1282,0.2894,0.4133,0.2920,-1,0,0,PASS,0.0568,0.0069,0.0100,0.0079,1912,0,0,PASS,0.0568,0.0069,0.0100,0.0079,1912,0,0,
m726#726,REACHABLE,37.5000,1.0000,180000.0000,120.0000,0.0000,3.0000,28.0000,0.0100,PASS,0.0078,0.0112,0.0400,0.0565,1111,0,0,PASS,0.0068,0.0021,0.0048,0.0129,1111,0,0,PASS,0.0068,0.0021,0.0048,0.0129,1111,0,0,
m730#730,REACHABLE,37.5000,1.0000,180000.0000,120.0000,15.0000,3.0000,20.0000,0.1000,FAIL,-1.1268,1.3135,1.4881,0.3684,-1,0,0,FAIL,-1.1268,1.3135,1.4881,0.3684,-1,0,0,FAIL,-1.1268,1.3135,1.4881,0.3684,-1,0,0,LEARNER_LOW_CONFIDENCE
m734#734,SAFETY_LIMITED,37.5000,1.0000,180000.0000,120.0000,15.0000,30.0000,28.0000,0.0100,FAIL,0.0707,0.1860,0.3834,0.4436,-1,0,0,PASS,0.0254,0.0024,0.0048,0.0059,962,0,0,PASS,0.0269,0.0029,0.0049,0.0108,962,0,0,
m738#738,SAFETY_LIMITED,37.5000,1.0000,180000.0000,120.0000,30.0000,30.0000,20.0000,0.1000,FAIL,-0.0899,0.4619,0.7503,0.6720,-1,0,0,FAIL,-0.5589,0.6075,0.6078,0.0008,-1,0,0,FAIL,-0.5589,0.6075,0.6078,0.0008,-1,0,0,STEADY_MAE
m742#742,SAFETY_LIMITED,37.5000,1.0000,180000.0000,120.0000,30.0000,8.0000,28.0000,0.0100,FAIL,0.0592,0.2545,0.4357,0.4251,-1,0,0,FAIL,0.1159,0.2603,0.4571,0.6213,-1,0,0,FAIL,0.1159,0.2603,0.4571,0.6213,-1,0,0,LEARNER_LOW_CONFIDENCE
m746#746,SAFETY_LIMITED,37.5000,1.0000,180000.0000,120.0000,60.0000,8.0000,20.0000,0.1000,FAIL,-1.3320,1.8003,2.1484,0.8581,-1,0,0,FAIL,0.0869,0.0454,0.1330,0.2502,-1,0,0,FAIL,0.0869,0.0454,0.1330,0.2502,-1,0,0,SETTLING_TIMEOUT
m750#750,SAFETY_LIMITED,37.5000,1.0000,180000.0000,120.0000,60.0000,3.0000,28.0000,0.0100,FAIL,-0.5573,0.7619,1.0103,0.4741,-1,0,0,PASS,0.0351,0.0026,0.0057,0.0140,1399,0,0,PASS,0.0049,0.0015,0.0040,0.0062,1141,0,0,
m754#754,SAFETY_LIMITED,37.5000,1.0000,180000.0000,120.0000,120.0000,3.0000,20.0000,0.1000,FAIL,-0.9912,2.2496,3.0726,1.9935,-1,0,0,FAIL,-0.9240,0.9529,0.9703,0.0574,-1,0,0,FAIL,0.0172,0.0852,0.1921,0.2443,-1,0,0,SETTLING_TIMEOUT
m758#758,SAFETY_LIMITED,37.5000,1.0000,180000.0000,120.0000,120.0000,30.0000,28.0000,0.0100,FAIL,0.1046,0.5456,0.9655,1.0263,-1,0,0,FAIL,-0.0228,0.1336,0.2398,0.2296,-1,0,0,FAIL,-0.0309,0.3013,0.5580,0.5452,-1,0,0,STEADY_MAE
m762#762,REACHABLE,37.5000,1.0000,180000.0000,180.0000,0.0000,30.0000,20.0000,0.1000,FAIL,-0.1855,0.4691,0.6832,0.4763,-1,0,0,FAIL,-0.1221,0.4658,0.8500,0.6812,-1,0,0,FAIL,-0.0152,0.1052,0.1098,0.0120,1785,0,0,STEADY_MAE
m766#766,REACHABLE,37.5000,1.0000,180000.0000,180.0000,0.0000,8.0000,28.0000,0.0100,PASS,-0.0103,0.0601,0.1055,0.1283,1572,0,0,PASS,0.0100,0.0072,0.0183,0.0376,1572,0,0,PASS,0.0100,0.0072,0.0183,0.0376,1572,0,0,
m770#770,REACHABLE,37.5000,1.0000,180000.0000,180.0000,15.0000,8.0000,20.0000,0.1000,FAIL,-0.0186,0.3943,0.7788,0.7205,-1,0,0,PASS,0.0559,0.0267,0.0486,0.1228,2547,0,0,PASS,0.0559,0.0267,0.0486,0.1228,2547,0,0,
m774#774,REACHABLE,37.5000,1.0000,180000.0000,180.0000,15.0000,3.0000,28.0000,0.0100,FAIL,-0.6995,0.8457,0.9864,0.2974,-1,0,0,FAIL,-0.6995,0.8457,0.9864,0.2974,-1,0,0,FAIL,-0.6995,0.8457,0.9864,0.2974,-1,0,0,LEARNER_LOW_CONFIDENCE
m778#778,REACHABLE,37.5000,1.0000,180000.0000,180.0000,30.0000,3.0000,20.0000,0.1000,FAIL,-1.3469,1.8429,2.1765,0.8534,-1,0,0,PASS,0.0905,0.0405,0.0878,0.2035,1033,0,0,PASS,0.0905,0.0405,0.0878,0.2035,1033,0,0,
m782#782,SAFETY_LIMITED,37.5000,1.0000,180000.0000,180.0000,30.0000,30.0000,28.0000,0.0100,FAIL,-0.0205,0.3672,0.6182,0.5578,-1,0,0,PASS,0.0201,0.0039,0.0083,0.0192,1211,0,0,PASS,0.0201,0.0039,0.0083,0.0192,1211,0,0,
m786#786,SAFETY_LIMITED,37.5000,1.0000,180000.0000,180.0000,60.0000,30.0000,20.0000,0.1000,FAIL,-2.2281,2.6086,3.0976,0.9335,-1,0,0,FAIL,-2.2283,2.6149,3.1019,0.9599,-1,0,0,FAIL,-2.2283,2.6149,3.1019,0.9599,-1,0,0,LEARNER_LOW_CONFIDENCE
m790#790,SAFETY_LIMITED,37.5000,1.0000,180000.0000,180.0000,60.0000,8.0000,28.0000,0.0100,FAIL,-1.0002,1.3125,1.6034,0.6171,-1,0,0,PASS,0.0099,0.0049,0.0092,0.0215,2222,0,0,PASS,0.0052,0.0042,0.0051,0.0038,2812,0,0,
m794#794,SAFETY_LIMITED,37.5000,1.0000,180000.0000,180.0000,120.0000,8.0000,20.0000,0.1000,FAIL,-2.3759,3.3264,4.3641,2.1052,-1,0,0,FAIL,-0.7380,0.7613,0.7809,0.0544,-1,0,0,FAIL,-0.6723,0.7276,0.7679,0.0978,-1,0,0,STEADY_MAE
m798#798,SAFETY_LIMITED,37.5000,1.0000,180000.0000,180.0000,120.0000,3.0000,28.0000,0.0100,FAIL,-1.0408,1.7872,2.2996,1.0213,-1,0,0,FAIL,0.0320,0.1370,0.2516,0.2314,-1,0,0,PASS,0.0029,0.0415,0.0757,0.0861,5275,0,0,
m802#802,REACHABLE,37.5000,1.0000,180000.0000,300.0000,0.0000,3.0000,20.0000,0.1000,FAIL,-2.5196,4.6165,4.7814,0.4267,-1,0,0,PASS,0.0592,0.0189,0.0336,0.0315,1809,0,0,PASS,0.0563,0.0332,0.0351,0.0060,1810,0,0,
m806#806,REACHABLE,37.5000,1.0000,180000.0000,300.0000,0.0000,30.0000,28.0000,0.0100,FAIL,-0.0918,0.3497,0.5432,0.4226,-1,0,0,PASS,-0.0114,0.0199,0.0258,0.0154,1958,0,0,PASS,-0.0114,0.0199,0.0258,0.0154,1958,0,0,
m810#810,SAFETY_LIMITED,37.5000,1.0000,180000.0000,300.0000,15.0000,30.0000,20.0000,0.1000,FAIL,-2.2691,2.4966,2.7205,0.5230,-1,0,0,FAIL,-0.7258,0.7633,0.7790,0.0373,-1,0,0,FAIL,-0.7258,0.7633,0.7790,0.0373,-1,0,0,STEADY_MAE
m814#814,REACHABLE,37.5000,1.0000,180000.0000,300.0000,15.0000,8.0000,28.0000,0.0100,FAIL,-0.0107,0.3294,0.6848,0.7068,-1,0,0,FAIL,-0.0027,0.1846,0.3207,0.3224,-1,0,0,FAIL,-0.0027,0.1846,0.3207,0.3224,-1,0,0,LEARNER_LOW_CONFIDENCE
m818#818,SAFETY_LIMITED,37.5000,1.0000,180000.0000,300.0000,30.0000,8.0000,20.0000,0.1000,FAIL,-2.1050,2.7105,3.2993,1.2363,-1,0,0,PASS,0.0007,0.0692,0.0747,0.0132,5422,0,0,PASS,0.0007,0.0692,0.0747,0.0132,5422,0,0,
m822#822,REACHABLE,37.5000,1.0000,180000.0000,300.0000,30.0000,3.0000,28.0000,0.0100,FAIL,-0.0465,0.4466,0.7940,0.8223,-1,0,0,PASS,0.0054,0.0021,0.0044,0.0112,5390,0,0,PASS,0.0054,0.0021,0.0044,0.0112,5390,0,0,
m826#826,SAFETY_LIMITED,37.5000,1.0000,180000.0000,300.0000,60.0000,3.0000,20.0000,0.1000,FAIL,-2.6140,3.5054,4.5447,2.0032,-1,0,0,FAIL,-1.3469,1.3643,1.3836,0.0438,-1,0,0,FAIL,-1.3469,1.3643,1.3836,0.0438,-1,0,0,STEADY_MAE
m830#830,SAFETY_LIMITED,37.5000,1.0000,180000.0000,300.0000,60.0000,30.0000,28.0000,0.0100,FAIL,-1.9215,2.2746,2.6910,0.7999,-1,0,0,FAIL,-1.9215,2.2762,2.6943,0.8127,-1,0,0,FAIL,-1.9192,2.2546,2.6735,0.7953,-1,0,0,LEARNER_LOW_CONFIDENCE
m834#834,SAFETY_LIMITED,37.5000,1.0000,180000.0000,300.0000,120.0000,30.0000,20.0000,0.1000,FAIL,-4.5192,5.4806,6.6392,2.2381,-1,0,0,FAIL,-1.5386,1.5680,1.5994,0.0593,-1,0,0,FAIL,-1.3613,1.4285,1.4632,0.0979,-1,0,0,STEADY_MAE
m838#838,SAFETY_LIMITED,37.5000,1.0000,180000.0000,300.0000,120.0000,8.0000,28.0000,0.0100,FAIL,-1.7927,2.5954,3.4593,1.7744,-1,0,0,FAIL,-0.6333,0.6441,0.6487,0.0167,-1,0,0,FAIL,-0.6716,0.6813,0.6853,0.0143,-1,0,0,STEADY_MAE
m842#842,REACHABLE,37.5000,1.0000,600000.0000,120.0000,0.0000,8.0000,20.0000,0.1000,FAIL,-0.1344,0.2087,0.2688,0.1360,-1,0,0,PASS,0.0559,0.0258,0.0481,0.0909,1697,0,0,PASS,0.0557,0.0326,0.0486,0.1012,1697,0,0,
m846#846,REACHABLE,37.5000,1.0000,600000.0000,120.0000,0.0000,3.0000,28.0000,0.0100,PASS,0.0056,0.0027,0.0055,0.0123,1816,0,0,PASS,0.0333,0.0023,0.0045,0.0106,1822,0,0,PASS,0.0333,0.0023,0.0045,0.0106,1822,0,0,
m850#850,REACHABLE,37.5000,1.0000,600000.0000,120.0000,15.0000,3.0000,20.0000,0.1000,FAIL,-0.0792,0.1854,0.2398,0.1614,-1,0,0,PASS,0.0645,0.0293,0.0305,0.0036,1732,0,0,PASS,0.0649,0.0160,0.0183,0.0062,1732,0,0,
m854#854,REACHABLE,37.5000,1.0000,600000.0000,120.0000,15.0000,30.0000,28.0000,0.0100,FAIL,-0.0022,0.0877,0.1572,0.1563,-1,0,0,PASS,0.0248,0.0042,0.0082,0.0181,1353,0,0,PASS,0.0226,0.0022,0.0051,0.0127,1353,0,0,
m858#858,REACHABLE,37.5000,1.0000,600000.0000,120.0000,30.0000,30.0000,20.0000,0.1000,FAIL,-0.0735,0.1955,0.2922,0.2223,-1,0,0,FAIL,-0.1091,0.3435,0.4577,0.2803,-1,0,0,PASS,0.0739,0.0039,0.0049,0.0036,2631,0,0,
m862#862,REACHABLE,37.5000,1.0000,600000.0000,120.0000,30.0000,8.0000,28.0000,0.0100,FAIL,0.0025,0.0967,0.1686,0.1724,-1,0,0,PASS,0.0313,0.0031,0.0048,0.0041,1424,0,0,PASS,0.0291,0.0036,0.0046,0.0029,1424,0,0,
m866#866,REACHABLE,37.5000,1.0000,600000.0000,120.0000,60.0000,8.0000,20.0000,0.1000,FAIL,0.0327,0.2668,0.4807,0.5141,-1,0,0,PASS,0.0807,0.0321,0.0536,0.0873,2320,0,0,PASS,0.0773,0.0326,0.0342,0.0037,2320,0,0,
m870#870,REACHABLE,37.5000,1.0000,600000.0000,120.0000,60.0000,3.0000,28.0000,0.0100,FAIL,0.0898,0.1104,0.2160,0.3082,-1,0,0,PASS,0.0186,0.0038,0.0049,0.0043,1614,0,0,PASS,0.0182,0.0021,0.0044,0.0050,1568,0,0,
m874#874,SAFETY_LIMITED,37.5000,1.0000,600000.0000,120.0000,120.0000,3.0000,20.0000,0.1000,FAIL,-0.2126,0.4135,0.5896,0.3837,-1,0,0,FAIL,-0.0048,0.0923,0.1488,0.1486,-1,0,0,FAIL,-0.0017,0.0942,0.1550,0.1591,-1,0,0,SETTLING_TIMEOUT
m878#878,SAFETY_LIMITED,37.5000,1.0000,600000.0000,120.0000,120.0000,30.0000,28.0000,0.0100,FAIL,0.0486,0.1771,0.3559,0.4005,-1,0,0,PASS,0.0042,0.0044,0.0096,0.0143,3590,0,0,PASS,0.0073,0.0066,0.0146,0.0258,3528,0,0,
m882#882,REACHABLE,37.5000,1.0000,600000.0000,180.0000,0.0000,30.0000,20.0000,0.1000,FAIL,-0.1112,0.2922,0.4290,0.3217,-1,0,0,FAIL,-0.0219,0.2575,0.3537,0.2401,-1,0,0,PASS,0.0574,0.0482,0.0498,0.0062,2464,0,0,
m886#886,REACHABLE,37.5000,1.0000,600000.0000,180.0000,0.0000,8.0000,28.0000,0.0100,PASS,-0.0927,0.0980,0.1010,0.0086,2031,0,0,PASS,-0.0532,0.0798,0.0843,0.0100,2007,0,0,PASS,-0.0532,0.0798,0.0843,0.0100,2007,0,0,
m890#890,REACHABLE,37.5000,1.0000,600000.0000,180.0000,15.0000,8.0000,20.0000,0.1000,FAIL,-0.0820,0.3172,0.4460,0.3201,-1,0,0,PASS,0.0638,0.0352,0.0365,0.0043,1954,0,0,PASS,0.0636,0.0272,0.0502,0.1132,1954,0,0,
m894#894,REACHABLE,37.5000,1.0000,600000.0000,180.0000,15.0000,3.0000,28.0000,0.0100,PASS,-0.0097,0.0341,0.0576,0.0539,1991,0,0,PASS,0.0378,0.0157,0.0240,0.0497,2037,0,0,PASS,0.0378,0.0157,0.0240,0.0497,2037,0,0,
m898#898,REACHABLE,37.5000,1.0000,600000.0000,180.0000,30.0000,3.0000,20.0000,0.1000,FAIL,-0.1099,0.3434,0.5010,0.3948,-1,0,0,PASS,0.0730,0.0475,0.0493,0.0052,2094,0,0,PASS,-0.0092,0.0547,0.0881,0.0791,2094,0,0,
m902#902,REACHABLE,37.5000,1.0000,600000.0000,180.0000,30.0000,30.0000,28.0000,0.0100,FAIL,0.0162,0.1484,0.2780,0.2957,-1,0,0,PASS,0.0278,0.0024,0.0069,0.0138,3133,0,0,PASS,0.0207,0.0016,0.0047,0.0068,1720,0,0,
m906#906,REACHABLE,37.5000,1.0000,600000.0000,180.0000,60.0000,30.0000,20.0000,0.1000,FAIL,0.0421,0.3706,0.7231,0.7705,-1,0,0,PASS,0.2976,0.0319,0.0703,0.1390,7354,0,0,PASS,0.2976,0.0319,0.0703,0.1390,7354,0,0,
m910#910,REACHABLE,37.5000,1.0000,600000.0000,180.0000,60.0000,8.0000,28.0000,0.0100,FAIL,0.1145,0.2029,0.3915,0.5037,-1,0,0,PASS,0.0100,0.0023,0.0049,0.0077,1591,0,0,PASS,0.0324,0.0015,0.0026,0.0081,1715,0,0,
m914#914,SAFETY_LIMITED,37.5000,1.0000,600000.0000,180.0000,120.0000,8.0000,20.0000,0.1000,FAIL,-1.6613,2.1970,2.5924,1.0698,-1,0,0,PASS,0.0308,0.0285,0.0635,0.1013,5589,0,0,PASS,0.0815,0.0356,0.0702,0.1042,4080,0,0,
m918#918,SAFETY_LIMITED,37.5000,1.0000,600000.0000,180.0000,120.0000,3.0000,28.0000,0.0100,FAIL,-0.0778,0.3181,0.5428,0.4708,-1,0,0,PASS,0.0079,0.0036,0.0064,0.0114,2340,0,0,PASS,0.0083,0.0020,0.0026,0.0019,2453,0,0,
m922#922,REACHABLE,37.5000,1.0000,600000.0000,300.0000,0.0000,3.0000,20.0000,0.1000,FAIL,-0.1355,0.2870,0.4486,0.3205,-1,0,0,PASS,0.0533,0.0223,0.0260,0.0089,1930,0,0,PASS,0.0533,0.0223,0.0260,0.0089,1930,0,0,
m926#926,REACHABLE,37.5000,1.0000,600000.0000,300.0000,0.0000,30.0000,28.0000,0.0100,PASS,-0.0405,0.0468,0.0516,0.0114,2814,0,0,PASS,-0.0428,0.0512,0.0584,0.0159,2034,0,0,PASS,0.0192,0.0031,0.0050,0.0108,1956,0,0,
m930#930,REACHABLE,37.5000,1.0000,600000.0000,300.0000,15.0000,30.0000,20.0000,0.1000,FAIL,-0.2799,0.5605,0.7809,0.5054,-1,0,0,FAIL,-0.1383,0.5794,0.8807,0.5727,-1,0,0,PASS,-0.0166,0.0466,0.0538,0.0174,5287,0,0,
m934#934,REACHABLE,37.5000,1.0000,600000.0000,300.0000,15.0000,8.0000,28.0000,0.0100,FAIL,-0.0580,0.1299,0.1813,0.1283,-1,0,0,PASS,0.0457,0.0010,0.0018,0.0033,1560,0,0,PASS,0.0510,0.0027,0.0045,0.0091,1560,0,0,
m938#938,REACHABLE,37.5000,1.0000,600000.0000,300.0000,30.0000,8.0000,20.0000,0.1000,FAIL,-2.8135,3.0040,3.1936,0.3921,-1,0,0,PASS,0.0687,0.0331,0.0499,0.1193,6031,0,0,PASS,0.0674,0.0363,0.0374,0.0036,2972,0,0,
m942#942,REACHABLE,37.5000,1.0000,600000.0000,300.0000,30.0000,3.0000,28.0000,0.0100,FAIL,-0.1333,0.3477,0.4742,0.3350,-1,0,0,PASS,-0.0206,0.0782,0.0833,0.0160,2355,0,0,PASS,-0.0495,0.0791,0.0847,0.0128,1573,0,0,
m946#946,REACHABLE,37.5000,1.0000,600000.0000,300.0000,60.0000,3.0000,20.0000,0.1000,FAIL,-3.7639,4.0791,4.4059,0.6663,-1,0,0,PASS,0.0773,0.0362,0.0908,0.1861,3645,0,0,PASS,0.0824,0.0384,0.0942,0.1918,3449,0,0,
m950#950,REACHABLE,37.5000,1.0000,600000.0000,300.0000,60.0000,30.0000,28.0000,0.0100,FAIL,0.0627,0.3264,0.6415,0.7089,-1,0,0,PASS,0.0811,0.0034,0.0067,0.0163,2872,0,0,PASS,0.0999,0.0039,0.0085,0.0190,2775,0,0,
m954#954,SAFETY_LIMITED,37.5000,1.0000,600000.0000,300.0000,120.0000,30.0000,20.0000,0.1000,FAIL,-4.1458,4.5155,4.8661,0.7916,-1,0,0,FAIL,-0.8355,0.8537,0.8708,0.0358,-1,0,0,FAIL,-0.8247,0.8437,0.8617,0.0376,-1,0,0,STEADY_MAE
m958#958,SAFETY_LIMITED,37.5000,1.0000,600000.0000,300.0000,120.0000,8.0000,28.0000,0.0100,FAIL,0.0053,0.4516,0.7224,0.5396,-1,0,0,FAIL,-0.0844,0.1214,0.1790,0.1202,-1,0,0,FAIL,-0.6813,0.6865,0.6888,0.0052,-1,0,0,STEADY_MAE
m962#962,REACHABLE,37.5000,1.0000,1600000.0000,120.0000,0.0000,8.0000,20.0000,0.1000,FAIL,-0.1376,0.1544,0.1603,0.0165,-1,0,0,PASS,-0.0315,0.0467,0.0600,0.0294,3248,0,0,PASS,-0.0315,0.0464,0.0597,0.0287,3248,0,0,
m966#966,REACHABLE,37.5000,1.0000,1600000.0000,120.0000,0.0000,3.0000,28.0000,0.0100,PASS,0.0054,0.0067,0.0169,0.0231,3216,0,0,PASS,0.0279,0.0034,0.0050,0.0106,2375,0,0,PASS,0.0279,0.0034,0.0050,0.0106,2375,0,0,
m970#970,REACHABLE,37.5000,1.0000,1600000.0000,120.0000,15.0000,3.0000,20.0000,0.1000,FAIL,-0.1232,0.1650,0.1857,0.0624,-1,0,0,PASS,-0.0193,0.0514,0.0727,0.0541,2848,0,0,PASS,-0.0188,0.0520,0.0727,0.0548,2848,0,0,
m974#974,REACHABLE,37.5000,1.0000,1600000.0000,120.0000,15.0000,30.0000,28.0000,0.0100,PASS,-0.0022,0.0172,0.0304,0.0263,3789,0,0,PASS,0.0119,0.0017,0.0047,0.0065,2849,0,0,PASS,0.0179,0.0034,0.0049,0.0041,2849,0,0,
m978#978,REACHABLE,37.5000,1.0000,1600000.0000,120.0000,30.0000,30.0000,20.0000,0.1000,FAIL,-0.0883,0.1411,0.1716,0.0727,-1,0,0,FAIL,0.0612,0.0302,0.0756,0.2545,-1,0,0,PASS,0.0565,0.0264,0.0517,0.1479,8959,0,0,
m982#982,REACHABLE,37.5000,1.0000,1600000.0000,120.0000,30.0000,8.0000,28.0000,0.0100,PASS,-0.0000,0.0174,0.0388,0.0396,3803,0,0,PASS,0.0192,0.0025,0.0039,0.0037,2387,0,0,PASS,0.0229,0.0031,0.0044,0.0038,2387,0,0,
m986#986,REACHABLE,37.5000,1.0000,1600000.0000,120.0000,60.0000,8.0000,20.0000,0.1000,FAIL,-0.0842,0.2158,0.2831,0.1795,-1,0,0,FAIL,-0.0945,0.1564,0.1931,0.0974,-1,0,0,FAIL,-0.0944,0.1519,0.1932,0.0964,-1,0,0,STEADY_MAE
m990#990,REACHABLE,37.5000,1.0000,1600000.0000,120.0000,60.0000,3.0000,28.0000,0.0100,PASS,-0.0059,0.0681,0.1072,0.1023,4323,0,0,PASS,0.0179,0.0034,0.0048,0.0061,2305,0,0,PASS,0.0308,0.0038,0.0047,0.0029,2698,0,0,
m994#994,REACHABLE,37.5000,1.0000,1600000.0000,120.0000,120.0000,3.0000,20.0000,0.1000,FAIL,0.0940,0.1598,0.2671,0.3785,-1,0,0,PASS,-0.0002,0.0644,0.1066,0.1122,4969,0,0,PASS,-0.0043,0.0718,0.1124,0.1073,3697,0,0,
m998#998,REACHABLE,37.5000,1.0000,1600000.0000,120.0000,120.0000,30.0000,28.0000,0.0100,FAIL,0.0265,0.1689,0.2437,0.1723,-1,0,0,PASS,-0.0716,0.0826,0.0928,0.0217,4129,0,0,PASS,-0.0720,0.0832,0.0934,0.0223,4140,0,0,
m1002#1002,REACHABLE,37.5000,1.0000,1600000.0000,180.0000,0.0000,30.0000,20.0000,0.1000,FAIL,-0.1282,0.1860,0.2265,0.0992,-1,0,0,PASS,0.0543,0.0322,0.0335,0.0022,4562,0,0,PASS,0.0542,0.0376,0.0498,0.0992,8154,0,0,
m1006#1006,REACHABLE,37.5000,1.0000,1600000.0000,180.0000,0.0000,8.0000,28.0000,0.0100,PASS,-0.0138,0.0182,0.0205,0.0069,3605,0,0,PASS,0.0265,0.0041,0.0051,0.0113,2426,0,0,PASS,0.0237,0.0014,0.0028,0.0053,2426,0,0,
m1010#1010,REACHABLE,37.5000,1.0000,1600000.0000,180.0000,15.0000,8.0000,20.0000,0.1000,FAIL,-0.1087,0.1961,0.2405,0.1333,-1,0,0,PASS,0.0587,0.0364,0.0480,0.0264,2948,0,0,PASS,0.0587,0.0364,0.0480,0.0264,2948,0,0,
m1014#1014,REACHABLE,37.5000,1.0000,1600000.0000,180.0000,15.0000,3.0000,28.0000,0.0100,PASS,-0.0114,0.0226,0.0301,0.0189,3672,0,0,PASS,0.0161,0.0036,0.0047,0.0038,2629,0,0,PASS,0.0139,0.0034,0.0058,0.0139,2629,0,0,
m1018#1018,REACHABLE,37.5000,1.0000,1600000.0000,180.0000,30.0000,3.0000,20.0000,0.1000,FAIL,-0.1904,0.2480,0.2783,0.0859,-1,0,0,PASS,0.0673,0.0383,0.0398,0.0039,6428,0,0,PASS,0.0699,0.0364,0.0381,0.0043,6428,0,0,
m1022#1022,REACHABLE,37.5000,1.0000,1600000.0000,180.0000,30.0000,30.0000,28.0000,0.0100,PASS,-0.0213,0.0399,0.0540,0.0342,4022,0,0,PASS,0.0184,0.0049,0.0111,0.0192,3364,0,0,PASS,0.0121,0.0033,0.0048,0.0044,3383,0,0,
m1026#1026,REACHABLE,37.5000,1.0000,1600000.0000,180.0000,60.0000,30.0000,20.0000,0.1000,FAIL,-0.1041,0.2253,0.3154,0.2117,-1,0,0,FAIL,-0.2243,0.4653,0.5264,0.1473,-1,0,0,PASS,0.0075,0.0436,0.0885,0.1078,5756,0,0,
m1030#1030,REACHABLE,37.5000,1.0000,1600000.0000,180.0000,60.0000,8.0000,28.0000,0.0100,FAIL,-0.0214,0.1084,0.1672,0.1469,-1,0,0,PASS,0.0265,0.0015,0.0045,0.0088,2808,0,0,PASS,0.0306,0.0031,0.0053,0.0098,3087,0,0,
m1034#1034,REACHABLE,37.5000,1.0000,1600000.0000,180.0000,120.0000,8.0000,20.0000,0.1000,FAIL,-0.2066,0.3661,0.4830,0.2783,-1,0,0,PASS,0.0219,0.0416,0.0789,0.1059,6316,0,0,PASS,0.0280,0.0411,0.0803,0.1183,4840,0,0,
m1038#1038,REACHABLE,37.5000,1.0000,1600000.0000,180.0000,120.0000,3.0000,28.0000,0.0100,FAIL,0.0698,0.1134,0.2248,0.2867,-1,0,0,PASS,0.0281,0.0061,0.0131,0.0263,3021,0,0,PASS,0.0204,0.0017,0.0043,0.0068,3024,0,0,
m1042#1042,REACHABLE,37.5000,1.0000,1600000.0000,300.0000,0.0000,3.0000,20.0000,0.1000,FAIL,-0.2208,0.3223,0.3870,0.1685,-1,0,0,PASS,-0.0275,0.0760,0.0835,0.0180,3722,0,0,PASS,-0.0274,0.0317,0.0321,0.0012,3722,0,0,
m1046#1046,REACHABLE,37.5000,1.0000,1600000.0000,300.0000,0.0000,30.0000,28.0000,0.0100,PASS,-0.0427,0.0482,0.0521,0.0097,4149,0,0,PASS,0.0077,0.0016,0.0039,0.0065,2990,0,0,PASS,0.0156,0.0045,0.0049,0.0013,2990,0,0,
m1050#1050,REACHABLE,37.5000,1.0000,1600000.0000,300.0000,15.0000,30.0000,20.0000,0.1000,FAIL,-0.2125,0.3119,0.3911,0.1695,-1,0,0,FAIL,0.0603,0.1677,0.5920,0.6669,-1,0,0,FAIL,0.0627,0.1471,0.4671,0.5420,-1,0,0,STEADY_MAE
m1054#1054,REACHABLE,37.5000,1.0000,1600000.0000,300.0000,15.0000,8.0000,28.0000,0.0100,FAIL,-0.1197,0.1303,0.1357,0.0164,4375,0,0,PASS,-0.0638,0.0777,0.0847,0.0113,3227,0,0,PASS,-0.0574,0.0799,0.0863,0.0158,3227,0,0,
m1058#1058,REACHABLE,37.5000,1.0000,1600000.0000,300.0000,30.0000,8.0000,20.0000,0.1000,FAIL,-0.1692,0.3080,0.4007,0.2189,-1,0,0,FAIL,-0.1334,0.3466,0.3704,0.0622,-1,0,0,PASS,0.0619,0.0297,0.0481,0.0326,7414,0,0,
m1062#1062,REACHABLE,37.5000,1.0000,1600000.0000,300.0000,30.0000,3.0000,28.0000,0.0100,PASS,-0.0467,0.0534,0.0564,0.0095,4654,0,0,PASS,0.0382,0.0024,0.0048,0.0102,2947,0,0,PASS,0.0361,0.0029,0.0046,0.0045,2947,0,0,
m1066#1066,REACHABLE,37.5000,1.0000,1600000.0000,300.0000,60.0000,3.0000,20.0000,0.1000,FAIL,-0.2560,0.5303,1.1099,0.9856,-1,0,0,PASS,-0.0030,0.0474,0.0855,0.0934,4964,0,0,PASS,-0.0032,0.0491,0.0904,0.0943,4379,0,0,
m1070#1070,REACHABLE,37.5000,1.0000,1600000.0000,300.0000,60.0000,30.0000,28.0000,0.0100,FAIL,-0.0508,0.1882,0.2900,0.2405,-1,0,0,PASS,-0.0679,0.0850,0.0991,0.0310,7573,0,0,PASS,0.0261,0.0061,0.0125,0.0152,4018,0,0,
m1074#1074,REACHABLE,37.5000,1.0000,1600000.0000,300.0000,120.0000,30.0000,20.0000,0.1000,FAIL,-0.2913,0.5050,0.6754,0.4209,-1,0,0,FAIL,0.3303,0.0449,0.1086,0.1958,8988,0,0,FAIL,-0.6371,0.6581,0.6761,0.0394,-1,0,0,STEADY_MAE
m1078#1078,REACHABLE,37.5000,1.0000,1600000.0000,300.0000,120.0000,8.0000,28.0000,0.0100,FAIL,-0.0235,0.2226,0.3772,0.3494,-1,0,0,FAIL,0.0336,0.1250,0.2987,0.3339,-1,0,0,PASS,0.0164,0.0118,0.0147,0.0095,4607,0,0,
m1082#1082,REACHABLE,37.5000,1.2000,180000.0000,120.0000,0.0000,8.0000,20.0000,0.1000,FAIL,-0.1209,0.2657,0.3808,0.2638,-1,0,0,FAIL,-0.1384,0.1515,0.1573,0.0154,-1,0,0,FAIL,-0.1384,0.1515,0.1573,0.0154,-1,0,0,LEARNER_LOW_CONFIDENCE
m1086#1086,REACHABLE,37.5000,1.2000,180000.0000,120.0000,0.0000,3.0000,28.0000,0.0100,PASS,0.0065,0.0023,0.0055,0.0140,996,0,0,PASS,0.0065,0.0023,0.0053,0.0136,996,0,0,PASS,0.0086,0.0021,0.0048,0.0129,883,0,0,
m1090#1090,REACHABLE,37.5000,1.2000,180000.0000,120.0000,15.0000,3.0000,20.0000,0.1000,FAIL,-0.6984,0.8896,1.0741,0.3928,-1,0,0,FAIL,-0.6984,0.8896,1.0741,0.3928,-1,0,0,FAIL,-0.6984,0.8894,1.0734,0.3928,-1,0,0,LEARNER_LOW_CONFIDENCE
m1094#1094,SAFETY_LIMITED,37.5000,1.2000,180000.0000,120.0000,15.0000,30.0000,28.0000,0.0100,FAIL,0.1266,0.1842,0.3542,0.4996,-1,0,0,PASS,0.0763,0.0166,0.0386,0.0865,1071,0,0,PASS,0.0763,0.0166,0.0386,0.0865,1071,0,0,
m1098#1098,SAFETY_LIMITED,37.5000,1.2000,180000.0000,120.0000,30.0000,30.0000,20.0000,0.1000,FAIL,-0.1624,0.5588,0.8237,0.7166,-1,0,0,FAIL,-0.0025,0.0805,0.1504,0.1526,-1,0,0,FAIL,-0.0025,0.0805,0.1504,0.1526,-1,0,0,SETTLING_TIMEOUT
m1102#1102,SAFETY_LIMITED,37.5000,1.2000,180000.0000,120.0000,30.0000,8.0000,28.0000,0.0100,FAIL,0.0119,0.2429,0.4177,0.4189,-1,0,0,FAIL,0.0119,0.2429,0.4177,0.4189,-1,0,0,FAIL,0.0119,0.2429,0.4177,0.4189,-1,0,0,LEARNER_LOW_CONFIDENCE
m1106#1106,SAFETY_LIMITED,37.5000,1.2000,180000.0000,120.0000,60.0000,8.0000,20.0000,0.1000,FAIL,-1.0021,1.5012,1.8771,0.7769,-1,0,0,PASS,0.0327,0.0341,0.0852,0.1277,3563,0,0,PASS,0.0274,0.0338,0.0754,0.1138,3392,0,0,
m1110#1110,SAFETY_LIMITED,37.5000,1.2000,180000.0000,120.0000,60.0000,3.0000,28.0000,0.0100,FAIL,-0.2930,0.5358,0.7834,0.5221,-1,0,0,FAIL,-0.2883,0.5346,0.7831,0.5198,-1,0,0,FAIL,0.0006,0.4386,0.7388,0.7717,-1,0,0,LEARNER_LOW_CONFIDENCE
m1114#1114,SAFETY_LIMITED,37.5000,1.2000,180000.0000,120.0000,120.0000,3.0000,20.0000,0.1000,FAIL,-1.1993,1.9370,2.6374,1.3900,-1,0,0,FAIL,-0.0896,0.2150,0.3730,0.3397,-1,0,0,FAIL,0.0134,0.1478,0.2926,0.3262,-1,0,0,STEADY_MAE
m1118#1118,SAFETY_LIMITED,37.5000,1.2000,180000.0000,120.0000,120.0000,30.0000,28.0000,0.0100,FAIL,0.1551,0.5610,0.9288,0.9124,-1,0,0,FAIL,-0.0431,0.1806,0.3145,0.2797,-1,0,0,FAIL,-0.0518,0.2270,0.4237,0.3987,-1,0,0,STEADY_MAE
m1122#1122,SAFETY_LIMITED,37.5000,1.2000,180000.0000,180.0000,0.0000,30.0000,20.0000,0.1000,FAIL,-0.1051,0.3556,0.5717,0.4724,-1,0,0,PASS,0.0612,0.0078,0.0208,0.0308,1105,0,0,PASS,0.0612,0.0078,0.0208,0.0308,1105,0,0,
m1126#1126,REACHABLE,37.5000,1.2000,180000.0000,180.0000,0.0000,8.0000,28.0000,0.0100,FAIL,-0.0016,0.1606,0.2628,0.2391,-1,0,0,PASS,0.0089,0.0144,0.0415,0.0593,1841,0,0,PASS,0.0090,0.0143,0.0422,0.0540,1451,0,0,
m1130#1130,REACHABLE,37.5000,1.2000,180000.0000,180.0000,15.0000,8.0000,20.0000,0.1000,FAIL,-0.0062,0.3649,0.7304,0.7464,-1,0,0,PASS,0.0788,0.0388,0.1107,0.2165,4218,0,0,FAIL,-1.0507,1.8511,2.2423,1.1940,-1,0,0,LEARNER_LOW_CONFIDENCE
m1134#1134,REACHABLE,37.5000,1.2000,180000.0000,180.0000,15.0000,3.0000,28.0000,0.0100,FAIL,-0.3983,0.5622,0.7022,0.3139,-1,0,0,FAIL,-0.3983,0.5622,0.7022,0.3139,-1,0,0,FAIL,-0.4418,0.6053,0.7516,0.3158,-1,0,0,LEARNER_LOW_CONFIDENCE
m1138#1138,SAFETY_LIMITED,37.5000,1.2000,180000.0000,180.0000,30.0000,3.0000,20.0000,0.1000,FAIL,-0.8764,1.7775,2.3738,1.7844,-1,0,0,PASS,0.0677,0.0293,0.0715,0.1436,1114,0,0,PASS,0.0910,0.0403,0.0756,0.2004,1078,0,0,
m1142#1142,SAFETY_LIMITED,37.5000,1.2000,180000.0000,180.0000,30.0000,30.0000,28.0000,0.0100,FAIL,0.0487,0.3596,0.5918,0.6670,-1,0,0,FAIL,0.0701,0.0483,0.1329,0.2618,-1,0,0,FAIL,0.0701,0.0483,0.1329,0.2618,-1,0,0,SETTLING_TIMEOUT
m1146#1146,SAFETY_LIMITED,37.5000,1.2000,180000.0000,180.0000,60.0000,30.0000,20.0000,0.1000,FAIL,-1.8174,2.2486,2.7590,1.0128,-1,0,0,FAIL,-1.7544,2.2485,2.8030,1.0517,-1,0,0,FAIL,-1.7544,2.2485,2.8030,1.0517,-1,0,0,LEARNER_LOW_CONFIDENCE
m1150#1150,SAFETY_LIMITED,37.5000,1.2000,180000.0000,180.0000,60.0000,8.0000,28.0000,0.0100,FAIL,-0.6831,1.0096,1.3517,0.6755,-1,0,0,FAIL,0.0849,0.1409,0.3135,0.4169,-1,0,0,PASS,0.0507,0.0007,0.0019,0.0052,1715,0,0,
m1154#1154,SAFETY_LIMITED,37.5000,1.2000,180000.0000,180.0000,120.0000,8.0000,20.0000,0.1000,FAIL,-1.5679,2.7943,3.9195,2.4548,-1,0,0,FAIL,-0.2499,0.4157,0.6162,0.3830,-1,0,0,FAIL,-0.6876,0.7237,0.7471,0.0697,-1,0,0,STEADY_MAE
m1158#1158,SAFETY_LIMITED,37.5000,1.2000,180000.0000,180.0000,120.0000,3.0000,28.0000,0.0100,FAIL,-0.9030,1.4136,1.9717,1.1414,-1,0,0,PASS,-0.0064,0.0453,0.0860,0.0881,4160,0,0,PASS,0.0004,0.0467,0.0871,0.0980,2582,0,0,
m1162#1162,REACHABLE,37.5000,1.2000,180000.0000,300.0000,0.0000,3.0000,20.0000,0.1000,FAIL,-2.9535,4.0194,4.1889,0.4459,-1,0,0,PASS,0.0601,0.0217,0.0260,0.0137,1617,0,0,PASS,0.0601,0.0217,0.0260,0.0137,1617,0,0,
m1166#1166,SAFETY_LIMITED,37.5000,1.2000,180000.0000,300.0000,0.0000,30.0000,28.0000,0.0100,FAIL,-0.1372,0.4017,0.5812,0.3903,-1,0,0,PASS,-0.0711,0.0833,0.0929,0.0242,2107,0,0,PASS,-0.0711,0.0833,0.0929,0.0242,2107,0,0,
m1170#1170,SAFETY_LIMITED,37.5000,1.2000,180000.0000,300.0000,15.0000,30.0000,20.0000,0.1000,FAIL,-1.9265,2.1655,2.4254,0.5368,-1,0,0,FAIL,-0.1690,2.2186,2.4830,0.7872,-1,0,0,PASS,0.0876,0.0456,0.1027,0.2079,6637,0,0,
m1174#1174,REACHABLE,37.5000,1.2000,180000.0000,300.0000,15.0000,8.0000,28.0000,0.0100,FAIL,-1.2132,1.5013,1.6932,0.4234,-1,0,0,FAIL,-1.2132,1.5013,1.6932,0.4234,-1,0,0,FAIL,-1.2132,1.5013,1.6932,0.4234,-1,0,0,LEARNER_LOW_CONFIDENCE
m1178#1178,SAFETY_LIMITED,37.5000,1.2000,180000.0000,300.0000,30.0000,8.0000,20.0000,0.1000,FAIL,-1.5781,2.2381,2.8221,1.3065,-1,0,0,FAIL,0.1035,0.1851,0.7745,0.9480,-1,0,0,FAIL,0.1035,0.1851,0.7745,0.9480,-1,0,0,STEADY_MAE
m1182#1182,SAFETY_LIMITED,37.5000,1.2000,180000.0000,300.0000,30.0000,3.0000,28.0000,0.0100,FAIL,-1.0190,1.6409,1.9929,1.0458,-1,0,0,FAIL,-1.0190,1.6409,1.9929,1.0458,-1,0,0,FAIL,-1.0190,1.6409,1.9929,1.0458,-1,0,0,LEARNER_LOW_CONFIDENCE
m1186#1186,SAFETY_LIMITED,37.5000,1.2000,180000.0000,300.0000,60.0000,3.0000,20.0000,0.1000,FAIL,-2.0049,2.8635,3.9452,2.0214,-1,0,0,FAIL,-1.3147,1.3416,1.3548,0.0473,-1,0,0,FAIL,0.0194,0.1335,0.3075,0.3557,-1,0,0,STEADY_MAE
m1190#1190,SAFETY_LIMITED,37.5000,1.2000,180000.0000,300.0000,60.0000,30.0000,28.0000,0.0100,FAIL,-1.5705,1.9752,2.3886,0.8654,-1,0,0,FAIL,-1.5705,1.9752,2.3886,0.8654,-1,0,0,FAIL,-1.4616,1.9769,2.3627,0.8153,-1,0,0,LEARNER_LOW_CONFIDENCE
m1194#1194,SAFETY_LIMITED,37.5000,1.2000,180000.0000,300.0000,120.0000,30.0000,20.0000,0.1000,FAIL,-3.6006,4.6246,5.8919,2.3769,-1,0,0,FAIL,-1.4792,2.4741,3.6558,2.2560,-1,0,0,FAIL,-1.4505,2.5297,3.7444,2.3265,-1,0,0,STEADY_MAE
m1198#1198,SAFETY_LIMITED,37.5000,1.2000,180000.0000,300.0000,120.0000,8.0000,28.0000,0.0100,FAIL,-1.2542,2.2096,3.1189,1.7091,-1,0,0,FAIL,0.0034,0.2349,0.3968,0.3538,-1,0,0,FAIL,-0.0143,0.2821,0.4866,0.3865,-1,0,0,STEADY_MAE
m1202#1202,REACHABLE,37.5000,1.2000,600000.0000,120.0000,0.0000,8.0000,20.0000,0.1000,FAIL,-0.0360,0.1356,0.1926,0.1609,-1,0,0,PASS,0.0554,0.0241,0.0474,0.1014,1393,0,0,PASS,0.0555,0.0100,0.0129,0.0066,1393,0,0,
m1206#1206,REACHABLE,37.5000,1.2000,600000.0000,120.0000,0.0000,3.0000,28.0000,0.0100,PASS,0.0069,0.0040,0.0089,0.0172,1553,0,0,PASS,0.0084,0.0026,0.0049,0.0117,1553,0,0,PASS,0.0084,0.0026,0.0049,0.0117,1553,0,0,
m1210#1210,REACHABLE,37.5000,1.2000,600000.0000,120.0000,15.0000,3.0000,20.0000,0.1000,FAIL,-0.1591,0.2510,0.2980,0.1425,-1,0,0,PASS,-0.0129,0.0682,0.0723,0.0114,1799,0,0,PASS,-0.0129,0.0682,0.0723,0.0114,1799,0,0,
m1214#1214,REACHABLE,37.5000,1.2000,600000.0000,120.0000,15.0000,30.0000,28.0000,0.0100,FAIL,0.0106,0.0799,0.1501,0.1607,-1,0,0,PASS,0.0262,0.0023,0.0057,0.0126,1216,0,0,PASS,0.0266,0.0029,0.0056,0.0137,1216,0,0,
m1218#1218,REACHABLE,37.5000,1.2000,600000.0000,120.0000,30.0000,30.0000,20.0000,0.1000,FAIL,0.0363,0.2163,0.4048,0.4081,-1,0,0,PASS,0.0780,0.0308,0.0596,0.1402,4815,0,0,PASS,0.0755,0.0032,0.0045,0.0023,2259,0,0,
m1222#1222,REACHABLE,37.5000,1.2000,600000.0000,120.0000,30.0000,8.0000,28.0000,0.0100,FAIL,-0.0606,0.1646,0.2388,0.1795,-1,0,0,PASS,-0.0487,0.0800,0.0847,0.0135,1408,0,0,PASS,-0.0569,0.0820,0.0847,0.0063,1305,0,0,
m1226#1226,REACHABLE,37.5000,1.2000,600000.0000,120.0000,60.0000,8.0000,20.0000,0.1000,FAIL,0.0734,0.2405,0.4645,0.5428,-1,0,0,PASS,0.0717,0.0393,0.0452,0.0150,1943,0,0,PASS,0.0771,0.0294,0.0586,0.1373,1943,0,0,
m1230#1230,REACHABLE,37.5000,1.2000,600000.0000,120.0000,60.0000,3.0000,28.0000,0.0100,FAIL,0.1186,0.1133,0.2074,0.3284,-1,0,0,PASS,0.0090,0.0033,0.0052,0.0137,1418,0,0,PASS,0.0099,0.0027,0.0048,0.0059,1380,0,0,
m1234#1234,SAFETY_LIMITED,37.5000,1.2000,600000.0000,120.0000,120.0000,3.0000,20.0000,0.1000,FAIL,-0.1729,0.3955,0.5884,0.4276,-1,0,0,PASS,0.0767,0.0307,0.0650,0.1451,2764,0,0,PASS,0.0317,0.0363,0.0748,0.1037,4191,0,0,
m1238#1238,SAFETY_LIMITED,37.5000,1.2000,600000.0000,120.0000,120.0000,30.0000,28.0000,0.0100,FAIL,0.0654,0.1889,0.3360,0.3566,-1,0,0,PASS,0.0039,0.0050,0.0105,0.0153,3330,0,0,FAIL,0.0470,0.0835,0.1931,0.2560,-1,0,0,SETTLING_TIMEOUT
m1242#1242,REACHABLE,37.5000,1.2000,600000.0000,180.0000,0.0000,30.0000,20.0000,0.1000,FAIL,-0.1005,0.1690,0.2102,0.0997,-1,0,0,FAIL,-0.0211,0.2448,0.3332,0.2252,-1,0,0,PASS,0.0600,0.0309,0.0460,0.0320,2109,0,0,
m1246#1246,REACHABLE,37.5000,1.2000,600000.0000,180.0000,0.0000,8.0000,28.0000,0.0100,PASS,-0.0027,0.0176,0.0282,0.0266,1787,0,0,PASS,0.0163,0.0031,0.0047,0.0045,1787,0,0,PASS,0.0163,0.0031,0.0047,0.0045,1787,0,0,
m1250#1250,REACHABLE,37.5000,1.2000,600000.0000,180.0000,15.0000,8.0000,20.0000,0.1000,FAIL,-0.1119,0.2968,0.4202,0.3056,-1,0,0,PASS,0.0672,0.0280,0.0496,0.1058,1712,0,0,PASS,0.0672,0.0280,0.0496,0.1058,1712,0,0,
m1254#1254,REACHABLE,37.5000,1.2000,600000.0000,180.0000,15.0000,3.0000,28.0000,0.0100,FAIL,-0.0217,0.1081,0.1743,0.1614,-1,0,0,PASS,0.0261,0.0092,0.0145,0.0317,1804,0,0,PASS,0.0261,0.0092,0.0145,0.0317,1804,0,0,
m1258#1258,REACHABLE,37.5000,1.2000,600000.0000,180.0000,30.0000,3.0000,20.0000,0.1000,FAIL,-0.0897,0.3154,0.4717,0.3855,-1,0,0,PASS,0.0719,0.0144,0.0233,0.0178,1767,0,0,PASS,0.0719,0.0144,0.0233,0.0178,1767,0,0,
m1262#1262,REACHABLE,37.5000,1.2000,600000.0000,180.0000,30.0000,30.0000,28.0000,0.0100,FAIL,0.0461,0.1334,0.2673,0.3159,-1,0,0,PASS,0.0229,0.0020,0.0051,0.0110,1631,0,0,PASS,0.0200,0.0033,0.0053,0.0141,1631,0,0,
m1266#1266,REACHABLE,37.5000,1.2000,600000.0000,180.0000,60.0000,30.0000,20.0000,0.1000,FAIL,-0.0265,0.4248,0.7737,0.7528,-1,0,0,PASS,0.0210,0.0715,0.1305,0.1377,4173,0,0,PASS,0.0210,0.0715,0.1305,0.1377,4173,0,0,
m1270#1270,REACHABLE,37.5000,1.2000,600000.0000,180.0000,60.0000,8.0000,28.0000,0.0100,FAIL,0.1276,0.1670,0.3187,0.4483,-1,0,0,PASS,0.0173,0.0018,0.0055,0.0117,1430,0,0,PASS,0.0102,0.0044,0.0050,0.0026,1801,0,0,
m1274#1274,SAFETY_LIMITED,37.5000,1.2000,600000.0000,180.0000,120.0000,8.0000,20.0000,0.1000,FAIL,-0.1906,0.6538,1.3471,1.3270,-1,0,0,PASS,0.0755,0.0405,0.1222,0.2150,3901,0,0,PASS,0.0818,0.0451,0.1178,0.2167,3877,0,0,
m1278#1278,SAFETY_LIMITED,37.5000,1.2000,600000.0000,180.0000,120.0000,3.0000,28.0000,0.0100,FAIL,-0.0624,0.3337,0.5404,0.4864,-1,0,0,PASS,-0.0754,0.0828,0.0871,0.0125,4422,0,0,PASS,-0.0760,0.0828,0.0869,0.0127,4286,0,0,
m1282#1282,REACHABLE,37.5000,1.2000,600000.0000,300.0000,0.0000,3.0000,20.0000,0.1000,FAIL,-0.1342,0.2736,0.3955,0.2646,-1,0,0,PASS,0.0548,0.0334,0.0490,0.0501,1448,0,0,PASS,0.0546,0.0335,0.0362,0.0094,1448,0,0,
m1286#1286,REACHABLE,37.5000,1.2000,600000.0000,300.0000,0.0000,30.0000,28.0000,0.0100,PASS,-0.0227,0.0349,0.0365,0.0041,2320,0,0,PASS,-0.0302,0.0357,0.0382,0.0062,1780,0,0,PASS,0.0234,0.0026,0.0040,0.0042,1780,0,0,
m1290#1290,REACHABLE,37.5000,1.2000,600000.0000,300.0000,15.0000,30.0000,20.0000,0.1000,FAIL,-0.1364,0.4392,0.6793,0.5540,-1,0,0,FAIL,-0.0352,0.4397,0.6198,0.4143,-1,0,0,PASS,-0.0035,0.0591,0.0971,0.0853,2896,0,0,
m1294#1294,REACHABLE,37.5000,1.2000,600000.0000,300.0000,15.0000,8.0000,28.0000,0.0100,FAIL,-0.0539,0.2200,0.3201,0.2473,-1,0,0,PASS,0.0299,0.0180,0.0291,0.0603,1930,0,0,PASS,0.0299,0.0180,0.0291,0.0603,1930,0,0,
m1298#1298,REACHABLE,37.5000,1.2000,600000.0000,300.0000,30.0000,8.0000,20.0000,0.1000,FAIL,-2.2692,2.4550,2.6373,0.3808,-1,0,0,PASS,0.0720,0.0355,0.0487,0.0702,6014,0,0,PASS,0.0724,0.0263,0.0268,0.0015,2138,0,0,
m1302#1302,REACHABLE,37.5000,1.2000,600000.0000,300.0000,30.0000,3.0000,28.0000,0.0100,FAIL,-0.0353,0.2742,0.4186,0.3632,-1,0,0,PASS,0.0403,0.0019,0.0032,0.0070,1073,0,0,PASS,0.0402,0.0023,0.0056,0.0135,1073,0,0,
m1306#1306,REACHABLE,37.5000,1.2000,600000.0000,300.0000,60.0000,3.0000,20.0000,0.1000,FAIL,-3.1531,3.4813,3.8270,0.6920,-1,0,0,PASS,0.0130,0.0541,0.1029,0.1156,2479,0,0,PASS,0.0130,0.0541,0.1029,0.1156,2479,0,0,
m1310#1310,REACHABLE,37.5000,1.2000,600000.0000,300.0000,60.0000,30.0000,28.0000,0.0100,FAIL,0.0669,0.3140,0.6167,0.6835,-1,0,0,PASS,0.1377,0.0218,0.0379,0.0750,4087,0,0,PASS,0.1727,0.0038,0.0038,0.0002,3087,0,0,
m1314#1314,SAFETY_LIMITED,37.5000,1.2000,600000.0000,300.0000,120.0000,30.0000,20.0000,0.1000,FAIL,-4.1151,4.4176,4.7666,0.6692,-1,0,0,FAIL,-0.8172,0.8410,0.8569,0.0362,-1,0,0,FAIL,-0.7695,0.8288,0.8561,0.0717,-1,0,0,STEADY_MAE
m1318#1318,SAFETY_LIMITED,37.5000,1.2000,600000.0000,300.0000,120.0000,8.0000,28.0000,0.0100,FAIL,-0.1774,0.4603,0.7207,0.5359,-1,0,0,FAIL,-0.7231,0.7543,0.7574,0.0073,-1,0,0,FAIL,-0.5989,0.6026,0.6028,0.0007,-1,0,0,STEADY_MAE
m1322#1322,REACHABLE,37.5000,1.2000,1600000.0000,120.0000,0.0000,8.0000,20.0000,0.1000,FAIL,-0.2154,0.2347,0.2412,0.0184,-1,0,0,FAIL,-0.1078,0.1246,0.1396,0.0340,3470,0,0,FAIL,-0.1030,0.1251,0.1395,0.0327,3470,0,0,STEADY_MAE
m1326#1326,REACHABLE,37.5000,1.2000,1600000.0000,120.0000,0.0000,3.0000,28.0000,0.0100,PASS,0.0061,0.0035,0.0068,0.0131,2770,0,0,PASS,0.0504,0.0025,0.0045,0.0080,2110,0,0,PASS,0.0504,0.0025,0.0045,0.0080,2110,0,0,
m1330#1330,REACHABLE,37.5000,1.2000,1600000.0000,120.0000,15.0000,3.0000,20.0000,0.1000,FAIL,-0.1232,0.1588,0.1772,0.0546,-1,0,0,PASS,-0.0153,0.0483,0.0726,0.0606,2787,0,0,PASS,-0.0158,0.0488,0.0725,0.0606,2787,0,0,
m1334#1334,REACHABLE,37.5000,1.2000,1600000.0000,120.0000,15.0000,30.0000,28.0000,0.0100,PASS,-0.0780,0.0883,0.0953,0.0160,3440,0,0,PASS,-0.0681,0.0807,0.0830,0.0053,2688,0,0,PASS,-0.0595,0.0809,0.0847,0.0078,2688,0,0,
m1338#1338,REACHABLE,37.5000,1.2000,1600000.0000,120.0000,30.0000,30.0000,20.0000,0.1000,FAIL,0.0139,0.1012,0.1810,0.1976,-1,0,0,PASS,-0.0125,0.0732,0.1076,0.0903,4303,0,0,PASS,-0.0188,0.0737,0.1087,0.0908,3588,0,0,
m1342#1342,REACHABLE,37.5000,1.2000,1600000.0000,120.0000,30.0000,8.0000,28.0000,0.0100,PASS,0.0004,0.0197,0.0355,0.0425,3286,0,0,PASS,0.0175,0.0016,0.0050,0.0114,2005,0,0,PASS,0.0175,0.0016,0.0050,0.0114,2005,0,0,
m1346#1346,REACHABLE,37.5000,1.2000,1600000.0000,120.0000,60.0000,8.0000,20.0000,0.1000,FAIL,-0.0188,0.1219,0.1922,0.1748,-1,0,0,PASS,-0.0112,0.0683,0.1121,0.1059,3448,0,0,PASS,-0.0122,0.0696,0.1123,0.1054,3448,0,0,
m1350#1350,REACHABLE,37.5000,1.2000,1600000.0000,120.0000,60.0000,3.0000,28.0000,0.0100,PASS,0.0071,0.0619,0.1037,0.1114,3675,0,0,PASS,0.0227,0.0045,0.0050,0.0020,1953,0,0,PASS,0.0294,0.0039,0.0044,0.0018,2483,0,0,
m1354#1354,REACHABLE,37.5000,1.2000,1600000.0000,120.0000,120.0000,3.0000,20.0000,0.1000,FAIL,0.1217,0.1341,0.2531,0.3867,-1,0,0,PASS,0.0029,0.0616,0.1040,0.1094,4659,0,0,PASS,0.0053,0.0643,0.1059,0.1080,3198,0,0,
m1358#1358,REACHABLE,37.5000,1.2000,1600000.0000,120.0000,120.0000,30.0000,28.0000,0.0100,FAIL,0.1378,0.0790,0.1599,0.1992,-1,0,0,PASS,0.0125,0.0038,0.0099,0.0186,3269,0,0,PASS,0.0100,0.0075,0.0165,0.0274,3302,0,0,
m1362#1362,REACHABLE,37.5000,1.2000,1600000.0000,180.0000,0.0000,30.0000,20.0000,0.1000,FAIL,-0.1271,0.1744,0.2060,0.0777,-1,0,0,PASS,0.0577,0.0236,0.0319,0.0191,4089,0,0,PASS,-0.0245,0.0521,0.0689,0.0465,2813,0,0,
m1366#1366,REACHABLE,37.5000,1.2000,1600000.0000,180.0000,0.0000,8.0000,28.0000,0.0100,PASS,-0.0038,0.0127,0.0187,0.0151,3008,0,0,PASS,0.0237,0.0031,0.0050,0.0106,2508,0,0,PASS,0.0239,0.0046,0.0049,0.0011,2508,0,0,
m1370#1370,REACHABLE,37.5000,1.2000,1600000.0000,180.0000,15.0000,8.0000,20.0000,0.1000,FAIL,-0.1091,0.1799,0.2200,0.1114,-1,0,0,PASS,0.0594,0.0313,0.0516,0.1318,2625,0,0,PASS,0.0594,0.0313,0.0516,0.1318,2625,0,0,
m1374#1374,REACHABLE,37.5000,1.2000,1600000.0000,180.0000,15.0000,3.0000,28.0000,0.0100,PASS,-0.0021,0.0163,0.0325,0.0309,3142,0,0,PASS,0.0183,0.0014,0.0019,0.0016,2247,0,0,PASS,0.0207,0.0044,0.0049,0.0014,2247,0,0,
m1378#1378,REACHABLE,37.5000,1.2000,1600000.0000,180.0000,30.0000,3.0000,20.0000,0.1000,FAIL,-0.2677,0.3211,0.3462,0.0779,-1,0,0,PASS,-0.0138,0.0739,0.1298,0.1231,5359,0,0,PASS,-0.0138,0.0739,0.1298,0.1231,5359,0,0,
m1382#1382,REACHABLE,37.5000,1.2000,1600000.0000,180.0000,30.0000,30.0000,28.0000,0.0100,PASS,-0.0165,0.0766,0.1227,0.1085,3682,0,0,PASS,0.0191,0.0023,0.0033,0.0024,2989,0,0,PASS,0.0189,0.0005,0.0010,0.0022,2984,0,0,
m1386#1386,REACHABLE,37.5000,1.2000,1600000.0000,180.0000,60.0000,30.0000,20.0000,0.1000,FAIL,-0.1055,0.2098,0.2929,0.1923,-1,0,0,FAIL,-0.0117,0.2279,0.4933,0.4877,-1,0,0,PASS,0.0105,0.0482,0.0954,0.1110,4292,0,0,
m1390#1390,REACHABLE,37.5000,1.2000,1600000.0000,180.0000,60.0000,8.0000,28.0000,0.0100,FAIL,-0.0809,0.1725,0.2369,0.1570,-1,0,0,PASS,-0.0562,0.0791,0.0803,0.0030,2580,0,0,PASS,-0.0594,0.0830,0.0849,0.0057,2602,0,0,
m1394#1394,REACHABLE,37.5000,1.2000,1600000.0000,180.0000,120.0000,8.0000,20.0000,0.1000,FAIL,-0.1005,0.2634,0.3837,0.2864,-1,0,0,PASS,0.0269,0.0361,0.0733,0.1030,5461,0,0,PASS,0.0316,0.0379,0.0758,0.1116,4812,0,0,
m1398#1398,REACHABLE,37.5000,1.2000,1600000.0000,180.0000,120.0000,3.0000,28.0000,0.0100,FAIL,0.0881,0.1038,0.2156,0.2742,-1,0,0,PASS,0.0313,0.0053,0.0122,0.0141,2954,0,0,PASS,0.0212,0.0033,0.0070,0.0074,2719,0,0,
m1402#1402,REACHABLE,37.5000,1.2000,1600000.0000,300.0000,0.0000,3.0000,20.0000,0.1000,FAIL,-0.1398,0.2265,0.2762,0.1376,-1,0,0,PASS,0.0525,0.0084,0.0173,0.0207,3068,0,0,PASS,0.0532,0.0399,0.0417,0.0049,3068,0,0,
m1406#1406,REACHABLE,37.5000,1.2000,1600000.0000,300.0000,0.0000,30.0000,28.0000,0.0100,PASS,-0.0328,0.0363,0.0389,0.0064,3482,0,0,PASS,0.0084,0.0040,0.0049,0.0017,2582,0,0,PASS,0.0151,0.0025,0.0049,0.0104,2582,0,0,
m1410#1410,REACHABLE,37.5000,1.2000,1600000.0000,300.0000,15.0000,30.0000,20.0000,0.1000,FAIL,-0.1846,0.2554,0.3034,0.1170,-1,0,0,FAIL,0.0657,0.1528,0.5530,0.6358,-1,0,0,PASS,-0.0206,0.0501,0.0753,0.0594,8840,0,0,
m1414#1414,REACHABLE,37.5000,1.2000,1600000.0000,300.0000,15.0000,8.0000,28.0000,0.0100,PASS,-0.0284,0.0375,0.0425,0.0143,3692,0,0,PASS,0.0178,0.0030,0.0057,0.0125,2371,0,0,PASS,0.0205,0.0005,0.0012,0.0016,2371,0,0,
m1418#1418,REACHABLE,37.5000,1.2000,1600000.0000,300.0000,30.0000,8.0000,20.0000,0.1000,FAIL,-0.1675,0.2895,0.3678,0.1890,-1,0,0,PASS,0.0643,0.0327,0.0532,0.1224,3866,0,0,PASS,0.0630,0.0352,0.0692,0.1418,3866,0,0,
m1422#1422,REACHABLE,37.5000,1.2000,1600000.0000,300.0000,30.0000,3.0000,28.0000,0.0100,PASS,-0.0254,0.0476,0.0655,0.0438,4070,0,0,PASS,0.0322,0.0028,0.0051,0.0121,2377,0,0,PASS,0.0303,0.0021,0.0051,0.0122,2377,0,0,
m1426#1426,REACHABLE,37.5000,1.2000,1600000.0000,300.0000,60.0000,3.0000,20.0000,0.1000,FAIL,-0.1290,0.3810,0.5035,0.4107,-1,0,0,PASS,0.0111,0.0412,0.0874,0.1098,3975,0,0,PASS,0.0111,0.0412,0.0874,0.1098,3975,0,0,
m1430#1430,REACHABLE,37.5000,1.2000,1600000.0000,300.0000,60.0000,30.0000,28.0000,0.0100,FAIL,-0.0332,0.1748,0.2732,0.2436,-1,0,0,PASS,-0.0523,0.0664,0.0775,0.0260,6829,0,0,PASS,0.0277,0.0052,0.0131,0.0226,3679,0,0,
m1434#1434,REACHABLE,37.5000,1.2000,1600000.0000,300.0000,120.0000,30.0000,20.0000,0.1000,FAIL,-0.3623,0.5252,0.6589,0.2925,-1,0,0,FAIL,0.0301,0.1048,0.1504,0.1294,-1,0,0,FAIL,-0.8062,0.8285,0.8492,0.0420,-1,0,0,STEADY_MAE
m1438#1438,REACHABLE,37.5000,1.2000,1600000.0000,300.0000,120.0000,8.0000,28.0000,0.0100,FAIL,0.0330,0.2048,0.3629,0.3703,-1,0,0,FAIL,0.0212,0.0440,0.1611,0.2041,-1,0,0,PASS,0.0104,0.0038,0.0051,0.0109,4370,0,0,
m1442#1442,REACHABLE,37.5000,1.5000,180000.0000,120.0000,0.0000,8.0000,20.0000,0.1000,FAIL,-0.0232,0.2477,0.3498,0.2690,-1,0,0,PASS,0.0842,0.0207,0.0398,0.0556,1592,0,0,PASS,0.0643,0.0276,0.0489,0.1059,1765,0,0,
m1446#1446,REACHABLE,37.5000,1.5000,180000.0000,120.0000,0.0000,3.0000,28.0000,0.0100,PASS,-0.0689,0.0802,0.0869,0.0203,897,0,0,PASS,-0.0689,0.0802,0.0869,0.0203,897,0,0,PASS,-0.0696,0.0802,0.0869,0.0191,1025,0,0,
m1450#1450,REACHABLE,37.5000,1.5000,180000.0000,120.0000,15.0000,3.0000,20.0000,0.1000,FAIL,-0.3414,0.5527,0.7322,0.4041,-1,0,0,FAIL,-0.3413,0.5527,0.7322,0.4041,-1,0,0,FAIL,-0.5540,0.7556,0.9636,0.4283,-1,0,0,LEARNER_LOW_CONFIDENCE
m1454#1454,SAFETY_LIMITED,37.5000,1.5000,180000.0000,120.0000,15.0000,30.0000,28.0000,0.0100,FAIL,0.2018,0.1765,0.3340,0.5349,-1,0,0,FAIL,0.2007,0.1778,0.3307,0.5580,-1,0,0,FAIL,0.2007,0.1778,0.3307,0.5580,-1,0,0,LEARNER_LOW_CONFIDENCE
m1458#1458,SAFETY_LIMITED,37.5000,1.5000,180000.0000,120.0000,30.0000,30.0000,20.0000,0.1000,FAIL,-0.5904,0.7838,0.9633,0.3953,-1,0,0,PASS,0.0734,0.0305,0.0688,0.1461,1167,0,0,PASS,0.0783,0.0313,0.0714,0.1558,1534,0,0,
m1462#1462,SAFETY_LIMITED,37.5000,1.5000,180000.0000,120.0000,30.0000,8.0000,28.0000,0.0100,FAIL,-0.0172,0.2374,0.4006,0.4033,-1,0,0,FAIL,0.1728,0.2441,0.4210,0.4382,-1,0,0,FAIL,0.0002,0.2248,0.3980,0.3934,-1,0,0,LEARNER_LOW_CONFIDENCE
m1466#1466,SAFETY_LIMITED,37.5000,1.5000,180000.0000,120.0000,60.0000,8.0000,20.0000,0.1000,FAIL,-0.2238,0.9607,1.3656,0.8382,-1,0,0,FAIL,0.0683,0.0413,0.1400,0.2378,-1,0,0,FAIL,0.0765,0.0479,0.1509,0.2518,-1,0,0,SETTLING_TIMEOUT
m1470#1470,SAFETY_LIMITED,37.5000,1.5000,180000.0000,120.0000,60.0000,3.0000,28.0000,0.0100,FAIL,-0.0322,0.4164,0.6650,0.5187,-1,0,0,FAIL,-0.0322,0.4057,0.6638,0.5349,-1,0,0,FAIL,-0.1703,0.4095,0.6658,0.5283,-1,0,0,LEARNER_LOW_CONFIDENCE
m1474#1474,SAFETY_LIMITED,37.5000,1.5000,180000.0000,120.0000,120.0000,3.0000,20.0000,0.1000,FAIL,-0.1886,1.4452,2.1791,1.4456,-1,0,0,FAIL,0.0211,0.1702,0.4038,0.4666,-1,0,0,FAIL,0.0125,0.1526,0.3017,0.3604,-1,0,0,STEADY_MAE
m1478#1478,SAFETY_LIMITED,37.5000,1.5000,180000.0000,120.0000,120.0000,30.0000,28.0000,0.0100,FAIL,0.2686,0.5147,0.8977,1.0757,-1,0,0,FAIL,0.2686,0.4449,0.8908,1.0999,-1,0,0,FAIL,0.1190,0.4542,0.8008,0.8199,-1,0,0,LEARNER_LOW_CONFIDENCE
m1482#1482,SAFETY_LIMITED,37.5000,1.5000,180000.0000,180.0000,0.0000,30.0000,20.0000,0.1000,FAIL,-0.1173,0.3303,0.5100,0.4035,-1,0,0,PASS,0.0571,0.0282,0.0534,0.1153,1550,0,0,PASS,0.0543,0.0289,0.0493,0.1057,1662,0,0,
m1486#1486,REACHABLE,37.5000,1.5000,180000.0000,180.0000,0.0000,8.0000,28.0000,0.0100,FAIL,-0.0004,0.1706,0.2442,0.1921,-1,0,0,PASS,0.0089,0.0022,0.0047,0.0121,1302,0,0,PASS,0.0081,0.0020,0.0044,0.0123,3129,0,0,
m1490#1490,SAFETY_LIMITED,37.5000,1.5000,180000.0000,180.0000,15.0000,8.0000,20.0000,0.1000,FAIL,-0.7332,1.4195,1.6480,0.4979,-1,0,0,FAIL,-0.7469,1.4199,1.6485,0.4994,-1,0,0,FAIL,-1.1673,1.4217,1.6479,0.4979,-1,0,0,LEARNER_LOW_CONFIDENCE
m1494#1494,REACHABLE,37.5000,1.5000,180000.0000,180.0000,15.0000,3.0000,28.0000,0.0100,FAIL,-0.2364,0.4082,0.5451,0.3188,-1,0,0,FAIL,-0.2364,0.4082,0.5451,0.3188,-1,0,0,FAIL,-0.3268,0.4869,0.6271,0.3125,-1,0,0,LEARNER_LOW_CONFIDENCE
m1498#1498,SAFETY_LIMITED,37.5000,1.5000,180000.0000,180.0000,30.0000,3.0000,20.0000,0.1000,FAIL,-0.7355,1.5301,1.9562,1.3530,-1,0,0,PASS,0.1023,0.0330,0.0595,0.1432,1443,0,0,FAIL,-1.0265,1.5913,1.9843,1.0244,-1,0,0,LEARNER_LOW_CONFIDENCE
m1502#1502,SAFETY_LIMITED,37.5000,1.5000,180000.0000,180.0000,30.0000,30.0000,28.0000,0.0100,FAIL,-0.1280,0.4010,0.6319,0.4838,-1,0,0,FAIL,-0.1280,0.4010,0.6319,0.4838,-1,0,0,FAIL,-0.1280,0.4010,0.6319,0.4838,-1,0,0,LEARNER_LOW_CONFIDENCE
m1506#1506,SAFETY_LIMITED,37.5000,1.5000,180000.0000,180.0000,60.0000,30.0000,20.0000,0.1000,FAIL,-1.1900,1.9299,2.4305,1.1179,-1,0,0,FAIL,0.0045,0.1435,0.3146,0.4121,-1,0,0,FAIL,0.0424,0.1085,0.2499,0.2757,-1,0,0,STEADY_MAE
m1510#1510,SAFETY_LIMITED,37.5000,1.5000,180000.0000,180.0000,60.0000,8.0000,28.0000,0.0100,FAIL,-0.1400,0.7071,1.0634,0.7204,-1,0,0,FAIL,-0.1400,0.7071,1.0634,0.7204,-1,0,0,FAIL,-0.3882,0.7139,1.0643,0.7204,-1,0,0,LEARNER_LOW_CONFIDENCE
m1514#1514,SAFETY_LIMITED,37.5000,1.5000,180000.0000,180.0000,120.0000,8.0000,20.0000,0.1000,FAIL,-0.5589,2.2043,3.2655,2.1116,-1,0,0,FAIL,-0.0003,0.1638,0.4007,0.6336,-1,0,0,FAIL,0.0120,0.2851,0.5315,0.5618,-1,0,0,STEADY_MAE
m1518#1518,SAFETY_LIMITED,37.5000,1.5000,180000.0000,180.0000,120.0000,3.0000,28.0000,0.0100,FAIL,0.5995,0.5652,1.2747,1.5814,-1,0,0,FAIL,0.5995,0.5633,1.2746,1.5407,-1,0,0,FAIL,-0.4099,1.1378,1.7324,1.1942,-1,0,0,LEARNER_LOW_CONFIDENCE
m1522#1522,REACHABLE,37.5000,1.5000,180000.0000,300.0000,0.0000,3.0000,20.0000,0.1000,FAIL,-1.4882,3.2715,3.5151,0.6874,-1,0,0,PASS,0.0605,0.0254,0.0469,0.1038,4906,0,0,FAIL,-2.1801,3.3218,3.5351,0.6182,-1,0,0,LEARNER_LOW_CONFIDENCE
m1526#1526,SAFETY_LIMITED,37.5000,1.5000,180000.0000,300.0000,0.0000,30.0000,28.0000,0.0100,FAIL,-0.0885,0.2895,0.4608,0.3730,-1,0,0,FAIL,-0.0885,0.2895,0.4608,0.3730,-1,0,0,FAIL,-0.0885,0.2895,0.4608,0.3730,-1,0,0,LEARNER_LOW_CONFIDENCE
m1530#1530,SAFETY_LIMITED,37.5000,1.5000,180000.0000,300.0000,15.0000,30.0000,20.0000,0.1000,FAIL,-1.6756,1.9753,2.2728,0.5926,-1,0,0,FAIL,0.0918,0.0558,0.1376,0.2435,-1,0,0,PASS,0.0835,0.0386,0.0925,0.1850,1401,0,0,
m1534#1534,SAFETY_LIMITED,37.5000,1.5000,180000.0000,300.0000,15.0000,8.0000,28.0000,0.0100,FAIL,-0.6285,0.9258,1.1298,0.4113,-1,0,0,FAIL,-0.6285,0.9258,1.1298,0.4113,-1,0,0,FAIL,-0.7209,0.9286,1.1298,0.4113,-1,0,0,LEARNER_LOW_CONFIDENCE
m1538#1538,SAFETY_LIMITED,37.5000,1.5000,180000.0000,300.0000,30.0000,8.0000,20.0000,0.1000,FAIL,-1.0177,1.9268,2.5006,1.3029,-1,0,0,FAIL,0.0846,0.0434,0.1510,0.2630,-1,0,0,PASS,0.0700,0.0164,0.0366,0.0357,5370,0,0,
m1542#1542,SAFETY_LIMITED,37.5000,1.5000,180000.0000,300.0000,30.0000,3.0000,28.0000,0.0100,FAIL,-0.2335,1.1794,1.5025,0.6861,-1,0,0,FAIL,-0.2454,1.1794,1.5025,0.6861,-1,0,0,FAIL,-0.7058,1.1945,1.5224,0.6973,-1,0,0,LEARNER_LOW_CONFIDENCE
m1546#1546,SAFETY_LIMITED,37.5000,1.5000,180000.0000,300.0000,60.0000,3.0000,20.0000,0.1000,FAIL,-1.0078,2.3911,3.4781,2.1821,-1,0,0,FAIL,-0.0559,0.2037,0.4414,0.4517,-1,0,0,FAIL,-0.0712,0.1910,0.3792,0.3450,-1,0,0,STEADY_MAE
m1550#1550,SAFETY_LIMITED,37.5000,1.5000,180000.0000,300.0000,60.0000,30.0000,28.0000,0.0100,FAIL,-0.8647,1.6376,1.9872,0.7237,-1,0,0,FAIL,-0.8647,1.6376,1.9872,0.7237,-1,0,0,FAIL,-1.1136,1.6386,1.9872,0.7237,-1,0,0,LEARNER_LOW_CONFIDENCE
m1554#1554,SAFETY_LIMITED,37.5000,1.5000,180000.0000,300.0000,120.0000,30.0000,20.0000,0.1000,FAIL,-2.0287,3.8326,5.1298,2.6045,-1,0,0,FAIL,-1.2982,2.5533,3.9242,2.6375,-1,0,0,FAIL,-0.9524,2.3969,3.7556,2.5589,-1,0,0,STEADY_MAE
m1558#1558,SAFETY_LIMITED,37.5000,1.5000,180000.0000,300.0000,120.0000,8.0000,28.0000,0.0100,FAIL,0.0762,1.9258,2.7182,1.6846,-1,0,0,FAIL,0.0762,0.2919,0.3975,0.2139,-1,0,0,FAIL,-0.0802,0.2974,0.5610,0.4819,-1,0,0,STEADY_MAE
m1562#1562,REACHABLE,37.5000,1.5000,600000.0000,120.0000,0.0000,8.0000,20.0000,0.1000,FAIL,-0.0342,0.1238,0.1739,0.1426,-1,0,0,PASS,0.0553,0.0263,0.0476,0.1021,1204,0,0,PASS,0.0555,0.0121,0.0142,0.0051,1204,0,0,
m1566#1566,REACHABLE,37.5000,1.5000,600000.0000,120.0000,0.0000,3.0000,28.0000,0.0100,PASS,0.0058,0.0016,0.0036,0.0074,1293,0,0,PASS,0.0060,0.0023,0.0051,0.0127,1293,0,0,PASS,0.0060,0.0023,0.0051,0.0127,1293,0,0,
m1570#1570,REACHABLE,37.5000,1.5000,600000.0000,120.0000,15.0000,3.0000,20.0000,0.1000,FAIL,-0.0637,0.2060,0.2994,0.2385,-1,0,0,PASS,0.0643,0.0314,0.0521,0.1215,1261,0,0,PASS,0.0643,0.0314,0.0521,0.1215,1261,0,0,
m1574#1574,REACHABLE,37.5000,1.5000,600000.0000,120.0000,15.0000,30.0000,28.0000,0.0100,PASS,0.0251,0.0706,0.1413,0.1679,1621,0,0,PASS,0.0166,0.0037,0.0094,0.0209,1445,0,0,PASS,0.0154,0.0029,0.0049,0.0046,1445,0,0,
m1578#1578,REACHABLE,37.5000,1.5000,600000.0000,120.0000,30.0000,30.0000,20.0000,0.1000,FAIL,0.0553,0.1908,0.3848,0.4279,-1,0,0,PASS,0.0751,0.0170,0.0235,0.0157,2991,0,0,PASS,0.0747,0.0169,0.0212,0.0108,2110,0,0,
m1582#1582,REACHABLE,37.5000,1.5000,600000.0000,120.0000,30.0000,8.0000,28.0000,0.0100,FAIL,0.0381,0.0811,0.1503,0.1862,-1,0,0,PASS,0.0226,0.0027,0.0057,0.0142,1059,0,0,PASS,0.0229,0.0027,0.0054,0.0085,1059,0,0,
m1586#1586,REACHABLE,37.5000,1.5000,600000.0000,120.0000,60.0000,8.0000,20.0000,0.1000,FAIL,0.0963,0.2296,0.4419,0.5422,-1,0,0,PASS,0.0802,0.0335,0.0375,0.0118,1733,0,0,PASS,0.0802,0.0335,0.0375,0.0118,1733,0,0,
m1590#1590,REACHABLE,37.5000,1.5000,600000.0000,120.0000,60.0000,3.0000,28.0000,0.0100,FAIL,0.1626,0.1031,0.1976,0.3190,-1,0,0,PASS,0.0184,0.0010,0.0023,0.0059,1227,0,0,PASS,0.0089,0.0028,0.0061,0.0145,1276,0,0,
m1594#1594,SAFETY_LIMITED,37.5000,1.5000,600000.0000,120.0000,120.0000,3.0000,20.0000,0.1000,FAIL,-0.1333,0.4345,0.6434,0.5306,-1,0,0,PASS,0.0257,0.0475,0.0943,0.1175,4379,0,0,PASS,0.0289,0.0421,0.0920,0.1311,4448,0,0,
m1598#1598,SAFETY_LIMITED,37.5000,1.5000,600000.0000,120.0000,120.0000,30.0000,28.0000,0.0100,FAIL,0.0386,0.1651,0.3204,0.3654,-1,0,0,PASS,-0.0015,0.0096,0.0163,0.0166,3398,0,0,FAIL,0.0605,0.1287,0.2571,0.3247,-1,0,0,STEADY_MAE
m1602#1602,REACHABLE,37.5000,1.5000,600000.0000,180.0000,0.0000,30.0000,20.0000,0.1000,FAIL,-0.1096,0.2315,0.2541,0.0520,-1,0,0,FAIL,-0.1924,0.2728,0.3199,0.1222,-1,0,0,PASS,-0.0231,0.0812,0.0978,0.0379,2201,0,0,
m1606#1606,REACHABLE,37.5000,1.5000,600000.0000,180.0000,0.0000,8.0000,28.0000,0.0100,PASS,0.0063,0.0127,0.0344,0.0420,1442,0,0,PASS,0.0068,0.0022,0.0046,0.0106,1442,0,0,PASS,0.0068,0.0022,0.0046,0.0106,1442,0,0,
m1610#1610,REACHABLE,37.5000,1.5000,600000.0000,180.0000,15.0000,8.0000,20.0000,0.1000,FAIL,-0.1119,0.2671,0.3904,0.2829,-1,0,0,PASS,0.0680,0.0339,0.0489,0.0205,1394,0,0,PASS,0.0677,0.0162,0.0209,0.0131,1394,0,0,
m1614#1614,REACHABLE,37.5000,1.5000,600000.0000,180.0000,15.0000,3.0000,28.0000,0.0100,FAIL,-0.0885,0.1863,0.2464,0.1520,-1,0,0,PASS,-0.0390,0.0765,0.0893,0.0297,2176,0,0,PASS,-0.0390,0.0765,0.0893,0.0297,2176,0,0,
m1618#1618,REACHABLE,37.5000,1.5000,600000.0000,180.0000,30.0000,3.0000,20.0000,0.1000,FAIL,0.0039,0.2648,0.4413,0.4494,-1,0,0,PASS,0.0829,0.0432,0.0487,0.0226,1377,0,0,PASS,0.0829,0.0432,0.0487,0.0226,1377,0,0,
m1622#1622,REACHABLE,37.5000,1.5000,600000.0000,180.0000,30.0000,30.0000,28.0000,0.0100,FAIL,0.0804,0.1242,0.2534,0.3361,-1,0,0,PASS,0.0444,0.0020,0.0053,0.0097,1378,0,0,PASS,0.0290,0.0024,0.0051,0.0113,1378,0,0,
m1626#1626,SAFETY_LIMITED,37.5000,1.5000,600000.0000,180.0000,60.0000,30.0000,20.0000,0.1000,FAIL,0.0581,0.3459,0.6662,0.7315,-1,0,0,FAIL,0.3163,0.0123,0.0211,0.0192,4755,0,0,FAIL,0.3163,0.0123,0.0211,0.0192,4755,0,0,STARTUP_OVERSHOOT
m1630#1630,REACHABLE,37.5000,1.5000,600000.0000,180.0000,60.0000,8.0000,28.0000,0.0100,FAIL,0.1204,0.1540,0.3034,0.4252,-1,0,0,PASS,0.0087,0.0017,0.0035,0.0051,1409,0,0,PASS,0.0088,0.0032,0.0077,0.0130,1615,0,0,
m1634#1634,SAFETY_LIMITED,37.5000,1.5000,600000.0000,180.0000,120.0000,8.0000,20.0000,0.1000,FAIL,-0.1735,0.4395,0.6702,0.4896,-1,0,0,PASS,0.0348,0.0408,0.0889,0.1210,4307,0,0,PASS,0.0350,0.0379,0.0834,0.1216,3098,0,0,
m1638#1638,SAFETY_LIMITED,37.5000,1.5000,600000.0000,180.0000,120.0000,3.0000,28.0000,0.0100,FAIL,0.0955,0.2351,0.4386,0.4852,-1,0,0,PASS,0.0037,0.0062,0.0115,0.0174,3571,0,0,PASS,0.0038,0.0053,0.0108,0.0172,3399,0,0,
m1642#1642,REACHABLE,37.5000,1.5000,600000.0000,300.0000,0.0000,3.0000,20.0000,0.1000,FAIL,-0.1313,0.2671,0.3643,0.2369,-1,0,0,PASS,0.0555,0.0346,0.0495,0.1011,1479,0,0,PASS,0.0555,0.0346,0.0495,0.1011,1479,0,0,
m1646#1646,REACHABLE,37.5000,1.5000,600000.0000,300.0000,0.0000,30.0000,28.0000,0.0100,PASS,-0.0114,0.0277,0.0492,0.0386,1933,0,0,PASS,0.0326,0.0030,0.0056,0.0116,1270,0,0,PASS,0.0248,0.0023,0.0045,0.0071,1270,0,0,
m1650#1650,REACHABLE,37.5000,1.5000,600000.0000,300.0000,15.0000,30.0000,20.0000,0.1000,FAIL,-0.0848,0.3871,0.6350,0.5585,-1,0,0,FAIL,-0.0189,0.3118,0.4026,0.2205,-1,0,0,PASS,0.0701,0.0035,0.0087,0.0106,2305,0,0,
m1654#1654,REACHABLE,37.5000,1.5000,600000.0000,300.0000,15.0000,8.0000,28.0000,0.0100,FAIL,-0.0294,0.1909,0.2931,0.2561,-1,0,0,PASS,0.0383,0.0157,0.0254,0.0514,1609,0,0,PASS,0.0383,0.0157,0.0254,0.0514,1609,0,0,
m1658#1658,REACHABLE,37.5000,1.5000,600000.0000,300.0000,30.0000,8.0000,20.0000,0.1000,FAIL,-1.9580,2.1600,2.3634,0.4188,-1,0,0,PASS,-0.0057,0.0707,0.0711,0.0013,2656,0,0,PASS,-0.0057,0.0707,0.0711,0.0013,2656,0,0,
m1662#1662,REACHABLE,37.5000,1.5000,600000.0000,300.0000,30.0000,3.0000,28.0000,0.0100,FAIL,-0.0030,0.2465,0.3930,0.3757,-1,0,0,PASS,0.0342,0.0018,0.0043,0.0099,1172,0,0,PASS,0.0342,0.0018,0.0043,0.0099,1172,0,0,
m1666#1666,REACHABLE,37.5000,1.5000,600000.0000,300.0000,60.0000,3.0000,20.0000,0.1000,FAIL,-2.3646,2.7380,3.1046,0.7853,-1,0,0,PASS,0.0784,0.0383,0.0894,0.1911,2054,0,0,PASS,0.0784,0.0383,0.0894,0.1911,2054,0,0,
m1670#1670,SAFETY_LIMITED,37.5000,1.5000,600000.0000,300.0000,60.0000,30.0000,28.0000,0.0100,FAIL,-0.0005,0.3490,0.6649,0.6712,-1,0,0,PASS,0.1552,0.0781,0.0839,0.0163,2885,0,0,FAIL,0.4032,0.0796,0.0849,0.0127,5846,0,0,STARTUP_OVERSHOOT
m1674#1674,SAFETY_LIMITED,37.5000,1.5000,600000.0000,300.0000,120.0000,30.0000,20.0000,0.1000,FAIL,-3.8223,4.1213,4.4945,0.6947,-1,0,0,FAIL,-0.6411,0.6836,0.7255,0.0852,-1,0,0,FAIL,-0.9113,0.9123,0.9130,0.0019,-1,0,0,STEADY_MAE
m1678#1678,SAFETY_LIMITED,37.5000,1.5000,600000.0000,300.0000,120.0000,8.0000,28.0000,0.0100,FAIL,-0.1446,0.5656,0.8335,0.5798,-1,0,0,FAIL,-0.6725,0.6758,0.6778,0.0064,-1,0,0,FAIL,-0.6563,0.6627,0.6650,0.0097,-1,0,0,STEADY_MAE
m1682#1682,REACHABLE,37.5000,1.5000,1600000.0000,120.0000,0.0000,8.0000,20.0000,0.1000,PASS,-0.0415,0.0873,0.1121,0.0707,4246,0,0,PASS,0.0504,0.0248,0.0458,0.0468,2589,0,0,PASS,0.0507,0.0124,0.0206,0.0188,2589,0,0,
m1686#1686,REACHABLE,37.5000,1.5000,1600000.0000,120.0000,0.0000,3.0000,28.0000,0.0100,PASS,0.0083,0.0033,0.0044,0.0031,2329,0,0,PASS,0.1053,0.0026,0.0047,0.0093,2263,0,0,PASS,0.1053,0.0026,0.0047,0.0093,2263,0,0,
m1690#1690,REACHABLE,37.5000,1.5000,1600000.0000,120.0000,15.0000,3.0000,20.0000,0.1000,FAIL,-0.1044,0.1524,0.1682,0.0468,-1,0,0,PASS,-0.0079,0.0445,0.0723,0.0683,2302,0,0,PASS,-0.0079,0.0445,0.0723,0.0683,2302,0,0,
m1694#1694,REACHABLE,37.5000,1.5000,1600000.0000,120.0000,15.0000,30.0000,28.0000,0.0100,PASS,0.0081,0.0310,0.0571,0.0702,2917,0,0,PASS,0.0172,0.0027,0.0050,0.0088,1742,0,0,PASS,0.0172,0.0027,0.0050,0.0088,1742,0,0,
m1698#1698,REACHABLE,37.5000,1.5000,1600000.0000,120.0000,30.0000,30.0000,20.0000,0.1000,FAIL,0.0263,0.0934,0.1683,0.1878,-1,0,0,PASS,-0.0166,0.0686,0.1071,0.0934,2955,0,0,PASS,-0.0169,0.0699,0.1071,0.0913,2955,0,0,
m1702#1702,REACHABLE,37.5000,1.5000,1600000.0000,120.0000,30.0000,8.0000,28.0000,0.0100,PASS,0.0042,0.0446,0.0796,0.0839,2732,0,0,PASS,0.0155,0.0023,0.0065,0.0160,1585,0,0,PASS,0.0184,0.0025,0.0048,0.0051,1585,0,0,
m1706#1706,REACHABLE,37.5000,1.5000,1600000.0000,120.0000,60.0000,8.0000,20.0000,0.1000,FAIL,-0.0001,0.1172,0.1874,0.1865,-1,0,0,PASS,-0.0085,0.0679,0.1114,0.1108,2839,0,0,PASS,-0.0085,0.0679,0.1114,0.1108,2839,0,0,
m1710#1710,REACHABLE,37.5000,1.5000,1600000.0000,120.0000,60.0000,3.0000,28.0000,0.0100,PASS,0.0204,0.0537,0.0978,0.1191,3106,0,0,PASS,0.0181,0.0024,0.0035,0.0026,1637,0,0,PASS,0.0160,0.0014,0.0020,0.0105,1666,0,0,
m1714#1714,REACHABLE,37.5000,1.5000,1600000.0000,120.0000,120.0000,3.0000,20.0000,0.1000,FAIL,0.0374,0.1986,0.3339,0.3715,-1,0,0,FAIL,-0.0713,0.1357,0.1759,0.1091,-1,0,0,FAIL,-0.0713,0.1380,0.1801,0.1064,-1,0,0,STEADY_MAE
m1718#1718,REACHABLE,37.5000,1.5000,1600000.0000,120.0000,120.0000,30.0000,28.0000,0.0100,FAIL,0.1477,0.0806,0.1532,0.1875,-1,0,0,PASS,0.0119,0.0026,0.0057,0.0104,2929,0,0,PASS,0.0125,0.0025,0.0069,0.0130,3051,0,0,
m1722#1722,REACHABLE,37.5000,1.5000,1600000.0000,180.0000,0.0000,30.0000,20.0000,0.1000,FAIL,-0.1193,0.1621,0.1833,0.0526,-1,0,0,PASS,-0.0220,0.0524,0.0700,0.0479,2637,0,0,PASS,-0.0226,0.0530,0.0707,0.0486,2454,0,0,
m1726#1726,REACHABLE,37.5000,1.5000,1600000.0000,180.0000,0.0000,8.0000,28.0000,0.0100,PASS,-0.0745,0.0880,0.1011,0.0273,2576,0,0,PASS,0.0211,0.0808,0.0832,0.0057,3138,0,0,PASS,0.0211,0.0790,0.0844,0.0104,3138,0,0,
m1730#1730,REACHABLE,37.5000,1.5000,1600000.0000,180.0000,15.0000,8.0000,20.0000,0.1000,FAIL,-0.1073,0.1669,0.2008,0.0945,-1,0,0,PASS,0.0624,0.0272,0.0442,0.0373,2261,0,0,PASS,0.0617,0.0325,0.0495,0.0472,2261,0,0,
m1734#1734,REACHABLE,37.5000,1.5000,1600000.0000,180.0000,15.0000,3.0000,28.0000,0.0100,PASS,-0.0007,0.0086,0.0125,0.0115,2620,0,0,PASS,0.0170,0.0028,0.0048,0.0105,1654,0,0,PASS,0.0179,0.0028,0.0051,0.0128,1654,0,0,
m1738#1738,REACHABLE,37.5000,1.5000,1600000.0000,180.0000,30.0000,3.0000,20.0000,0.1000,FAIL,-0.0769,0.1572,0.2007,0.1246,-1,0,0,PASS,-0.0082,0.0509,0.0872,0.0865,2606,0,0,PASS,-0.0093,0.0517,0.0883,0.0856,2606,0,0,
m1742#1742,REACHABLE,37.5000,1.5000,1600000.0000,180.0000,30.0000,30.0000,28.0000,0.0100,PASS,0.0008,0.0743,0.1281,0.1252,3121,0,0,PASS,0.0226,0.0022,0.0051,0.0135,2198,0,0,PASS,0.0216,0.0031,0.0055,0.0143,2153,0,0,
m1746#1746,REACHABLE,37.5000,1.5000,1600000.0000,180.0000,60.0000,30.0000,20.0000,0.1000,FAIL,0.0554,0.1671,0.3008,0.3089,-1,0,0,FAIL,0.2365,0.3712,0.4208,0.1410,-1,0,0,FAIL,0.2365,0.3712,0.4208,0.1410,-1,0,0,LEARNER_LOW_CONFIDENCE
m1750#1750,REACHABLE,37.5000,1.5000,1600000.0000,180.0000,60.0000,8.0000,28.0000,0.0100,PASS,0.0200,0.0825,0.1489,0.1683,3620,0,0,PASS,0.0229,0.0030,0.0059,0.0146,1841,0,0,PASS,0.0160,0.0029,0.0055,0.0134,1834,0,0,
m1754#1754,REACHABLE,37.5000,1.5000,1600000.0000,180.0000,120.0000,8.0000,20.0000,0.1000,FAIL,0.0271,0.2155,0.3809,0.4161,-1,0,0,PASS,0.0792,0.0365,0.0555,0.1348,4824,0,0,PASS,0.0789,0.0108,0.0148,0.0138,4186,0,0,
m1758#1758,REACHABLE,37.5000,1.5000,1600000.0000,180.0000,120.0000,3.0000,28.0000,0.0100,FAIL,0.1175,0.1099,0.2065,0.2607,-1,0,0,PASS,0.0106,0.0026,0.0031,0.0019,2468,0,0,PASS,0.0111,0.0031,0.0049,0.0059,2477,0,0,
m1762#1762,REACHABLE,37.5000,1.5000,1600000.0000,300.0000,0.0000,3.0000,20.0000,0.1000,FAIL,-0.1362,0.2098,0.2474,0.1129,-1,0,0,PASS,0.0522,0.0087,0.0184,0.0207,2739,0,0,PASS,0.0533,0.0224,0.0277,0.0145,2739,0,0,
m1766#1766,REACHABLE,37.5000,1.5000,1600000.0000,300.0000,0.0000,30.0000,28.0000,0.0100,PASS,-0.0126,0.0273,0.0425,0.0296,3253,0,0,PASS,0.0113,0.0034,0.0045,0.0042,2187,0,0,PASS,0.0146,0.0033,0.0064,0.0141,2187,0,0,
m1770#1770,REACHABLE,37.5000,1.5000,1600000.0000,300.0000,15.0000,30.0000,20.0000,0.1000,FAIL,-0.2766,0.3226,0.3549,0.0783,-1,0,0,PASS,-0.0182,0.0387,0.0527,0.0269,7414,0,0,PASS,-0.0182,0.0423,0.0550,0.0383,8189,0,0,
m1774#1774,REACHABLE,37.5000,1.5000,1600000.0000,300.0000,15.0000,8.0000,28.0000,0.0100,PASS,-0.0190,0.0264,0.0306,0.0115,3030,0,0,PASS,0.0225,0.0037,0.0058,0.0140,2106,0,0,PASS,0.0225,0.0036,0.0069,0.0158,2106,0,0,
m1778#1778,REACHABLE,37.5000,1.5000,1600000.0000,300.0000,30.0000,8.0000,20.0000,0.1000,FAIL,-0.1227,0.2865,0.3663,0.2525,-1,0,0,PASS,0.0647,0.0104,0.0207,0.0251,3346,0,0,PASS,0.0654,0.0314,0.0483,0.0379,3346,0,0,
m1782#1782,REACHABLE,37.5000,1.5000,1600000.0000,300.0000,30.0000,3.0000,28.0000,0.0100,FAIL,-0.1027,0.1301,0.1555,0.0576,-1,0,0,PASS,-0.0359,0.0832,0.0856,0.0141,1935,0,0,PASS,-0.0377,0.0792,0.0873,0.0193,1935,0,0,
m1786#1786,REACHABLE,37.5000,1.5000,1600000.0000,300.0000,60.0000,3.0000,20.0000,0.1000,FAIL,-0.0721,0.3467,0.5095,0.3804,-1,0,0,PASS,0.0701,0.0414,0.0819,0.1035,3036,0,0,PASS,0.0701,0.0414,0.0819,0.1035,3036,0,0,
m1790#1790,REACHABLE,37.5000,1.5000,1600000.0000,300.0000,60.0000,30.0000,28.0000,0.0100,FAIL,-0.0030,0.1464,0.2596,0.2492,-1,0,0,FAIL,-0.0841,0.1613,0.2415,0.1608,-1,0,0,PASS,0.0214,0.0079,0.0181,0.0211,3220,0,0,
m1794#1794,REACHABLE,37.5000,1.5000,1600000.0000,300.0000,120.0000,30.0000,20.0000,0.1000,FAIL,-0.1612,0.3518,0.5147,0.3596,-1,0,0,FAIL,-0.5219,0.7882,0.9871,0.4506,-1,0,0,FAIL,-0.6458,0.6639,0.6868,0.0422,-1,0,0,STEADY_MAE
m1798#1798,REACHABLE,37.5000,1.5000,1600000.0000,300.0000,120.0000,8.0000,28.0000,0.0100,FAIL,0.0969,0.1953,0.3462,0.3486,-1,0,0,PASS,0.0109,0.0031,0.0050,0.0098,3379,0,0,PASS,0.0103,0.0008,0.0013,0.0012,3831,0,0,
m1802#1802,REACHABLE,37.5000,2.0000,180000.0000,120.0000,0.0000,8.0000,20.0000,0.1000,FAIL,-0.0842,0.2215,0.3116,0.2259,-1,0,0,PASS,0.0697,0.0262,0.0491,0.1109,1848,0,0,PASS,-0.0309,0.0445,0.0542,0.0263,1666,0,0,
m1806#1806,REACHABLE,37.5000,2.0000,180000.0000,120.0000,0.0000,3.0000,28.0000,0.0100,PASS,0.0085,0.0045,0.0101,0.0215,564,0,0,PASS,0.0085,0.0045,0.0101,0.0215,564,0,0,PASS,0.0099,0.0045,0.0101,0.0227,1229,0,0,
m1810#1810,SAFETY_LIMITED,37.5000,2.0000,180000.0000,120.0000,15.0000,3.0000,20.0000,0.1000,FAIL,-0.1028,0.3561,0.5396,0.4167,-1,0,0,FAIL,-0.1028,0.3561,0.5396,0.4167,-1,0,0,FAIL,-0.3698,0.7877,1.0421,0.5759,-1,0,0,LEARNER_LOW_CONFIDENCE
m1814#1814,SAFETY_LIMITED,37.5000,2.0000,180000.0000,120.0000,15.0000,30.0000,28.0000,0.0100,FAIL,0.2315,0.1646,0.2981,0.4969,-1,0,0,FAIL,0.2315,0.1646,0.2981,0.4969,-1,0,0,FAIL,0.0796,0.1460,0.3115,0.3891,-1,0,0,LEARNER_LOW_CONFIDENCE
m1818#1818,SAFETY_LIMITED,37.5000,2.0000,180000.0000,120.0000,30.0000,30.0000,20.0000,0.1000,FAIL,-0.1152,0.5065,0.6983,0.4203,-1,0,0,FAIL,-0.1152,0.5065,0.6983,0.4203,-1,0,0,FAIL,-0.1145,0.3980,0.6372,0.5083,-1,0,0,LEARNER_LOW_CONFIDENCE
m1822#1822,SAFETY_LIMITED,37.5000,2.0000,180000.0000,120.0000,30.0000,8.0000,28.0000,0.0100,FAIL,0.3721,0.2184,0.3759,0.4011,-1,0,0,FAIL,0.3721,0.2352,0.4081,0.4308,-1,0,0,FAIL,0.3721,0.2268,0.4074,0.4048,-1,0,0,STARTUP_OVERSHOOT
m1826#1826,SAFETY_LIMITED,37.5000,2.0000,180000.0000,120.0000,60.0000,8.0000,20.0000,0.1000,FAIL,-0.2044,0.6680,1.1186,0.9676,-1,0,0,FAIL,-0.2044,0.6680,1.1186,0.9676,-1,0,0,FAIL,-0.8168,1.2409,1.7287,0.9512,-1,0,0,LEARNER_LOW_CONFIDENCE
m1830#1830,SAFETY_LIMITED,37.5000,2.0000,180000.0000,120.0000,60.0000,3.0000,28.0000,0.0100,FAIL,2.9719,0.2744,0.5238,0.9619,-1,1,1,FAIL,2.9719,0.2744,0.5238,0.9619,-1,1,1,FAIL,1.0653,0.2759,0.5245,0.9305,-1,1,0,UNSAFE_TRUE_TEMP
m1834#1834,SAFETY_LIMITED,37.5000,2.0000,180000.0000,120.0000,120.0000,3.0000,20.0000,0.1000,FAIL,5.3884,0.7272,1.5693,1.7783,-1,1,1,FAIL,5.3884,0.7272,1.5693,1.7783,-1,1,1,FAIL,0.1181,2.0445,2.7902,1.5377,-1,0,0,LEARNER_LOW_CONFIDENCE
m1838#1838,SAFETY_LIMITED,37.5000,2.0000,180000.0000,120.0000,120.0000,30.0000,28.0000,0.0100,FAIL,3.3805,0.5436,0.9688,1.0415,-1,1,1,FAIL,3.3805,0.5436,0.9688,1.0415,-1,1,1,FAIL,1.2392,0.5855,0.9939,1.1291,-1,1,0,UNSAFE_TRUE_TEMP
m1842#1842,SAFETY_LIMITED,37.5000,2.0000,180000.0000,180.0000,0.0000,30.0000,20.0000,0.1000,FAIL,-0.0578,0.2791,0.4556,0.4058,-1,0,0,PASS,0.0621,0.0149,0.0343,0.0856,1720,0,0,PASS,0.0660,0.0320,0.0493,0.1084,1545,0,0,
m1846#1846,REACHABLE,37.5000,2.0000,180000.0000,180.0000,0.0000,8.0000,28.0000,0.0100,FAIL,-0.0411,0.1424,0.2194,0.1821,-1,0,0,FAIL,-0.0216,0.1182,0.1761,0.1584,-1,0,0,PASS,0.0092,0.0024,0.0056,0.0155,1993,0,0,
m1850#1850,SAFETY_LIMITED,37.5000,2.0000,180000.0000,180.0000,15.0000,8.0000,20.0000,0.1000,FAIL,-0.0907,0.6598,0.8779,0.4576,-1,0,0,FAIL,-0.0907,0.6598,0.8779,0.4576,-1,0,0,FAIL,-0.0414,0.3527,0.6799,0.6625,-1,0,0,STEADY_MAE
m1854#1854,SAFETY_LIMITED,37.5000,2.0000,180000.0000,180.0000,15.0000,3.0000,28.0000,0.0100,FAIL,-0.0977,0.2835,0.4321,0.3495,-1,0,0,FAIL,-0.0977,0.2835,0.4321,0.3495,-1,0,0,FAIL,-0.0435,0.2774,0.4166,0.3848,-1,0,0,LEARNER_LOW_CONFIDENCE
m1858#1858,SAFETY_LIMITED,37.5000,2.0000,180000.0000,180.0000,30.0000,3.0000,20.0000,0.1000,FAIL,1.1223,1.2690,1.8096,1.1390,-1,1,0,FAIL,1.1223,1.5318,1.8942,0.8009,-1,1,0,FAIL,-0.1980,0.8072,1.2949,1.2157,-1,0,0,STEADY_MAE
m1862#1862,SAFETY_LIMITED,37.5000,2.0000,180000.0000,180.0000,30.0000,30.0000,28.0000,0.0100,FAIL,0.6698,0.3039,0.5169,0.4521,-1,0,0,FAIL,0.6698,0.3039,0.5169,0.4521,-1,0,0,FAIL,0.6698,0.3039,0.5169,0.4521,-1,0,0,STARTUP_OVERSHOOT
m1866#1866,SAFETY_LIMITED,37.5000,2.0000,180000.0000,180.0000,60.0000,30.0000,20.0000,0.1000,FAIL,0.1193,1.3566,1.8394,1.0129,-1,0,0,FAIL,0.1193,0.1086,0.2549,0.3087,-1,0,0,FAIL,0.1193,0.1170,0.2955,0.3469,-1,0,0,STEADY_MAE
m1870#1870,SAFETY_LIMITED,37.5000,2.0000,180000.0000,180.0000,60.0000,8.0000,28.0000,0.0100,FAIL,2.8829,0.3995,0.7876,1.3001,-1,1,1,FAIL,2.8829,0.3995,0.7876,1.3001,-1,1,1,FAIL,1.1187,0.3902,0.7880,1.2522,-1,1,0,UNSAFE_TRUE_TEMP
m1874#1874,SAFETY_LIMITED,37.5000,2.0000,180000.0000,180.0000,120.0000,8.0000,20.0000,0.1000,FAIL,4.9036,1.5154,2.5576,2.1038,-1,1,1,FAIL,4.9036,0.5763,0.9801,0.8655,-1,1,1,FAIL,0.0324,0.5221,0.9016,0.7245,-1,0,0,STEADY_MAE
m1878#1878,SAFETY_LIMITED,37.5000,2.0000,180000.0000,180.0000,120.0000,3.0000,28.0000,0.0100,FAIL,3.9660,0.5358,1.2536,1.5171,-1,1,1,FAIL,3.9660,0.5358,1.2536,1.5171,-1,1,1,FAIL,0.3181,0.5393,1.2547,1.5119,-1,0,0,STARTUP_OVERSHOOT
m1882#1882,REACHABLE,37.5000,2.0000,180000.0000,300.0000,0.0000,3.0000,20.0000,0.1000,FAIL,-0.1805,0.3995,0.6341,0.4990,-1,0,0,FAIL,-0.1805,0.3995,0.6341,0.4990,-1,0,0,FAIL,-1.4134,2.1063,2.3627,1.1349,-1,0,0,LEARNER_LOW_CONFIDENCE
m1886#1886,SAFETY_LIMITED,37.5000,2.0000,180000.0000,300.0000,0.0000,30.0000,28.0000,0.0100,FAIL,-0.0520,0.2504,0.4105,0.3634,-1,0,0,FAIL,-0.0520,0.2504,0.4105,0.3634,-1,0,0,FAIL,-0.0590,0.2476,0.4105,0.3593,-1,0,0,LEARNER_LOW_CONFIDENCE
m1890#1890,SAFETY_LIMITED,37.5000,2.0000,180000.0000,300.0000,15.0000,30.0000,20.0000,0.1000,FAIL,-0.9637,1.7172,2.2221,1.3567,-1,0,0,PASS,0.0662,0.0298,0.0788,0.1593,1559,0,0,FAIL,-1.3425,1.8587,2.1095,0.5481,-1,0,0,LEARNER_LOW_CONFIDENCE
m1894#1894,SAFETY_LIMITED,37.5000,2.0000,180000.0000,300.0000,15.0000,8.0000,28.0000,0.0100,FAIL,-0.3739,0.6150,0.8223,0.4745,-1,0,0,FAIL,-0.3739,0.6150,0.8223,0.4745,-1,0,0,FAIL,-0.6350,0.8471,1.0985,0.4852,-1,0,0,LEARNER_LOW_CONFIDENCE
m1898#1898,SAFETY_LIMITED,37.5000,2.0000,180000.0000,300.0000,30.0000,8.0000,20.0000,0.1000,FAIL,0.4517,1.5139,2.4362,2.2012,-1,0,0,FAIL,0.4517,0.0456,0.1475,0.2618,-1,0,0,FAIL,-1.2115,1.9132,2.4692,1.3185,-1,0,0,LEARNER_LOW_CONFIDENCE
m1902#1902,SAFETY_LIMITED,37.5000,2.0000,180000.0000,300.0000,30.0000,3.0000,28.0000,0.0100,FAIL,-0.2120,0.6020,0.9391,0.7515,-1,0,0,FAIL,-0.2120,0.6020,0.9391,0.7515,-1,0,0,FAIL,-0.3357,0.9709,1.3785,0.9926,-1,0,0,LEARNER_LOW_CONFIDENCE
m1906#1906,SAFETY_LIMITED,37.5000,2.0000,180000.0000,300.0000,60.0000,3.0000,20.0000,0.1000,FAIL,-0.1620,1.7226,2.5853,2.2962,-1,0,0,FAIL,0.0223,0.0822,0.1920,0.2666,-1,0,0,FAIL,0.0276,0.0817,0.1886,0.2614,-1,0,0,SETTLING_TIMEOUT
m1910#1910,SAFETY_LIMITED,37.5000,2.0000,180000.0000,300.0000,60.0000,30.0000,28.0000,0.0100,FAIL,1.9264,1.2091,1.7669,1.1368,-1,1,1,FAIL,1.9264,0.0452,0.1198,0.1471,6191,1,1,FAIL,0.6183,1.0474,1.4425,0.7922,-1,0,0,STARTUP_OVERSHOOT
m1914#1914,SAFETY_LIMITED,37.5000,2.0000,180000.0000,300.0000,120.0000,30.0000,20.0000,0.1000,FAIL,3.0065,2.8018,4.3409,2.9601,-1,1,1,FAIL,3.0065,0.7655,0.7839,0.0494,-1,1,1,FAIL,-0.0998,2.4509,3.9261,2.8889,-1,0,0,STEADY_MAE
m1918#1918,SAFETY_LIMITED,37.5000,2.0000,180000.0000,300.0000,120.0000,8.0000,28.0000,0.0100,FAIL,3.3826,1.2604,2.1786,1.7667,-1,1,1,FAIL,3.3826,1.2616,2.1763,1.7675,-1,1,1,FAIL,-0.3837,1.2817,2.1763,1.7657,-1,0,0,LEARNER_LOW_CONFIDENCE
m1922#1922,REACHABLE,37.5000,2.0000,600000.0000,120.0000,0.0000,8.0000,20.0000,0.1000,FAIL,-0.1289,0.1502,0.1532,0.0085,-1,0,0,PASS,0.0595,0.0251,0.0473,0.1028,945,0,0,PASS,0.0598,0.0258,0.0476,0.1026,945,0,0,
m1926#1926,REACHABLE,37.5000,2.0000,600000.0000,120.0000,0.0000,3.0000,28.0000,0.0100,PASS,0.0117,0.0023,0.0053,0.0129,1028,0,0,PASS,0.0117,0.0023,0.0053,0.0129,1028,0,0,PASS,0.0117,0.0023,0.0053,0.0129,1028,0,0,
m1930#1930,REACHABLE,37.5000,2.0000,600000.0000,120.0000,15.0000,3.0000,20.0000,0.1000,FAIL,-0.0541,0.1908,0.2824,0.2334,-1,0,0,PASS,0.0659,0.0256,0.0473,0.0819,956,0,0,PASS,0.0659,0.0256,0.0473,0.0819,956,0,0,
m1934#1934,REACHABLE,37.5000,2.0000,600000.0000,120.0000,15.0000,30.0000,28.0000,0.0100,PASS,0.0411,0.0632,0.1308,0.1732,1234,0,0,PASS,0.0087,0.0020,0.0055,0.0125,1270,0,0,PASS,0.0089,0.0022,0.0049,0.0110,1270,0,0,
m1938#1938,SAFETY_LIMITED,37.5000,2.0000,600000.0000,120.0000,30.0000,30.0000,20.0000,0.1000,FAIL,0.0213,0.2319,0.4357,0.4326,-1,0,0,PASS,-0.0082,0.0584,0.0751,0.0339,2663,0,0,PASS,-0.0011,0.0959,0.0969,0.0044,2463,0,0,
m1942#1942,REACHABLE,37.5000,2.0000,600000.0000,120.0000,30.0000,8.0000,28.0000,0.0100,PASS,0.0609,0.0744,0.1403,0.2032,1169,0,0,PASS,0.0087,0.0025,0.0048,0.0115,1009,0,0,PASS,0.0080,0.0006,0.0016,0.0034,1009,0,0,
m1946#1946,SAFETY_LIMITED,37.5000,2.0000,600000.0000,120.0000,60.0000,8.0000,20.0000,0.1000,FAIL,0.1234,0.2226,0.4169,0.5090,-1,0,0,PASS,0.0739,0.0219,0.0657,0.1488,2159,0,0,PASS,0.0739,0.0219,0.0657,0.1488,2159,0,0,
m1950#1950,SAFETY_LIMITED,37.5000,2.0000,600000.0000,120.0000,60.0000,3.0000,28.0000,0.0100,FAIL,0.1460,0.1532,0.2709,0.4473,-1,0,0,PASS,-0.0728,0.0822,0.0853,0.0076,1744,0,0,PASS,-0.0729,0.0819,0.0850,0.0074,1737,0,0,
m1954#1954,SAFETY_LIMITED,37.5000,2.0000,600000.0000,120.0000,120.0000,3.0000,20.0000,0.1000,FAIL,-0.1469,0.4708,0.6662,0.5431,-1,0,0,PASS,0.0712,0.0418,0.0983,0.1295,2405,0,0,PASS,0.0224,0.0516,0.1048,0.1263,5756,0,0,
m1958#1958,SAFETY_LIMITED,37.5000,2.0000,600000.0000,120.0000,120.0000,30.0000,28.0000,0.0100,FAIL,-0.0344,0.1767,0.2908,0.2697,-1,0,0,FAIL,0.4205,0.8394,0.9437,0.2143,-1,0,0,FAIL,0.1330,0.1822,0.3685,0.4373,-1,0,0,STEADY_MAE
m1962#1962,REACHABLE,37.5000,2.0000,600000.0000,180.0000,0.0000,30.0000,20.0000,0.1000,FAIL,-0.0329,0.1260,0.2352,0.1969,-1,0,0,FAIL,-0.1088,0.1571,0.1748,0.0434,-1,0,0,PASS,0.0587,0.0263,0.0476,0.0631,1302,0,0,
m1966#1966,REACHABLE,37.5000,2.0000,600000.0000,180.0000,0.0000,8.0000,28.0000,0.0100,PASS,0.0096,0.0024,0.0048,0.0116,1158,0,0,PASS,0.0086,0.0025,0.0049,0.0118,1158,0,0,PASS,0.0086,0.0025,0.0049,0.0118,1158,0,0,
m1970#1970,REACHABLE,37.5000,2.0000,600000.0000,180.0000,15.0000,8.0000,20.0000,0.1000,FAIL,-0.0515,0.2303,0.3543,0.2895,-1,0,0,PASS,0.0697,0.0233,0.0486,0.1054,1112,0,0,PASS,0.0677,0.0243,0.0487,0.1044,1112,0,0,
m1974#1974,REACHABLE,37.5000,2.0000,600000.0000,180.0000,15.0000,3.0000,28.0000,0.0100,FAIL,0.0023,0.0910,0.1521,0.1569,-1,0,0,PASS,0.0265,0.0161,0.0253,0.0543,1245,0,0,PASS,0.0265,0.0161,0.0253,0.0543,1245,0,0,
m1978#1978,REACHABLE,37.5000,2.0000,600000.0000,180.0000,30.0000,3.0000,20.0000,0.1000,FAIL,0.0654,0.2324,0.4102,0.4790,-1,0,0,PASS,0.0783,0.0335,0.0487,0.0398,1043,0,0,PASS,0.0759,0.0352,0.0489,0.0333,1043,0,0,
m1982#1982,SAFETY_LIMITED,37.5000,2.0000,600000.0000,180.0000,30.0000,30.0000,28.0000,0.0100,FAIL,0.1292,0.1205,0.2338,0.3675,-1,0,0,PASS,0.0126,0.0027,0.0085,0.0204,1318,0,0,PASS,0.0133,0.0010,0.0030,0.0056,1318,0,0,
m1986#1986,SAFETY_LIMITED,37.5000,2.0000,600000.0000,180.0000,60.0000,30.0000,20.0000,0.1000,FAIL,0.0762,0.2957,0.6261,0.7137,-1,0,0,FAIL,0.3779,0.0354,0.0725,0.1379,7451,0,0,FAIL,0.3779,0.0354,0.0725,0.1379,7451,0,0,STARTUP_OVERSHOOT
m1990#1990,SAFETY_LIMITED,37.5000,2.0000,600000.0000,180.0000,60.0000,8.0000,28.0000,0.0100,FAIL,0.1760,0.1785,0.3373,0.4730,-1,0,0,PASS,0.0065,0.0011,0.0049,0.0083,1064,0,0,PASS,0.0083,0.0028,0.0058,0.0141,1587,0,0,
m1994#1994,SAFETY_LIMITED,37.5000,2.0000,600000.0000,180.0000,120.0000,8.0000,20.0000,0.1000,FAIL,-0.3463,0.7189,1.0350,0.6908,-1,0,0,FAIL,-0.0612,0.1327,0.1871,0.1285,-1,0,0,FAIL,-0.0615,0.1275,0.1900,0.1323,-1,0,0,STEADY_MAE
m1998#1998,SAFETY_LIMITED,37.5000,2.0000,600000.0000,180.0000,120.0000,3.0000,28.0000,0.0100,FAIL,0.0337,0.2856,0.4870,0.5427,-1,0,0,PASS,0.0057,0.0044,0.0092,0.0172,1748,0,0,PASS,0.0009,0.0086,0.0155,0.0192,3209,0,0,
m2002#2002,REACHABLE,37.5000,2.0000,600000.0000,300.0000,0.0000,3.0000,20.0000,0.1000,FAIL,-0.1234,0.2707,0.3793,0.2693,-1,0,0,PASS,0.0534,0.0263,0.0469,0.1016,1896,0,0,PASS,0.0534,0.0263,0.0469,0.1016,1896,0,0,
m2006#2006,REACHABLE,37.5000,2.0000,600000.0000,300.0000,0.0000,30.0000,28.0000,0.0100,FAIL,-0.0896,0.1448,0.1996,0.1184,-1,0,0,PASS,-0.0520,0.0811,0.0847,0.0110,1313,0,0,PASS,-0.0565,0.0797,0.0844,0.0104,1313,0,0,
m2010#2010,REACHABLE,37.5000,2.0000,600000.0000,300.0000,15.0000,30.0000,20.0000,0.1000,FAIL,-0.0387,0.3238,0.5799,0.5535,-1,0,0,FAIL,-0.1150,0.3755,0.7013,0.6140,-1,0,0,PASS,0.0605,0.0327,0.0499,0.0672,2063,0,0,
m2014#2014,REACHABLE,37.5000,2.0000,600000.0000,300.0000,15.0000,8.0000,28.0000,0.0100,FAIL,-0.0091,0.1651,0.2637,0.2564,-1,0,0,PASS,0.0404,0.0129,0.0273,0.0613,1606,0,0,PASS,0.0404,0.0129,0.0273,0.0613,1606,0,0,
m2018#2018,REACHABLE,37.5000,2.0000,600000.0000,300.0000,30.0000,8.0000,20.0000,0.1000,FAIL,-0.1192,0.4159,0.6471,0.5380,-1,0,0,PASS,0.0754,0.0351,0.0374,0.0057,1497,0,0,PASS,0.0694,0.0383,0.0472,0.0685,1496,0,0,
m2022#2022,REACHABLE,37.5000,2.0000,600000.0000,300.0000,30.0000,3.0000,28.0000,0.0100,FAIL,0.0510,0.1962,0.3618,0.4163,-1,0,0,PASS,0.0404,0.0175,0.0373,0.0901,1857,0,0,PASS,0.0404,0.0175,0.0373,0.0901,1857,0,0,
m2026#2026,SAFETY_LIMITED,37.5000,2.0000,600000.0000,300.0000,60.0000,3.0000,20.0000,0.1000,FAIL,-1.7670,2.1058,2.4668,0.7297,-1,0,0,PASS,0.0809,0.0382,0.0900,0.1784,1743,0,0,PASS,0.0809,0.0382,0.0900,0.1784,1743,0,0,
m2030#2030,SAFETY_LIMITED,37.5000,2.0000,600000.0000,300.0000,60.0000,30.0000,28.0000,0.0100,FAIL,0.1218,0.2851,0.5593,0.6821,-1,0,0,FAIL,0.3477,0.0064,0.0132,0.0220,2857,0,0,FAIL,0.3107,0.0010,0.0017,0.0022,2526,0,0,STARTUP_OVERSHOOT
m2034#2034,SAFETY_LIMITED,37.5000,2.0000,600000.0000,300.0000,120.0000,30.0000,20.0000,0.1000,FAIL,-2.8178,3.1629,3.5862,0.7635,-1,0,0,FAIL,-0.0271,0.1137,0.2251,0.2030,-1,0,0,FAIL,-0.7236,0.7559,0.7785,0.0547,-1,0,0,STEADY_MAE
m2038#2038,SAFETY_LIMITED,37.5000,2.0000,600000.0000,300.0000,120.0000,8.0000,28.0000,0.0100,FAIL,-0.0083,0.4440,0.7628,0.7727,-1,0,0,PASS,0.0108,0.0049,0.0104,0.0207,2257,0,0,FAIL,-0.6390,0.6438,0.6458,0.0085,-1,0,0,STEADY_MAE
m2042#2042,REACHABLE,37.5000,2.0000,1600000.0000,120.0000,0.0000,8.0000,20.0000,0.1000,PASS,-0.0403,0.0753,0.0952,0.0552,2998,0,0,PASS,0.0501,0.0185,0.0403,0.0689,1993,0,0,PASS,0.0186,0.0109,0.0177,0.0155,1993,0,0,
m2046#2046,REACHABLE,37.5000,2.0000,1600000.0000,120.0000,0.0000,3.0000,28.0000,0.0100,PASS,0.0148,0.0032,0.0048,0.0048,1909,0,0,PASS,0.0148,0.0031,0.0047,0.0048,1909,0,0,PASS,0.0148,0.0031,0.0047,0.0048,1909,0,0,
m2050#2050,REACHABLE,37.5000,2.0000,1600000.0000,120.0000,15.0000,3.0000,20.0000,0.1000,FAIL,-0.0955,0.1572,0.1895,0.0915,-1,0,0,FAIL,-0.0269,0.1217,0.1506,0.0704,-1,0,0,FAIL,-0.0269,0.1217,0.1506,0.0704,-1,0,0,STEADY_MAE
m2054#2054,REACHABLE,37.5000,2.0000,1600000.0000,120.0000,15.0000,30.0000,28.0000,0.0100,PASS,0.0172,0.0374,0.0694,0.0844,2396,0,0,PASS,0.0080,0.0027,0.0050,0.0111,1664,0,0,PASS,0.0080,0.0027,0.0050,0.0111,1664,0,0,
m2058#2058,REACHABLE,37.5000,2.0000,1600000.0000,120.0000,30.0000,30.0000,20.0000,0.1000,FAIL,0.0314,0.0816,0.1536,0.1827,-1,0,0,PASS,-0.0144,0.0665,0.1048,0.0930,2585,0,0,PASS,-0.0146,0.0658,0.1038,0.0924,2585,0,0,
m2062#2062,REACHABLE,37.5000,2.0000,1600000.0000,120.0000,30.0000,8.0000,28.0000,0.0100,FAIL,-0.0634,0.1147,0.1517,0.0896,-1,0,0,PASS,-0.0694,0.0815,0.0889,0.0213,1891,0,0,PASS,-0.0704,0.0803,0.0832,0.0101,1891,0,0,
m2066#2066,REACHABLE,37.5000,2.0000,1600000.0000,120.0000,60.0000,8.0000,20.0000,0.1000,FAIL,0.1009,0.0963,0.1737,0.1855,-1,0,0,PASS,-0.0022,0.0661,0.1104,0.1068,2145,0,0,PASS,-0.0022,0.0677,0.1104,0.1061,2145,0,0,
m2070#2070,REACHABLE,37.5000,2.0000,1600000.0000,120.0000,60.0000,3.0000,28.0000,0.0100,PASS,0.0388,0.0476,0.0900,0.1303,2583,0,0,PASS,0.0057,0.0018,0.0025,0.0023,1461,0,0,PASS,0.0101,0.0038,0.0050,0.0043,1602,0,0,
m2074#2074,REACHABLE,37.5000,2.0000,1600000.0000,120.0000,120.0000,3.0000,20.0000,0.1000,FAIL,0.1494,0.1251,0.2466,0.3211,-1,0,0,PASS,0.0190,0.0472,0.0890,0.1116,3039,0,0,PASS,0.0197,0.0494,0.0950,0.1144,2725,0,0,
m2078#2078,REACHABLE,37.5000,2.0000,1600000.0000,120.0000,120.0000,30.0000,28.0000,0.0100,PASS,0.1109,0.0836,0.1297,0.1030,3106,0,0,PASS,0.0112,0.0038,0.0089,0.0191,2688,0,0,PASS,0.0087,0.0211,0.0480,0.0591,2732,0,0,
m2082#2082,REACHABLE,37.5000,2.0000,1600000.0000,180.0000,0.0000,30.0000,20.0000,0.1000,FAIL,-0.0288,0.1187,0.1609,0.1353,-1,0,0,PASS,-0.0152,0.0483,0.0705,0.0564,1972,0,0,PASS,-0.0149,0.0478,0.0701,0.0571,1972,0,0,
m2086#2086,REACHABLE,37.5000,2.0000,1600000.0000,180.0000,0.0000,8.0000,28.0000,0.0100,PASS,0.0076,0.0027,0.0048,0.0053,2053,0,0,PASS,0.0613,0.0028,0.0047,0.0060,2037,0,0,PASS,0.0613,0.0028,0.0047,0.0060,2037,0,0,
m2090#2090,REACHABLE,37.5000,2.0000,1600000.0000,180.0000,15.0000,8.0000,20.0000,0.1000,FAIL,-0.1059,0.1536,0.1824,0.0755,-1,0,0,PASS,0.0638,0.0205,0.0437,0.0972,1820,0,0,PASS,0.0626,0.0241,0.0452,0.0465,1820,0,0,
m2094#2094,REACHABLE,37.5000,2.0000,1600000.0000,180.0000,15.0000,3.0000,28.0000,0.0100,PASS,0.0102,0.0116,0.0218,0.0331,2113,0,0,PASS,0.0221,0.0026,0.0054,0.0130,1256,0,0,PASS,0.0213,0.0015,0.0025,0.0031,1256,0,0,
m2098#2098,REACHABLE,37.5000,2.0000,1600000.0000,180.0000,30.0000,3.0000,20.0000,0.1000,FAIL,-0.0768,0.1449,0.1811,0.1057,-1,0,0,PASS,0.0711,0.0273,0.0507,0.1156,2117,0,0,PASS,0.0711,0.0273,0.0507,0.1156,2117,0,0,
m2102#2102,REACHABLE,37.5000,2.0000,1600000.0000,180.0000,30.0000,30.0000,28.0000,0.0100,PASS,0.0144,0.0609,0.1201,0.1351,2526,0,0,PASS,0.0248,0.0031,0.0050,0.0079,2055,0,0,PASS,0.0178,0.0044,0.0048,0.0010,2053,0,0,
m2106#2106,REACHABLE,37.5000,2.0000,1600000.0000,180.0000,60.0000,30.0000,20.0000,0.1000,FAIL,-0.0570,0.2219,0.3555,0.3026,-1,0,0,FAIL,-0.0628,0.1186,0.1598,0.0933,-1,0,0,FAIL,-0.0671,0.1167,0.1551,0.0909,-1,0,0,STEADY_MAE
m2110#2110,REACHABLE,37.5000,2.0000,1600000.0000,180.0000,60.0000,8.0000,28.0000,0.0100,PASS,0.0470,0.0726,0.1379,0.1852,2658,0,0,PASS,0.0106,0.0026,0.0066,0.0131,1642,0,0,PASS,0.0194,0.0030,0.0065,0.0134,1779,0,0,
m2114#2114,REACHABLE,37.5000,2.0000,1600000.0000,180.0000,120.0000,8.0000,20.0000,0.1000,FAIL,0.1431,0.1800,0.3571,0.3988,-1,0,0,PASS,0.0766,0.0123,0.0223,0.0221,3874,0,0,PASS,0.0913,0.0224,0.0618,0.1296,3593,0,0,
m2118#2118,REACHABLE,37.5000,2.0000,1600000.0000,180.0000,120.0000,3.0000,28.0000,0.0100,FAIL,0.0474,0.1883,0.2720,0.2167,-1,0,0,PASS,-0.0702,0.0803,0.0844,0.0146,2793,0,0,PASS,-0.0700,0.0779,0.0838,0.0170,2495,0,0,
m2122#2122,REACHABLE,37.5000,2.0000,1600000.0000,300.0000,0.0000,3.0000,20.0000,0.1000,FAIL,-0.1397,0.2193,0.2761,0.1381,-1,0,0,PASS,0.0536,0.0290,0.0451,0.0516,2299,0,0,PASS,0.0542,0.0315,0.0490,0.1006,2299,0,0,
m2126#2126,REACHABLE,37.5000,2.0000,1600000.0000,300.0000,0.0000,30.0000,28.0000,0.0100,PASS,-0.0040,0.0201,0.0337,0.0308,2622,0,0,PASS,0.0098,0.0033,0.0049,0.0054,1728,0,0,PASS,0.0106,0.0029,0.0034,0.0012,1728,0,0,
m2130#2130,REACHABLE,37.5000,2.0000,1600000.0000,300.0000,15.0000,30.0000,20.0000,0.1000,FAIL,-0.1255,0.2015,0.2847,0.1593,-1,0,0,FAIL,-0.2092,0.2493,0.2697,0.0487,-1,0,0,PASS,-0.0119,0.0591,0.0918,0.0764,2801,0,0,
m2134#2134,REACHABLE,37.5000,2.0000,1600000.0000,300.0000,15.0000,8.0000,28.0000,0.0100,PASS,-0.0007,0.0215,0.0459,0.0475,2343,0,0,PASS,0.0245,0.0040,0.0048,0.0039,1144,0,0,PASS,0.0241,0.0020,0.0025,0.0015,1144,0,0,
m2138#2138,REACHABLE,37.5000,2.0000,1600000.0000,300.0000,30.0000,8.0000,20.0000,0.1000,FAIL,-0.1536,0.2916,0.3964,0.2456,-1,0,0,PASS,0.0714,0.0285,0.0423,0.0339,2580,0,0,PASS,-0.0058,0.0570,0.0940,0.0861,2580,0,0,
m2142#2142,REACHABLE,37.5000,2.0000,1600000.0000,300.0000,30.0000,3.0000,28.0000,0.0100,FAIL,-0.0209,0.1117,0.1661,0.1458,-1,0,0,PASS,0.0363,0.0019,0.0046,0.0052,1168,0,0,PASS,0.0352,0.0031,0.0059,0.0138,1168,0,0,
m2146#2146,REACHABLE,37.5000,2.0000,1600000.0000,300.0000,60.0000,3.0000,20.0000,0.1000,FAIL,-0.1162,0.3183,0.4778,0.3651,-1,0,0,PASS,0.0790,0.0196,0.0205,0.0026,2589,0,0,PASS,0.0790,0.0196,0.0205,0.0026,2589,0,0,
m2150#2150,REACHABLE,37.5000,2.0000,1600000.0000,300.0000,60.0000,30.0000,28.0000,0.0100,FAIL,0.0433,0.1286,0.2449,0.2540,-1,0,0,FAIL,0.0293,0.0266,0.0863,0.1993,-1,0,0,PASS,0.0216,0.0016,0.0018,0.0008,2539,0,0,
m2154#2154,REACHABLE,37.5000,2.0000,1600000.0000,300.0000,120.0000,30.0000,20.0000,0.1000,FAIL,-0.1341,0.3719,0.5600,0.4306,-1,0,0,FAIL,-0.3866,0.6853,0.7633,0.2006,-1,0,0,PASS,0.0458,0.0399,0.0731,0.1219,5752,0,0,
m2158#2158,REACHABLE,37.5000,2.0000,1600000.0000,300.0000,120.0000,8.0000,28.0000,0.0100,FAIL,0.0577,0.1699,0.3287,0.3797,-1,0,0,PASS,0.0100,0.0034,0.0052,0.0109,2929,0,0,PASS,0.0086,0.0008,0.0015,0.0029,3309,0,0,
m3#3,REACHABLE,32.5000,0.5000,180000.0000,120.0000,0.0000,8.0000,20.0000,0.1000,FAIL,-0.1298,0.2711,0.3851,0.2621,-1,0,0,PASS,0.0521,0.0139,0.0346,0.0550,2107,0,0,PASS,0.0521,0.0139,0.0346,0.0550,2107,0,0,
m7#7,REACHABLE,37.5000,0.5000,180000.0000,120.0000,0.0000,8.0000,35.0000,0.0100,PASS,0.0130,0.0027,0.0051,0.0119,717,0,0,PASS,0.0130,0.0027,0.0051,0.0119,717,0,0,PASS,0.0130,0.0027,0.0051,0.0119,717,0,0,
m11#11,REACHABLE,32.5000,0.5000,180000.0000,120.0000,15.0000,3.0000,20.0000,0.1000,FAIL,-0.0992,0.3523,0.5031,0.3781,-1,0,0,PASS,0.0664,0.0253,0.0534,0.1153,1604,0,0,PASS,0.0664,0.0253,0.0534,0.1153,1604,0,0,
m15#15,REACHABLE,37.5000,0.5000,180000.0000,120.0000,15.0000,3.0000,35.0000,0.0100,PASS,0.0113,0.0577,0.0964,0.1062,802,0,0,PASS,0.0148,0.0428,0.0751,0.0926,802,0,0,PASS,0.0148,0.0428,0.0751,0.0926,802,0,0,
m19#19,REACHABLE,32.5000,0.5000,180000.0000,120.0000,30.0000,30.0000,20.0000,0.1000,FAIL,-0.0891,0.4224,0.6896,0.6085,-1,0,0,FAIL,-0.1217,0.5251,0.8513,0.6484,-1,0,0,PASS,0.0777,0.0381,0.0394,0.0047,2395,0,0,
m23#23,REACHABLE,37.5000,0.5000,180000.0000,120.0000,30.0000,30.0000,35.0000,0.0100,FAIL,-0.0049,0.1247,0.2194,0.2164,-1,0,0,FAIL,-0.0105,0.1222,0.2110,0.2031,-1,0,0,FAIL,-0.0105,0.1222,0.2110,0.2031,-1,0,0,LEARNER_LOW_CONFIDENCE
m27#27,SAFETY_LIMITED,32.5000,0.5000,180000.0000,120.0000,60.0000,8.0000,20.0000,0.1000,FAIL,-2.0199,2.3077,2.6259,0.6417,-1,0,0,PASS,0.0870,0.0426,0.0984,0.1915,2702,0,0,PASS,0.0887,0.0401,0.0964,0.1995,2367,0,0,
m31#31,SAFETY_LIMITED,37.5000,0.5000,180000.0000,120.0000,60.0000,8.0000,35.0000,0.0100,FAIL,0.1727,0.0956,0.1722,0.3384,-1,0,0,FAIL,0.1583,0.0870,0.1558,0.3181,-1,0,0,FAIL,0.1583,0.0870,0.1558,0.3181,-1,0,0,SETTLING_TIMEOUT
m35#35,SAFETY_LIMITED,32.5000,0.5000,180000.0000,120.0000,120.0000,3.0000,20.0000,0.1000,FAIL,-1.7758,2.3793,2.8701,1.2201,-1,0,0,FAIL,-0.0508,0.1951,0.3036,0.2320,-1,0,0,FAIL,-0.0393,0.1770,0.3065,0.2698,-1,0,0,STEADY_MAE
m39#39,SAFETY_LIMITED,37.5000,0.5000,180000.0000,120.0000,120.0000,3.0000,35.0000,0.0100,FAIL,-0.0100,0.1676,0.2549,0.2414,-1,0,0,PASS,0.0036,0.0148,0.0183,0.0109,2703,0,0,PASS,0.0036,0.0148,0.0183,0.0109,2703,0,0,
m43#43,REACHABLE,32.5000,0.5000,180000.0000,180.0000,0.0000,30.0000,20.0000,0.1000,FAIL,-0.1239,0.2754,0.4862,0.3694,-1,0,0,FAIL,-0.0345,0.3736,0.7025,0.5752,-1,0,0,PASS,0.0599,0.0200,0.0213,0.0032,2103,0,0,
m47#47,REACHABLE,37.5000,0.5000,180000.0000,180.0000,0.0000,30.0000,35.0000,0.0100,PASS,0.0084,0.0391,0.0811,0.0918,855,0,0,PASS,0.0163,0.0136,0.0326,0.0522,855,0,0,PASS,0.0163,0.0136,0.0326,0.0522,855,0,0,
m51#51,REACHABLE,32.5000,0.5000,180000.0000,180.0000,15.0000,8.0000,20.0000,0.1000,FAIL,-1.8498,2.0323,2.1985,0.3563,-1,0,0,FAIL,-1.8016,1.9903,2.1599,0.3656,-1,0,0,FAIL,-1.8016,1.9903,2.1599,0.3656,-1,0,0,LEARNER_LOW_CONFIDENCE
m55#55,REACHABLE,37.5000,0.5000,180000.0000,180.0000,15.0000,8.0000,35.0000,0.0100,PASS,-0.0027,0.0872,0.1465,0.1457,892,0,0,PASS,0.0034,0.0708,0.1163,0.1207,892,0,0,PASS,0.0034,0.0708,0.1163,0.1207,892,0,0,
m59#59,REACHABLE,32.5000,0.5000,180000.0000,180.0000,30.0000,3.0000,20.0000,0.1000,FAIL,-1.9598,2.2406,2.5040,0.5663,-1,0,0,FAIL,-0.1895,2.1817,2.4804,0.8067,-1,0,0,PASS,0.0720,0.0220,0.0497,0.1172,1435,0,0,
m63#63,REACHABLE,37.5000,0.5000,180000.0000,180.0000,30.0000,3.0000,35.0000,0.0100,FAIL,0.0301,0.0986,0.1733,0.2072,-1,0,0,PASS,0.0310,0.0819,0.1409,0.1764,1872,0,0,PASS,0.0310,0.0819,0.1409,0.1764,1872,0,0,
m67#67,SAFETY_LIMITED,32.5000,0.5000,180000.0000,180.0000,60.0000,30.0000,20.0000,0.1000,FAIL,-3.2088,3.4829,3.8020,0.6488,-1,0,0,FAIL,-3.2229,3.5017,3.8174,0.6334,-1,0,0,FAIL,-3.2235,3.5110,3.8226,0.6279,-1,0,0,LEARNER_LOW_CONFIDENCE
m71#71,SAFETY_LIMITED,37.5000,0.5000,180000.0000,180.0000,60.0000,30.0000,35.0000,0.0100,FAIL,0.1601,0.1345,0.2686,0.4388,-1,0,0,PASS,0.1567,0.0256,0.0276,0.0066,1391,0,0,PASS,0.1567,0.0256,0.0276,0.0066,1391,0,0,
m75#75,SAFETY_LIMITED,32.5000,0.5000,180000.0000,180.0000,120.0000,8.0000,20.0000,0.1000,FAIL,-3.7718,4.3037,4.8909,1.2164,-1,0,0,FAIL,-0.7871,0.7874,0.7877,0.0008,-1,0,0,FAIL,-0.7415,0.7585,0.7753,0.0350,-1,0,0,STEADY_MAE
m79#79,SAFETY_LIMITED,37.5000,0.5000,180000.0000,180.0000,120.0000,8.0000,35.0000,0.0100,FAIL,-0.3616,0.5099,0.6155,0.2717,-1,0,0,FAIL,-0.3210,0.4329,0.5648,0.2512,-1,0,0,FAIL,-0.3210,0.4329,0.5648,0.2512,-1,0,0,LEARNER_LOW_CONFIDENCE
m83#83,REACHABLE,32.5000,0.5000,180000.0000,300.0000,0.0000,3.0000,20.0000,0.1000,FAIL,-0.2284,0.3601,0.4655,0.2438,-1,0,0,FAIL,-0.0419,0.3591,0.4647,0.2429,-1,0,0,PASS,0.0563,0.0334,0.0340,0.0020,1983,0,0,
m87#87,REACHABLE,37.5000,0.5000,180000.0000,300.0000,0.0000,3.0000,35.0000,0.0100,PASS,-0.0020,0.0192,0.0360,0.0360,1037,0,0,PASS,0.0071,0.0093,0.0263,0.0350,1037,0,0,PASS,0.0071,0.0093,0.0263,0.0350,1037,0,0,
m91#91,REACHABLE,32.5000,0.5000,180000.0000,300.0000,15.0000,30.0000,20.0000,0.1000,FAIL,-3.2574,3.4096,3.5576,0.2965,-1,0,0,FAIL,-0.7869,0.8875,0.8876,0.0003,-1,0,0,FAIL,-0.7869,0.8875,0.8876,0.0003,-1,0,0,STEADY_MAE
m95#95,REACHABLE,37.5000,0.5000,180000.0000,300.0000,15.0000,30.0000,35.0000,0.0100,FAIL,-0.0045,0.1412,0.2542,0.2514,-1,0,0,PASS,0.0364,0.0141,0.0234,0.0492,1843,0,0,PASS,0.0364,0.0141,0.0234,0.0492,1843,0,0,
m99#99,REACHABLE,32.5000,0.5000,180000.0000,300.0000,30.0000,8.0000,20.0000,0.1000,FAIL,-3.2235,3.5800,3.9404,0.7290,-1,0,0,FAIL,-0.7481,0.7631,0.7801,0.0331,-1,0,0,FAIL,-0.7481,0.7631,0.7801,0.0331,-1,0,0,STEADY_MAE
m103#103,REACHABLE,37.5000,0.5000,180000.0000,300.0000,30.0000,8.0000,35.0000,0.0100,FAIL,0.0385,0.1880,0.3370,0.3697,-1,0,0,PASS,0.0929,0.0161,0.0320,0.0711,1999,0,0,PASS,0.0929,0.0161,0.0320,0.0711,1999,0,0,
m107#107,REACHABLE,32.5000,0.5000,180000.0000,300.0000,60.0000,3.0000,20.0000,0.1000,FAIL,-4.0260,4.6049,5.2056,1.2186,-1,0,0,FAIL,-0.7793,0.7802,0.7807,0.0015,-1,0,0,FAIL,-0.7488,0.7580,0.7702,0.0236,-1,0,0,STEADY_MAE
m111#111,REACHABLE,37.5000,0.5000,180000.0000,300.0000,60.0000,3.0000,35.0000,0.0100,FAIL,0.1034,0.2183,0.4237,0.5125,-1,0,0,PASS,0.1330,0.0259,0.0411,0.0902,5678,0,0,PASS,0.1330,0.0259,0.0411,0.0902,5678,0,0,
m115#115,SAFETY_LIMITED,32.5000,0.5000,180000.0000,300.0000,120.0000,30.0000,20.0000,0.1000,FAIL,-5.6729,6.1608,6.7294,1.0720,-1,0,0,FAIL,-0.9605,1.9557,2.6683,1.5940,-1,0,0,FAIL,-1.4240,1.5627,1.5813,0.0397,-1,0,0,STEADY_MAE
m119#119,SAFETY_LIMITED,37.5000,0.5000,180000.0000,300.0000,120.0000,30.0000,35.0000,0.0100,FAIL,-0.3190,0.5184,0.6972,0.3814,-1,0,0,FAIL,-0.0709,0.2338,0.4454,0.3420,-1,0,0,FAIL,-0.0709,0.2338,0.4454,0.3420,-1,0,0,STEADY_MAE
m123#123,REACHABLE,32.5000,0.5000,600000.0000,120.0000,0.0000,8.0000,20.0000,0.1000,FAIL,-0.1343,0.1789,0.2020,0.0655,-1,0,0,PASS,0.0544,0.0364,0.0493,0.0675,3166,0,0,PASS,0.0531,0.0416,0.0426,0.0026,2374,0,0,
m127#127,REACHABLE,37.5000,0.5000,600000.0000,120.0000,0.0000,8.0000,35.0000,0.0100,PASS,0.0146,0.0025,0.0048,0.0085,1360,0,0,PASS,0.0146,0.0025,0.0047,0.0085,1360,0,0,PASS,0.0146,0.0025,0.0047,0.0085,1360,0,0,
m131#131,REACHABLE,32.5000,0.5000,600000.0000,120.0000,15.0000,3.0000,20.0000,0.1000,FAIL,-0.1087,0.2039,0.2572,0.1505,-1,0,0,PASS,0.0600,0.0091,0.0107,0.0041,2320,0,0,PASS,0.0601,0.0051,0.0060,0.0024,2320,0,0,
m135#135,REACHABLE,37.5000,0.5000,600000.0000,120.0000,15.0000,3.0000,35.0000,0.0100,PASS,-0.0726,0.0804,0.0864,0.0143,1388,0,0,PASS,-0.0689,0.0799,0.0906,0.0229,1388,0,0,PASS,-0.0689,0.0799,0.0906,0.0229,1388,0,0,
m139#139,REACHABLE,32.5000,0.5000,600000.0000,120.0000,30.0000,30.0000,20.0000,0.1000,FAIL,-0.1313,0.2282,0.3098,0.1818,-1,0,0,FAIL,-0.1381,0.3228,0.4317,0.2165,-1,0,0,FAIL,-0.0002,0.2400,0.4519,0.4599,-1,0,0,STEADY_MAE
m143#143,REACHABLE,37.5000,0.5000,600000.0000,120.0000,30.0000,30.0000,35.0000,0.0100,PASS,0.0102,0.0327,0.0653,0.0760,1452,0,0,PASS,0.0551,0.0321,0.0627,0.1153,1452,0,0,PASS,0.0523,0.0335,0.0626,0.1128,1452,0,0,
m147#147,REACHABLE,32.5000,0.5000,600000.0000,120.0000,60.0000,8.0000,20.0000,0.1000,FAIL,-0.0970,0.3438,0.4460,0.3572,-1,0,0,PASS,-0.0097,0.0466,0.0529,0.0124,7785,0,0,PASS,-0.0103,0.0524,0.0545,0.0043,5782,0,0,
m151#151,REACHABLE,37.5000,0.5000,600000.0000,120.0000,60.0000,8.0000,35.0000,0.0100,PASS,0.0200,0.0368,0.0725,0.0923,1430,0,0,PASS,0.0846,0.0312,0.0688,0.1153,1430,0,0,PASS,0.0846,0.0304,0.0658,0.1106,1430,0,0,
m155#155,REACHABLE,32.5000,0.5000,600000.0000,120.0000,120.0000,3.0000,20.0000,0.1000,FAIL,-0.2070,0.3815,0.5215,0.3162,-1,0,0,PASS,0.0845,0.0296,0.0682,0.1539,4235,0,0,PASS,0.0820,0.0074,0.0093,0.0055,4352,0,0,
m159#159,REACHABLE,37.5000,0.5000,600000.0000,120.0000,120.0000,3.0000,35.0000,0.0100,PASS,0.1077,0.0492,0.0987,0.1354,1694,0,0,PASS,0.0435,0.0343,0.0951,0.1413,1839,0,0,PASS,0.0435,0.0343,0.0951,0.1413,1839,0,0,
m163#163,REACHABLE,32.5000,0.5000,600000.0000,180.0000,0.0000,30.0000,20.0000,0.1000,FAIL,-0.1285,0.2441,0.3532,0.2147,-1,0,0,FAIL,-0.1341,0.2435,0.3524,0.2143,-1,0,0,PASS,0.0545,0.0487,0.0499,0.0063,3207,0,0,
m167#167,REACHABLE,37.5000,0.5000,600000.0000,180.0000,0.0000,30.0000,35.0000,0.0100,PASS,0.0057,0.0123,0.0238,0.0296,1465,0,0,PASS,0.0555,0.0320,0.0527,0.1043,1465,0,0,PASS,0.0559,0.0319,0.0526,0.1039,1465,0,0,
m171#171,REACHABLE,32.5000,0.5000,600000.0000,180.0000,15.0000,8.0000,20.0000,0.1000,FAIL,-0.1909,0.2524,0.2798,0.0696,-1,0,0,PASS,0.0599,0.0265,0.0331,0.0157,2522,0,0,PASS,0.0600,0.0093,0.0108,0.0030,2522,0,0,
m175#175,REACHABLE,37.5000,0.5000,600000.0000,180.0000,15.0000,8.0000,35.0000,0.0100,PASS,0.0052,0.0038,0.0127,0.0350,1434,0,0,PASS,0.0516,0.0340,0.0535,0.1063,1434,0,0,PASS,0.0521,0.0343,0.0542,0.1074,1434,0,0,
m179#179,REACHABLE,32.5000,0.5000,600000.0000,180.0000,30.0000,3.0000,20.0000,0.1000,FAIL,-0.1747,0.3432,0.4275,0.1987,-1,0,0,PASS,0.0653,0.0176,0.0262,0.0206,2828,0,0,PASS,0.0646,0.0221,0.0298,0.0184,2828,0,0,
m183#183,REACHABLE,37.5000,0.5000,600000.0000,180.0000,30.0000,3.0000,35.0000,0.0100,PASS,0.0024,0.0106,0.0174,0.0204,1442,0,0,PASS,0.0563,0.0385,0.0635,0.1217,1442,0,0,PASS,0.0563,0.0325,0.0539,0.1004,1442,0,0,
m187#187,REACHABLE,32.5000,0.5000,600000.0000,180.0000,60.0000,30.0000,20.0000,0.1000,FAIL,-0.3151,0.4230,0.5186,0.2080,-1,0,0,FAIL,-0.0333,0.3814,0.8502,0.8270,-1,0,0,PASS,0.0141,0.0426,0.0815,0.0977,5090,0,0,
m191#191,REACHABLE,37.5000,0.5000,600000.0000,180.0000,60.0000,30.0000,35.0000,0.0100,FAIL,-0.0550,0.1326,0.1938,0.1394,-1,0,0,FAIL,-0.0137,0.0887,0.1896,0.1762,-1,0,0,FAIL,-0.0137,0.0887,0.1896,0.1762,-1,0,0,SETTLING_TIMEOUT
m195#195,REACHABLE,32.5000,0.5000,600000.0000,180.0000,120.0000,8.0000,20.0000,0.1000,FAIL,-0.4019,0.5823,0.7490,0.3521,-1,0,0,FAIL,-0.2183,0.8241,1.0521,0.5048,-1,0,0,PASS,0.0836,0.0336,0.0716,0.1572,5035,0,0,
m199#199,REACHABLE,37.5000,0.5000,600000.0000,180.0000,120.0000,8.0000,35.0000,0.0100,PASS,0.0979,0.0815,0.1479,0.1640,1931,0,0,PASS,0.0579,0.0520,0.1413,0.2021,1916,0,0,PASS,0.0579,0.0520,0.1413,0.2021,1916,0,0,
m203#203,REACHABLE,32.5000,0.5000,600000.0000,300.0000,0.0000,3.0000,20.0000,0.1000,FAIL,-0.3173,0.3802,0.4108,0.0945,-1,0,0,PASS,-0.0277,0.0344,0.0423,0.0154,7674,0,0,PASS,-0.0265,0.0334,0.0336,0.0006,2910,0,0,
m207#207,REACHABLE,37.5000,0.5000,600000.0000,300.0000,0.0000,3.0000,35.0000,0.0100,PASS,-0.0037,0.0149,0.0216,0.0183,1511,0,0,PASS,0.0162,0.0031,0.0038,0.0020,1511,0,0,PASS,0.0162,0.0031,0.0038,0.0020,1511,0,0,
m211#211,REACHABLE,32.5000,0.5000,600000.0000,300.0000,15.0000,30.0000,20.0000,0.1000,FAIL,-0.1843,0.3451,0.5263,0.3530,-1,0,0,FAIL,-0.0785,0.3652,0.4616,0.3949,-1,0,0,FAIL,-0.0241,0.2278,0.4468,0.4398,-1,0,0,STEADY_MAE
m215#215,REACHABLE,37.5000,0.5000,600000.0000,300.0000,15.0000,30.0000,35.0000,0.0100,PASS,-0.0098,0.0263,0.0391,0.0254,1548,0,0,PASS,0.0464,0.0342,0.0624,0.1111,1548,0,0,PASS,0.0465,0.0341,0.0620,0.1109,1548,0,0,
m219#219,REACHABLE,32.5000,0.5000,600000.0000,300.0000,30.0000,8.0000,20.0000,0.1000,FAIL,-0.2468,0.4567,0.8010,0.7033,-1,0,0,FAIL,-0.0800,0.4163,0.6154,0.5555,-1,0,0,PASS,-0.0149,0.0571,0.0965,0.0857,3780,0,0,
m223#223,REACHABLE,37.5000,0.5000,600000.0000,300.0000,30.0000,8.0000,35.0000,0.0100,PASS,-0.0064,0.0371,0.0580,0.0459,1532,0,0,PASS,0.0447,0.0319,0.0562,0.1022,1532,0,0,PASS,0.0446,0.0317,0.0560,0.1014,1532,0,0,
m227#227,REACHABLE,32.5000,0.5000,600000.0000,300.0000,60.0000,3.0000,20.0000,0.1000,FAIL,-3.2850,3.6762,3.9806,0.7728,-1,0,0,FAIL,-0.1986,0.6592,1.2036,1.0255,-1,0,0,PASS,0.0067,0.0499,0.0993,0.1167,4462,0,0,
m231#231,REACHABLE,37.5000,0.5000,600000.0000,300.0000,60.0000,3.0000,35.0000,0.0100,FAIL,-0.0040,0.1013,0.1667,0.1633,-1,0,0,PASS,0.0717,0.0265,0.0615,0.0978,1854,0,0,PASS,0.0717,0.0265,0.0615,0.0978,1854,0,0,
m235#235,REACHABLE,32.5000,0.5000,600000.0000,300.0000,120.0000,30.0000,20.0000,0.1000,FAIL,-0.6262,1.6909,2.3609,1.7994,-1,0,0,FAIL,-0.4671,1.1974,1.7779,1.1385,-1,0,0,FAIL,-1.0244,1.0496,1.0696,0.0417,-1,0,0,STEADY_MAE
m239#239,REACHABLE,37.5000,0.5000,600000.0000,300.0000,120.0000,30.0000,35.0000,0.0100,FAIL,-0.0159,0.1400,0.2443,0.2214,-1,0,0,PASS,0.0234,0.0284,0.0618,0.0884,1976,0,0,PASS,0.0231,0.0301,0.0664,0.0882,1976,0,0,
m243#243,REACHABLE,32.5000,0.5000,1600000.0000,120.0000,0.0000,8.0000,20.0000,0.1000,FAIL,-0.1436,0.1724,0.1883,0.0449,-1,0,0,PASS,0.0511,0.0434,0.0444,0.0024,4404,0,0,PASS,0.0510,0.0276,0.0343,0.0153,4404,0,0,
m247#247,REACHABLE,37.5000,0.5000,1600000.0000,120.0000,0.0000,8.0000,35.0000,0.0100,FAIL,-0.6476,0.6681,0.6886,0.0466,-1,0,0,PASS,-0.0740,0.0804,0.0848,0.0102,1773,0,0,PASS,-0.0740,0.0804,0.0848,0.0102,1773,0,0,
m251#251,REACHABLE,32.5000,0.5000,1600000.0000,120.0000,15.0000,3.0000,20.0000,0.1000,FAIL,-0.1249,0.1722,0.1917,0.0605,-1,0,0,PASS,0.0554,0.0319,0.0495,0.0470,4440,0,0,PASS,0.0554,0.0319,0.0495,0.0470,4440,0,0,
m255#255,REACHABLE,37.5000,0.5000,1600000.0000,120.0000,15.0000,3.0000,35.0000,0.0100,PASS,0.0061,0.0057,0.0120,0.0186,2298,0,0,PASS,0.0080,0.0034,0.0037,0.0010,1528,0,0,PASS,0.0080,0.0034,0.0037,0.0010,1528,0,0,
m259#259,REACHABLE,32.5000,0.5000,1600000.0000,120.0000,30.0000,30.0000,20.0000,0.1000,FAIL,-0.1818,0.2342,0.2627,0.0714,-1,0,0,FAIL,-0.1051,0.1921,0.2800,0.1794,-1,0,0,FAIL,-0.1050,0.1909,0.2804,0.1808,-1,0,0,STEADY_MAE
m263#263,REACHABLE,37.5000,0.5000,1600000.0000,120.0000,30.0000,30.0000,35.0000,0.0100,FAIL,-0.5805,0.6026,0.6241,0.0503,-1,0,0,PASS,0.0100,0.0079,0.0120,0.0106,1619,0,0,PASS,0.0100,0.0079,0.0120,0.0106,1619,0,0,
m267#267,REACHABLE,32.5000,0.5000,1600000.0000,120.0000,60.0000,8.0000,20.0000,0.1000,FAIL,-0.0758,0.1448,0.1813,0.0964,-1,0,0,PASS,-0.0194,0.0733,0.1042,0.0819,4399,0,0,PASS,-0.0207,0.0745,0.1049,0.0829,4427,0,0,
m271#271,REACHABLE,37.5000,0.5000,1600000.0000,120.0000,60.0000,8.0000,35.0000,0.0100,FAIL,-0.5745,0.5999,0.6234,0.0569,-1,0,0,PASS,0.0176,0.0034,0.0066,0.0158,1547,0,0,PASS,0.0176,0.0034,0.0066,0.0158,1547,0,0,
m275#275,REACHABLE,32.5000,0.5000,1600000.0000,120.0000,120.0000,3.0000,20.0000,0.1000,FAIL,0.0369,0.1267,0.2399,0.2793,-1,0,0,PASS,-0.0128,0.0726,0.1064,0.0888,6277,0,0,PASS,-0.0165,0.0715,0.1057,0.0861,5197,0,0,
m279#279,REACHABLE,37.5000,0.5000,1600000.0000,120.0000,120.0000,3.0000,35.0000,0.0100,PASS,0.0007,0.0277,0.0471,0.0476,2673,0,0,PASS,0.0781,0.0069,0.0113,0.0158,1632,0,0,PASS,0.0781,0.0065,0.0131,0.0144,1632,0,0,
m283#283,REACHABLE,32.5000,0.5000,1600000.0000,180.0000,0.0000,30.0000,20.0000,0.1000,FAIL,-0.2352,0.2565,0.2679,0.0273,-1,0,0,PASS,0.0520,0.0390,0.0496,0.0941,5400,0,0,PASS,0.0522,0.0419,0.0430,0.0023,5356,0,0,
m287#287,REACHABLE,37.5000,0.5000,1600000.0000,180.0000,0.0000,30.0000,35.0000,0.0100,FAIL,-0.7625,0.7786,0.7951,0.0370,-1,0,0,PASS,0.0064,0.0044,0.0050,0.0018,1355,0,0,PASS,0.0064,0.0044,0.0050,0.0018,1355,0,0,
m291#291,REACHABLE,32.5000,0.5000,1600000.0000,180.0000,15.0000,8.0000,20.0000,0.1000,FAIL,-0.2221,0.2628,0.2852,0.0590,-1,0,0,PASS,0.0558,0.0390,0.0404,0.0033,4896,0,0,PASS,0.0561,0.0374,0.0499,0.0232,8019,0,0,
m295#295,REACHABLE,37.5000,0.5000,1600000.0000,180.0000,15.0000,8.0000,35.0000,0.0100,FAIL,-0.7583,0.7788,0.7970,0.0434,-1,0,0,PASS,0.0166,0.0014,0.0028,0.0049,1323,0,0,PASS,0.0166,0.0014,0.0028,0.0049,1323,0,0,
m299#299,REACHABLE,32.5000,0.5000,1600000.0000,180.0000,30.0000,3.0000,20.0000,0.1000,FAIL,-0.1988,0.2630,0.2942,0.0897,-1,0,0,FAIL,-0.0334,0.1374,0.3121,0.2878,-1,0,0,FAIL,-0.0265,0.1259,0.3146,0.2977,-1,0,0,LEARNER_LOW_CONFIDENCE
m303#303,REACHABLE,37.5000,0.5000,1600000.0000,180.0000,30.0000,3.0000,35.0000,0.0100,PASS,-0.0820,0.0938,0.1016,0.0198,2422,0,0,PASS,-0.0433,0.0760,0.0772,0.0027,1895,0,0,PASS,-0.0433,0.0808,0.0883,0.0172,1895,0,0,
m307#307,REACHABLE,32.5000,0.5000,1600000.0000,180.0000,60.0000,30.0000,20.0000,0.1000,FAIL,-0.1216,0.2362,0.3110,0.1848,-1,0,0,PASS,-0.0133,0.0513,0.0824,0.0734,8779,0,0,PASS,-0.0161,0.0792,0.1247,0.1085,7379,0,0,
m311#311,REACHABLE,37.5000,0.5000,1600000.0000,180.0000,60.0000,30.0000,35.0000,0.0100,FAIL,-0.7578,0.7749,0.7908,0.0397,-1,0,0,PASS,0.0113,0.0027,0.0028,0.0004,2570,0,0,PASS,0.0110,0.0031,0.0039,0.0071,2570,0,0,
m315#315,REACHABLE,32.5000,0.5000,1600000.0000,180.0000,120.0000,8.0000,20.0000,0.1000,FAIL,-0.1011,0.3159,0.4408,0.3519,-1,0,0,FAIL,-0.0850,0.1603,0.2400,0.1647,-1,0,0,FAIL,-0.0928,0.1554,0.2003,0.1093,-1,0,0,STEADY_MAE
m319#319,REACHABLE,37.5000,0.5000,1600000.0000,180.0000,120.0000,8.0000,35.0000,0.0100,FAIL,-0.7616,0.7767,0.7922,0.0356,-1,0,0,PASS,0.0280,0.0038,0.0085,0.0153,2538,0,0,PASS,0.0280,0.0038,0.0085,0.0153,2538,0,0,
m323#323,REACHABLE,32.5000,0.5000,1600000.0000,300.0000,0.0000,3.0000,20.0000,0.1000,FAIL,-0.2440,0.2741,0.2891,0.0455,-1,0,0,PASS,0.0512,0.0473,0.0499,0.0081,6948,0,0,PASS,0.0514,0.0469,0.0497,0.0076,5994,0,0,
m327#327,REACHABLE,37.5000,0.5000,1600000.0000,300.0000,0.0000,3.0000,35.0000,0.0100,PASS,-0.0142,0.0173,0.0187,0.0045,2388,0,0,PASS,0.0154,0.0027,0.0051,0.0077,2050,0,0,PASS,0.0154,0.0027,0.0051,0.0077,2050,0,0,
m331#331,REACHABLE,32.5000,0.5000,1600000.0000,300.0000,15.0000,30.0000,20.0000,0.1000,FAIL,-0.3120,0.3516,0.3753,0.0591,-1,0,0,FAIL,-0.0371,0.1116,0.2462,0.2108,-1,0,0,PASS,-0.0390,0.0550,0.0684,0.0321,7657,0,0,
m335#335,REACHABLE,37.5000,0.5000,1600000.0000,300.0000,15.0000,30.0000,35.0000,0.0100,FAIL,-1.0353,1.0475,1.0591,0.0277,-1,0,0,PASS,0.0082,0.0010,0.0011,0.0002,1386,0,0,PASS,0.0181,0.0014,0.0023,0.0022,1386,0,0,
m339#339,REACHABLE,32.5000,0.5000,1600000.0000,300.0000,30.0000,8.0000,20.0000,0.1000,FAIL,-0.2899,0.3602,0.3950,0.1018,-1,0,0,FAIL,-0.0310,0.2196,0.5326,0.5085,-1,0,0,PASS,-0.0343,0.0547,0.0698,0.0405,6669,0,0,
m343#343,REACHABLE,37.5000,0.5000,1600000.0000,300.0000,30.0000,8.0000,35.0000,0.0100,FAIL,-1.0302,1.0466,1.0615,0.0370,-1,0,0,PASS,0.0181,0.0034,0.0062,0.0082,2006,0,0,PASS,0.0187,0.0014,0.0021,0.0015,2006,0,0,
m347#347,REACHABLE,32.5000,0.5000,1600000.0000,300.0000,60.0000,3.0000,20.0000,0.1000,FAIL,-0.3341,0.5125,0.5789,0.1646,-1,0,0,FAIL,-0.0149,0.1123,0.2752,0.2578,-1,0,0,FAIL,-0.0250,0.0936,0.2327,0.2376,-1,0,0,SETTLING_TIMEOUT
m351#351,REACHABLE,37.5000,0.5000,1600000.0000,300.0000,60.0000,3.0000,35.0000,0.0100,PASS,-0.0233,0.0386,0.0529,0.0298,2754,0,0,PASS,0.0203,0.0037,0.0050,0.0053,1327,0,0,PASS,0.0203,0.0037,0.0050,0.0053,1327,0,0,
m355#355,REACHABLE,32.5000,0.5000,1600000.0000,300.0000,120.0000,30.0000,20.0000,0.1000,FAIL,-0.4200,0.5833,0.7108,0.2935,-1,0,0,FAIL,-0.5581,0.6444,0.6948,0.1377,-1,0,0,FAIL,-0.5826,0.5839,0.5852,0.0028,-1,0,0,STEADY_MAE
m359#359,REACHABLE,37.5000,0.5000,1600000.0000,300.0000,120.0000,30.0000,35.0000,0.0100,FAIL,-1.0868,1.0947,1.1025,0.0181,-1,0,0,PASS,-0.0497,0.0860,0.0921,0.0139,2620,0,0,PASS,-0.0497,0.0860,0.0921,0.0139,2620,0,0,
m363#363,REACHABLE,32.5000,0.7000,180000.0000,120.0000,0.0000,8.0000,20.0000,0.1000,FAIL,-0.1147,0.2578,0.3723,0.2652,-1,0,0,PASS,0.0554,0.0189,0.0216,0.0071,1977,0,0,PASS,0.0554,0.0189,0.0216,0.0071,1977,0,0,
m367#367,REACHABLE,37.5000,0.7000,180000.0000,120.0000,0.0000,8.0000,35.0000,0.0100,PASS,0.0119,0.0021,0.0046,0.0114,511,0,0,PASS,0.0119,0.0021,0.0046,0.0114,511,0,0,PASS,0.0119,0.0021,0.0046,0.0114,511,0,0,
m371#371,REACHABLE,32.5000,0.7000,180000.0000,120.0000,15.0000,3.0000,20.0000,0.1000,FAIL,-0.1171,0.3837,0.5277,0.3985,-1,0,0,FAIL,-0.0062,0.0991,0.1552,0.1662,-1,0,0,FAIL,-0.0062,0.0991,0.1552,0.1662,-1,0,0,SETTLING_TIMEOUT
m375#375,REACHABLE,37.5000,0.7000,180000.0000,120.0000,15.0000,3.0000,35.0000,0.0100,PASS,0.0211,0.0471,0.0880,0.1140,583,0,0,PASS,0.0211,0.0471,0.0880,0.1140,583,0,0,PASS,0.0211,0.0471,0.0880,0.1140,583,0,0,
m379#379,SAFETY_LIMITED,32.5000,0.7000,180000.0000,120.0000,30.0000,30.0000,20.0000,0.1000,FAIL,-0.0287,0.3488,0.6345,0.6062,-1,0,0,PASS,0.0535,0.0178,0.0184,0.0017,2995,0,0,PASS,0.0852,0.0168,0.0180,0.0026,1927,0,0,
m383#383,SAFETY_LIMITED,37.5000,0.7000,180000.0000,120.0000,30.0000,30.0000,35.0000,0.0100,PASS,0.1136,0.0725,0.1319,0.2399,701,0,0,PASS,0.1150,0.0668,0.1319,0.2226,701,0,0,PASS,0.1150,0.0668,0.1319,0.2226,701,0,0,
m387#387,SAFETY_LIMITED,32.5000,0.7000,180000.0000,120.0000,60.0000,8.0000,20.0000,0.1000,FAIL,-0.1385,0.4997,0.7934,0.6896,-1,0,0,PASS,0.0885,0.0446,0.0975,0.1980,1880,0,0,PASS,0.0847,0.0383,0.0897,0.1940,2612,0,0,
m391#391,SAFETY_LIMITED,37.5000,0.7000,180000.0000,120.0000,60.0000,8.0000,35.0000,0.0100,FAIL,0.2431,0.0934,0.1656,0.4106,-1,0,0,FAIL,0.2172,0.0882,0.1623,0.3198,-1,0,0,FAIL,0.2172,0.0882,0.1623,0.3198,-1,0,0,SETTLING_TIMEOUT
m395#395,SAFETY_LIMITED,32.5000,0.7000,180000.0000,120.0000,120.0000,3.0000,20.0000,0.1000,FAIL,-0.1801,0.6953,1.1454,1.0617,-1,0,0,FAIL,0.0242,0.1278,0.2462,0.2925,-1,0,0,FAIL,0.0013,0.2228,0.4734,0.4892,-1,0,0,STEADY_MAE
m399#399,SAFETY_LIMITED,37.5000,0.7000,180000.0000,120.0000,120.0000,3.0000,35.0000,0.0100,FAIL,-0.0574,0.1930,0.2949,0.2712,-1,0,0,FAIL,-0.0460,0.2053,0.2995,0.2886,-1,0,0,FAIL,-0.0460,0.2053,0.2995,0.2886,-1,0,0,LEARNER_LOW_CONFIDENCE
m403#403,REACHABLE,32.5000,0.7000,180000.0000,180.0000,0.0000,30.0000,20.0000,0.1000,FAIL,-0.1026,0.3374,0.5556,0.4541,-1,0,0,FAIL,-0.1211,0.3866,0.6841,0.5630,-1,0,0,PASS,0.0637,0.0118,0.0172,0.0103,1476,0,0,
m407#407,REACHABLE,37.5000,0.7000,180000.0000,180.0000,0.0000,30.0000,35.0000,0.0100,PASS,0.0104,0.0621,0.1160,0.1280,639,0,0,PASS,0.0121,0.0476,0.0899,0.1047,639,0,0,PASS,0.0121,0.0476,0.0899,0.1047,639,0,0,
m411#411,REACHABLE,32.5000,0.7000,180000.0000,180.0000,15.0000,8.0000,20.0000,0.1000,FAIL,-0.1166,0.4247,0.6388,0.4631,-1,0,0,PASS,0.0587,0.0276,0.0658,0.1449,2211,0,0,PASS,0.0587,0.0276,0.0658,0.1449,2211,0,0,
m415#415,REACHABLE,37.5000,0.7000,180000.0000,180.0000,15.0000,8.0000,35.0000,0.0100,FAIL,-0.0646,0.1496,0.2104,0.1473,-1,0,0,FAIL,-0.0589,0.1337,0.1848,0.1287,-1,0,0,FAIL,-0.0589,0.1337,0.1848,0.1287,-1,0,0,LEARNER_LOW_CONFIDENCE
m419#419,REACHABLE,32.5000,0.7000,180000.0000,180.0000,30.0000,3.0000,20.0000,0.1000,FAIL,-1.5568,1.9114,2.1333,0.5690,-1,0,0,PASS,0.0775,0.0397,0.0657,0.1434,1317,0,0,PASS,0.0775,0.0397,0.0657,0.1434,1317,0,0,
m423#423,REACHABLE,37.5000,0.7000,180000.0000,180.0000,30.0000,3.0000,35.0000,0.0100,FAIL,0.0589,0.0833,0.1597,0.2239,-1,0,0,PASS,0.0587,0.0748,0.1354,0.1949,1976,0,0,PASS,0.0587,0.0748,0.1354,0.1949,1976,0,0,
m427#427,SAFETY_LIMITED,32.5000,0.7000,180000.0000,180.0000,60.0000,30.0000,20.0000,0.1000,FAIL,-2.4074,2.6698,3.0125,0.6790,-1,0,0,FAIL,-2.3990,2.6783,3.0361,0.6902,-1,0,0,FAIL,-2.4558,2.7417,3.1004,0.6472,-1,0,0,LEARNER_LOW_CONFIDENCE
m431#431,SAFETY_LIMITED,37.5000,0.7000,180000.0000,180.0000,60.0000,30.0000,35.0000,0.0100,FAIL,0.1859,0.1338,0.2534,0.4336,-1,0,0,FAIL,0.1859,0.1264,0.2414,0.4292,-1,0,0,FAIL,0.1859,0.1287,0.2345,0.4252,-1,0,0,LEARNER_LOW_CONFIDENCE
m435#435,SAFETY_LIMITED,32.5000,0.7000,180000.0000,180.0000,120.0000,8.0000,20.0000,0.1000,FAIL,-2.6068,3.2071,3.8827,1.3672,-1,0,0,FAIL,-0.5913,0.5918,0.5922,0.0011,-1,0,0,FAIL,-0.6470,0.6640,0.6919,0.0486,-1,0,0,STEADY_MAE
m439#439,SAFETY_LIMITED,37.5000,0.7000,180000.0000,180.0000,120.0000,8.0000,35.0000,0.0100,FAIL,-0.3184,0.4597,0.5929,0.3056,-1,0,0,FAIL,-0.3184,0.4597,0.5929,0.3056,-1,0,0,FAIL,-0.3184,0.4597,0.5929,0.3056,-1,0,0,LEARNER_LOW_CONFIDENCE
m443#443,REACHABLE,32.5000,0.7000,180000.0000,300.0000,0.0000,3.0000,20.0000,0.1000,FAIL,-0.1348,0.3002,0.5817,0.4779,-1,0,0,PASS,0.0543,0.0270,0.0469,0.1010,1570,0,0,PASS,0.0557,0.0237,0.0477,0.1055,1485,0,0,
m447#447,REACHABLE,37.5000,0.7000,180000.0000,300.0000,0.0000,3.0000,35.0000,0.0100,PASS,0.0082,0.0024,0.0044,0.0068,812,0,0,PASS,0.0082,0.0021,0.0043,0.0083,812,0,0,PASS,0.0082,0.0021,0.0043,0.0083,812,0,0,
m451#451,REACHABLE,32.5000,0.7000,180000.0000,300.0000,15.0000,30.0000,20.0000,0.1000,FAIL,-2.3610,2.5328,2.7017,0.3375,-1,0,0,FAIL,-0.5868,0.6573,0.6747,0.0395,-1,0,0,FAIL,-0.5868,0.6573,0.6747,0.0395,-1,0,0,STEADY_MAE
m455#455,REACHABLE,37.5000,0.7000,180000.0000,300.0000,15.0000,30.0000,35.0000,0.0100,FAIL,0.0454,0.1153,0.2373,0.2768,-1,0,0,FAIL,0.0454,0.0993,0.1911,0.2234,-1,0,0,FAIL,0.0454,0.0993,0.1911,0.2234,-1,0,0,SETTLING_TIMEOUT
m459#459,REACHABLE,32.5000,0.7000,180000.0000,300.0000,30.0000,8.0000,20.0000,0.1000,FAIL,-2.2272,2.6287,3.0375,0.8287,-1,0,0,FAIL,-0.2127,2.8209,3.1793,0.8871,-1,0,0,PASS,0.0878,0.0077,0.0138,0.0127,6066,0,0,
m463#463,REACHABLE,37.5000,0.7000,180000.0000,300.0000,30.0000,8.0000,35.0000,0.0100,FAIL,0.0792,0.1660,0.3114,0.3932,-1,0,0,FAIL,0.0807,0.1498,0.2742,0.3565,-1,0,0,FAIL,0.0807,0.1498,0.2742,0.3565,-1,0,0,LEARNER_LOW_CONFIDENCE
m467#467,SAFETY_LIMITED,32.5000,0.7000,180000.0000,300.0000,60.0000,3.0000,20.0000,0.1000,FAIL,-2.8458,3.4962,4.1961,1.4320,-1,0,0,FAIL,-0.3169,2.6337,3.6253,2.3548,-1,0,0,FAIL,0.0033,0.2731,0.5273,0.5219,-1,0,0,STEADY_MAE
m471#471,SAFETY_LIMITED,37.5000,0.7000,180000.0000,300.0000,60.0000,3.0000,35.0000,0.0100,FAIL,0.1043,0.2614,0.4685,0.5213,-1,0,0,FAIL,0.1043,0.2410,0.4079,0.4211,-1,0,0,FAIL,0.1043,0.2410,0.4079,0.4211,-1,0,0,LEARNER_LOW_CONFIDENCE
m475#475,SAFETY_LIMITED,32.5000,0.7000,180000.0000,300.0000,120.0000,30.0000,20.0000,0.1000,FAIL,-4.4286,5.0450,5.7420,1.3363,-1,0,0,FAIL,-0.7648,1.9326,2.8093,1.8440,-1,0,0,FAIL,-0.8642,2.0711,2.9051,1.7351,-1,0,0,STEADY_MAE
m479#479,SAFETY_LIMITED,37.5000,0.7000,180000.0000,300.0000,120.0000,30.0000,35.0000,0.0100,FAIL,-0.4327,0.6247,0.7699,0.3577,-1,0,0,FAIL,-0.0771,0.2618,0.4482,0.3732,-1,0,0,FAIL,-0.0771,0.2618,0.4482,0.3732,-1,0,0,LEARNER_LOW_CONFIDENCE
m483#483,REACHABLE,32.5000,0.7000,600000.0000,120.0000,0.0000,8.0000,20.0000,0.1000,FAIL,-0.2054,0.2387,0.2501,0.0318,-1,0,0,PASS,-0.0262,0.0563,0.0656,0.0186,2141,0,0,PASS,-0.0253,0.0947,0.1185,0.0552,2045,0,0,
m487#487,REACHABLE,37.5000,0.7000,600000.0000,120.0000,0.0000,8.0000,35.0000,0.0100,PASS,0.0157,0.0033,0.0047,0.0041,1112,0,0,PASS,0.0157,0.0033,0.0047,0.0041,1112,0,0,PASS,0.0157,0.0033,0.0047,0.0041,1112,0,0,
m491#491,REACHABLE,32.5000,0.7000,600000.0000,120.0000,15.0000,3.0000,20.0000,0.1000,FAIL,-0.1018,0.1781,0.2165,0.1158,-1,0,0,PASS,0.0636,0.0318,0.0584,0.1360,1790,0,0,PASS,0.0636,0.0354,0.0567,0.1315,1790,0,0,
m495#495,REACHABLE,37.5000,0.7000,600000.0000,120.0000,15.0000,3.0000,35.0000,0.0100,PASS,0.0192,0.0138,0.0238,0.0451,1134,0,0,PASS,0.0192,0.0138,0.0238,0.0451,1134,0,0,PASS,0.0192,0.0138,0.0238,0.0451,1134,0,0,
m499#499,REACHABLE,32.5000,0.7000,600000.0000,120.0000,30.0000,30.0000,20.0000,0.1000,FAIL,-0.0372,0.1349,0.1949,0.1473,-1,0,0,PASS,0.0062,0.0617,0.1129,0.1313,4285,0,0,PASS,0.0060,0.0615,0.1126,0.1309,3473,0,0,
m503#503,REACHABLE,37.5000,0.7000,600000.0000,120.0000,30.0000,30.0000,35.0000,0.0100,PASS,0.0235,0.0319,0.0596,0.0818,1275,0,0,PASS,0.0900,0.0222,0.0488,0.0754,1275,0,0,PASS,0.0900,0.0209,0.0449,0.0693,1275,0,0,
m507#507,REACHABLE,32.5000,0.7000,600000.0000,120.0000,60.0000,8.0000,20.0000,0.1000,FAIL,-0.0053,0.2368,0.4050,0.3857,-1,0,0,PASS,0.0783,0.0197,0.0200,0.0017,2262,0,0,PASS,0.0819,0.0207,0.0224,0.0044,2562,0,0,
m511#511,REACHABLE,37.5000,0.7000,600000.0000,120.0000,60.0000,8.0000,35.0000,0.0100,PASS,0.0352,0.0372,0.0669,0.1033,1305,0,0,PASS,0.0605,0.0230,0.0472,0.0764,1305,0,0,PASS,0.0605,0.0230,0.0472,0.0764,1305,0,0,
m515#515,REACHABLE,32.5000,0.7000,600000.0000,120.0000,120.0000,3.0000,20.0000,0.1000,FAIL,-0.0777,0.2570,0.4097,0.3356,-1,0,0,PASS,0.0751,0.0134,0.0179,0.0107,3471,0,0,PASS,0.0776,0.0031,0.0035,0.0014,3394,0,0,
m519#519,REACHABLE,37.5000,0.7000,600000.0000,120.0000,120.0000,3.0000,35.0000,0.0100,FAIL,0.1418,0.5290,0.5524,0.0476,-1,0,0,PASS,0.0041,0.0160,0.0285,0.0290,1643,0,0,PASS,0.0041,0.0165,0.0284,0.0264,1643,0,0,
m523#523,REACHABLE,32.5000,0.7000,600000.0000,180.0000,0.0000,30.0000,20.0000,0.1000,FAIL,-0.1292,0.2133,0.2853,0.1583,-1,0,0,PASS,0.0576,0.0415,0.0537,0.1162,8742,0,0,PASS,0.0562,0.0181,0.0239,0.0121,2598,0,0,
m527#527,REACHABLE,37.5000,0.7000,600000.0000,180.0000,0.0000,30.0000,35.0000,0.0100,PASS,-0.0667,0.0817,0.0953,0.0287,1189,0,0,PASS,-0.0291,0.0861,0.1380,0.1094,1189,0,0,PASS,-0.0292,0.0862,0.1381,0.1095,1189,0,0,
m531#531,REACHABLE,32.5000,0.7000,600000.0000,180.0000,15.0000,8.0000,20.0000,0.1000,FAIL,-0.1032,0.2273,0.3221,0.2098,-1,0,0,PASS,0.0642,0.0265,0.0339,0.0169,2855,0,0,PASS,0.0626,0.0060,0.0133,0.0169,2097,0,0,
m535#535,REACHABLE,37.5000,0.7000,600000.0000,180.0000,15.0000,8.0000,35.0000,0.0100,PASS,0.0123,0.0066,0.0119,0.0217,1189,0,0,PASS,0.0150,0.0092,0.0147,0.0295,1189,0,0,PASS,0.0150,0.0092,0.0147,0.0295,1189,0,0,
m539#539,REACHABLE,32.5000,0.7000,600000.0000,180.0000,30.0000,3.0000,20.0000,0.1000,FAIL,-0.1941,0.3637,0.4511,0.2623,-1,0,0,PASS,-0.0096,0.0802,0.1240,0.1007,3396,0,0,FAIL,-0.0927,0.1345,0.1674,0.0768,-1,0,0,STEADY_MAE
m543#543,REACHABLE,37.5000,0.7000,600000.0000,180.0000,30.0000,3.0000,35.0000,0.0100,PASS,0.0082,0.0413,0.0732,0.0826,1223,0,0,PASS,0.0565,0.0341,0.0564,0.1051,1223,0,0,PASS,0.0565,0.0339,0.0574,0.1111,1223,0,0,
m547#547,REACHABLE,32.5000,0.7000,600000.0000,180.0000,60.0000,30.0000,20.0000,0.1000,FAIL,0.0331,0.3342,0.5913,0.6003,-1,0,0,PASS,0.1070,0.0427,0.0921,0.1817,3955,0,0,PASS,0.1016,0.0408,0.0857,0.1799,4092,0,0,
m551#551,REACHABLE,37.5000,0.7000,600000.0000,180.0000,60.0000,30.0000,35.0000,0.0100,PASS,0.0540,0.0561,0.1086,0.1636,1505,0,0,PASS,0.1317,0.0340,0.0918,0.1375,1431,0,0,PASS,0.1317,0.0340,0.0918,0.1375,1431,0,0,
m555#555,REACHABLE,32.5000,0.7000,600000.0000,180.0000,120.0000,8.0000,20.0000,0.1000,FAIL,-0.1606,0.3985,0.5702,0.4149,-1,0,0,FAIL,-0.2064,0.6109,0.8731,0.6276,-1,0,0,PASS,0.0858,0.0351,0.0709,0.1558,4641,0,0,
m559#559,REACHABLE,37.5000,0.7000,600000.0000,180.0000,120.0000,8.0000,35.0000,0.0100,FAIL,0.1306,0.1149,0.1597,0.1134,-1,0,0,PASS,0.0695,0.0456,0.1337,0.1901,1770,0,0,PASS,0.0667,0.0455,0.1333,0.1902,1770,0,0,
m563#563,REACHABLE,32.5000,0.7000,600000.0000,300.0000,0.0000,3.0000,20.0000,0.1000,FAIL,-0.1378,0.2728,0.3938,0.2591,-1,0,0,PASS,0.0541,0.0122,0.0148,0.0063,2060,0,0,PASS,0.0539,0.0450,0.0472,0.0056,2060,0,0,
m567#567,REACHABLE,37.5000,0.7000,600000.0000,300.0000,0.0000,3.0000,35.0000,0.0100,PASS,0.0066,0.0094,0.0174,0.0246,1250,0,0,PASS,0.0073,0.0006,0.0012,0.0031,1250,0,0,PASS,0.0073,0.0006,0.0012,0.0031,1250,0,0,
m571#571,REACHABLE,32.5000,0.7000,600000.0000,300.0000,15.0000,30.0000,20.0000,0.1000,FAIL,-0.2035,0.4235,0.6032,0.3976,-1,0,0,FAIL,-0.2181,0.5109,0.7198,0.5009,-1,0,0,PASS,-0.0051,0.0463,0.0805,0.0824,3212,0,0,
m575#575,REACHABLE,37.5000,0.7000,600000.0000,300.0000,15.0000,30.0000,35.0000,0.0100,PASS,-0.0016,0.0446,0.0818,0.0844,1278,0,0,PASS,0.0556,0.0355,0.0689,0.1205,1278,0,0,PASS,0.0556,0.0354,0.0687,0.1187,1278,0,0,
m579#579,REACHABLE,32.5000,0.7000,600000.0000,300.0000,30.0000,8.0000,20.0000,0.1000,FAIL,-0.1658,0.4475,0.6411,0.4515,-1,0,0,FAIL,-0.2324,0.3563,0.3919,0.0978,-1,0,0,PASS,0.0652,0.0277,0.0312,0.0083,2654,0,0,
m583#583,REACHABLE,37.5000,0.7000,600000.0000,300.0000,30.0000,8.0000,35.0000,0.0100,FAIL,-0.0850,0.1510,0.1973,0.1128,-1,0,0,FAIL,-0.0276,0.0800,0.1493,0.1263,-1,0,0,PASS,-0.0270,0.0794,0.1427,0.1115,8286,0,0,
m587#587,REACHABLE,32.5000,0.7000,600000.0000,300.0000,60.0000,3.0000,20.0000,0.1000,FAIL,-2.0841,2.5142,2.8566,0.8774,-1,0,0,FAIL,-0.0715,0.5600,1.0739,1.0235,-1,0,0,PASS,0.0750,0.0273,0.0637,0.1410,3336,0,0,
m591#591,REACHABLE,37.5000,0.7000,600000.0000,300.0000,60.0000,3.0000,35.0000,0.0100,FAIL,0.0298,0.0846,0.1532,0.1838,-1,0,0,PASS,0.0743,0.0488,0.1290,0.2160,1808,0,0,PASS,0.0743,0.0488,0.1290,0.2160,1808,0,0,
m595#595,REACHABLE,32.5000,0.7000,600000.0000,300.0000,120.0000,30.0000,20.0000,0.1000,FAIL,-0.5835,1.2079,2.1141,1.5549,-1,0,0,FAIL,-0.9074,0.9256,0.9426,0.0358,-1,0,0,FAIL,-0.9887,1.0153,1.0313,0.0386,-1,0,0,STEADY_MAE
m599#599,REACHABLE,37.5000,0.7000,600000.0000,300.0000,120.0000,30.0000,35.0000,0.0100,FAIL,0.0309,0.1261,0.2402,0.2647,-1,0,0,FAIL,0.0488,0.0529,0.2147,0.2825,-1,0,0,FAIL,0.0488,0.0529,0.2147,0.2825,-1,0,0,SETTLING_TIMEOUT
m603#603,REACHABLE,32.5000,0.7000,1600000.0000,120.0000,0.0000,8.0000,20.0000,0.1000,FAIL,-0.1417,0.1613,0.1711,0.0281,-1,0,0,PASS,0.0514,0.0357,0.0380,0.0054,3588,0,0,PASS,0.0516,0.0182,0.0316,0.0294,3588,0,0,
m607#607,REACHABLE,37.5000,0.7000,1600000.0000,120.0000,0.0000,8.0000,35.0000,0.0100,PASS,0.0150,0.0035,0.0048,0.0036,1874,0,0,PASS,0.0964,0.0031,0.0048,0.0048,1874,0,0,PASS,0.0964,0.0032,0.0048,0.0042,1874,0,0,
m611#611,REACHABLE,32.5000,0.7000,1600000.0000,120.0000,15.0000,3.0000,20.0000,0.1000,FAIL,-0.1268,0.1605,0.1757,0.0450,-1,0,0,PASS,-0.0362,0.0563,0.0699,0.0344,3347,0,0,PASS,-0.0361,0.0563,0.0699,0.0344,3347,0,0,
m615#615,REACHABLE,37.5000,0.7000,1600000.0000,120.0000,15.0000,3.0000,35.0000,0.0100,PASS,0.0088,0.0034,0.0062,0.0131,1913,0,0,PASS,0.1170,0.0033,0.0059,0.0127,1919,0,0,PASS,0.1170,0.0031,0.0060,0.0130,1919,0,0,
m619#619,REACHABLE,32.5000,0.7000,1600000.0000,120.0000,30.0000,30.0000,20.0000,0.1000,FAIL,-0.0038,0.1442,0.1654,0.0524,-1,0,0,FAIL,-0.0185,0.0957,0.1974,0.1840,-1,0,0,FAIL,-0.0157,0.0910,0.1972,0.1866,-1,0,0,SETTLING_TIMEOUT
m623#623,REACHABLE,37.5000,0.7000,1600000.0000,120.0000,30.0000,30.0000,35.0000,0.0100,FAIL,-0.4047,0.4182,0.4314,0.0324,-1,0,0,PASS,0.0090,0.0128,0.0296,0.0290,1681,0,0,PASS,0.0090,0.0146,0.0307,0.0301,1681,0,0,
m627#627,REACHABLE,32.5000,0.7000,1600000.0000,120.0000,60.0000,8.0000,20.0000,0.1000,FAIL,0.0260,0.1057,0.1703,0.1996,-1,0,0,PASS,-0.0202,0.0724,0.1032,0.0829,3797,0,0,PASS,-0.0188,0.0723,0.1026,0.0813,4212,0,0,
m631#631,REACHABLE,37.5000,0.7000,1600000.0000,120.0000,60.0000,8.0000,35.0000,0.0100,PASS,0.0019,0.0168,0.0309,0.0300,2208,0,0,PASS,0.0359,0.0156,0.0270,0.0251,1191,0,0,PASS,0.0359,0.0156,0.0270,0.0251,1191,0,0,
m635#635,REACHABLE,32.5000,0.7000,1600000.0000,120.0000,120.0000,3.0000,20.0000,0.1000,FAIL,0.0692,0.1156,0.2225,0.2936,-1,0,0,PASS,-0.0056,0.0695,0.1028,0.0852,4988,0,0,PASS,-0.0029,0.0702,0.1036,0.0868,5495,0,0,
m639#639,REACHABLE,37.5000,0.7000,1600000.0000,120.0000,120.0000,3.0000,35.0000,0.0100,PASS,-0.0684,0.0991,0.1230,0.0554,2329,0,0,PASS,-0.0520,0.0955,0.0983,0.0079,2360,0,0,PASS,-0.0521,0.0955,0.0985,0.0083,2360,0,0,
m643#643,REACHABLE,32.5000,0.7000,1600000.0000,180.0000,0.0000,30.0000,20.0000,0.1000,FAIL,-0.1350,0.1776,0.2075,0.0719,-1,0,0,PASS,-0.0414,0.0572,0.0663,0.0242,3739,0,0,PASS,-0.0413,0.0559,0.0646,0.0224,3739,0,0,
m647#647,REACHABLE,37.5000,0.7000,1600000.0000,180.0000,0.0000,30.0000,35.0000,0.0100,FAIL,-0.5689,0.5796,0.5899,0.0242,-1,0,0,PASS,0.0064,0.0007,0.0017,0.0025,1297,0,0,PASS,0.0060,0.0039,0.0046,0.0016,1297,0,0,
m651#651,REACHABLE,32.5000,0.7000,1600000.0000,180.0000,15.0000,8.0000,20.0000,0.1000,FAIL,-0.2954,0.3319,0.3456,0.0372,-1,0,0,FAIL,-0.0230,0.0959,0.1468,0.1275,-1,0,0,FAIL,-0.0486,0.1779,0.2952,0.2510,-1,0,0,STEADY_MAE
m655#655,REACHABLE,37.5000,0.7000,1600000.0000,180.0000,15.0000,8.0000,35.0000,0.0100,PASS,0.0062,0.0074,0.0160,0.0226,1951,0,0,PASS,0.1169,0.0029,0.0055,0.0115,1961,0,0,PASS,0.1169,0.0029,0.0051,0.0110,1961,0,0,
m659#659,REACHABLE,32.5000,0.7000,1600000.0000,180.0000,30.0000,3.0000,20.0000,0.1000,FAIL,-0.2017,0.2497,0.2722,0.0659,-1,0,0,FAIL,0.0660,0.0784,0.3068,0.3822,-1,0,0,FAIL,0.0657,0.0819,0.2440,0.3194,-1,0,0,SETTLING_TIMEOUT
m663#663,REACHABLE,37.5000,0.7000,1600000.0000,180.0000,30.0000,3.0000,35.0000,0.0100,PASS,0.0006,0.0049,0.0061,0.0034,1984,0,0,PASS,0.0743,0.0260,0.0407,0.0821,2039,0,0,PASS,0.0743,0.0261,0.0411,0.0824,2039,0,0,
m667#667,REACHABLE,32.5000,0.7000,1600000.0000,180.0000,60.0000,30.0000,20.0000,0.1000,FAIL,-0.1242,0.2174,0.2770,0.1385,-1,0,0,FAIL,-0.2028,0.4481,0.4796,0.0774,-1,0,0,PASS,-0.0143,0.0884,0.1315,0.1147,6614,0,0,
m671#671,REACHABLE,37.5000,0.7000,1600000.0000,180.0000,60.0000,30.0000,35.0000,0.0100,FAIL,-0.5620,0.5758,0.5876,0.0299,-1,0,0,PASS,0.0120,0.0021,0.0066,0.0142,1916,0,0,PASS,0.0120,0.0021,0.0066,0.0142,1916,0,0,
m675#675,REACHABLE,32.5000,0.7000,1600000.0000,180.0000,120.0000,8.0000,20.0000,0.1000,FAIL,-0.0245,0.2073,0.3203,0.2973,-1,0,0,FAIL,-0.1364,0.6382,0.6692,0.0908,-1,0,0,PASS,0.0040,0.0720,0.1166,0.1123,5672,0,0,
m679#679,REACHABLE,37.5000,0.7000,1600000.0000,180.0000,120.0000,8.0000,35.0000,0.0100,PASS,0.0225,0.0343,0.0669,0.0818,2366,0,0,PASS,0.0485,0.0039,0.0053,0.0105,1446,0,0,PASS,0.0485,0.0039,0.0053,0.0105,1446,0,0,
m683#683,REACHABLE,32.5000,0.7000,1600000.0000,300.0000,0.0000,3.0000,20.0000,0.1000,FAIL,-0.1441,0.2291,0.2754,0.1327,-1,0,0,PASS,0.0514,0.0454,0.0464,0.0020,3863,0,0,PASS,0.0518,0.0394,0.0442,0.0107,3863,0,0,
m687#687,REACHABLE,37.5000,0.7000,1600000.0000,300.0000,0.0000,3.0000,35.0000,0.0100,PASS,0.0050,0.0038,0.0046,0.0020,1948,0,0,PASS,0.0879,0.0009,0.0021,0.0037,1967,0,0,PASS,0.0879,0.0037,0.0049,0.0040,1967,0,0,
m691#691,REACHABLE,32.5000,0.7000,1600000.0000,300.0000,15.0000,30.0000,20.0000,0.1000,FAIL,-0.1976,0.2772,0.3296,0.1353,-1,0,0,FAIL,-0.0254,0.1873,0.4810,0.4586,-1,0,0,FAIL,-0.0295,0.1712,0.4075,0.3903,-1,0,0,LEARNER_LOW_CONFIDENCE
m695#695,REACHABLE,37.5000,0.7000,1600000.0000,300.0000,15.0000,30.0000,35.0000,0.0100,FAIL,-0.8754,0.8865,0.8970,0.0243,-1,0,0,PASS,-0.0644,0.0790,0.0802,0.0025,1910,0,0,PASS,-0.0648,0.0782,0.0790,0.0054,1910,0,0,
m699#699,REACHABLE,32.5000,0.7000,1600000.0000,300.0000,30.0000,8.0000,20.0000,0.1000,FAIL,-0.1737,0.2826,0.3429,0.1706,-1,0,0,FAIL,-0.0277,0.1848,0.4879,0.4690,-1,0,0,FAIL,-0.0246,0.2134,0.4702,0.4571,-1,0,0,STEADY_MAE
m703#703,REACHABLE,37.5000,0.7000,1600000.0000,300.0000,30.0000,8.0000,35.0000,0.0100,PASS,-0.0100,0.0150,0.0169,0.0056,2051,0,0,PASS,0.0716,0.0274,0.0498,0.0921,2077,0,0,PASS,0.0716,0.0276,0.0494,0.0916,2077,0,0,
m707#707,REACHABLE,32.5000,0.7000,1600000.0000,300.0000,60.0000,3.0000,20.0000,0.1000,FAIL,-0.3887,0.4911,0.5556,0.1678,-1,0,0,FAIL,-0.0919,0.1460,0.1950,0.1103,-1,0,0,FAIL,-0.0934,0.2850,0.6556,0.5691,-1,0,0,LEARNER_LOW_CONFIDENCE
m711#711,REACHABLE,37.5000,0.7000,1600000.0000,300.0000,60.0000,3.0000,35.0000,0.0100,PASS,-0.0033,0.0321,0.0566,0.0585,2315,0,0,PASS,0.0205,0.0030,0.0051,0.0085,1629,0,0,PASS,0.0183,0.0030,0.0050,0.0056,1629,0,0,
m715#715,REACHABLE,32.5000,0.7000,1600000.0000,300.0000,120.0000,30.0000,20.0000,0.1000,FAIL,-0.3052,0.4466,0.5674,0.2449,-1,0,0,PASS,0.1978,0.0480,0.0962,0.0826,7308,0,0,FAIL,-0.5924,0.6318,0.6510,0.0406,-1,0,0,STEADY_MAE
m719#719,REACHABLE,37.5000,0.7000,1600000.0000,300.0000,120.0000,30.0000,35.0000,0.0100,FAIL,-0.8316,0.8358,0.8403,0.0106,-1,0,0,PASS,0.0177,0.0066,0.0133,0.0251,2415,0,0,PASS,0.0298,0.0035,0.0078,0.0162,2415,0,0,
m723#723,REACHABLE,32.5000,1.0000,180000.0000,120.0000,0.0000,8.0000,20.0000,0.1000,FAIL,-0.1047,0.2361,0.3266,0.2230,-1,0,0,PASS,0.0530,0.0257,0.0474,0.1020,1876,0,0,PASS,0.0530,0.0257,0.0474,0.1020,1876,0,0,
m727#727,REACHABLE,37.5000,1.0000,180000.0000,120.0000,0.0000,8.0000,35.0000,0.0100,PASS,0.0132,0.0021,0.0049,0.0122,350,0,0,PASS,0.0132,0.0021,0.0049,0.0122,350,0,0,PASS,0.0132,0.0021,0.0049,0.0122,350,0,0,
m731#731,REACHABLE,32.5000,1.0000,180000.0000,120.0000,15.0000,3.0000,20.0000,0.1000,FAIL,-0.0770,0.2781,0.4108,0.3349,-1,0,0,PASS,0.0761,0.0351,0.0846,0.1959,5055,0,0,PASS,0.0761,0.0351,0.0846,0.1959,5055,0,0,
m735#735,REACHABLE,37.5000,1.0000,180000.0000,120.0000,15.0000,3.0000,35.0000,0.0100,PASS,0.0331,0.0419,0.0826,0.1228,323,0,0,PASS,0.0331,0.0419,0.0826,0.1228,323,0,0,PASS,0.0331,0.0419,0.0826,0.1228,323,0,0,
m739#739,SAFETY_LIMITED,32.5000,1.0000,180000.0000,120.0000,30.0000,30.0000,20.0000,0.1000,FAIL,0.0001,0.3284,0.5748,0.5762,-1,0,0,PASS,0.0734,0.0347,0.0507,0.1094,1514,0,0,PASS,0.0734,0.0347,0.0507,0.1094,1514,0,0,
m743#743,SAFETY_LIMITED,37.5000,1.0000,180000.0000,120.0000,30.0000,30.0000,35.0000,0.0100,FAIL,0.1497,0.0728,0.1427,0.2780,513,0,0,FAIL,0.1497,0.0728,0.1427,0.2780,513,0,0,FAIL,0.1497,0.0728,0.1427,0.2780,513,0,0,RIPPLE_FAILURE
m747#747,SAFETY_LIMITED,32.5000,1.0000,180000.0000,120.0000,60.0000,8.0000,20.0000,0.1000,FAIL,-0.8649,1.1550,1.4386,0.6025,-1,0,0,PASS,0.0816,0.0157,0.0332,0.0576,2040,0,0,FAIL,0.0833,0.0519,0.1421,0.2289,-1,0,0,SETTLING_TIMEOUT
m751#751,SAFETY_LIMITED,37.5000,1.0000,180000.0000,120.0000,60.0000,8.0000,35.0000,0.0100,FAIL,0.0814,0.1292,0.2329,0.3161,-1,0,0,FAIL,0.0814,0.1292,0.2329,0.3161,-1,0,0,FAIL,0.0814,0.1292,0.2329,0.3161,-1,0,0,LEARNER_LOW_CONFIDENCE
m755#755,SAFETY_LIMITED,32.5000,1.0000,180000.0000,120.0000,120.0000,3.0000,20.0000,0.1000,FAIL,-1.0943,1.6197,2.1214,1.0171,-1,0,0,FAIL,-0.6402,0.6705,0.7041,0.0742,-1,0,0,FAIL,-0.0147,0.2551,0.5141,0.5382,-1,0,0,STEADY_MAE
m759#759,SAFETY_LIMITED,37.5000,1.0000,180000.0000,120.0000,120.0000,3.0000,35.0000,0.0100,FAIL,0.0672,0.1329,0.2500,0.3222,-1,0,0,FAIL,0.0672,0.1329,0.2500,0.3222,-1,0,0,FAIL,0.0672,0.1329,0.2500,0.3222,-1,0,0,LEARNER_LOW_CONFIDENCE
m763#763,REACHABLE,32.5000,1.0000,180000.0000,180.0000,0.0000,30.0000,20.0000,0.1000,FAIL,-0.1700,0.3846,0.5553,0.3816,-1,0,0,PASS,-0.0195,0.0555,0.0556,0.0003,1133,0,0,PASS,-0.0202,0.0555,0.0556,0.0004,1133,0,0,
m767#767,REACHABLE,37.5000,1.0000,180000.0000,180.0000,0.0000,30.0000,35.0000,0.0100,PASS,0.0181,0.0516,0.1023,0.1216,491,0,0,PASS,0.0181,0.0516,0.1023,0.1216,491,0,0,PASS,0.0181,0.0516,0.1023,0.1216,491,0,0,
m771#771,REACHABLE,32.5000,1.0000,180000.0000,180.0000,15.0000,8.0000,20.0000,0.1000,FAIL,-0.0537,0.3754,0.5687,0.4742,-1,0,0,PASS,0.0803,0.0259,0.0474,0.1023,6182,0,0,PASS,0.0803,0.0259,0.0474,0.1023,6182,0,0,
m775#775,REACHABLE,37.5000,1.0000,180000.0000,180.0000,15.0000,8.0000,35.0000,0.0100,PASS,0.0411,0.0634,0.1237,0.1693,452,0,0,PASS,0.0411,0.0634,0.1237,0.1693,452,0,0,PASS,0.0411,0.0634,0.1237,0.1693,452,0,0,
m779#779,REACHABLE,32.5000,1.0000,180000.0000,180.0000,30.0000,3.0000,20.0000,0.1000,FAIL,-1.2297,1.7636,2.0058,0.5233,-1,0,0,FAIL,-1.2297,1.7475,1.9827,0.5126,-1,0,0,FAIL,-1.2297,1.7475,1.9827,0.5126,-1,0,0,LEARNER_LOW_CONFIDENCE
m783#783,REACHABLE,37.5000,1.0000,180000.0000,180.0000,30.0000,3.0000,35.0000,0.0100,FAIL,0.1004,0.0786,0.1499,0.2578,-1,0,0,FAIL,0.1029,0.0765,0.1478,0.2577,-1,0,0,FAIL,0.1029,0.0765,0.1478,0.2577,-1,0,0,SETTLING_TIMEOUT
m787#787,SAFETY_LIMITED,32.5000,1.0000,180000.0000,180.0000,60.0000,30.0000,20.0000,0.1000,FAIL,-1.6134,2.0017,2.3572,0.8128,-1,0,0,FAIL,-1.6134,2.0017,2.3572,0.8128,-1,0,0,FAIL,-1.6136,2.0002,2.3608,0.8128,-1,0,0,LEARNER_LOW_CONFIDENCE
m791#791,SAFETY_LIMITED,37.5000,1.0000,180000.0000,180.0000,60.0000,30.0000,35.0000,0.0100,FAIL,0.2372,0.1363,0.2404,0.4879,-1,0,0,FAIL,0.3689,0.1690,0.3410,0.6525,-1,0,0,FAIL,0.3689,0.1690,0.3410,0.6525,-1,0,0,STARTUP_OVERSHOOT
m795#795,SAFETY_LIMITED,32.5000,1.0000,180000.0000,180.0000,120.0000,8.0000,20.0000,0.1000,FAIL,-1.2322,2.2966,3.1038,1.8969,-1,0,0,FAIL,-0.0480,0.7126,1.2541,1.0977,-1,0,0,FAIL,-0.0801,0.6762,1.2991,1.2127,-1,0,0,STEADY_MAE
m799#799,SAFETY_LIMITED,37.5000,1.0000,180000.0000,180.0000,120.0000,8.0000,35.0000,0.0100,FAIL,-0.0116,0.2217,0.3796,0.3836,-1,0,0,FAIL,-0.0088,0.2192,0.3767,0.3873,-1,0,0,FAIL,-0.0088,0.2192,0.3767,0.3873,-1,0,0,LEARNER_LOW_CONFIDENCE
m803#803,REACHABLE,32.5000,1.0000,180000.0000,300.0000,0.0000,3.0000,20.0000,0.1000,FAIL,-0.1280,0.3306,0.5681,0.4828,-1,0,0,PASS,0.0529,0.0031,0.0049,0.0058,2630,0,0,PASS,0.0529,0.0031,0.0049,0.0058,2630,0,0,
m807#807,REACHABLE,37.5000,1.0000,180000.0000,300.0000,0.0000,3.0000,35.0000,0.0100,PASS,-0.0730,0.0802,0.0857,0.0158,636,0,0,PASS,-0.0730,0.0802,0.0857,0.0158,636,0,0,PASS,-0.0730,0.0802,0.0857,0.0158,636,0,0,
m811#811,SAFETY_LIMITED,32.5000,1.0000,180000.0000,300.0000,15.0000,30.0000,20.0000,0.1000,FAIL,-1.8216,2.0037,2.1785,0.3752,-1,0,0,PASS,0.0884,0.0606,0.1207,0.2202,1431,0,0,PASS,0.0884,0.0606,0.1207,0.2202,1431,0,0,
m815#815,SAFETY_LIMITED,37.5000,1.0000,180000.0000,300.0000,15.0000,30.0000,35.0000,0.0100,FAIL,0.0913,0.1334,0.2692,0.3570,-1,0,0,FAIL,0.0913,0.0988,0.1964,0.2824,-1,0,0,FAIL,0.0913,0.0988,0.1964,0.2824,-1,0,0,SETTLING_TIMEOUT
m819#819,SAFETY_LIMITED,32.5000,1.0000,180000.0000,300.0000,30.0000,8.0000,20.0000,0.1000,FAIL,-1.6134,2.0962,2.5005,0.9190,-1,0,0,FAIL,0.0121,0.1155,0.2945,0.3528,-1,0,0,FAIL,0.0121,0.1155,0.2945,0.3528,-1,0,0,STEADY_MAE
m823#823,SAFETY_LIMITED,37.5000,1.0000,180000.0000,300.0000,30.0000,8.0000,35.0000,0.0100,FAIL,0.1164,0.1535,0.2842,0.4042,-1,0,0,FAIL,0.1195,0.1463,0.2665,0.3660,-1,0,0,FAIL,0.1195,0.1463,0.2665,0.3660,-1,0,0,LEARNER_LOW_CONFIDENCE
m827#827,SAFETY_LIMITED,32.5000,1.0000,180000.0000,300.0000,60.0000,3.0000,20.0000,0.1000,FAIL,-1.8237,2.4465,3.1936,1.4035,-1,0,0,FAIL,0.0037,0.2660,0.4719,0.4469,-1,0,0,FAIL,0.0012,0.2747,0.4674,0.4066,-1,0,0,STEADY_MAE
m831#831,SAFETY_LIMITED,37.5000,1.0000,180000.0000,300.0000,60.0000,3.0000,35.0000,0.0100,FAIL,0.1516,0.1916,0.3745,0.4995,-1,0,0,FAIL,0.1516,0.1916,0.3745,0.4995,-1,0,0,FAIL,0.1516,0.1916,0.3745,0.4995,-1,0,0,LEARNER_LOW_CONFIDENCE
m835#835,SAFETY_LIMITED,32.5000,1.0000,180000.0000,300.0000,120.0000,30.0000,20.0000,0.1000,FAIL,-3.0713,3.7559,4.6504,1.6318,-1,0,0,FAIL,-0.7106,1.8323,2.7676,1.8656,-1,0,0,FAIL,-0.6106,2.0733,2.9971,1.7870,-1,0,0,STEADY_MAE
m839#839,SAFETY_LIMITED,37.5000,1.0000,180000.0000,300.0000,120.0000,30.0000,35.0000,0.0100,FAIL,-0.4749,0.6383,0.8061,0.3496,-1,0,0,FAIL,-0.4649,0.6308,0.8037,0.3745,-1,0,0,FAIL,-0.4649,0.6308,0.8037,0.3745,-1,0,0,LEARNER_LOW_CONFIDENCE
m843#843,REACHABLE,32.5000,1.0000,600000.0000,120.0000,0.0000,8.0000,20.0000,0.1000,FAIL,-0.0359,0.1184,0.1589,0.1223,-1,0,0,PASS,0.0558,0.0277,0.0485,0.1012,1608,0,0,PASS,0.0558,0.0277,0.0485,0.1012,1608,0,0,
m847#847,REACHABLE,37.5000,1.0000,600000.0000,120.0000,0.0000,8.0000,35.0000,0.0100,PASS,0.0165,0.0020,0.0043,0.0075,886,0,0,PASS,0.0165,0.0020,0.0043,0.0075,886,0,0,PASS,0.0165,0.0020,0.0043,0.0075,886,0,0,
m851#851,REACHABLE,32.5000,1.0000,600000.0000,120.0000,15.0000,3.0000,20.0000,0.1000,FAIL,-0.0876,0.2056,0.2877,0.1995,-1,0,0,PASS,0.0668,0.0308,0.0509,0.1120,1076,0,0,PASS,0.0665,0.0160,0.0335,0.0386,1076,0,0,
m855#855,REACHABLE,37.5000,1.0000,600000.0000,120.0000,15.0000,3.0000,35.0000,0.0100,PASS,0.0235,0.0191,0.0351,0.0613,900,0,0,PASS,0.0235,0.0191,0.0351,0.0613,900,0,0,PASS,0.0235,0.0191,0.0351,0.0613,900,0,0,
m859#859,REACHABLE,32.5000,1.0000,600000.0000,120.0000,30.0000,30.0000,20.0000,0.1000,FAIL,0.0242,0.1493,0.2487,0.2692,-1,0,0,PASS,0.0119,0.0545,0.1055,0.1229,2857,0,0,PASS,0.0101,0.0547,0.1047,0.1168,1983,0,0,
m863#863,REACHABLE,37.5000,1.0000,600000.0000,120.0000,30.0000,30.0000,35.0000,0.0100,PASS,-0.0374,0.0949,0.1327,0.0891,1156,0,0,PASS,-0.0142,0.0917,0.1296,0.0823,1156,0,0,PASS,-0.0142,0.0917,0.1296,0.0823,1156,0,0,
m867#867,REACHABLE,32.5000,1.0000,600000.0000,120.0000,60.0000,8.0000,20.0000,0.1000,FAIL,0.0846,0.2210,0.3741,0.3705,-1,0,0,PASS,0.0763,0.0203,0.0229,0.0055,1938,0,0,PASS,0.0810,0.0322,0.0629,0.1480,2002,0,0,
m871#871,REACHABLE,37.5000,1.0000,600000.0000,120.0000,60.0000,8.0000,35.0000,0.0100,PASS,0.1134,0.0406,0.0543,0.0413,1130,0,0,PASS,0.1134,0.0106,0.0244,0.0322,1130,0,0,PASS,0.1134,0.0108,0.0235,0.0302,1130,0,0,
m875#875,SAFETY_LIMITED,32.5000,1.0000,600000.0000,120.0000,120.0000,3.0000,20.0000,0.1000,FAIL,-0.1647,0.4006,0.5755,0.4135,-1,0,0,PASS,0.0049,0.0738,0.0752,0.0033,5718,0,0,PASS,0.0072,0.0786,0.1395,0.1189,6553,0,0,
m879#879,SAFETY_LIMITED,37.5000,1.0000,600000.0000,120.0000,120.0000,3.0000,35.0000,0.0100,FAIL,0.1756,0.2380,0.2737,0.0870,-1,0,0,PASS,0.1756,0.0229,0.0263,0.0134,3211,0,0,PASS,0.1756,0.0241,0.0272,0.0113,3211,0,0,
m883#883,REACHABLE,32.5000,1.0000,600000.0000,180.0000,0.0000,30.0000,20.0000,0.1000,FAIL,-0.1134,0.1538,0.1738,0.0466,-1,0,0,PASS,0.1512,0.0362,0.0743,0.1582,8312,0,0,PASS,0.0584,0.0360,0.0406,0.0095,1700,0,0,
m887#887,REACHABLE,37.5000,1.0000,600000.0000,180.0000,0.0000,30.0000,35.0000,0.0100,PASS,0.0208,0.0225,0.0442,0.0693,978,0,0,PASS,0.0213,0.0221,0.0448,0.0706,978,0,0,PASS,0.0213,0.0221,0.0448,0.0706,978,0,0,
m891#891,REACHABLE,32.5000,1.0000,600000.0000,180.0000,15.0000,8.0000,20.0000,0.1000,FAIL,-0.0931,0.1937,0.2640,0.1739,-1,0,0,PASS,0.0650,0.0349,0.0388,0.0079,1346,0,0,PASS,0.0645,0.0444,0.0471,0.0066,1346,0,0,
m895#895,REACHABLE,37.5000,1.0000,600000.0000,180.0000,15.0000,8.0000,35.0000,0.0100,PASS,0.0179,0.0309,0.0583,0.0775,953,0,0,PASS,0.0207,0.0300,0.0581,0.0777,953,0,0,PASS,0.0207,0.0300,0.0581,0.0777,953,0,0,
m899#899,REACHABLE,32.5000,1.0000,600000.0000,180.0000,30.0000,3.0000,20.0000,0.1000,FAIL,-0.1100,0.2740,0.3907,0.2841,-1,0,0,PASS,0.0754,0.0369,0.0428,0.0162,1482,0,0,PASS,0.0754,0.0369,0.0428,0.0162,1482,0,0,
m903#903,REACHABLE,37.5000,1.0000,600000.0000,180.0000,30.0000,3.0000,35.0000,0.0100,PASS,0.0208,0.0357,0.0656,0.0854,992,0,0,PASS,0.0214,0.0352,0.0653,0.0885,992,0,0,PASS,0.0214,0.0352,0.0653,0.0885,992,0,0,
m907#907,REACHABLE,32.5000,1.0000,600000.0000,180.0000,60.0000,30.0000,20.0000,0.1000,FAIL,0.0861,0.2735,0.5515,0.6437,-1,0,0,PASS,0.2183,0.0241,0.0727,0.1402,5022,0,0,FAIL,0.3014,0.0417,0.0752,0.1132,3671,0,0,STARTUP_OVERSHOOT
m911#911,REACHABLE,37.5000,1.0000,600000.0000,180.0000,60.0000,30.0000,35.0000,0.0100,PASS,0.0756,0.0810,0.1067,0.0759,6009,0,0,PASS,0.0756,0.0140,0.0423,0.0578,1442,0,0,PASS,0.0756,0.0140,0.0423,0.0578,1442,0,0,
m915#915,SAFETY_LIMITED,32.5000,1.0000,600000.0000,180.0000,120.0000,8.0000,20.0000,0.1000,FAIL,-0.1437,0.3626,0.5482,0.4085,-1,0,0,PASS,0.0852,0.0393,0.0758,0.1581,3646,0,0,PASS,0.0877,0.0347,0.0759,0.1573,4198,0,0,
m919#919,SAFETY_LIMITED,37.5000,1.0000,600000.0000,180.0000,120.0000,8.0000,35.0000,0.0100,FAIL,0.0123,0.1587,0.1981,0.1110,-1,0,0,PASS,0.0123,0.0971,0.1293,0.0626,2450,0,0,PASS,0.0123,0.0971,0.1293,0.0626,2450,0,0,
m923#923,REACHABLE,32.5000,1.0000,600000.0000,300.0000,0.0000,3.0000,20.0000,0.1000,FAIL,-0.1333,0.2475,0.3197,0.1880,-1,0,0,PASS,0.0548,0.0170,0.0323,0.0388,1923,0,0,PASS,0.0548,0.0170,0.0323,0.0388,1923,0,0,
m927#927,REACHABLE,37.5000,1.0000,600000.0000,300.0000,0.0000,3.0000,35.0000,0.0100,PASS,0.0116,0.0027,0.0047,0.0063,1011,0,0,PASS,0.0116,0.0027,0.0047,0.0063,1011,0,0,PASS,0.0116,0.0027,0.0047,0.0063,1011,0,0,
m931#931,REACHABLE,32.5000,1.0000,600000.0000,300.0000,15.0000,30.0000,20.0000,0.1000,FAIL,-0.1559,0.4357,0.6259,0.4371,-1,0,0,FAIL,-0.1023,0.4741,0.6276,0.3736,-1,0,0,FAIL,-0.0851,0.1390,0.1727,0.0784,-1,0,0,STEADY_MAE
m935#935,REACHABLE,37.5000,1.0000,600000.0000,300.0000,15.0000,30.0000,35.0000,0.0100,PASS,0.0081,0.0538,0.1051,0.1143,1084,0,0,PASS,0.0131,0.0365,0.0706,0.0833,1084,0,0,PASS,0.0131,0.0365,0.0706,0.0833,1084,0,0,
m939#939,REACHABLE,32.5000,1.0000,600000.0000,300.0000,30.0000,8.0000,20.0000,0.1000,FAIL,-0.1145,0.3938,0.5917,0.4838,-1,0,0,FAIL,-0.1157,0.5250,0.7259,0.5072,-1,0,0,PASS,0.0683,0.0174,0.0256,0.0206,1803,0,0,
m943#943,REACHABLE,37.5000,1.0000,600000.0000,300.0000,30.0000,8.0000,35.0000,0.0100,PASS,0.0122,0.0606,0.1107,0.1239,1094,0,0,PASS,0.0145,0.0500,0.0888,0.1054,1094,0,0,PASS,0.0145,0.0500,0.0888,0.1054,1094,0,0,
m947#947,REACHABLE,32.5000,1.0000,600000.0000,300.0000,60.0000,3.0000,20.0000,0.1000,FAIL,-0.1134,0.4857,0.7374,0.6306,-1,0,0,PASS,0.0781,0.0297,0.0675,0.1383,4302,0,0,PASS,0.0766,0.0315,0.0657,0.1396,2317,0,0,
m951#951,REACHABLE,37.5000,1.0000,600000.0000,300.0000,60.0000,3.0000,35.0000,0.0100,PASS,0.0691,0.0763,0.1404,0.2111,1268,0,0,PASS,0.0781,0.0258,0.0628,0.1090,1268,0,0,PASS,0.0781,0.0258,0.0628,0.1090,1268,0,0,
m955#955,SAFETY_LIMITED,32.5000,1.0000,600000.0000,300.0000,120.0000,30.0000,20.0000,0.1000,FAIL,-0.3989,0.6443,0.8983,0.4990,-1,0,0,FAIL,-1.0119,1.0363,1.0536,0.0366,-1,0,0,FAIL,-0.8759,1.0375,1.0579,0.0429,-1,0,0,STEADY_MAE
m959#959,SAFETY_LIMITED,37.5000,1.0000,600000.0000,300.0000,120.0000,30.0000,35.0000,0.0100,FAIL,0.0549,0.1160,0.2261,0.2451,-1,0,0,FAIL,0.2710,0.1031,0.1690,0.3497,-1,0,0,FAIL,0.2710,0.0970,0.1647,0.3447,-1,0,0,SETTLING_TIMEOUT
m963#963,REACHABLE,32.5000,1.0000,1600000.0000,120.0000,0.0000,8.0000,20.0000,0.1000,PASS,-0.0434,0.0777,0.0965,0.0546,4124,0,0,PASS,-0.0333,0.0475,0.0590,0.0253,2586,0,0,PASS,-0.0333,0.0472,0.0586,0.0256,2586,0,0,
m967#967,REACHABLE,37.5000,1.0000,1600000.0000,120.0000,0.0000,8.0000,35.0000,0.0100,PASS,0.0176,0.0033,0.0049,0.0051,1519,0,0,PASS,0.0176,0.0033,0.0049,0.0051,1519,0,0,PASS,0.0176,0.0033,0.0049,0.0051,1519,0,0,
m971#971,REACHABLE,32.5000,1.0000,1600000.0000,120.0000,15.0000,3.0000,20.0000,0.1000,FAIL,-0.1292,0.1534,0.1652,0.0349,-1,0,0,PASS,-0.0270,0.0528,0.0699,0.0437,2724,0,0,PASS,-0.0274,0.0529,0.0699,0.0438,2724,0,0,
m975#975,REACHABLE,37.5000,1.0000,1600000.0000,120.0000,15.0000,3.0000,35.0000,0.0100,PASS,-0.0619,0.0825,0.0986,0.0378,1578,0,0,PASS,-0.0619,0.0825,0.0986,0.0378,1578,0,0,PASS,-0.0619,0.0825,0.0986,0.0378,1578,0,0,
m979#979,REACHABLE,32.5000,1.0000,1600000.0000,120.0000,30.0000,30.0000,20.0000,0.1000,PASS,0.0134,0.0807,0.1421,0.1561,4821,0,0,PASS,-0.0200,0.0625,0.0898,0.0688,3197,0,0,PASS,-0.0208,0.0618,0.0898,0.0674,3197,0,0,
m983#983,REACHABLE,37.5000,1.0000,1600000.0000,120.0000,30.0000,30.0000,35.0000,0.0100,PASS,0.0126,0.0157,0.0288,0.0416,1641,0,0,PASS,0.0424,0.0209,0.0377,0.0654,1641,0,0,PASS,0.0424,0.0208,0.0374,0.0653,1641,0,0,
m987#987,REACHABLE,32.5000,1.0000,1600000.0000,120.0000,60.0000,8.0000,20.0000,0.1000,FAIL,-0.0326,0.1795,0.2380,0.2163,-1,0,0,FAIL,-0.0964,0.1459,0.1805,0.0841,-1,0,0,FAIL,-0.0945,0.1500,0.1817,0.0835,-1,0,0,STEADY_MAE
m991#991,REACHABLE,37.5000,1.0000,1600000.0000,120.0000,60.0000,8.0000,35.0000,0.0100,PASS,0.0142,0.0152,0.0309,0.0438,1793,0,0,PASS,0.0468,0.0185,0.0299,0.0612,1821,0,0,PASS,0.0468,0.0185,0.0299,0.0612,1821,0,0,
m995#995,REACHABLE,32.5000,1.0000,1600000.0000,120.0000,120.0000,3.0000,20.0000,0.1000,FAIL,0.0965,0.1059,0.2045,0.3027,-1,0,0,PASS,0.0085,0.0717,0.1058,0.0896,3948,0,0,PASS,-0.0122,0.0699,0.1045,0.0931,2999,0,0,
m999#999,REACHABLE,37.5000,1.0000,1600000.0000,120.0000,120.0000,3.0000,35.0000,0.0100,PASS,0.0277,0.0219,0.0411,0.0667,1963,0,0,PASS,0.1113,0.0155,0.0181,0.0078,1477,0,0,PASS,0.1113,0.0155,0.0181,0.0078,1477,0,0,
m1003#1003,REACHABLE,32.5000,1.0000,1600000.0000,180.0000,0.0000,30.0000,20.0000,0.1000,FAIL,-0.1353,0.1617,0.1817,0.0470,-1,0,0,PASS,-0.0375,0.0568,0.0677,0.0288,2960,0,0,PASS,-0.0395,0.0565,0.0675,0.0287,2960,0,0,
m1007#1007,REACHABLE,37.5000,1.0000,1600000.0000,180.0000,0.0000,30.0000,35.0000,0.0100,PASS,0.0105,0.0067,0.0110,0.0204,1601,0,0,PASS,0.0161,0.0065,0.0108,0.0200,1601,0,0,PASS,0.0161,0.0065,0.0108,0.0200,1601,0,0,
m1011#1011,REACHABLE,32.5000,1.0000,1600000.0000,180.0000,15.0000,8.0000,20.0000,0.1000,FAIL,-0.1132,0.1656,0.1902,0.0703,-1,0,0,PASS,-0.0210,0.0539,0.0771,0.0583,2744,0,0,PASS,-0.0212,0.0538,0.0774,0.0581,2744,0,0,
m1015#1015,REACHABLE,37.5000,1.0000,1600000.0000,180.0000,15.0000,8.0000,35.0000,0.0100,PASS,0.0104,0.0051,0.0084,0.0171,1586,0,0,PASS,0.0122,0.0052,0.0085,0.0174,1586,0,0,PASS,0.0122,0.0052,0.0085,0.0174,1586,0,0,
m1019#1019,REACHABLE,32.5000,1.0000,1600000.0000,180.0000,30.0000,3.0000,20.0000,0.1000,FAIL,-0.0906,0.1590,0.1902,0.0929,-1,0,0,PASS,-0.0177,0.0567,0.0862,0.0705,2818,0,0,PASS,-0.0177,0.0567,0.0862,0.0705,2818,0,0,
m1023#1023,REACHABLE,37.5000,1.0000,1600000.0000,180.0000,30.0000,3.0000,35.0000,0.0100,PASS,0.0112,0.0094,0.0169,0.0291,1618,0,0,PASS,0.0579,0.0241,0.0412,0.0767,1618,0,0,PASS,0.0579,0.0241,0.0412,0.0767,1618,0,0,
m1027#1027,REACHABLE,32.5000,1.0000,1600000.0000,180.0000,60.0000,30.0000,20.0000,0.1000,FAIL,0.0055,0.1355,0.2441,0.2511,-1,0,0,PASS,-0.0049,0.0842,0.1278,0.1271,8957,0,0,PASS,-0.0155,0.0847,0.1249,0.1082,4302,0,0,
m1031#1031,REACHABLE,37.5000,1.0000,1600000.0000,180.0000,60.0000,30.0000,35.0000,0.0100,FAIL,-0.0670,0.1023,0.1285,0.0618,1948,0,0,FAIL,0.0352,0.1147,0.1293,0.0390,1796,0,0,FAIL,0.0352,0.1147,0.1293,0.0390,1796,0,0,STEADY_MAE
m1035#1035,REACHABLE,32.5000,1.0000,1600000.0000,180.0000,120.0000,8.0000,20.0000,0.1000,FAIL,-0.0026,0.1732,0.2991,0.2956,-1,0,0,PASS,-0.0010,0.0584,0.1012,0.1029,5119,0,0,PASS,-0.0014,0.0725,0.1196,0.1116,4763,0,0,
m1039#1039,REACHABLE,37.5000,1.0000,1600000.0000,180.0000,120.0000,8.0000,35.0000,0.0100,PASS,0.0572,0.0333,0.0617,0.1015,1973,0,0,PASS,0.0603,0.0158,0.0183,0.0080,1979,0,0,PASS,0.0603,0.0158,0.0183,0.0080,1979,0,0,
m1043#1043,REACHABLE,32.5000,1.0000,1600000.0000,300.0000,0.0000,3.0000,20.0000,0.1000,FAIL,-0.2201,0.2769,0.3071,0.0886,-1,0,0,PASS,-0.0272,0.0438,0.0463,0.0071,2584,0,0,PASS,-0.0279,0.0393,0.0440,0.0098,2584,0,0,
m1047#1047,REACHABLE,37.5000,1.0000,1600000.0000,300.0000,0.0000,3.0000,35.0000,0.0100,PASS,0.0076,0.0044,0.0051,0.0021,1574,0,0,PASS,0.0076,0.0044,0.0051,0.0021,1574,0,0,PASS,0.0076,0.0044,0.0051,0.0021,1574,0,0,
m1051#1051,REACHABLE,32.5000,1.0000,1600000.0000,300.0000,15.0000,30.0000,20.0000,0.1000,FAIL,-0.2038,0.2503,0.2821,0.0779,-1,0,0,PASS,0.0595,0.0416,0.0474,0.0104,7215,0,0,FAIL,0.0675,0.1257,0.4178,0.4955,-1,0,0,STEADY_MAE
m1055#1055,REACHABLE,37.5000,1.0000,1600000.0000,300.0000,15.0000,30.0000,35.0000,0.0100,PASS,0.0006,0.0069,0.0106,0.0092,1708,0,0,PASS,0.0648,0.0337,0.0593,0.1077,1706,0,0,PASS,0.0648,0.0347,0.0592,0.1100,1706,0,0,
m1059#1059,REACHABLE,32.5000,1.0000,1600000.0000,300.0000,30.0000,8.0000,20.0000,0.1000,FAIL,-0.1732,0.2516,0.2970,0.1200,-1,0,0,PASS,0.0624,0.0440,0.0490,0.0136,4552,0,0,PASS,0.0652,0.0350,0.0508,0.0435,8151,0,0,
m1063#1063,REACHABLE,37.5000,1.0000,1600000.0000,300.0000,30.0000,8.0000,35.0000,0.0100,PASS,0.0019,0.0087,0.0132,0.0136,1680,0,0,PASS,0.0615,0.0351,0.0586,0.1087,1680,0,0,PASS,0.0615,0.0352,0.0587,0.1095,1680,0,0,
m1067#1067,REACHABLE,32.5000,1.0000,1600000.0000,300.0000,60.0000,3.0000,20.0000,0.1000,FAIL,-0.1831,0.3095,0.3826,0.2016,-1,0,0,PASS,0.0708,0.0304,0.0660,0.1477,3898,0,0,PASS,0.0706,0.0303,0.0623,0.1426,3785,0,0,
m1071#1071,REACHABLE,37.5000,1.0000,1600000.0000,300.0000,60.0000,3.0000,35.0000,0.0100,PASS,0.0042,0.0387,0.0718,0.0765,1711,0,0,PASS,0.0253,0.0045,0.0050,0.0028,1741,0,0,PASS,0.0253,0.0045,0.0050,0.0028,1741,0,0,
m1075#1075,REACHABLE,32.5000,1.0000,1600000.0000,300.0000,120.0000,30.0000,20.0000,0.1000,FAIL,-0.1976,0.3502,0.4720,0.2637,-1,0,0,PASS,0.0260,0.0511,0.0961,0.1260,6705,0,0,PASS,0.0161,0.0738,0.1374,0.1569,8243,0,0,
m1079#1079,REACHABLE,37.5000,1.0000,1600000.0000,300.0000,120.0000,30.0000,35.0000,0.0100,PASS,0.0786,0.0551,0.1082,0.1636,2058,0,0,PASS,0.0195,0.0038,0.0074,0.0121,1947,0,0,PASS,0.0195,0.0038,0.0074,0.0121,1947,0,0,
m1083#1083,REACHABLE,32.5000,1.2000,180000.0000,120.0000,0.0000,8.0000,20.0000,0.1000,FAIL,-0.1020,0.2217,0.3022,0.2056,-1,0,0,PASS,0.0698,0.0211,0.0463,0.1023,1964,0,0,PASS,0.0509,0.0190,0.0430,0.0772,1334,0,0,
m1087#1087,REACHABLE,37.5000,1.2000,180000.0000,120.0000,0.0000,8.0000,35.0000,0.0100,PASS,-0.0537,0.0793,0.0848,0.0134,381,0,0,PASS,-0.0537,0.0793,0.0848,0.0134,381,0,0,PASS,-0.0537,0.0793,0.0848,0.0134,381,0,0,
m1091#1091,REACHABLE,32.5000,1.2000,180000.0000,120.0000,15.0000,3.0000,20.0000,0.1000,FAIL,-0.3132,0.4644,0.5910,0.2873,-1,0,0,FAIL,-0.3103,0.4594,0.5852,0.2860,-1,0,0,FAIL,-0.3030,0.6688,0.8260,0.3484,-1,0,0,LEARNER_LOW_CONFIDENCE
m1095#1095,REACHABLE,37.5000,1.2000,180000.0000,120.0000,15.0000,3.0000,35.0000,0.0100,PASS,0.0352,0.0394,0.0815,0.1247,229,0,0,PASS,0.0352,0.0394,0.0815,0.1247,229,0,0,PASS,0.0352,0.0394,0.0815,0.1247,229,0,0,
m1099#1099,SAFETY_LIMITED,32.5000,1.2000,180000.0000,120.0000,30.0000,30.0000,20.0000,0.1000,FAIL,0.0413,0.3731,0.6262,0.5318,-1,0,0,PASS,-0.0076,0.1000,0.1294,0.1073,2697,0,0,PASS,-0.0076,0.1000,0.1294,0.1073,2697,0,0,
m1103#1103,SAFETY_LIMITED,37.5000,1.2000,180000.0000,120.0000,30.0000,30.0000,35.0000,0.0100,PASS,0.1668,0.0588,0.1174,0.2028,7847,0,0,PASS,0.1668,0.0588,0.1174,0.2028,7847,0,0,PASS,0.1668,0.0588,0.1174,0.2028,7847,0,0,
m1107#1107,SAFETY_LIMITED,32.5000,1.2000,180000.0000,120.0000,60.0000,8.0000,20.0000,0.1000,FAIL,-0.5865,0.8500,1.1537,0.5916,-1,0,0,PASS,0.0750,0.0393,0.1024,0.1874,1864,0,0,PASS,0.0574,0.0073,0.0088,0.0045,3351,0,0,
m1111#1111,SAFETY_LIMITED,37.5000,1.2000,180000.0000,120.0000,60.0000,8.0000,35.0000,0.0100,FAIL,0.3094,0.1055,0.2656,0.4506,-1,0,0,FAIL,0.3094,0.1055,0.2656,0.4506,-1,0,0,FAIL,0.3094,0.1055,0.2656,0.4506,-1,0,0,STARTUP_OVERSHOOT
m1115#1115,SAFETY_LIMITED,32.5000,1.2000,180000.0000,120.0000,120.0000,3.0000,20.0000,0.1000,FAIL,-0.7600,1.2957,1.8150,1.0939,-1,0,0,FAIL,-0.0285,0.2796,0.5114,0.4576,-1,0,0,FAIL,-0.0725,0.2776,0.5071,0.4414,-1,0,0,STEADY_MAE
m1119#1119,SAFETY_LIMITED,37.5000,1.2000,180000.0000,120.0000,120.0000,3.0000,35.0000,0.0100,FAIL,-0.0215,0.1285,0.2450,0.2403,-1,0,0,FAIL,-0.0215,0.1285,0.2450,0.2403,-1,0,0,FAIL,-0.0215,0.1285,0.2450,0.2403,-1,0,0,LEARNER_LOW_CONFIDENCE
m1123#1123,SAFETY_LIMITED,32.5000,1.2000,180000.0000,180.0000,0.0000,30.0000,20.0000,0.1000,FAIL,-0.0533,0.2794,0.4479,0.3913,-1,0,0,PASS,0.0583,0.0289,0.0466,0.1021,1413,0,0,PASS,0.0583,0.0289,0.0466,0.1021,1413,0,0,
m1127#1127,SAFETY_LIMITED,37.5000,1.2000,180000.0000,180.0000,0.0000,30.0000,35.0000,0.0100,PASS,0.0272,0.0462,0.0970,0.1242,382,0,0,PASS,0.0272,0.0462,0.0970,0.1242,382,0,0,PASS,0.0272,0.0462,0.0970,0.1242,382,0,0,
m1131#1131,REACHABLE,32.5000,1.2000,180000.0000,180.0000,15.0000,8.0000,20.0000,0.1000,FAIL,-0.7930,0.9657,1.1290,0.3340,-1,0,0,FAIL,-0.7930,1.0483,1.2290,0.4175,-1,0,0,FAIL,-0.7979,0.9655,1.1290,0.3340,-1,0,0,LEARNER_LOW_CONFIDENCE
m1135#1135,REACHABLE,37.5000,1.2000,180000.0000,180.0000,15.0000,8.0000,35.0000,0.0100,PASS,0.0445,0.0614,0.1200,0.1677,352,0,0,PASS,0.0445,0.0614,0.1200,0.1677,352,0,0,PASS,0.0445,0.0614,0.1200,0.1677,352,0,0,
m1139#1139,SAFETY_LIMITED,32.5000,1.2000,180000.0000,180.0000,30.0000,3.0000,20.0000,0.1000,FAIL,-0.9100,1.1785,1.4324,0.5488,-1,0,0,FAIL,-0.9175,1.3064,1.5586,0.5395,-1,0,0,FAIL,-0.8840,1.1852,1.4334,0.5488,-1,0,0,LEARNER_LOW_CONFIDENCE
m1143#1143,SAFETY_LIMITED,37.5000,1.2000,180000.0000,180.0000,30.0000,3.0000,35.0000,0.0100,FAIL,0.0405,0.1403,0.2371,0.2904,-1,0,0,FAIL,0.0405,0.1403,0.2371,0.2904,-1,0,0,FAIL,0.0405,0.1403,0.2371,0.2904,-1,0,0,LEARNER_LOW_CONFIDENCE
m1147#1147,SAFETY_LIMITED,32.5000,1.2000,180000.0000,180.0000,60.0000,30.0000,20.0000,0.1000,FAIL,-1.4286,1.7174,2.0022,0.5953,-1,0,0,FAIL,-0.0108,0.4523,0.8473,0.8494,-1,0,0,FAIL,-0.0185,0.4452,0.8571,0.8483,-1,0,0,STEADY_MAE
m1151#1151,SAFETY_LIMITED,37.5000,1.2000,180000.0000,180.0000,60.0000,30.0000,35.0000,0.0100,FAIL,0.2251,0.1200,0.2366,0.3977,-1,0,0,FAIL,0.2498,0.1188,0.2299,0.4939,-1,0,0,FAIL,0.2498,0.1244,0.2372,0.4946,-1,0,0,LEARNER_LOW_CONFIDENCE
m1155#1155,SAFETY_LIMITED,32.5000,1.2000,180000.0000,180.0000,120.0000,8.0000,20.0000,0.1000,FAIL,-1.0274,2.0885,2.7761,1.3992,-1,0,0,FAIL,-0.0961,0.7492,1.2609,0.9835,-1,0,0,FAIL,-0.1417,0.7981,1.4706,1.2649,-1,0,0,STEADY_MAE
m1159#1159,SAFETY_LIMITED,37.5000,1.2000,180000.0000,180.0000,120.0000,8.0000,35.0000,0.0100,FAIL,0.0751,0.1845,0.3469,0.3325,-1,0,0,FAIL,0.1594,0.3476,0.5134,0.3474,-1,0,0,FAIL,0.1594,0.3476,0.5134,0.3474,-1,0,0,LEARNER_LOW_CONFIDENCE
m1163#1163,REACHABLE,32.5000,1.2000,180000.0000,300.0000,0.0000,3.0000,20.0000,0.1000,FAIL,-0.1148,0.2911,0.4586,0.4341,-1,0,0,PASS,0.0548,0.0216,0.0425,0.0961,2353,0,0,PASS,0.0548,0.0216,0.0425,0.0961,2353,0,0,
m1167#1167,REACHABLE,37.5000,1.2000,180000.0000,300.0000,0.0000,3.0000,35.0000,0.0100,PASS,0.0162,0.0028,0.0063,0.0161,486,0,0,PASS,0.0162,0.0027,0.0067,0.0160,486,0,0,PASS,0.0162,0.0027,0.0067,0.0160,486,0,0,
m1171#1171,SAFETY_LIMITED,32.5000,1.2000,180000.0000,300.0000,15.0000,30.0000,20.0000,0.1000,FAIL,-0.0842,0.5429,0.8067,0.6308,-1,0,0,PASS,0.0936,0.0616,0.1267,0.2316,1254,0,0,PASS,0.0936,0.0616,0.1267,0.2316,1254,0,0,
m1175#1175,SAFETY_LIMITED,37.5000,1.2000,180000.0000,300.0000,15.0000,30.0000,35.0000,0.0100,FAIL,0.1046,0.1284,0.2515,0.3599,-1,0,0,FAIL,0.1046,0.1173,0.2314,0.3110,-1,0,0,FAIL,0.1046,0.1173,0.2314,0.3110,-1,0,0,LEARNER_LOW_CONFIDENCE
m1179#1179,SAFETY_LIMITED,32.5000,1.2000,180000.0000,300.0000,30.0000,8.0000,20.0000,0.1000,FAIL,-1.2105,1.8141,2.2782,1.0501,-1,0,0,FAIL,0.0898,0.0579,0.1485,0.3048,-1,0,0,PASS,0.0731,0.0520,0.0990,0.1105,6223,0,0,
m1183#1183,SAFETY_LIMITED,37.5000,1.2000,180000.0000,300.0000,30.0000,8.0000,35.0000,0.0100,FAIL,0.1356,0.1481,0.2719,0.3895,-1,0,0,FAIL,0.1356,0.1481,0.2719,0.3895,-1,0,0,FAIL,0.1356,0.1481,0.2719,0.3895,-1,0,0,LEARNER_LOW_CONFIDENCE
m1187#1187,SAFETY_LIMITED,32.5000,1.2000,180000.0000,300.0000,60.0000,3.0000,20.0000,0.1000,FAIL,-1.3918,2.0952,2.7872,1.4605,-1,0,0,FAIL,0.0074,0.6282,1.3075,1.3052,-1,0,0,FAIL,0.0073,0.1254,0.2550,0.2528,-1,0,0,STEADY_MAE
m1191#1191,SAFETY_LIMITED,37.5000,1.2000,180000.0000,300.0000,60.0000,3.0000,35.0000,0.0100,FAIL,0.1327,0.1954,0.3677,0.5058,-1,0,0,FAIL,0.1327,0.1954,0.3677,0.5058,-1,0,0,FAIL,0.1327,0.1954,0.3677,0.5058,-1,0,0,LEARNER_LOW_CONFIDENCE
m1195#1195,SAFETY_LIMITED,32.5000,1.2000,180000.0000,300.0000,120.0000,30.0000,20.0000,0.1000,FAIL,-2.3980,3.1858,4.0862,1.7761,-1,0,0,FAIL,-0.7122,1.6906,2.6156,1.7977,-1,0,0,FAIL,-0.4901,1.7213,2.6271,1.8108,-1,0,0,STEADY_MAE
m1199#1199,SAFETY_LIMITED,37.5000,1.2000,180000.0000,300.0000,120.0000,30.0000,35.0000,0.0100,FAIL,-0.3513,0.5555,0.7219,0.4078,-1,0,0,FAIL,-0.3513,0.5555,0.7219,0.4078,-1,0,0,FAIL,-0.3513,0.5555,0.7219,0.4078,-1,0,0,LEARNER_LOW_CONFIDENCE
m1203#1203,REACHABLE,32.5000,1.2000,600000.0000,120.0000,0.0000,8.0000,20.0000,0.1000,FAIL,-0.0337,0.1063,0.1509,0.1178,-1,0,0,PASS,0.0557,0.0067,0.0105,0.0090,1699,0,0,PASS,0.0557,0.0067,0.0105,0.0090,1699,0,0,
m1207#1207,REACHABLE,37.5000,1.2000,600000.0000,120.0000,0.0000,8.0000,35.0000,0.0100,PASS,0.0226,0.0024,0.0045,0.0107,765,0,0,PASS,0.0226,0.0024,0.0045,0.0107,765,0,0,PASS,0.0226,0.0024,0.0045,0.0107,765,0,0,
m1211#1211,REACHABLE,32.5000,1.2000,600000.0000,120.0000,15.0000,3.0000,20.0000,0.1000,FAIL,-0.1628,0.2753,0.3591,0.1976,-1,0,0,PASS,-0.0113,0.0373,0.0441,0.0142,1527,0,0,PASS,-0.0113,0.0373,0.0441,0.0142,1527,0,0,
m1215#1215,REACHABLE,37.5000,1.2000,600000.0000,120.0000,15.0000,3.0000,35.0000,0.0100,PASS,0.0256,0.0128,0.0215,0.0479,767,0,0,PASS,0.0256,0.0128,0.0215,0.0479,767,0,0,PASS,0.0256,0.0128,0.0215,0.0479,767,0,0,
m1219#1219,REACHABLE,32.5000,1.2000,600000.0000,120.0000,30.0000,30.0000,20.0000,0.1000,FAIL,0.0460,0.1227,0.2407,0.2887,-1,0,0,PASS,0.0148,0.0500,0.0998,0.1152,2486,0,0,PASS,0.0136,0.0476,0.0983,0.1191,2055,0,0,
m1223#1223,REACHABLE,37.5000,1.2000,600000.0000,120.0000,30.0000,30.0000,35.0000,0.0100,PASS,0.0453,0.0294,0.0521,0.0924,949,0,0,PASS,0.0648,0.0218,0.0478,0.0724,949,0,0,PASS,0.0648,0.0218,0.0478,0.0724,949,0,0,
m1227#1227,REACHABLE,32.5000,1.2000,600000.0000,120.0000,60.0000,8.0000,20.0000,0.1000,FAIL,0.1369,0.1987,0.3561,0.4969,-1,0,0,PASS,0.0823,0.0352,0.0369,0.0048,1579,0,0,PASS,0.0814,0.0108,0.0161,0.0126,1983,0,0,
m1231#1231,REACHABLE,37.5000,1.2000,600000.0000,120.0000,60.0000,8.0000,35.0000,0.0100,PASS,0.1016,0.0338,0.0602,0.0646,963,0,0,PASS,0.1016,0.0206,0.0398,0.0530,963,0,0,PASS,0.1016,0.0205,0.0423,0.0553,963,0,0,
m1235#1235,SAFETY_LIMITED,32.5000,1.2000,600000.0000,120.0000,120.0000,3.0000,20.0000,0.1000,FAIL,-0.0584,0.3031,0.4898,0.4361,-1,0,0,PASS,0.0822,0.0253,0.0646,0.1441,2793,0,0,PASS,0.0795,0.0330,0.0510,0.0806,3383,0,0,
m1239#1239,SAFETY_LIMITED,37.5000,1.2000,600000.0000,120.0000,120.0000,3.0000,35.0000,0.0100,PASS,0.0411,0.0444,0.0868,0.1319,1852,0,0,PASS,0.0429,0.0339,0.0818,0.1206,1852,0,0,PASS,0.0429,0.0339,0.0818,0.1206,1852,0,0,
m1243#1243,REACHABLE,32.5000,1.2000,600000.0000,180.0000,0.0000,30.0000,20.0000,0.1000,FAIL,-0.0326,0.1299,0.2299,0.1998,-1,0,0,PASS,0.0585,0.0346,0.0356,0.0034,1712,0,0,PASS,0.0568,0.0346,0.0350,0.0011,1712,0,0,
m1247#1247,REACHABLE,37.5000,1.2000,600000.0000,180.0000,0.0000,30.0000,35.0000,0.0100,PASS,0.0235,0.0261,0.0500,0.0738,902,0,0,PASS,0.0235,0.0261,0.0500,0.0738,902,0,0,PASS,0.0235,0.0261,0.0500,0.0738,902,0,0,
m1251#1251,REACHABLE,32.5000,1.2000,600000.0000,180.0000,15.0000,8.0000,20.0000,0.1000,FAIL,-0.0693,0.1667,0.2244,0.1595,-1,0,0,PASS,0.0697,0.0317,0.0321,0.0015,1244,0,0,PASS,0.0671,0.0149,0.0191,0.0102,1244,0,0,
m1255#1255,REACHABLE,37.5000,1.2000,600000.0000,180.0000,15.0000,8.0000,35.0000,0.0100,FAIL,-0.0589,0.1018,0.1332,0.0758,857,0,0,FAIL,-0.0589,0.1018,0.1332,0.0758,857,0,0,FAIL,-0.0589,0.1018,0.1332,0.0758,857,0,0,LEARNER_LOW_CONFIDENCE
m1259#1259,REACHABLE,32.5000,1.2000,600000.0000,180.0000,30.0000,3.0000,20.0000,0.1000,FAIL,-0.0905,0.2179,0.2977,0.2118,-1,0,0,PASS,0.0781,0.0346,0.0353,0.0023,1261,0,0,PASS,0.0781,0.0346,0.0353,0.0023,1261,0,0,
m1263#1263,REACHABLE,37.5000,1.2000,600000.0000,180.0000,30.0000,3.0000,35.0000,0.0100,PASS,0.0265,0.0332,0.0625,0.0923,893,0,0,PASS,0.0265,0.0332,0.0625,0.0923,893,0,0,PASS,0.0265,0.0332,0.0625,0.0923,893,0,0,
m1267#1267,REACHABLE,32.5000,1.2000,600000.0000,180.0000,60.0000,30.0000,20.0000,0.1000,FAIL,-0.0025,0.3317,0.6104,0.6016,-1,0,0,FAIL,0.3582,0.0975,0.1002,0.0311,5243,0,0,FAIL,0.1421,0.0922,0.1684,0.1805,-1,0,0,SETTLING_TIMEOUT
m1271#1271,REACHABLE,37.5000,1.2000,600000.0000,180.0000,60.0000,30.0000,35.0000,0.0100,PASS,0.1090,0.0529,0.0965,0.1789,1043,0,0,PASS,0.0814,0.0173,0.0473,0.0688,1043,0,0,PASS,0.0814,0.0173,0.0473,0.0688,1043,0,0,
m1275#1275,SAFETY_LIMITED,32.5000,1.2000,600000.0000,180.0000,120.0000,8.0000,20.0000,0.1000,FAIL,-0.1040,0.4187,0.6286,0.4365,-1,0,0,PASS,0.0790,0.0347,0.0740,0.1591,3803,0,0,PASS,0.0842,0.0460,0.0781,0.1656,4199,0,0,
m1279#1279,SAFETY_LIMITED,37.5000,1.2000,600000.0000,180.0000,120.0000,8.0000,35.0000,0.0100,FAIL,0.0938,0.1221,0.1620,0.1310,-1,0,0,PASS,0.0938,0.0978,0.1365,0.0843,2643,0,0,PASS,0.0938,0.0978,0.1365,0.0843,2643,0,0,
m1283#1283,REACHABLE,32.5000,1.2000,600000.0000,300.0000,0.0000,3.0000,20.0000,0.1000,FAIL,-0.1258,0.2367,0.3003,0.1759,-1,0,0,PASS,0.0545,0.0322,0.0483,0.0520,1458,0,0,PASS,0.0537,0.0168,0.0181,0.0043,1458,0,0,
m1287#1287,REACHABLE,37.5000,1.2000,600000.0000,300.0000,0.0000,3.0000,35.0000,0.0100,PASS,0.0161,0.0024,0.0049,0.0084,873,0,0,PASS,0.0161,0.0024,0.0049,0.0084,873,0,0,PASS,0.0161,0.0024,0.0049,0.0084,873,0,0,
m1291#1291,REACHABLE,32.5000,1.2000,600000.0000,300.0000,15.0000,30.0000,20.0000,0.1000,FAIL,-0.0742,0.3289,0.5256,0.4492,-1,0,0,FAIL,-0.1947,0.2519,0.2821,0.0694,-1,0,0,PASS,0.0747,0.0011,0.0020,0.0042,2140,0,0,
m1295#1295,REACHABLE,37.5000,1.2000,600000.0000,300.0000,15.0000,30.0000,35.0000,0.0100,PASS,0.0167,0.0515,0.1001,0.1171,1013,0,0,PASS,0.0188,0.0420,0.0780,0.0994,1013,0,0,PASS,0.0188,0.0420,0.0780,0.0994,1013,0,0,
m1299#1299,REACHABLE,32.5000,1.2000,600000.0000,300.0000,30.0000,8.0000,20.0000,0.1000,FAIL,-0.0840,0.3642,0.5599,0.4824,-1,0,0,PASS,0.0723,0.0270,0.0474,0.0512,7438,0,0,PASS,0.0734,0.0202,0.0502,0.1138,1660,0,0,
m1303#1303,REACHABLE,37.5000,1.2000,600000.0000,300.0000,30.0000,8.0000,35.0000,0.0100,PASS,0.0223,0.0590,0.1053,0.1289,926,0,0,PASS,0.0238,0.0481,0.0864,0.1116,926,0,0,PASS,0.0250,0.0481,0.0864,0.1116,926,0,0,
m1307#1307,REACHABLE,32.5000,1.2000,600000.0000,300.0000,60.0000,3.0000,20.0000,0.1000,FAIL,-0.0914,0.4449,0.7141,0.6298,-1,0,0,PASS,0.0800,0.0297,0.0637,0.1409,2007,0,0,PASS,0.0815,0.0284,0.0646,0.1434,2057,0,0,
m1311#1311,REACHABLE,37.5000,1.2000,600000.0000,300.0000,60.0000,3.0000,35.0000,0.0100,FAIL,0.0069,0.1285,0.2109,0.2168,-1,0,0,FAIL,0.0235,0.0899,0.1432,0.1126,-1,0,0,FAIL,0.0235,0.0899,0.1432,0.1126,-1,0,0,SETTLING_TIMEOUT
m1315#1315,SAFETY_LIMITED,32.5000,1.2000,600000.0000,300.0000,120.0000,30.0000,20.0000,0.1000,FAIL,-0.3061,0.6069,0.8690,0.6195,-1,0,0,FAIL,-0.6339,0.7523,0.7702,0.0376,-1,0,0,FAIL,-0.6610,1.1553,1.1798,0.0493,-1,0,0,STEADY_MAE
m1319#1319,SAFETY_LIMITED,37.5000,1.2000,600000.0000,300.0000,120.0000,30.0000,35.0000,0.0100,FAIL,-0.0104,0.1064,0.1946,0.1860,-1,0,0,PASS,0.1159,0.0326,0.1223,0.1622,5218,0,0,PASS,0.1159,0.0326,0.1223,0.1622,5218,0,0,
m1323#1323,REACHABLE,32.5000,1.2000,1600000.0000,120.0000,0.0000,8.0000,20.0000,0.1000,FAIL,-0.1221,0.1527,0.1680,0.0455,-1,0,0,FAIL,-0.1070,0.1257,0.1388,0.0294,2416,0,0,FAIL,-0.1215,0.1319,0.1371,0.0142,2416,0,0,STEADY_MAE
m1327#1327,REACHABLE,37.5000,1.2000,1600000.0000,120.0000,0.0000,8.0000,35.0000,0.0100,PASS,0.0209,0.0027,0.0047,0.0062,1360,0,0,PASS,0.0209,0.0027,0.0047,0.0062,1360,0,0,PASS,0.0209,0.0027,0.0047,0.0062,1360,0,0,
m1331#1331,REACHABLE,32.5000,1.2000,1600000.0000,120.0000,15.0000,3.0000,20.0000,0.1000,FAIL,-0.1278,0.1506,0.1616,0.0329,-1,0,0,PASS,-0.0215,0.0501,0.0698,0.0494,2344,0,0,PASS,-0.0215,0.0501,0.0698,0.0494,2344,0,0,
m1335#1335,REACHABLE,37.5000,1.2000,1600000.0000,120.0000,15.0000,3.0000,35.0000,0.0100,PASS,0.0186,0.0104,0.0173,0.0376,1379,0,0,PASS,0.0186,0.0104,0.0173,0.0376,1379,0,0,PASS,0.0186,0.0104,0.0173,0.0376,1379,0,0,
m1339#1339,REACHABLE,32.5000,1.2000,1600000.0000,120.0000,30.0000,30.0000,20.0000,0.1000,PASS,0.0183,0.0743,0.1327,0.1523,4232,0,0,PASS,-0.0201,0.0603,0.0879,0.0690,2805,0,0,PASS,-0.0201,0.0602,0.0874,0.0671,2805,0,0,
m1343#1343,REACHABLE,37.5000,1.2000,1600000.0000,120.0000,30.0000,30.0000,35.0000,0.0100,PASS,0.0164,0.0146,0.0248,0.0415,1495,0,0,PASS,0.0458,0.0144,0.0296,0.0350,1495,0,0,PASS,0.0458,0.0144,0.0296,0.0350,1495,0,0,
m1347#1347,REACHABLE,32.5000,1.2000,1600000.0000,120.0000,60.0000,8.0000,20.0000,0.1000,PASS,0.0633,0.0798,0.1457,0.2090,4771,0,0,PASS,-0.0170,0.0663,0.1014,0.0858,2927,0,0,PASS,-0.0086,0.0643,0.0999,0.0858,2980,0,0,
m1351#1351,REACHABLE,37.5000,1.2000,1600000.0000,120.0000,60.0000,8.0000,35.0000,0.0100,PASS,0.0196,0.0159,0.0292,0.0480,1505,0,0,PASS,0.0352,0.0153,0.0250,0.0240,1506,0,0,PASS,0.0352,0.0153,0.0250,0.0240,1506,0,0,
m1355#1355,REACHABLE,32.5000,1.2000,1600000.0000,120.0000,120.0000,3.0000,20.0000,0.1000,FAIL,0.1068,0.1045,0.1962,0.2964,-1,0,0,PASS,-0.0039,0.0689,0.1011,0.0914,3341,0,0,PASS,-0.0096,0.0630,0.1002,0.0920,2790,0,0,
m1359#1359,REACHABLE,37.5000,1.2000,1600000.0000,120.0000,120.0000,3.0000,35.0000,0.0100,FAIL,0.1136,0.2843,0.2949,0.0256,-1,0,0,PASS,0.0759,0.0149,0.0175,0.0072,1697,0,0,PASS,0.0759,0.0149,0.0175,0.0072,1697,0,0,
m1363#1363,REACHABLE,32.5000,1.2000,1600000.0000,180.0000,0.0000,30.0000,20.0000,0.1000,FAIL,-0.1184,0.1565,0.1714,0.0361,-1,0,0,PASS,-0.0367,0.0557,0.0682,0.0326,2518,0,0,PASS,-0.0370,0.0558,0.0680,0.0319,2518,0,0,
m1367#1367,REACHABLE,37.5000,1.2000,1600000.0000,180.0000,0.0000,30.0000,35.0000,0.0100,PASS,-0.0622,0.0841,0.1060,0.0442,1468,0,0,PASS,-0.0450,0.0800,0.1086,0.0638,1468,0,0,PASS,-0.0450,0.0800,0.1086,0.0638,1468,0,0,
m1371#1371,REACHABLE,32.5000,1.2000,1600000.0000,180.0000,15.0000,8.0000,20.0000,0.1000,FAIL,-0.1203,0.1589,0.1808,0.0614,-1,0,0,PASS,-0.0170,0.0528,0.0774,0.0633,2517,0,0,PASS,-0.0158,0.0525,0.0771,0.0630,2517,0,0,
m1375#1375,REACHABLE,37.5000,1.2000,1600000.0000,180.0000,15.0000,8.0000,35.0000,0.0100,PASS,0.0164,0.0134,0.0231,0.0404,1406,0,0,PASS,0.0164,0.0134,0.0231,0.0404,1406,0,0,PASS,0.0164,0.0134,0.0231,0.0404,1406,0,0,
m1379#1379,REACHABLE,32.5000,1.2000,1600000.0000,180.0000,30.0000,3.0000,20.0000,0.1000,FAIL,-0.1620,0.2311,0.2599,0.0830,-1,0,0,FAIL,-0.0974,0.1390,0.1704,0.0771,-1,0,0,FAIL,-0.0961,0.1370,0.1687,0.0747,-1,0,0,STEADY_MAE
m1383#1383,REACHABLE,37.5000,1.2000,1600000.0000,180.0000,30.0000,3.0000,35.0000,0.0100,PASS,0.0134,0.0082,0.0147,0.0271,1450,0,0,PASS,0.0602,0.0228,0.0390,0.0725,1450,0,0,PASS,0.0602,0.0229,0.0391,0.0732,1450,0,0,
m1387#1387,REACHABLE,32.5000,1.2000,1600000.0000,180.0000,60.0000,30.0000,20.0000,0.1000,FAIL,0.0134,0.1229,0.2319,0.2478,-1,0,0,PASS,-0.0130,0.0774,0.1245,0.1097,4950,0,0,PASS,-0.0094,0.0833,0.1259,0.1110,4220,0,0,
m1391#1391,REACHABLE,37.5000,1.2000,1600000.0000,180.0000,60.0000,30.0000,35.0000,0.0100,PASS,0.0233,0.0234,0.0477,0.0694,1728,0,0,PASS,0.0623,0.0302,0.0514,0.0479,1519,0,0,PASS,0.0623,0.0302,0.0514,0.0479,1519,0,0,
m1395#1395,REACHABLE,32.5000,1.2000,1600000.0000,180.0000,120.0000,8.0000,20.0000,0.1000,FAIL,0.1152,0.1541,0.2917,0.3141,-1,0,0,PASS,0.0070,0.0580,0.0991,0.1106,4310,0,0,PASS,0.0085,0.0731,0.1219,0.1224,4483,0,0,
m1399#1399,REACHABLE,37.5000,1.2000,1600000.0000,180.0000,120.0000,8.0000,35.0000,0.0100,PASS,0.1072,0.0397,0.0588,0.0466,1778,0,0,PASS,0.1029,0.0153,0.0176,0.0071,1441,0,0,PASS,0.1029,0.0153,0.0176,0.0071,1441,0,0,
m1403#1403,REACHABLE,32.5000,1.2000,1600000.0000,300.0000,0.0000,3.0000,20.0000,0.1000,FAIL,-0.1404,0.1823,0.2041,0.0654,-1,0,0,PASS,0.0531,0.0195,0.0262,0.0164,3113,0,0,PASS,0.0523,0.0164,0.0194,0.0073,2220,0,0,
m1407#1407,REACHABLE,37.5000,1.2000,1600000.0000,300.0000,0.0000,3.0000,35.0000,0.0100,PASS,0.0139,0.0025,0.0047,0.0086,1421,0,0,PASS,0.0139,0.0025,0.0047,0.0086,1421,0,0,PASS,0.0139,0.0025,0.0047,0.0086,1421,0,0,
m1411#1411,REACHABLE,32.5000,1.2000,1600000.0000,300.0000,15.0000,30.0000,20.0000,0.1000,FAIL,-0.0909,0.1804,0.2424,0.1522,-1,0,0,FAIL,0.0605,0.1249,0.3119,0.3799,-1,0,0,FAIL,-0.0164,0.1583,0.3288,0.3267,-1,0,0,STEADY_MAE
m1415#1415,REACHABLE,37.5000,1.2000,1600000.0000,300.0000,15.0000,30.0000,35.0000,0.0100,PASS,0.0090,0.0179,0.0347,0.0441,1525,0,0,PASS,0.0569,0.0348,0.0555,0.1103,1525,0,0,PASS,0.0569,0.0316,0.0557,0.1024,1525,0,0,
m1419#1419,REACHABLE,32.5000,1.2000,1600000.0000,300.0000,30.0000,8.0000,20.0000,0.1000,FAIL,-0.1778,0.2434,0.2796,0.1000,-1,0,0,PASS,0.0680,0.0291,0.0316,0.0057,4012,0,0,PASS,0.0658,0.0379,0.0418,0.0269,2945,0,0,
m1423#1423,REACHABLE,37.5000,1.2000,1600000.0000,300.0000,30.0000,8.0000,35.0000,0.0100,FAIL,-0.0721,0.1014,0.1260,0.0582,1646,0,0,PASS,-0.0229,0.0799,0.1325,0.1059,1646,0,0,PASS,-0.0229,0.0819,0.1325,0.1035,1646,0,0,
m1427#1427,REACHABLE,32.5000,1.2000,1600000.0000,300.0000,60.0000,3.0000,20.0000,0.1000,FAIL,-0.0429,0.2238,0.3241,0.2751,-1,0,0,PASS,0.0706,0.0257,0.0575,0.1350,3248,0,0,PASS,0.0704,0.0401,0.0498,0.0589,3224,0,0,
m1431#1431,REACHABLE,37.5000,1.2000,1600000.0000,300.0000,60.0000,3.0000,35.0000,0.0100,PASS,0.0128,0.0357,0.0681,0.0817,1532,0,0,PASS,0.0620,0.0031,0.0053,0.0129,1533,0,0,PASS,0.0620,0.0031,0.0053,0.0129,1533,0,0,
m1435#1435,REACHABLE,32.5000,1.2000,1600000.0000,300.0000,120.0000,30.0000,20.0000,0.1000,FAIL,-0.1524,0.3564,0.5054,0.3543,-1,0,0,FAIL,-0.5723,0.7483,0.8203,0.1903,-1,0,0,FAIL,-0.0460,0.1256,0.1787,0.1385,-1,0,0,STEADY_MAE
m1439#1439,REACHABLE,37.5000,1.2000,1600000.0000,300.0000,120.0000,30.0000,35.0000,0.0100,PASS,0.1011,0.0539,0.0968,0.0948,1920,0,0,PASS,0.0130,0.0043,0.0101,0.0197,2489,0,0,PASS,0.0129,0.0040,0.0075,0.0135,2489,0,0,
m1443#1443,REACHABLE,32.5000,1.5000,180000.0000,120.0000,0.0000,8.0000,20.0000,0.1000,FAIL,-0.0296,0.1326,0.2149,0.1928,-1,0,0,FAIL,-0.0241,0.1520,0.1597,0.0209,-1,0,0,FAIL,-0.0196,0.1452,0.1521,0.0196,-1,0,0,LEARNER_LOW_CONFIDENCE
m1447#1447,REACHABLE,37.5000,1.5000,180000.0000,120.0000,0.0000,8.0000,35.0000,0.0100,PASS,0.0214,0.0274,0.0597,0.0878,197,0,0,PASS,0.0214,0.0274,0.0597,0.0878,197,0,0,PASS,0.0214,0.0274,0.0597,0.0878,197,0,0,
m1451#1451,REACHABLE,32.5000,1.5000,180000.0000,120.0000,15.0000,3.0000,20.0000,0.1000,FAIL,-0.1896,0.3522,0.4787,0.3029,-1,0,0,FAIL,-0.1896,0.3522,0.4787,0.3029,-1,0,0,FAIL,-0.0085,0.2130,0.3576,0.3639,-1,0,0,LEARNER_LOW_CONFIDENCE
m1455#1455,REACHABLE,37.5000,1.5000,180000.0000,120.0000,15.0000,3.0000,35.0000,0.0100,PASS,0.0324,0.0390,0.0831,0.1239,136,0,0,PASS,0.0324,0.0390,0.0831,0.1239,136,0,0,PASS,0.0324,0.0390,0.0831,0.1239,136,0,0,
m1459#1459,SAFETY_LIMITED,32.5000,1.5000,180000.0000,120.0000,30.0000,30.0000,20.0000,0.1000,FAIL,0.0557,0.2740,0.5168,0.5374,-1,0,0,FAIL,0.0557,0.2740,0.5168,0.5374,-1,0,0,FAIL,0.0557,0.2740,0.5168,0.5374,-1,0,0,LEARNER_LOW_CONFIDENCE
m1463#1463,SAFETY_LIMITED,37.5000,1.5000,180000.0000,120.0000,30.0000,30.0000,35.0000,0.0100,FAIL,0.2223,0.0771,0.1856,0.3143,-1,0,0,FAIL,0.2223,0.0771,0.1856,0.3143,-1,0,0,FAIL,0.2223,0.0771,0.1856,0.3143,-1,0,0,SETTLING_TIMEOUT
m1467#1467,SAFETY_LIMITED,32.5000,1.5000,180000.0000,120.0000,60.0000,8.0000,20.0000,0.1000,FAIL,-0.3074,0.6078,0.9326,0.6596,-1,0,0,FAIL,-0.3074,0.6078,0.9326,0.6596,-1,0,0,FAIL,-0.4561,0.7559,1.1238,0.6890,-1,0,0,LEARNER_LOW_CONFIDENCE
m1471#1471,SAFETY_LIMITED,37.5000,1.5000,180000.0000,120.0000,60.0000,8.0000,35.0000,0.0100,FAIL,0.2543,0.0881,0.1514,0.3066,-1,0,0,FAIL,0.2543,0.0881,0.1514,0.3066,-1,0,0,FAIL,0.2543,0.0881,0.1514,0.3066,-1,0,0,SETTLING_TIMEOUT
m1475#1475,SAFETY_LIMITED,32.5000,1.5000,180000.0000,120.0000,120.0000,3.0000,20.0000,0.1000,FAIL,0.8820,0.5438,1.1626,1.4032,-1,0,0,FAIL,0.8820,0.2408,0.4259,0.3469,-1,0,0,FAIL,0.5050,0.5233,1.1626,1.5490,-1,0,0,STARTUP_OVERSHOOT
m1479#1479,SAFETY_LIMITED,37.5000,1.5000,180000.0000,120.0000,120.0000,3.0000,35.0000,0.0100,FAIL,0.2077,0.2110,0.3255,0.2247,-1,0,0,FAIL,0.2077,0.2110,0.3255,0.2247,-1,0,0,FAIL,0.2077,0.2110,0.3255,0.2247,-1,0,0,LEARNER_LOW_CONFIDENCE
m1483#1483,SAFETY_LIMITED,32.5000,1.5000,180000.0000,180.0000,0.0000,30.0000,20.0000,0.1000,FAIL,-0.0417,0.2401,0.4082,0.3780,-1,0,0,PASS,0.0568,0.0059,0.0091,0.0084,1461,0,0,PASS,0.0568,0.0059,0.0091,0.0084,1461,0,0,
m1487#1487,SAFETY_LIMITED,37.5000,1.5000,180000.0000,180.0000,0.0000,30.0000,35.0000,0.0100,PASS,0.0338,0.0447,0.0913,0.1234,296,0,0,PASS,0.0338,0.0447,0.0913,0.1234,296,0,0,PASS,0.0338,0.0447,0.0913,0.1234,296,0,0,
m1491#1491,SAFETY_LIMITED,32.5000,1.5000,180000.0000,180.0000,15.0000,8.0000,20.0000,0.1000,FAIL,-0.5289,0.7057,0.8761,0.3493,-1,0,0,FAIL,-0.5289,0.7057,0.8761,0.3493,-1,0,0,FAIL,-0.6201,0.8692,1.0876,0.4898,-1,0,0,LEARNER_LOW_CONFIDENCE
m1495#1495,SAFETY_LIMITED,37.5000,1.5000,180000.0000,180.0000,15.0000,8.0000,35.0000,0.0100,PASS,0.0661,0.0596,0.1160,0.1884,251,0,0,PASS,0.0661,0.0596,0.1160,0.1884,251,0,0,PASS,0.0661,0.0596,0.1160,0.1884,251,0,0,
m1499#1499,SAFETY_LIMITED,32.5000,1.5000,180000.0000,180.0000,30.0000,3.0000,20.0000,0.1000,FAIL,-0.1161,0.7241,0.9915,0.6079,-1,0,0,FAIL,-0.1161,0.7241,0.9915,0.6079,-1,0,0,FAIL,-0.6099,0.9570,1.2842,0.7067,-1,0,0,LEARNER_LOW_CONFIDENCE
m1503#1503,SAFETY_LIMITED,37.5000,1.5000,180000.0000,180.0000,30.0000,3.0000,35.0000,0.0100,FAIL,0.2320,0.0858,0.1561,0.3574,-1,0,0,FAIL,0.2320,0.0858,0.1561,0.3574,-1,0,0,FAIL,0.2320,0.0858,0.1561,0.3574,-1,0,0,SETTLING_TIMEOUT
m1507#1507,SAFETY_LIMITED,32.5000,1.5000,180000.0000,180.0000,60.0000,30.0000,20.0000,0.1000,FAIL,-0.9219,1.2274,1.5650,0.6824,-1,0,0,FAIL,0.8616,1.2373,1.5734,0.7345,-1,0,0,FAIL,-0.4644,1.0312,1.4164,0.8546,-1,0,0,LEARNER_LOW_CONFIDENCE
m1511#1511,SAFETY_LIMITED,37.5000,1.5000,180000.0000,180.0000,60.0000,30.0000,35.0000,0.0100,FAIL,0.3850,0.1183,0.2353,0.4498,-1,0,0,FAIL,0.3850,0.1183,0.2353,0.4498,-1,0,0,FAIL,0.3850,0.1183,0.2353,0.4498,-1,0,0,STARTUP_OVERSHOOT
m1515#1515,SAFETY_LIMITED,32.5000,1.5000,180000.0000,180.0000,120.0000,8.0000,20.0000,0.1000,FAIL,0.4992,1.5337,2.2592,1.4189,-1,0,0,FAIL,0.4992,0.3653,0.6181,0.4675,-1,0,0,FAIL,-0.0601,0.7415,1.3300,1.1534,-1,0,0,STEADY_MAE
m1519#1519,SAFETY_LIMITED,37.5000,1.5000,180000.0000,180.0000,120.0000,8.0000,35.0000,0.0100,FAIL,0.2210,0.1744,0.3490,0.3429,-1,0,0,FAIL,0.2210,0.1744,0.3490,0.3429,-1,0,0,FAIL,0.2210,0.1744,0.3490,0.3429,-1,0,0,LEARNER_LOW_CONFIDENCE
m1523#1523,REACHABLE,32.5000,1.5000,180000.0000,300.0000,0.0000,3.0000,20.0000,0.1000,FAIL,-0.1025,0.2675,0.4642,0.3989,-1,0,0,FAIL,-0.1208,0.2520,0.3696,0.2677,-1,0,0,FAIL,-0.1031,0.2860,0.4754,0.3936,-1,0,0,LEARNER_LOW_CONFIDENCE
m1527#1527,REACHABLE,37.5000,1.5000,180000.0000,300.0000,0.0000,3.0000,35.0000,0.0100,PASS,0.0120,0.0038,0.0083,0.0160,414,0,0,PASS,0.0119,0.0038,0.0082,0.0161,414,0,0,PASS,0.0119,0.0038,0.0082,0.0161,414,0,0,
m1531#1531,SAFETY_LIMITED,32.5000,1.5000,180000.0000,300.0000,15.0000,30.0000,20.0000,0.1000,FAIL,-0.2023,0.5624,0.8255,0.6358,-1,0,0,PASS,0.0823,0.0414,0.0893,0.1891,1480,0,0,PASS,0.0587,0.0182,0.0320,0.0292,2718,0,0,
m1535#1535,SAFETY_LIMITED,37.5000,1.5000,180000.0000,300.0000,15.0000,30.0000,35.0000,0.0100,FAIL,0.0644,0.1708,0.3145,0.3527,-1,0,0,FAIL,0.0644,0.1542,0.2878,0.3601,-1,0,0,FAIL,0.0644,0.1542,0.2878,0.3601,-1,0,0,LEARNER_LOW_CONFIDENCE
m1539#1539,SAFETY_LIMITED,32.5000,1.5000,180000.0000,300.0000,30.0000,8.0000,20.0000,0.1000,FAIL,-0.6221,1.5733,2.0960,1.2713,-1,0,0,FAIL,0.0892,0.0535,0.1411,0.2970,-1,0,0,PASS,0.0305,0.0131,0.0139,0.0026,3097,0,0,
m1543#1543,SAFETY_LIMITED,37.5000,1.5000,180000.0000,300.0000,30.0000,8.0000,35.0000,0.0100,FAIL,0.2211,0.1407,0.2555,0.4497,-1,0,0,FAIL,0.2799,0.1400,0.2549,0.5160,-1,0,0,FAIL,0.2799,0.1400,0.2549,0.5160,-1,0,0,LEARNER_LOW_CONFIDENCE
m1547#1547,SAFETY_LIMITED,32.5000,1.5000,180000.0000,300.0000,60.0000,3.0000,20.0000,0.1000,FAIL,-0.9171,1.8454,2.4041,1.5501,-1,0,0,FAIL,-0.2024,0.4672,0.7794,0.6004,-1,0,0,FAIL,-0.0844,0.8053,1.4083,1.2364,-1,0,0,STEADY_MAE
m1551#1551,SAFETY_LIMITED,37.5000,1.5000,180000.0000,300.0000,60.0000,3.0000,35.0000,0.0100,FAIL,0.3115,0.1896,0.3538,0.6047,-1,0,0,FAIL,0.3140,0.1793,0.3361,0.5618,-1,0,0,FAIL,0.3140,0.1793,0.3361,0.5618,-1,0,0,STARTUP_OVERSHOOT
m1555#1555,SAFETY_LIMITED,32.5000,1.5000,180000.0000,300.0000,120.0000,30.0000,20.0000,0.1000,FAIL,-0.8494,2.5984,3.6144,2.1819,-1,0,0,FAIL,-0.5156,1.5613,2.5033,1.9385,-1,0,0,FAIL,-0.8121,1.7685,2.6887,1.7636,-1,0,0,STEADY_MAE
m1559#1559,SAFETY_LIMITED,37.5000,1.5000,180000.0000,300.0000,120.0000,30.0000,35.0000,0.0100,FAIL,0.0016,0.3045,0.5244,0.5489,-1,0,0,FAIL,0.0016,0.3045,0.5244,0.5489,-1,0,0,FAIL,0.0016,0.3045,0.5244,0.5489,-1,0,0,LEARNER_LOW_CONFIDENCE
m1563#1563,REACHABLE,32.5000,1.5000,600000.0000,120.0000,0.0000,8.0000,20.0000,0.1000,PASS,-0.0341,0.0964,0.1301,0.0988,1664,0,0,PASS,0.0566,0.0336,0.0393,0.0135,1507,0,0,PASS,0.0566,0.0336,0.0393,0.0135,1507,0,0,
m1567#1567,REACHABLE,37.5000,1.5000,600000.0000,120.0000,0.0000,8.0000,35.0000,0.0100,PASS,0.0068,0.0019,0.0044,0.0113,645,0,0,PASS,0.0068,0.0019,0.0044,0.0113,645,0,0,PASS,0.0068,0.0019,0.0044,0.0113,645,0,0,
m1571#1571,REACHABLE,32.5000,1.5000,600000.0000,120.0000,15.0000,3.0000,20.0000,0.1000,FAIL,0.0044,0.1424,0.1674,0.0705,-1,0,0,PASS,0.0692,0.0273,0.0577,0.1253,1697,0,0,PASS,0.0692,0.0273,0.0577,0.1253,1697,0,0,
m1575#1575,REACHABLE,37.5000,1.5000,600000.0000,120.0000,15.0000,3.0000,35.0000,0.0100,PASS,0.0251,0.0127,0.0224,0.0491,683,0,0,PASS,0.0251,0.0127,0.0224,0.0491,683,0,0,PASS,0.0251,0.0127,0.0224,0.0491,683,0,0,
m1579#1579,REACHABLE,32.5000,1.5000,600000.0000,120.0000,30.0000,30.0000,20.0000,0.1000,FAIL,0.0697,0.1285,0.2941,0.3806,-1,0,0,PASS,0.0187,0.0473,0.1007,0.1274,2319,0,0,PASS,0.0169,0.0490,0.1018,0.1241,2319,0,0,
m1583#1583,REACHABLE,37.5000,1.5000,600000.0000,120.0000,30.0000,30.0000,35.0000,0.0100,PASS,0.0645,0.0300,0.0498,0.0977,782,0,0,PASS,0.0645,0.0279,0.0462,0.0919,782,0,0,PASS,0.0645,0.0279,0.0462,0.0919,782,0,0,
m1587#1587,REACHABLE,32.5000,1.5000,600000.0000,120.0000,60.0000,8.0000,20.0000,0.1000,FAIL,0.1196,0.1766,0.3384,0.4631,-1,0,0,PASS,0.0821,0.0446,0.0455,0.0033,1625,0,0,PASS,0.0834,0.0182,0.0220,0.0103,1864,0,0,
m1591#1591,REACHABLE,37.5000,1.5000,600000.0000,120.0000,60.0000,8.0000,35.0000,0.0100,FAIL,0.0293,0.1129,0.1371,0.0582,1704,0,0,PASS,0.0293,0.0969,0.1227,0.0587,1704,0,0,PASS,0.0293,0.0969,0.1227,0.0587,1704,0,0,
m1595#1595,SAFETY_LIMITED,32.5000,1.5000,600000.0000,120.0000,120.0000,3.0000,20.0000,0.1000,FAIL,-0.0537,0.3027,0.4775,0.4456,-1,0,0,PASS,0.0619,0.0332,0.0614,0.1258,2710,0,0,PASS,0.0665,0.0329,0.0623,0.1323,3776,0,0,
m1599#1599,SAFETY_LIMITED,37.5000,1.5000,600000.0000,120.0000,120.0000,3.0000,35.0000,0.0100,PASS,0.1163,0.0703,0.0961,0.0796,4281,0,0,FAIL,0.1163,0.1023,0.1333,0.0805,2764,0,0,FAIL,0.1163,0.1023,0.1333,0.0805,2764,0,0,LEARNER_LOW_CONFIDENCE
m1603#1603,REACHABLE,32.5000,1.5000,600000.0000,180.0000,0.0000,30.0000,20.0000,0.1000,FAIL,-0.1150,0.1941,0.2784,0.1648,-1,0,0,FAIL,-0.0218,0.1191,0.1291,0.0243,1829,0,0,PASS,-0.0199,0.0921,0.1161,0.0521,1803,0,0,
m1607#1607,REACHABLE,37.5000,1.5000,600000.0000,180.0000,0.0000,30.0000,35.0000,0.0100,PASS,0.0236,0.0235,0.0463,0.0732,786,0,0,PASS,0.0236,0.0235,0.0463,0.0732,786,0,0,PASS,0.0236,0.0235,0.0463,0.0732,786,0,0,
m1611#1611,REACHABLE,32.5000,1.5000,600000.0000,180.0000,15.0000,8.0000,20.0000,0.1000,FAIL,-0.0614,0.2127,0.3156,0.2575,-1,0,0,PASS,0.0696,0.0279,0.0337,0.0130,1015,0,0,PASS,0.0696,0.0279,0.0337,0.0130,1015,0,0,
m1615#1615,REACHABLE,37.5000,1.5000,600000.0000,180.0000,15.0000,8.0000,35.0000,0.0100,PASS,0.0248,0.0270,0.0515,0.0784,751,0,0,PASS,0.0248,0.0270,0.0515,0.0784,751,0,0,PASS,0.0248,0.0270,0.0515,0.0784,751,0,0,
m1619#1619,REACHABLE,32.5000,1.5000,600000.0000,180.0000,30.0000,3.0000,20.0000,0.1000,FAIL,-0.0153,0.2172,0.3466,0.3364,-1,0,0,PASS,0.0780,0.0142,0.0207,0.0136,1283,0,0,PASS,0.0822,0.0237,0.0304,0.0466,1283,0,0,
m1623#1623,REACHABLE,37.5000,1.5000,600000.0000,180.0000,30.0000,3.0000,35.0000,0.0100,PASS,0.0339,0.0309,0.0600,0.0970,773,0,0,PASS,0.0339,0.0309,0.0600,0.0970,773,0,0,PASS,0.0339,0.0309,0.0600,0.0970,773,0,0,
m1627#1627,SAFETY_LIMITED,32.5000,1.5000,600000.0000,180.0000,60.0000,30.0000,20.0000,0.1000,FAIL,0.0814,0.2464,0.5082,0.5854,-1,0,0,FAIL,0.3030,0.0287,0.0626,0.1487,2903,0,0,FAIL,0.4457,0.0064,0.0125,0.0204,5911,0,0,STARTUP_OVERSHOOT
m1631#1631,SAFETY_LIMITED,37.5000,1.5000,600000.0000,180.0000,60.0000,30.0000,35.0000,0.0100,PASS,0.1214,0.0530,0.0961,0.2068,869,0,0,PASS,0.1214,0.0252,0.0535,0.0631,869,0,0,PASS,0.1214,0.0252,0.0535,0.0631,869,0,0,
m1635#1635,SAFETY_LIMITED,32.5000,1.5000,600000.0000,180.0000,120.0000,8.0000,20.0000,0.1000,FAIL,-0.1164,0.4394,0.6775,0.5401,-1,0,0,PASS,0.0585,0.0335,0.0935,0.1618,3945,0,0,PASS,0.0673,0.0499,0.0989,0.1819,4972,0,0,
m1639#1639,SAFETY_LIMITED,37.5000,1.5000,600000.0000,180.0000,120.0000,8.0000,35.0000,0.0100,PASS,0.0665,0.0844,0.1266,0.1121,4362,0,0,PASS,0.0665,0.0565,0.0915,0.0812,1378,0,0,PASS,0.0665,0.0565,0.0915,0.0812,1378,0,0,
m1643#1643,REACHABLE,32.5000,1.5000,600000.0000,300.0000,0.0000,3.0000,20.0000,0.1000,FAIL,-0.1239,0.1967,0.2334,0.1119,-1,0,0,PASS,0.0520,0.0267,0.0292,0.0067,1794,0,0,PASS,0.0520,0.0267,0.0292,0.0067,1794,0,0,
m1647#1647,REACHABLE,37.5000,1.5000,600000.0000,300.0000,0.0000,3.0000,35.0000,0.0100,PASS,-0.0604,0.0797,0.0848,0.0127,764,0,0,PASS,-0.0604,0.0797,0.0848,0.0127,764,0,0,PASS,-0.0604,0.0797,0.0848,0.0127,764,0,0,
m1651#1651,REACHABLE,32.5000,1.5000,600000.0000,300.0000,15.0000,30.0000,20.0000,0.1000,FAIL,-0.0461,0.2900,0.4912,0.4484,-1,0,0,FAIL,-0.0273,0.3215,0.6261,0.5042,-1,0,0,PASS,0.0745,0.0311,0.0494,0.0423,1822,0,0,
m1655#1655,REACHABLE,37.5000,1.5000,600000.0000,300.0000,15.0000,30.0000,35.0000,0.0100,PASS,0.0299,0.0487,0.0944,0.1254,833,0,0,PASS,0.0299,0.0475,0.0938,0.1253,833,0,0,PASS,0.0299,0.0475,0.0938,0.1253,833,0,0,
m1659#1659,REACHABLE,32.5000,1.5000,600000.0000,300.0000,30.0000,8.0000,20.0000,0.1000,FAIL,-0.0779,0.3814,0.6000,0.5254,-1,0,0,FAIL,-0.0068,0.1211,0.1289,0.0734,2286,0,0,FAIL,-0.0068,0.1211,0.1289,0.0734,2286,0,0,STEADY_MAE
m1663#1663,REACHABLE,37.5000,1.5000,600000.0000,300.0000,30.0000,8.0000,35.0000,0.0100,PASS,0.0358,0.0534,0.0994,0.1349,915,0,0,PASS,0.0358,0.0517,0.0990,0.1349,915,0,0,PASS,0.0358,0.0517,0.0990,0.1349,915,0,0,
m1667#1667,REACHABLE,32.5000,1.5000,600000.0000,300.0000,60.0000,3.0000,20.0000,0.1000,FAIL,-0.1213,0.4434,0.6827,0.5635,-1,0,0,PASS,0.0814,0.0293,0.0650,0.1442,1822,0,0,PASS,0.0808,0.0298,0.0646,0.1417,1790,0,0,
m1671#1671,REACHABLE,37.5000,1.5000,600000.0000,300.0000,60.0000,3.0000,35.0000,0.0100,FAIL,0.1526,0.0713,0.1292,0.2518,1150,0,0,PASS,0.1526,0.0672,0.1266,0.2370,1150,0,0,PASS,0.1526,0.0672,0.1266,0.2370,1150,0,0,
m1675#1675,SAFETY_LIMITED,32.5000,1.5000,600000.0000,300.0000,120.0000,30.0000,20.0000,0.1000,FAIL,-0.2300,0.5903,0.8315,0.5384,-1,0,0,FAIL,-0.3014,0.7221,0.8984,0.3790,-1,0,0,FAIL,-0.9149,0.9390,0.9642,0.0509,-1,0,0,STEADY_MAE
m1679#1679,SAFETY_LIMITED,37.5000,1.5000,600000.0000,300.0000,120.0000,30.0000,35.0000,0.0100,FAIL,-0.0152,0.1083,0.1876,0.1784,-1,0,0,PASS,0.1631,0.0273,0.1216,0.1563,2219,0,0,PASS,0.1631,0.0273,0.1216,0.1563,2219,0,0,
m1683#1683,REACHABLE,32.5000,1.5000,1600000.0000,120.0000,0.0000,8.0000,20.0000,0.1000,PASS,-0.0394,0.0675,0.0803,0.0368,2856,0,0,PASS,-0.0213,0.0422,0.0587,0.0377,1831,0,0,PASS,-0.0213,0.0422,0.0587,0.0377,1831,0,0,
m1687#1687,REACHABLE,37.5000,1.5000,1600000.0000,120.0000,0.0000,8.0000,35.0000,0.0100,PASS,0.0246,0.0024,0.0037,0.0035,1205,0,0,PASS,0.0246,0.0024,0.0037,0.0035,1205,0,0,PASS,0.0246,0.0024,0.0037,0.0035,1205,0,0,
m1691#1691,REACHABLE,32.5000,1.5000,1600000.0000,120.0000,15.0000,3.0000,20.0000,0.1000,PASS,-0.0217,0.0693,0.0916,0.0647,2980,0,0,PASS,-0.0142,0.0462,0.0697,0.0578,1874,0,0,PASS,-0.0146,0.0464,0.0698,0.0574,1874,0,0,
m1695#1695,REACHABLE,37.5000,1.5000,1600000.0000,120.0000,15.0000,3.0000,35.0000,0.0100,PASS,0.0180,0.0107,0.0172,0.0362,1215,0,0,PASS,0.0179,0.0107,0.0172,0.0362,1215,0,0,PASS,0.0179,0.0107,0.0172,0.0362,1215,0,0,
m1699#1699,REACHABLE,32.5000,1.5000,1600000.0000,120.0000,30.0000,30.0000,20.0000,0.1000,PASS,0.0250,0.0625,0.1241,0.1504,3600,0,0,PASS,-0.0195,0.0588,0.0867,0.0663,2417,0,0,PASS,-0.0195,0.0588,0.0867,0.0663,2417,0,0,
m1703#1703,REACHABLE,37.5000,1.5000,1600000.0000,120.0000,30.0000,30.0000,35.0000,0.0100,PASS,-0.0602,0.0829,0.1028,0.0450,1314,0,0,PASS,-0.0368,0.0677,0.1018,0.0658,1314,0,0,PASS,-0.0368,0.0677,0.1018,0.0658,1314,0,0,
m1707#1707,REACHABLE,32.5000,1.5000,1600000.0000,120.0000,60.0000,8.0000,20.0000,0.1000,PASS,0.0768,0.0746,0.1370,0.2133,3937,0,0,PASS,-0.0108,0.0623,0.0998,0.0874,2576,0,0,PASS,-0.0098,0.0641,0.0992,0.0872,2523,0,0,
m1711#1711,REACHABLE,37.5000,1.5000,1600000.0000,120.0000,60.0000,8.0000,35.0000,0.0100,PASS,0.0366,0.0161,0.0283,0.0523,1303,0,0,PASS,0.0675,0.0205,0.0411,0.0696,1303,0,0,PASS,0.0675,0.0205,0.0411,0.0696,1303,0,0,
m1715#1715,REACHABLE,32.5000,1.5000,1600000.0000,120.0000,120.0000,3.0000,20.0000,0.1000,FAIL,0.1140,0.1822,0.2587,0.1979,-1,0,0,FAIL,-0.0677,0.1399,0.1779,0.0932,-1,0,0,FAIL,-0.0814,0.1420,0.1790,0.0938,-1,0,0,STEADY_MAE
m1719#1719,REACHABLE,37.5000,1.5000,1600000.0000,120.0000,120.0000,3.0000,35.0000,0.0100,FAIL,0.0983,0.1915,0.2061,0.0379,-1,0,0,PASS,0.0760,0.0175,0.0354,0.0600,1610,0,0,PASS,0.0760,0.0175,0.0354,0.0600,1610,0,0,
m1723#1723,REACHABLE,32.5000,1.5000,1600000.0000,180.0000,0.0000,30.0000,20.0000,0.1000,PASS,-0.0302,0.0918,0.1341,0.1062,3653,0,0,PASS,-0.0318,0.0542,0.0689,0.0385,2233,0,0,PASS,-0.0314,0.0540,0.0687,0.0383,2233,0,0,
m1727#1727,REACHABLE,37.5000,1.5000,1600000.0000,180.0000,0.0000,30.0000,35.0000,0.0100,PASS,0.0208,0.0147,0.0265,0.0479,1261,0,0,PASS,0.0333,0.0189,0.0323,0.0604,1261,0,0,PASS,0.0333,0.0189,0.0323,0.0604,1261,0,0,
m1731#1731,REACHABLE,32.5000,1.5000,1600000.0000,180.0000,15.0000,8.0000,20.0000,0.1000,FAIL,-0.1164,0.1516,0.1709,0.0534,-1,0,0,PASS,-0.0142,0.0532,0.0785,0.0656,2098,0,0,PASS,-0.0130,0.0514,0.0774,0.0665,2098,0,0,
m1735#1735,REACHABLE,37.5000,1.5000,1600000.0000,180.0000,15.0000,8.0000,35.0000,0.0100,PASS,0.0199,0.0137,0.0243,0.0465,1242,0,0,PASS,0.0342,0.0173,0.0289,0.0571,1242,0,0,PASS,0.0342,0.0173,0.0289,0.0571,1242,0,0,
m1739#1739,REACHABLE,32.5000,1.5000,1600000.0000,180.0000,30.0000,3.0000,20.0000,0.1000,FAIL,-0.0848,0.1450,0.1704,0.0733,-1,0,0,PASS,-0.0160,0.0576,0.0887,0.0753,2077,0,0,PASS,-0.0162,0.0584,0.0897,0.0784,2077,0,0,
m1743#1743,REACHABLE,37.5000,1.5000,1600000.0000,180.0000,30.0000,3.0000,35.0000,0.0100,PASS,0.0184,0.0163,0.0310,0.0515,1208,0,0,PASS,0.0427,0.0212,0.0384,0.0707,1208,0,0,PASS,0.0427,0.0212,0.0384,0.0707,1208,0,0,
m1747#1747,REACHABLE,32.5000,1.5000,1600000.0000,180.0000,60.0000,30.0000,20.0000,0.1000,FAIL,0.0675,0.1125,0.2211,0.2845,-1,0,0,PASS,0.2429,0.0777,0.1221,0.1114,4553,0,0,PASS,0.1387,0.0316,0.1087,0.1780,8788,0,0,
m1751#1751,REACHABLE,37.5000,1.5000,1600000.0000,180.0000,60.0000,30.0000,35.0000,0.0100,PASS,0.0314,0.0239,0.0451,0.0774,1498,0,0,PASS,0.2374,0.0831,0.0963,0.0309,5943,0,0,PASS,0.2374,0.0817,0.0946,0.0331,5939,0,0,
m1755#1755,REACHABLE,32.5000,1.5000,1600000.0000,180.0000,120.0000,8.0000,20.0000,0.1000,FAIL,0.1192,0.1550,0.2758,0.2737,-1,0,0,PASS,0.0151,0.0501,0.0897,0.1097,3681,0,0,PASS,0.0072,0.0607,0.1083,0.1201,3980,0,0,
m1759#1759,REACHABLE,37.5000,1.5000,1600000.0000,180.0000,120.0000,8.0000,35.0000,0.0100,FAIL,0.0847,0.3472,0.3673,0.0480,-1,0,0,PASS,-0.0880,0.0947,0.0969,0.0066,2423,0,0,PASS,-0.0813,0.0946,0.0968,0.0067,2423,0,0,
m1763#1763,REACHABLE,32.5000,1.5000,1600000.0000,300.0000,0.0000,3.0000,20.0000,0.1000,FAIL,-0.1344,0.1673,0.1815,0.0425,-1,0,0,PASS,0.0535,0.0396,0.0484,0.0207,2051,0,0,PASS,0.0535,0.0357,0.0400,0.0098,2051,0,0,
m1767#1767,REACHABLE,37.5000,1.5000,1600000.0000,300.0000,0.0000,3.0000,35.0000,0.0100,PASS,0.0162,0.0024,0.0049,0.0075,1250,0,0,PASS,0.0162,0.0009,0.0021,0.0048,1250,0,0,PASS,0.0162,0.0009,0.0021,0.0048,1250,0,0,
m1771#1771,REACHABLE,32.5000,1.5000,1600000.0000,300.0000,15.0000,30.0000,20.0000,0.1000,FAIL,-0.1700,0.2441,0.2935,0.1229,-1,0,0,FAIL,-0.0979,0.1359,0.1620,0.0584,-1,0,0,FAIL,-0.1026,0.1522,0.1853,0.0822,-1,0,0,STEADY_MAE
m1775#1775,REACHABLE,37.5000,1.5000,1600000.0000,300.0000,15.0000,30.0000,35.0000,0.0100,PASS,0.0136,0.0242,0.0499,0.0637,1328,0,0,PASS,0.0693,0.0270,0.0477,0.0806,1328,0,0,PASS,0.0693,0.0277,0.0499,0.0939,1328,0,0,
m1779#1779,REACHABLE,32.5000,1.5000,1600000.0000,300.0000,30.0000,8.0000,20.0000,0.1000,FAIL,-0.0617,0.1641,0.2247,0.1619,-1,0,0,PASS,-0.0132,0.0582,0.0959,0.0858,3788,0,0,PASS,-0.0034,0.0592,0.0974,0.0854,2751,0,0,
m1783#1783,REACHABLE,37.5000,1.5000,1600000.0000,300.0000,30.0000,8.0000,35.0000,0.0100,PASS,0.0114,0.0295,0.0529,0.0643,1264,0,0,PASS,0.0632,0.0291,0.0487,0.0960,1264,0,0,PASS,0.0632,0.0265,0.0458,0.0858,1264,0,0,
m1787#1787,REACHABLE,32.5000,1.5000,1600000.0000,300.0000,60.0000,3.0000,20.0000,0.1000,FAIL,-0.0451,0.2083,0.3030,0.2591,-1,0,0,PASS,0.0730,0.0347,0.0590,0.1391,2407,0,0,PASS,0.0733,0.0340,0.0445,0.0252,2394,0,0,
m1791#1791,REACHABLE,37.5000,1.5000,1600000.0000,300.0000,60.0000,3.0000,35.0000,0.0100,PASS,0.0203,0.0358,0.0641,0.0857,1319,0,0,PASS,0.0813,0.0232,0.0545,0.0978,1319,0,0,PASS,0.0813,0.0249,0.0546,0.0968,1319,0,0,
m1795#1795,REACHABLE,32.5000,1.5000,1600000.0000,300.0000,120.0000,30.0000,20.0000,0.1000,FAIL,0.0313,0.2454,0.4788,0.5195,-1,0,0,FAIL,-0.3720,0.6025,0.6743,0.3058,-1,0,0,PASS,0.0401,0.0384,0.0752,0.1163,6031,0,0,
m1799#1799,REACHABLE,37.5000,1.5000,1600000.0000,300.0000,120.0000,30.0000,35.0000,0.0100,FAIL,0.1472,0.6234,0.6392,0.0307,-1,0,0,PASS,0.0451,0.0376,0.0963,0.1350,1853,0,0,PASS,0.0516,0.0297,0.0912,0.1400,1853,0,0,
m1803#1803,REACHABLE,32.5000,2.0000,180000.0000,120.0000,0.0000,8.0000,20.0000,0.1000,FAIL,-0.1355,0.1507,0.1609,0.0309,-1,0,0,FAIL,-0.1357,0.1502,0.1596,0.0284,-1,0,0,FAIL,-0.0160,0.1312,0.1919,0.1803,-1,0,0,LEARNER_LOW_CONFIDENCE
m1807#1807,REACHABLE,37.5000,2.0000,180000.0000,120.0000,0.0000,8.0000,35.0000,0.0100,PASS,0.0145,0.0276,0.0609,0.0815,188,0,0,PASS,0.0145,0.0276,0.0609,0.0815,188,0,0,PASS,0.0145,0.0276,0.0609,0.0815,188,0,0,
m1811#1811,SAFETY_LIMITED,32.5000,2.0000,180000.0000,120.0000,15.0000,3.0000,20.0000,0.1000,FAIL,0.5737,0.2587,0.3914,0.3238,-1,0,0,FAIL,0.5737,0.2587,0.3914,0.3238,-1,0,0,FAIL,0.0197,0.2013,0.3365,0.3701,-1,0,0,LEARNER_LOW_CONFIDENCE
m1815#1815,SAFETY_LIMITED,37.5000,2.0000,180000.0000,120.0000,15.0000,3.0000,35.0000,0.0100,FAIL,0.5433,0.1044,0.1612,0.1475,-1,0,0,FAIL,0.5433,0.1044,0.1612,0.1475,-1,0,0,FAIL,0.5433,0.1044,0.1612,0.1475,-1,0,0,STARTUP_OVERSHOOT
m1819#1819,SAFETY_LIMITED,32.5000,2.0000,180000.0000,120.0000,30.0000,30.0000,20.0000,0.1000,FAIL,0.0282,0.2716,0.4826,0.4783,-1,0,0,FAIL,0.0282,0.2716,0.4826,0.4783,-1,0,0,FAIL,0.0256,0.2594,0.4763,0.4690,-1,0,0,LEARNER_LOW_CONFIDENCE
m1823#1823,SAFETY_LIMITED,37.5000,2.0000,180000.0000,120.0000,30.0000,30.0000,35.0000,0.0100,FAIL,0.9938,0.0568,0.1299,0.1430,1353,1,0,FAIL,0.9938,0.0568,0.1299,0.1430,1353,1,0,FAIL,0.9938,0.0568,0.1299,0.1430,1353,1,0,UNSAFE_TRUE_TEMP
m1827#1827,SAFETY_LIMITED,32.5000,2.0000,180000.0000,120.0000,60.0000,8.0000,20.0000,0.1000,FAIL,2.0155,0.4641,0.8105,0.7097,-1,0,0,FAIL,2.0155,0.4641,0.8105,0.7097,-1,0,0,FAIL,1.4955,0.6697,1.0074,0.7025,-1,0,0,STARTUP_OVERSHOOT
m1831#1831,SAFETY_LIMITED,37.5000,2.0000,180000.0000,120.0000,60.0000,8.0000,35.0000,0.0100,FAIL,1.1724,0.0669,0.1525,0.1928,-1,1,0,FAIL,1.1724,0.0669,0.1525,0.1928,-1,1,0,FAIL,1.1724,0.0669,0.1525,0.1928,-1,1,0,UNSAFE_TRUE_TEMP
m1835#1835,SAFETY_LIMITED,32.5000,2.0000,180000.0000,120.0000,120.0000,3.0000,20.0000,0.1000,FAIL,5.3427,0.4851,1.1349,1.6165,-1,0,0,FAIL,5.3427,0.1645,0.3411,0.3407,-1,0,0,FAIL,0.6028,0.4715,1.1368,1.5607,-1,0,0,STARTUP_OVERSHOOT
m1839#1839,SAFETY_LIMITED,37.5000,2.0000,180000.0000,120.0000,120.0000,3.0000,35.0000,0.0100,FAIL,1.2187,0.1141,0.2380,0.2452,-1,1,0,FAIL,1.2187,0.1141,0.2380,0.2452,-1,1,0,FAIL,1.2187,0.1141,0.2380,0.2452,-1,1,0,UNSAFE_TRUE_TEMP
m1843#1843,SAFETY_LIMITED,32.5000,2.0000,180000.0000,180.0000,0.0000,30.0000,20.0000,0.1000,FAIL,-0.0181,0.2095,0.3654,0.3521,-1,0,0,FAIL,0.0075,0.1720,0.3291,0.3404,-1,0,0,FAIL,0.0071,0.1738,0.3185,0.3388,-1,0,0,LEARNER_LOW_CONFIDENCE
m1847#1847,SAFETY_LIMITED,37.5000,2.0000,180000.0000,180.0000,0.0000,30.0000,35.0000,0.0100,PASS,0.0340,0.0403,0.0841,0.1199,189,0,0,PASS,0.0340,0.0403,0.0841,0.1199,189,0,0,PASS,0.0340,0.0403,0.0841,0.1199,189,0,0,
m1851#1851,SAFETY_LIMITED,32.5000,2.0000,180000.0000,180.0000,15.0000,8.0000,20.0000,0.1000,FAIL,0.3900,0.3960,0.5685,0.4185,-1,0,0,FAIL,0.3896,0.3954,0.5672,0.4192,-1,0,0,FAIL,-0.3572,0.6104,0.8202,0.5194,-1,0,0,LEARNER_LOW_CONFIDENCE
m1855#1855,SAFETY_LIMITED,37.5000,2.0000,180000.0000,180.0000,15.0000,8.0000,35.0000,0.0100,FAIL,0.7221,0.2542,0.3513,0.2621,-1,1,0,FAIL,0.7221,0.2542,0.3513,0.2621,-1,1,0,FAIL,0.7221,0.2542,0.3513,0.2621,-1,1,0,UNSAFE_TRUE_TEMP
m1859#1859,SAFETY_LIMITED,32.5000,2.0000,180000.0000,180.0000,30.0000,3.0000,20.0000,0.1000,FAIL,-0.0941,0.4408,0.7191,0.6165,-1,0,0,FAIL,-0.0439,0.4403,0.7504,0.7644,-1,0,0,FAIL,-0.4532,0.8459,1.1497,0.8152,-1,0,0,LEARNER_LOW_CONFIDENCE
m1863#1863,SAFETY_LIMITED,37.5000,2.0000,180000.0000,180.0000,30.0000,3.0000,35.0000,0.0100,FAIL,1.1426,0.1344,0.2203,0.1992,-1,1,0,FAIL,1.1426,0.1344,0.2203,0.1992,-1,1,0,FAIL,1.1426,0.1344,0.2203,0.1992,-1,1,0,UNSAFE_TRUE_TEMP
m1867#1867,SAFETY_LIMITED,32.5000,2.0000,180000.0000,180.0000,60.0000,30.0000,20.0000,0.1000,FAIL,1.8935,0.8045,1.1776,0.7283,-1,0,0,FAIL,1.8935,0.8041,1.1756,0.7287,-1,0,0,FAIL,1.4798,0.7963,1.1618,0.7121,-1,0,0,STARTUP_OVERSHOOT
m1871#1871,SAFETY_LIMITED,37.5000,2.0000,180000.0000,180.0000,60.0000,30.0000,35.0000,0.0100,FAIL,0.7983,0.1781,0.3002,0.2376,-1,1,0,FAIL,0.7983,0.1781,0.3002,0.2376,-1,1,0,FAIL,0.7983,0.1781,0.3002,0.2376,-1,1,0,UNSAFE_TRUE_TEMP
m1875#1875,SAFETY_LIMITED,32.5000,2.0000,180000.0000,180.0000,120.0000,8.0000,20.0000,0.1000,FAIL,4.8323,1.0237,1.7920,1.5745,-1,0,0,FAIL,4.8323,0.4030,0.6549,0.5118,-1,0,0,FAIL,-0.1765,1.0155,1.7932,1.5774,-1,0,0,LEARNER_LOW_CONFIDENCE
m1879#1879,SAFETY_LIMITED,37.5000,2.0000,180000.0000,180.0000,120.0000,8.0000,35.0000,0.0100,FAIL,1.1280,0.1683,0.3423,0.3390,-1,1,0,FAIL,1.1280,0.1683,0.3423,0.3390,-1,1,0,FAIL,1.1280,0.1683,0.3423,0.3390,-1,1,0,UNSAFE_TRUE_TEMP
m1883#1883,REACHABLE,32.5000,2.0000,180000.0000,300.0000,0.0000,3.0000,20.0000,0.1000,FAIL,-0.1942,0.3499,0.5216,0.3388,-1,0,0,FAIL,-0.1942,0.3499,0.5216,0.3388,-1,0,0,FAIL,-0.1870,0.3364,0.4457,0.2665,-1,0,0,LEARNER_LOW_CONFIDENCE
m1887#1887,REACHABLE,37.5000,2.0000,180000.0000,300.0000,0.0000,3.0000,35.0000,0.0100,PASS,0.0160,0.0062,0.0140,0.0269,285,0,0,PASS,0.0160,0.0062,0.0140,0.0269,285,0,0,PASS,0.0160,0.0062,0.0140,0.0269,285,0,0,
m1891#1891,SAFETY_LIMITED,32.5000,2.0000,180000.0000,300.0000,15.0000,30.0000,20.0000,0.1000,FAIL,-0.5928,1.0704,1.2266,0.3215,-1,0,0,FAIL,-0.5955,1.2031,1.4907,0.8269,-1,0,0,FAIL,0.0707,0.2074,1.0272,1.6415,-1,0,0,STEADY_MAE
m1895#1895,SAFETY_LIMITED,37.5000,2.0000,180000.0000,300.0000,15.0000,30.0000,35.0000,0.0100,FAIL,0.5476,0.1040,0.2122,0.3635,-1,0,0,FAIL,0.5476,0.1040,0.2122,0.3635,-1,0,0,FAIL,0.5476,0.1040,0.2122,0.3635,-1,0,0,STARTUP_OVERSHOOT
m1899#1899,SAFETY_LIMITED,32.5000,2.0000,180000.0000,300.0000,30.0000,8.0000,20.0000,0.1000,FAIL,-0.1432,1.1304,1.5181,0.8321,-1,0,0,FAIL,-0.1452,1.4892,1.9674,1.0465,-1,0,0,FAIL,-1.0436,1.4507,1.8710,0.8667,-1,0,0,LEARNER_LOW_CONFIDENCE
m1903#1903,SAFETY_LIMITED,37.5000,2.0000,180000.0000,300.0000,30.0000,8.0000,35.0000,0.0100,FAIL,1.0325,0.1943,0.3139,0.2587,-1,1,0,FAIL,1.0325,0.1943,0.3139,0.2587,-1,1,0,FAIL,1.0325,0.1943,0.3139,0.2587,-1,1,0,UNSAFE_TRUE_TEMP
m1907#1907,SAFETY_LIMITED,32.5000,2.0000,180000.0000,300.0000,60.0000,3.0000,20.0000,0.1000,FAIL,1.1395,1.2788,1.9430,1.6995,-1,0,0,FAIL,1.1395,0.6819,1.3537,1.3037,-1,0,0,FAIL,1.1838,0.7621,1.4629,1.3403,-1,0,0,STARTUP_OVERSHOOT
m1911#1911,SAFETY_LIMITED,37.5000,2.0000,180000.0000,300.0000,60.0000,3.0000,35.0000,0.0100,FAIL,1.1352,0.1886,0.3382,0.6381,-1,1,0,FAIL,1.1352,0.1886,0.3382,0.6381,-1,1,0,FAIL,1.1352,0.1886,0.3382,0.6381,-1,1,0,UNSAFE_TRUE_TEMP
m1915#1915,SAFETY_LIMITED,32.5000,2.0000,180000.0000,300.0000,120.0000,30.0000,20.0000,0.1000,FAIL,3.0341,1.9649,3.0157,2.1988,-1,0,0,FAIL,3.0341,1.5533,2.3949,1.6446,-1,0,0,FAIL,0.0020,1.3967,2.2908,1.6838,-1,0,0,STEADY_MAE
m1919#1919,SAFETY_LIMITED,37.5000,2.0000,180000.0000,300.0000,120.0000,30.0000,35.0000,0.0100,FAIL,0.7288,0.3356,0.5684,0.7137,-1,1,0,FAIL,0.7288,0.3356,0.5684,0.7137,-1,1,0,FAIL,0.7288,0.3356,0.5684,0.7137,-1,1,0,UNSAFE_TRUE_TEMP
m1923#1923,REACHABLE,32.5000,2.0000,600000.0000,120.0000,0.0000,8.0000,20.0000,0.1000,PASS,-0.0303,0.0810,0.1108,0.0834,1300,0,0,PASS,0.0526,0.0237,0.0476,0.1028,1293,0,0,PASS,0.0526,0.0237,0.0476,0.1028,1293,0,0,
m1927#1927,REACHABLE,37.5000,2.0000,600000.0000,120.0000,0.0000,8.0000,35.0000,0.0100,PASS,-0.0571,0.0797,0.0841,0.0116,563,0,0,PASS,-0.0571,0.0797,0.0841,0.0116,563,0,0,PASS,-0.0571,0.0797,0.0841,0.0116,563,0,0,
m1931#1931,REACHABLE,32.5000,2.0000,600000.0000,120.0000,15.0000,3.0000,20.0000,0.1000,PASS,0.0219,0.0866,0.1414,0.1663,1656,0,0,PASS,0.0640,0.0243,0.0487,0.1087,915,0,0,PASS,0.0640,0.0243,0.0487,0.1087,915,0,0,
m1935#1935,REACHABLE,37.5000,2.0000,600000.0000,120.0000,15.0000,3.0000,35.0000,0.0100,PASS,0.0322,0.0161,0.0307,0.0700,500,0,0,PASS,0.0322,0.0161,0.0307,0.0700,500,0,0,PASS,0.0322,0.0161,0.0307,0.0700,500,0,0,
m1939#1939,SAFETY_LIMITED,32.5000,2.0000,600000.0000,120.0000,30.0000,30.0000,20.0000,0.1000,FAIL,0.0156,0.1854,0.3563,0.3722,-1,0,0,FAIL,-0.0006,0.1034,0.1241,0.0438,3696,0,0,PASS,-0.0035,0.0670,0.1178,0.0923,3207,0,0,
m1943#1943,SAFETY_LIMITED,37.5000,2.0000,600000.0000,120.0000,30.0000,30.0000,35.0000,0.0100,PASS,0.1206,0.0580,0.0679,0.0195,704,0,0,PASS,0.1206,0.0580,0.0679,0.0195,704,0,0,PASS,0.1206,0.0580,0.0679,0.0195,704,0,0,
m1947#1947,SAFETY_LIMITED,32.5000,2.0000,600000.0000,120.0000,60.0000,8.0000,20.0000,0.1000,FAIL,0.2024,0.1667,0.3106,0.5020,-1,0,0,PASS,0.0806,0.0211,0.0253,0.0114,1159,0,0,PASS,0.0762,0.0263,0.0322,0.0144,1674,0,0,
m1951#1951,SAFETY_LIMITED,37.5000,2.0000,600000.0000,120.0000,60.0000,8.0000,35.0000,0.0100,PASS,0.1616,0.0282,0.0569,0.0793,828,0,0,PASS,0.1616,0.0282,0.0569,0.0793,828,0,0,PASS,0.1616,0.0282,0.0569,0.0793,828,0,0,
m1955#1955,SAFETY_LIMITED,32.5000,2.0000,600000.0000,120.0000,120.0000,3.0000,20.0000,0.1000,FAIL,-0.1619,0.3777,0.5201,0.3797,-1,0,0,PASS,0.0726,0.0459,0.0884,0.1746,2320,0,0,PASS,0.0692,0.0454,0.0815,0.1575,5061,0,0,
m1959#1959,SAFETY_LIMITED,37.5000,2.0000,600000.0000,120.0000,120.0000,3.0000,35.0000,0.0100,PASS,-0.0359,0.0727,0.1033,0.0737,2035,0,0,PASS,-0.0359,0.0727,0.1033,0.0737,2035,0,0,PASS,-0.0359,0.0727,0.1033,0.0737,2035,0,0,
m1963#1963,REACHABLE,32.5000,2.0000,600000.0000,180.0000,0.0000,30.0000,20.0000,0.1000,FAIL,-0.0337,0.1082,0.1755,0.1429,-1,0,0,PASS,0.0643,0.0391,0.0428,0.0094,1310,0,0,PASS,0.0638,0.0359,0.0404,0.0109,1310,0,0,
m1967#1967,REACHABLE,37.5000,2.0000,600000.0000,180.0000,0.0000,30.0000,35.0000,0.0100,PASS,0.0270,0.0224,0.0412,0.0692,637,0,0,PASS,0.0270,0.0224,0.0412,0.0692,637,0,0,PASS,0.0270,0.0224,0.0412,0.0692,637,0,0,
m1971#1971,REACHABLE,32.5000,2.0000,600000.0000,180.0000,15.0000,8.0000,20.0000,0.1000,FAIL,-0.0235,0.1829,0.2927,0.2727,-1,0,0,PASS,0.0803,0.0278,0.0499,0.1097,1249,0,0,PASS,0.0803,0.0278,0.0499,0.1097,1249,0,0,
m1975#1975,REACHABLE,37.5000,2.0000,600000.0000,180.0000,15.0000,8.0000,35.0000,0.0100,PASS,0.0268,0.0258,0.0493,0.0784,555,0,0,PASS,0.0268,0.0258,0.0493,0.0784,555,0,0,PASS,0.0268,0.0258,0.0493,0.0784,555,0,0,
m1979#1979,REACHABLE,32.5000,2.0000,600000.0000,180.0000,30.0000,3.0000,20.0000,0.1000,FAIL,0.0038,0.1856,0.3210,0.3300,-1,0,0,PASS,0.0785,0.0412,0.0450,0.0110,1065,0,0,PASS,0.0785,0.0412,0.0450,0.0110,1065,0,0,
m1983#1983,REACHABLE,37.5000,2.0000,600000.0000,180.0000,30.0000,3.0000,35.0000,0.0100,PASS,-0.0375,0.0973,0.1359,0.1035,619,0,0,PASS,-0.0375,0.0973,0.1359,0.1035,619,0,0,PASS,-0.0375,0.0973,0.1359,0.1035,619,0,0,
m1987#1987,SAFETY_LIMITED,32.5000,2.0000,600000.0000,180.0000,60.0000,30.0000,20.0000,0.1000,FAIL,0.0877,0.2305,0.4776,0.5727,-1,0,0,FAIL,0.5747,0.0072,0.0152,0.0181,6180,0,0,FAIL,0.6551,0.0221,0.0470,0.0854,6013,0,0,STARTUP_OVERSHOOT
m1991#1991,SAFETY_LIMITED,37.5000,2.0000,600000.0000,180.0000,60.0000,30.0000,35.0000,0.0100,PASS,0.1814,0.0481,0.0888,0.1689,983,0,0,PASS,0.1814,0.0481,0.0888,0.1689,983,0,0,PASS,0.1814,0.0481,0.0888,0.1689,983,0,0,
m1995#1995,SAFETY_LIMITED,32.5000,2.0000,600000.0000,180.0000,120.0000,8.0000,20.0000,0.1000,FAIL,-0.2212,0.5606,0.7768,0.5888,-1,0,0,FAIL,-0.0118,0.0846,0.1620,0.1473,-1,0,0,FAIL,-0.0108,0.1050,0.1830,0.1770,-1,0,0,STEADY_MAE
m1999#1999,SAFETY_LIMITED,37.5000,2.0000,600000.0000,180.0000,120.0000,8.0000,35.0000,0.0100,PASS,-0.0246,0.0959,0.1346,0.1085,4159,0,0,PASS,-0.0246,0.0959,0.1346,0.1085,4159,0,0,PASS,-0.0246,0.0959,0.1346,0.1085,4159,0,0,
m2003#2003,REACHABLE,32.5000,2.0000,600000.0000,300.0000,0.0000,3.0000,20.0000,0.1000,FAIL,-0.1179,0.1636,0.1804,0.0534,-1,0,0,PASS,0.0569,0.0266,0.0334,0.0183,1815,0,0,PASS,0.0569,0.0266,0.0334,0.0183,1815,0,0,
m2007#2007,REACHABLE,37.5000,2.0000,600000.0000,300.0000,0.0000,3.0000,35.0000,0.0100,PASS,0.0214,0.0023,0.0049,0.0124,561,0,0,PASS,0.0214,0.0023,0.0049,0.0124,561,0,0,PASS,0.0214,0.0023,0.0049,0.0124,561,0,0,
m2011#2011,REACHABLE,32.5000,2.0000,600000.0000,300.0000,15.0000,30.0000,20.0000,0.1000,FAIL,-0.0159,0.2513,0.4519,0.4404,-1,0,0,FAIL,0.0220,0.3288,0.4888,0.3864,-1,0,0,PASS,0.0576,0.0112,0.0121,0.0025,1496,0,0,
m2015#2015,REACHABLE,37.5000,2.0000,600000.0000,300.0000,15.0000,30.0000,35.0000,0.0100,PASS,0.0486,0.0443,0.0878,0.1272,656,0,0,PASS,0.0486,0.0440,0.0875,0.1281,656,0,0,PASS,0.0486,0.0440,0.0875,0.1281,656,0,0,
m2019#2019,REACHABLE,32.5000,2.0000,600000.0000,300.0000,30.0000,8.0000,20.0000,0.1000,FAIL,-0.0314,0.2904,0.4844,0.4570,-1,0,0,PASS,0.0827,0.0121,0.0147,0.0059,1185,0,0,PASS,0.0829,0.0052,0.0077,0.0098,1185,0,0,
m2023#2023,REACHABLE,37.5000,2.0000,600000.0000,300.0000,30.0000,8.0000,35.0000,0.0100,PASS,0.0517,0.0497,0.0934,0.1484,635,0,0,PASS,0.0517,0.0496,0.0935,0.1484,635,0,0,PASS,0.0517,0.0496,0.0935,0.1484,635,0,0,
m2027#2027,SAFETY_LIMITED,32.5000,2.0000,600000.0000,300.0000,60.0000,3.0000,20.0000,0.1000,FAIL,-0.0217,0.3639,0.6379,0.6189,-1,0,0,PASS,0.0774,0.0321,0.0659,0.1422,1835,0,0,PASS,0.0751,0.0309,0.0657,0.1425,1512,0,0,
m2031#2031,SAFETY_LIMITED,37.5000,2.0000,600000.0000,300.0000,60.0000,3.0000,35.0000,0.0100,FAIL,0.1567,0.0701,0.1246,0.2770,910,0,0,PASS,0.1567,0.0657,0.1241,0.2019,910,0,0,PASS,0.1567,0.0657,0.1241,0.2019,910,0,0,
m2035#2035,SAFETY_LIMITED,32.5000,2.0000,600000.0000,300.0000,120.0000,30.0000,20.0000,0.1000,FAIL,-0.2873,0.6993,0.9881,0.5910,-1,0,0,FAIL,0.0887,0.2633,0.5485,0.6468,-1,0,0,FAIL,-0.7741,0.8334,0.8556,0.0574,-1,0,0,STEADY_MAE
m2039#2039,SAFETY_LIMITED,37.5000,2.0000,600000.0000,300.0000,120.0000,30.0000,35.0000,0.0100,FAIL,-0.3685,0.4250,0.4851,0.1410,-1,0,0,FAIL,-0.3215,0.3812,0.4396,0.1335,-1,0,0,FAIL,-0.3215,0.3812,0.4396,0.1335,-1,0,0,LEARNER_LOW_CONFIDENCE
m2043#2043,REACHABLE,32.5000,2.0000,1600000.0000,120.0000,0.0000,8.0000,20.0000,0.1000,PASS,-0.0415,0.0623,0.0727,0.0310,2340,0,0,PASS,-0.0398,0.0507,0.0578,0.0175,1481,0,0,PASS,0.0501,0.0351,0.0468,0.0341,1481,0,0,
m2047#2047,REACHABLE,37.5000,2.0000,1600000.0000,120.0000,0.0000,8.0000,35.0000,0.0100,PASS,0.0256,0.0025,0.0045,0.0062,990,0,0,PASS,0.0256,0.0025,0.0045,0.0062,990,0,0,PASS,0.0256,0.0025,0.0045,0.0062,990,0,0,
m2051#2051,REACHABLE,32.5000,2.0000,1600000.0000,120.0000,15.0000,3.0000,20.0000,0.1000,FAIL,-0.0921,0.1427,0.1639,0.0606,-1,0,0,FAIL,-0.0892,0.1225,0.1484,0.0623,-1,0,0,FAIL,-0.0863,0.1226,0.1488,0.0616,-1,0,0,STEADY_MAE
m2055#2055,REACHABLE,37.5000,2.0000,1600000.0000,120.0000,15.0000,3.0000,35.0000,0.0100,PASS,0.0195,0.0098,0.0161,0.0335,1013,0,0,PASS,0.0195,0.0098,0.0161,0.0335,1013,0,0,PASS,0.0195,0.0098,0.0161,0.0335,1013,0,0,
m2059#2059,REACHABLE,32.5000,2.0000,1600000.0000,120.0000,30.0000,30.0000,20.0000,0.1000,PASS,0.0354,0.0564,0.1148,0.1516,2832,0,0,PASS,-0.0171,0.0548,0.0836,0.0698,2158,0,0,PASS,-0.0173,0.0549,0.0835,0.0664,2158,0,0,
m2063#2063,REACHABLE,37.5000,2.0000,1600000.0000,120.0000,30.0000,30.0000,35.0000,0.0100,PASS,0.0287,0.0158,0.0271,0.0523,1106,0,0,PASS,0.0461,0.0191,0.0393,0.0618,1106,0,0,PASS,0.0461,0.0191,0.0393,0.0618,1106,0,0,
m2067#2067,REACHABLE,32.5000,2.0000,1600000.0000,120.0000,60.0000,8.0000,20.0000,0.1000,PASS,0.0933,0.0688,0.1299,0.2244,3167,0,0,PASS,-0.0110,0.0628,0.0984,0.0887,1998,0,0,PASS,-0.0121,0.0595,0.0972,0.0872,1875,0,0,
m2071#2071,REACHABLE,37.5000,2.0000,1600000.0000,120.0000,60.0000,8.0000,35.0000,0.0100,PASS,0.0539,0.0147,0.0261,0.0577,1140,0,0,PASS,0.0657,0.0137,0.0234,0.0471,1140,0,0,PASS,0.0657,0.0137,0.0234,0.0471,1140,0,0,
m2075#2075,REACHABLE,32.5000,2.0000,1600000.0000,120.0000,120.0000,3.0000,20.0000,0.1000,FAIL,0.2103,0.1271,0.1763,0.1241,-1,0,0,PASS,0.0019,0.0585,0.0954,0.0971,2542,0,0,PASS,0.0028,0.0568,0.0934,0.0974,2727,0,0,
m2079#2079,REACHABLE,37.5000,2.0000,1600000.0000,120.0000,120.0000,3.0000,35.0000,0.0100,PASS,0.0641,0.0417,0.0528,0.0330,5739,0,0,PASS,0.0269,0.0177,0.0338,0.0588,1593,0,0,PASS,0.0269,0.0177,0.0338,0.0588,1593,0,0,
m2083#2083,REACHABLE,32.5000,2.0000,1600000.0000,180.0000,0.0000,30.0000,20.0000,0.1000,PASS,-0.0295,0.0804,0.1148,0.0859,2819,0,0,PASS,-0.0274,0.0530,0.0686,0.0420,1970,0,0,PASS,-0.0274,0.0530,0.0686,0.0420,1970,0,0,
m2087#2087,REACHABLE,37.5000,2.0000,1600000.0000,180.0000,0.0000,30.0000,35.0000,0.0100,PASS,0.0253,0.0151,0.0243,0.0495,1064,0,0,PASS,0.0295,0.0173,0.0290,0.0539,1064,0,0,PASS,0.0295,0.0173,0.0290,0.0539,1064,0,0,
m2091#2091,REACHABLE,32.5000,2.0000,1600000.0000,180.0000,15.0000,8.0000,20.0000,0.1000,PASS,-0.0120,0.0824,0.1241,0.1134,2631,0,0,PASS,-0.0084,0.0492,0.0781,0.0731,1742,0,0,PASS,-0.0081,0.0494,0.0770,0.0742,1742,0,0,
m2095#2095,REACHABLE,37.5000,2.0000,1600000.0000,180.0000,15.0000,8.0000,35.0000,0.0100,PASS,-0.0566,0.0820,0.1023,0.0462,1094,0,0,PASS,-0.0566,0.0820,0.1023,0.0462,1094,0,0,PASS,-0.0566,0.0820,0.1023,0.0462,1094,0,0,
m2099#2099,REACHABLE,32.5000,2.0000,1600000.0000,180.0000,30.0000,3.0000,20.0000,0.1000,PASS,0.0208,0.0825,0.1372,0.1544,2853,0,0,PASS,-0.0107,0.0557,0.0892,0.0808,1566,0,0,PASS,-0.0114,0.0557,0.0892,0.0816,1566,0,0,
m2103#2103,REACHABLE,37.5000,2.0000,1600000.0000,180.0000,30.0000,3.0000,35.0000,0.0100,PASS,0.0213,0.0153,0.0292,0.0527,1089,0,0,PASS,0.0213,0.0153,0.0292,0.0527,1089,0,0,PASS,0.0213,0.0153,0.0292,0.0527,1089,0,0,
m2107#2107,REACHABLE,32.5000,2.0000,1600000.0000,180.0000,60.0000,30.0000,20.0000,0.1000,FAIL,0.0273,0.1827,0.2836,0.2322,-1,0,0,FAIL,-0.0869,0.1551,0.1985,0.1108,-1,0,0,FAIL,-0.0859,0.1495,0.1955,0.1104,-1,0,0,STEADY_MAE
m2111#2111,REACHABLE,37.5000,2.0000,1600000.0000,180.0000,60.0000,30.0000,35.0000,0.0100,PASS,0.0439,0.0251,0.0426,0.0847,1458,0,0,FAIL,0.3502,0.0035,0.0049,0.0035,5992,0,0,FAIL,0.3502,0.0035,0.0049,0.0035,5992,0,0,STARTUP_OVERSHOOT
m2115#2115,REACHABLE,32.5000,2.0000,1600000.0000,180.0000,120.0000,8.0000,20.0000,0.1000,FAIL,0.0750,0.1317,0.2681,0.3403,-1,0,0,PASS,0.0232,0.0452,0.0852,0.1114,2690,0,0,PASS,0.0176,0.0521,0.0971,0.1183,3373,0,0,
m2119#2119,REACHABLE,37.5000,2.0000,1600000.0000,180.0000,120.0000,8.0000,35.0000,0.0100,FAIL,0.1241,0.1425,0.1655,0.0594,-1,0,0,PASS,0.0272,0.0245,0.0516,0.0757,1629,0,0,PASS,0.0272,0.0245,0.0516,0.0757,1629,0,0,
m2123#2123,REACHABLE,32.5000,2.0000,1600000.0000,300.0000,0.0000,3.0000,20.0000,0.1000,FAIL,-0.1313,0.1549,0.1614,0.0203,-1,0,0,PASS,0.0535,0.0392,0.0403,0.0031,1962,0,0,PASS,0.0545,0.0351,0.0485,0.0368,1962,0,0,
m2127#2127,REACHABLE,37.5000,2.0000,1600000.0000,300.0000,0.0000,3.0000,35.0000,0.0100,PASS,0.0184,0.0022,0.0046,0.0101,1065,0,0,PASS,0.0184,0.0022,0.0046,0.0101,1065,0,0,PASS,0.0184,0.0022,0.0046,0.0101,1065,0,0,
m2131#2131,REACHABLE,32.5000,2.0000,1600000.0000,300.0000,15.0000,30.0000,20.0000,0.1000,FAIL,-0.0948,0.1467,0.1862,0.0933,-1,0,0,PASS,-0.0140,0.0624,0.1024,0.0903,2952,0,0,PASS,-0.0136,0.0652,0.1020,0.0913,2323,0,0,
m2135#2135,REACHABLE,37.5000,2.0000,1600000.0000,300.0000,15.0000,30.0000,35.0000,0.0100,PASS,0.0202,0.0240,0.0480,0.0689,1184,0,0,PASS,0.0515,0.0306,0.0492,0.0973,1184,0,0,PASS,0.0516,0.0307,0.0494,0.0975,1184,0,0,
m2139#2139,REACHABLE,32.5000,2.0000,1600000.0000,300.0000,30.0000,8.0000,20.0000,0.1000,FAIL,-0.0614,0.1469,0.1966,0.1370,-1,0,0,PASS,0.0691,0.0160,0.0218,0.0137,1857,0,0,PASS,0.0727,0.0318,0.0352,0.0083,1857,0,0,
m2143#2143,REACHABLE,37.5000,2.0000,1600000.0000,300.0000,30.0000,8.0000,35.0000,0.0100,PASS,0.0205,0.0254,0.0483,0.0699,1142,0,0,PASS,0.0461,0.0279,0.0451,0.0916,1142,0,0,PASS,0.0463,0.0279,0.0452,0.0919,1142,0,0,
m2147#2147,REACHABLE,32.5000,2.0000,1600000.0000,300.0000,60.0000,3.0000,20.0000,0.1000,FAIL,-0.0323,0.2640,0.3762,0.3043,-1,0,0,PASS,0.0769,0.0141,0.0154,0.0429,1764,0,0,PASS,0.0801,0.0419,0.0429,0.0031,1854,0,0,
m2151#2151,REACHABLE,37.5000,2.0000,1600000.0000,300.0000,60.0000,3.0000,35.0000,0.0100,FAIL,-0.0204,0.1019,0.1378,0.0958,1327,0,0,PASS,-0.0204,0.0882,0.1341,0.0885,1327,0,0,PASS,-0.0204,0.0882,0.1341,0.0885,1327,0,0,
m2155#2155,REACHABLE,32.5000,2.0000,1600000.0000,300.0000,120.0000,30.0000,20.0000,0.1000,FAIL,0.0309,0.2369,0.4542,0.4810,-1,0,0,FAIL,-0.3955,0.5374,0.5765,0.1064,-1,0,0,PASS,0.0273,0.0771,0.1464,0.1767,8666,0,0,
m2159#2159,REACHABLE,37.5000,2.0000,1600000.0000,300.0000,120.0000,30.0000,35.0000,0.0100,PASS,0.0714,0.0447,0.0826,0.0634,1766,0,0,PASS,0.0480,0.0329,0.0839,0.1160,1766,0,0,PASS,0.0480,0.0329,0.0839,0.1160,1766,0,0,
