label,class,sp,eff,capacity,loss,dead,lag,ambient,resolution,A_target,A_overshoot,A_mae,A_p95,A_ripple,A_settling,A_high,A_emergency,B_target,B_overshoot,B_mae,B_p95,B_ripple,B_settling,B_high,B_emergency,C_target,C_overshoot,C_mae,C_p95,C_ripple,C_settling,C_high,C_emergency,C_reason
cold#0,REACHABLE,30.0000,0.7000,180000.0000,120.0000,0.0000,3.0000,10.0000,0.1000,FAIL,-0.2059,0.3301,0.4658,0.2917,-1,0,0,PASS,-0.0237,0.0647,0.0664,0.0054,1438,0,0,PASS,-0.0237,0.0647,0.0664,0.0054,1438,0,0,
cold#4,REACHABLE,30.0000,1.0000,180000.0000,120.0000,15.0000,8.0000,10.0000,0.1000,FAIL,-0.0596,0.3782,0.6127,0.5360,-1,0,0,PASS,0.0707,0.0006,0.0012,0.0014,1082,0,0,PASS,0.0707,0.0006,0.0012,0.0014,1082,0,0,
cold#8,SAFETY_LIMITED,30.0000,1.2000,180000.0000,120.0000,60.0000,30.0000,10.0000,0.1000,FAIL,-1.4207,1.9086,2.3094,0.8037,-1,0,0,FAIL,-0.0403,0.4248,0.7822,0.7810,-1,0,0,FAIL,-0.0403,0.4248,0.7822,0.7810,-1,0,0,STEADY_MAE
cold#12,REACHABLE,30.0000,0.7000,600000.0000,180.0000,0.0000,3.0000,10.0000,0.1000,FAIL,-0.1385,0.2739,0.3827,0.2470,-1,0,0,PASS,0.0539,0.0056,0.0113,0.0150,3145,0,0,PASS,0.0534,0.0051,0.0106,0.0173,3145,0,0,
cold#16,REACHABLE,30.0000,1.0000,600000.0000,180.0000,15.0000,8.0000,10.0000,0.1000,FAIL,-0.0982,0.3402,0.4894,0.3547,-1,0,0,PASS,0.0651,0.0305,0.0350,0.0088,2056,0,0,PASS,0.0667,0.0068,0.0085,0.0038,2044,0,0,
cold#20,REACHABLE,30.0000,1.2000,600000.0000,180.0000,60.0000,30.0000,10.0000,0.1000,FAIL,-0.0106,0.4318,0.7733,0.7704,-1,0,0,FAIL,-0.6157,0.6365,0.6546,0.0370,-1,0,0,FAIL,-0.6157,0.6365,0.6546,0.0370,-1,0,0,STEADY_MAE
cold#24,REACHABLE,30.0000,0.7000,1600000.0000,300.0000,0.0000,3.0000,10.0000,0.1000,FAIL,-0.2437,0.3048,0.3379,0.0950,-1,0,0,FAIL,-0.2420,0.2532,0.2592,0.0167,-1,0,0,FAIL,-0.2420,0.2532,0.2592,0.0167,-1,0,0,LEARNER_LOW_CONFIDENCE
cold#28,REACHABLE,30.0000,1.0000,1600000.0000,300.0000,15.0000,8.0000,10.0000,0.1000,FAIL,-0.2863,0.3884,0.4549,0.1694,-1,0,0,FAIL,-0.1108,0.1267,0.1388,0.0300,7397,0,0,FAIL,-0.1108,0.1267,0.1388,0.0300,7397,0,0,STEADY_MAE
cold#32,REACHABLE,30.0000,1.2000,1600000.0000,300.0000,60.0000,30.0000,10.0000,0.1000,FAIL,-0.3061,0.4303,0.5401,0.2400,-1,0,0,FAIL,-0.1047,0.4480,0.8944,0.8017,-1,0,0,PASS,0.0136,0.0421,0.0798,0.0926,5371,0,0,
cold#36,REACHABLE,30.0000,0.7000,180000.0000,120.0000,0.0000,3.0000,20.0000,0.1000,FAIL,-0.0327,0.1549,0.2422,0.2119,-1,0,0,PASS,0.0563,0.0260,0.0477,0.1025,1660,0,0,PASS,0.0571,0.0256,0.0478,0.1021,1660,0,0,
cold#40,REACHABLE,30.0000,1.0000,180000.0000,120.0000,15.0000,8.0000,20.0000,0.1000,FAIL,-0.0012,0.2074,0.3563,0.3617,-1,0,0,PASS,0.0796,0.0031,0.0052,0.0068,1699,0,0,PASS,0.0796,0.0031,0.0052,0.0068,1699,0,0,
cold#44,SAFETY_LIMITED,30.0000,1.2000,180000.0000,120.0000,60.0000,30.0000,20.0000,0.1000,FAIL,0.1282,0.3443,0.6354,0.7217,-1,0,0,FAIL,0.1222,0.3334,0.6337,0.7329,-1,0,0,FAIL,0.0915,0.1946,0.4208,0.5091,-1,0,0,STEADY_MAE
cold#48,REACHABLE,30.0000,0.7000,600000.0000,180.0000,0.0000,3.0000,20.0000,0.1000,FAIL,-0.1401,0.2099,0.2705,0.1331,-1,0,0,PASS,0.0531,0.0224,0.0253,0.0073,2021,0,0,PASS,0.0531,0.0224,0.0253,0.0073,2021,0,0,
cold#52,REACHABLE,30.0000,1.0000,600000.0000,180.0000,15.0000,8.0000,20.0000,0.1000,FAIL,-0.0870,0.1628,0.2081,0.1232,-1,0,0,PASS,0.0665,0.0267,0.0505,0.1149,2345,0,0,PASS,0.0689,0.0061,0.0077,0.0038,1233,0,0,
cold#56,REACHABLE,30.0000,1.2000,600000.0000,180.0000,60.0000,30.0000,20.0000,0.1000,FAIL,0.0341,0.2703,0.5234,0.5339,-1,0,0,FAIL,0.1535,0.1071,0.1306,0.1220,6221,0,0,FAIL,0.2109,0.4328,0.4875,0.1315,-1,0,0,LEARNER_LOW_CONFIDENCE
cold#60,REACHABLE,30.0000,0.7000,1600000.0000,300.0000,0.0000,3.0000,20.0000,0.1000,FAIL,-0.1421,0.2005,0.2296,0.0878,-1,0,0,PASS,0.0517,0.0440,0.0456,0.0028,2867,0,0,PASS,0.0516,0.0311,0.0355,0.0105,2867,0,0,
cold#64,REACHABLE,30.0000,1.0000,1600000.0000,300.0000,15.0000,8.0000,20.0000,0.1000,FAIL,-0.1107,0.1865,0.2295,0.1188,-1,0,0,PASS,0.0585,0.0336,0.0705,0.1277,2297,0,0,PASS,0.0585,0.0336,0.0705,0.1277,2297,0,0,
cold#68,REACHABLE,30.0000,1.2000,1600000.0000,300.0000,60.0000,30.0000,20.0000,0.1000,FAIL,-0.1166,0.2067,0.2860,0.1670,-1,0,0,PASS,0.1781,0.0781,0.1252,0.1252,4114,0,0,PASS,0.0150,0.0778,0.1256,0.1261,3268,0,0,
cold#72,REACHABLE,30.0000,0.7000,180000.0000,120.0000,0.0000,3.0000,25.0000,0.1000,PASS,-0.0365,0.1000,0.1315,0.0951,1002,0,0,PASS,-0.0347,0.0783,0.0996,0.0680,1002,0,0,PASS,-0.0347,0.0783,0.0996,0.0680,1002,0,0,
cold#76,REACHABLE,30.0000,1.0000,180000.0000,120.0000,15.0000,8.0000,25.0000,0.1000,FAIL,0.0383,0.1535,0.2007,0.1790,-1,0,0,PASS,0.0397,0.0691,0.1252,0.1703,1703,0,0,PASS,0.0397,0.0691,0.1252,0.1703,1703,0,0,
cold#80,SAFETY_LIMITED,30.0000,1.2000,180000.0000,120.0000,60.0000,30.0000,25.0000,0.1000,FAIL,0.4230,0.1955,0.3644,0.6384,-1,0,0,FAIL,0.4230,0.1955,0.3644,0.6384,-1,0,0,FAIL,0.4136,0.0675,0.2252,0.3216,-1,0,0,STARTUP_OVERSHOOT
cold#84,REACHABLE,30.0000,0.7000,600000.0000,180.0000,0.0000,3.0000,25.0000,0.1000,FAIL,-0.1232,0.1643,0.1847,0.0628,-1,0,0,FAIL,-0.1232,0.1455,0.1553,0.0314,-1,0,0,FAIL,-0.1232,0.1455,0.1553,0.0314,-1,0,0,LEARNER_LOW_CONFIDENCE
cold#88,REACHABLE,30.0000,1.0000,600000.0000,180.0000,15.0000,8.0000,25.0000,0.1000,PASS,-0.0108,0.0765,0.1168,0.1077,1435,0,0,PASS,-0.0121,0.0593,0.0823,0.0656,1435,0,0,PASS,-0.0121,0.0593,0.0823,0.0656,1435,0,0,
cold#92,REACHABLE,30.0000,1.2000,600000.0000,180.0000,60.0000,30.0000,25.0000,0.1000,FAIL,0.1754,0.1015,0.1921,0.3308,-1,0,0,FAIL,0.2015,0.0768,0.1428,0.2661,7013,0,0,PASS,0.2249,0.0335,0.0930,0.1766,7948,0,0,
cold#96,REACHABLE,30.0000,0.7000,1600000.0000,300.0000,0.0000,3.0000,25.0000,0.1000,FAIL,-0.1417,0.1537,0.1574,0.0112,-1,0,0,PASS,-0.0293,0.0436,0.0439,0.0008,1557,0,0,PASS,-0.0293,0.0436,0.0439,0.0008,1557,0,0,
cold#100,REACHABLE,30.0000,1.0000,1600000.0000,300.0000,15.0000,8.0000,25.0000,0.1000,FAIL,-0.1255,0.1510,0.1638,0.0347,-1,0,0,PASS,0.0575,0.0240,0.0245,0.0012,1994,0,0,PASS,0.0596,0.0069,0.0139,0.0168,1951,0,0,
cold#104,REACHABLE,30.0000,1.2000,1600000.0000,300.0000,60.0000,30.0000,25.0000,0.1000,FAIL,0.0799,0.0800,0.1575,0.1924,-1,0,0,PASS,0.1828,0.0609,0.0938,0.0751,2797,0,0,PASS,-0.0075,0.0645,0.0958,0.0776,2242,0,0,
cold#108,REACHABLE,30.0000,0.7000,180000.0000,120.0000,0.0000,3.0000,28.0000,0.1000,FAIL,-0.1397,0.1464,0.1523,0.0146,-1,0,0,FAIL,-0.1397,0.1464,0.1523,0.0146,-1,0,0,FAIL,-0.1397,0.1464,0.1523,0.0146,-1,0,0,LEARNER_LOW_CONFIDENCE
cold#112,REACHABLE,30.0000,1.0000,180000.0000,120.0000,15.0000,8.0000,28.0000,0.1000,FAIL,-0.0598,0.1145,0.1648,0.1110,-1,0,0,FAIL,-0.0598,0.1145,0.1648,0.1110,-1,0,0,FAIL,-0.0598,0.1145,0.1648,0.1110,-1,0,0,LEARNER_LOW_CONFIDENCE
cold#116,SAFETY_LIMITED,30.0000,1.2000,180000.0000,120.0000,60.0000,30.0000,28.0000,0.1000,FAIL,0.1230,0.0738,0.1474,0.2564,-1,0,0,FAIL,0.1230,0.0738,0.1474,0.2564,-1,0,0,FAIL,0.1230,0.0738,0.1474,0.2564,-1,0,0,SETTLING_TIMEOUT
cold#120,REACHABLE,30.0000,0.7000,600000.0000,180.0000,0.0000,3.0000,28.0000,0.1000,PASS,-0.0422,0.0546,0.0595,0.0144,1067,0,0,PASS,-0.0422,0.0530,0.0574,0.0134,1067,0,0,PASS,-0.0422,0.0530,0.0574,0.0134,1067,0,0,
cold#124,REACHABLE,30.0000,1.0000,600000.0000,180.0000,15.0000,8.0000,28.0000,0.1000,PASS,-0.0257,0.0490,0.0682,0.0435,869,0,0,PASS,-0.0256,0.0489,0.0681,0.0436,869,0,0,PASS,-0.0256,0.0489,0.0681,0.0436,869,0,0,
cold#128,REACHABLE,30.0000,1.2000,600000.0000,180.0000,60.0000,30.0000,28.0000,0.1000,PASS,0.2093,0.0578,0.0976,0.1991,1335,0,0,PASS,0.2093,0.0501,0.1045,0.2090,1335,0,0,PASS,0.2093,0.0501,0.1045,0.2090,1335,0,0,
cold#132,REACHABLE,30.0000,0.7000,1600000.0000,300.0000,0.0000,3.0000,28.0000,0.1000,PASS,-0.0443,0.0553,0.0589,0.0113,1819,0,0,PASS,-0.0451,0.0521,0.0540,0.0059,1819,0,0,PASS,-0.0451,0.0521,0.0540,0.0059,1819,0,0,
cold#136,REACHABLE,30.0000,1.0000,1600000.0000,300.0000,15.0000,8.0000,28.0000,0.1000,PASS,-0.0249,0.0533,0.0632,0.0253,1547,0,0,PASS,0.0578,0.0370,0.0377,0.0019,1519,0,0,PASS,0.0578,0.0370,0.0377,0.0019,1519,0,0,
cold#140,REACHABLE,30.0000,1.2000,1600000.0000,300.0000,60.0000,30.0000,28.0000,0.1000,FAIL,-0.0374,0.1013,0.1602,0.1240,-1,0,0,FAIL,0.0109,0.1094,0.1383,0.0580,1861,0,0,FAIL,0.0109,0.1094,0.1383,0.0580,1861,0,0,STEADY_MAE
cold#144,COOLING_REQUIRED,30.0000,0.7000,180000.0000,120.0000,0.0000,3.0000,35.0000,0.1000,FAIL,5.0000,5.0000,5.0000,0.0000,-1,0,0,FAIL,5.0000,5.0000,5.0000,0.0000,-1,0,0,FAIL,5.0000,5.0000,5.0000,0.0000,-1,0,0,PHYSICAL_COOLING_LIMIT
cold#148,COOLING_REQUIRED,30.0000,1.0000,180000.0000,120.0000,15.0000,8.0000,35.0000,0.1000,FAIL,5.0000,5.0000,5.0000,0.0000,-1,0,0,FAIL,5.0000,5.0000,5.0000,0.0000,-1,0,0,FAIL,5.0000,5.0000,5.0000,0.0000,-1,0,0,PHYSICAL_COOLING_LIMIT
cold#152,COOLING_REQUIRED,30.0000,1.2000,180000.0000,120.0000,60.0000,30.0000,35.0000,0.1000,FAIL,5.0000,5.0000,5.0000,0.0000,-1,0,0,FAIL,5.0000,5.0000,5.0000,0.0000,-1,0,0,FAIL,5.0000,5.0000,5.0000,0.0000,-1,0,0,PHYSICAL_COOLING_LIMIT
cold#156,COOLING_REQUIRED,30.0000,0.7000,600000.0000,180.0000,0.0000,3.0000,35.0000,0.1000,FAIL,5.0000,5.0000,5.0000,0.0000,-1,0,0,FAIL,5.0000,5.0000,5.0000,0.0000,-1,0,0,FAIL,5.0000,5.0000,5.0000,0.0000,-1,0,0,PHYSICAL_COOLING_LIMIT
cold#160,COOLING_REQUIRED,30.0000,1.0000,600000.0000,180.0000,15.0000,8.0000,35.0000,0.1000,FAIL,5.0000,5.0000,5.0000,0.0000,-1,0,0,FAIL,5.0000,5.0000,5.0000,0.0000,-1,0,0,FAIL,5.0000,5.0000,5.0000,0.0000,-1,0,0,PHYSICAL_COOLING_LIMIT
cold#164,COOLING_REQUIRED,30.0000,1.2000,600000.0000,180.0000,60.0000,30.0000,35.0000,0.1000,FAIL,5.0000,5.0000,5.0000,0.0000,-1,0,0,FAIL,5.0000,5.0000,5.0000,0.0000,-1,0,0,FAIL,5.0000,5.0000,5.0000,0.0000,-1,0,0,PHYSICAL_COOLING_LIMIT
cold#168,COOLING_REQUIRED,30.0000,0.7000,1600000.0000,300.0000,0.0000,3.0000,35.0000,0.1000,FAIL,5.0000,5.0000,5.0000,0.0000,-1,0,0,FAIL,5.0000,5.0000,5.0000,0.0000,-1,0,0,FAIL,5.0000,5.0000,5.0000,0.0000,-1,0,0,PHYSICAL_COOLING_LIMIT
cold#172,COOLING_REQUIRED,30.0000,1.0000,1600000.0000,300.0000,15.0000,8.0000,35.0000,0.1000,FAIL,5.0000,5.0000,5.0000,0.0000,-1,0,0,FAIL,5.0000,5.0000,5.0000,0.0000,-1,0,0,FAIL,5.0000,5.0000,5.0000,0.0000,-1,0,0,PHYSICAL_COOLING_LIMIT
cold#176,COOLING_REQUIRED,30.0000,1.2000,1600000.0000,300.0000,60.0000,30.0000,35.0000,0.1000,FAIL,5.0000,5.0000,5.0000,0.0000,-1,0,0,FAIL,5.0000,5.0000,5.0000,0.0000,-1,0,0,FAIL,5.0000,5.0000,5.0000,0.0000,-1,0,0,PHYSICAL_COOLING_LIMIT
cold#180,REACHABLE,32.0000,0.7000,180000.0000,120.0000,0.0000,3.0000,10.0000,0.1000,FAIL,-0.2053,0.3773,0.5463,0.3421,-1,0,0,PASS,-0.0229,0.0665,0.0674,0.0028,1187,0,0,PASS,-0.0229,0.0665,0.0674,0.0028,1187,0,0,
cold#184,REACHABLE,32.0000,1.0000,180000.0000,120.0000,15.0000,8.0000,10.0000,0.1000,FAIL,-0.0417,0.3819,0.6588,0.5725,-1,0,0,PASS,0.0607,0.0009,0.0017,0.0030,1105,0,0,PASS,0.0607,0.0009,0.0017,0.0030,1105,0,0,
cold#188,SAFETY_LIMITED,32.0000,1.2000,180000.0000,120.0000,60.0000,30.0000,10.0000,0.1000,FAIL,-1.6327,2.0604,2.5456,0.9589,-1,0,0,FAIL,0.0377,0.5006,0.9500,0.9710,-1,0,0,FAIL,0.0415,0.4541,0.8532,0.8311,-1,0,0,STEADY_MAE
cold#192,REACHABLE,32.0000,0.7000,600000.0000,180.0000,0.0000,3.0000,10.0000,0.1000,FAIL,-0.2364,0.2583,0.2678,0.0291,-1,0,0,PASS,-0.0427,0.0539,0.0631,0.0226,6506,0,0,PASS,-0.0427,0.0539,0.0631,0.0226,6506,0,0,
cold#196,REACHABLE,32.0000,1.0000,600000.0000,180.0000,15.0000,8.0000,10.0000,0.1000,FAIL,-0.1012,0.2780,0.4358,0.3606,-1,0,0,PASS,0.0655,0.0024,0.0031,0.0020,3033,0,0,PASS,0.0648,0.0084,0.0106,0.0053,3033,0,0,
cold#200,REACHABLE,32.0000,1.2000,600000.0000,180.0000,60.0000,30.0000,10.0000,0.1000,FAIL,-0.0334,0.4514,0.8276,0.8013,-1,0,0,FAIL,-0.0281,0.4420,1.0601,1.0592,-1,0,0,PASS,0.0815,0.0371,0.0809,0.1675,3838,0,0,
cold#204,REACHABLE,32.0000,0.7000,1600000.0000,300.0000,0.0000,3.0000,10.0000,0.1000,FAIL,-0.3390,0.3537,0.3581,0.0134,-1,0,0,FAIL,-0.2460,0.2690,0.2809,0.0385,-1,0,0,FAIL,-0.2460,0.2690,0.2809,0.0385,-1,0,0,LEARNER_LOW_CONFIDENCE
cold#208,REACHABLE,32.0000,1.0000,1600000.0000,300.0000,15.0000,8.0000,10.0000,0.1000,FAIL,-0.2806,0.4030,0.4919,0.2047,-1,0,0,FAIL,-0.1140,0.1287,0.1404,0.0282,7495,0,0,FAIL,-0.1140,0.1287,0.1404,0.0282,7495,0,0,STEADY_MAE
cold#212,REACHABLE,32.0000,1.2000,1600000.0000,300.0000,60.0000,30.0000,10.0000,0.1000,FAIL,-0.3121,0.5566,1.1003,0.9516,-1,0,0,FAIL,-0.3243,0.7052,0.9780,0.6019,-1,0,0,PASS,0.0151,0.0427,0.0806,0.0943,6250,0,0,
cold#216,REACHABLE,32.0000,0.7000,180000.0000,120.0000,0.0000,3.0000,20.0000,0.1000,FAIL,-0.1191,0.2638,0.3495,0.2306,-1,0,0,PASS,0.0569,0.0165,0.0368,0.0887,1770,0,0,PASS,0.0569,0.0165,0.0368,0.0887,1770,0,0,
cold#220,REACHABLE,32.0000,1.0000,180000.0000,120.0000,15.0000,8.0000,20.0000,0.1000,FAIL,-0.0262,0.2525,0.4128,0.3840,-1,0,0,PASS,0.0615,0.0367,0.0483,0.0541,1701,0,0,PASS,0.0615,0.0367,0.0483,0.0541,1701,0,0,
cold#224,SAFETY_LIMITED,32.0000,1.2000,180000.0000,120.0000,60.0000,30.0000,20.0000,0.1000,FAIL,0.0978,0.4484,0.7407,0.8663,-1,0,0,FAIL,0.0775,0.2370,0.4925,0.5886,-1,0,0,FAIL,0.0826,0.2375,0.5005,0.5998,-1,0,0,STEADY_MAE
cold#228,REACHABLE,32.0000,0.7000,600000.0000,180.0000,0.0000,3.0000,20.0000,0.1000,FAIL,-0.1335,0.1981,0.2304,0.0966,-1,0,0,PASS,0.0554,0.0247,0.0357,0.0240,1962,0,0,PASS,0.0554,0.0247,0.0357,0.0240,1962,0,0,
cold#232,REACHABLE,32.0000,1.0000,600000.0000,180.0000,15.0000,8.0000,20.0000,0.1000,FAIL,-0.0747,0.1854,0.2439,0.1705,-1,0,0,PASS,0.0651,0.0106,0.0133,0.0061,1314,0,0,PASS,0.0660,0.0056,0.0071,0.0034,1314,0,0,
cold#236,REACHABLE,32.0000,1.2000,600000.0000,180.0000,60.0000,30.0000,20.0000,0.1000,FAIL,-0.0017,0.3109,0.5916,0.5952,-1,0,0,PASS,0.1499,0.0702,0.0706,0.0011,4689,0,0,FAIL,0.2363,0.0900,0.1663,0.1781,-1,0,0,SETTLING_TIMEOUT
cold#240,REACHABLE,32.0000,0.7000,1600000.0000,300.0000,0.0000,3.0000,20.0000,0.1000,FAIL,-0.1433,0.2264,0.2671,0.1240,-1,0,0,PASS,0.0516,0.0484,0.0496,0.0028,3734,0,0,PASS,0.0512,0.0296,0.0340,0.0095,3734,0,0,
cold#244,REACHABLE,32.0000,1.0000,1600000.0000,300.0000,15.0000,8.0000,20.0000,0.1000,FAIL,-0.1098,0.2208,0.2664,0.1599,-1,0,0,PASS,0.0584,0.0312,0.0496,0.1054,2761,0,0,PASS,0.0581,0.0203,0.0235,0.0075,2761,0,0,
cold#248,REACHABLE,32.0000,1.2000,1600000.0000,300.0000,60.0000,30.0000,20.0000,0.1000,FAIL,-0.1084,0.2335,0.3348,0.2288,-1,0,0,FAIL,-0.2604,0.4986,0.5558,0.1529,-1,0,0,PASS,0.0146,0.0456,0.0955,0.1142,5225,0,0,
cold#252,REACHABLE,32.0000,0.7000,180000.0000,120.0000,0.0000,3.0000,25.0000,0.1000,FAIL,-0.0349,0.1187,0.1704,0.1375,-1,0,0,PASS,0.0588,0.0270,0.0301,0.0088,1527,0,0,PASS,0.0588,0.0270,0.0301,0.0088,1527,0,0,
cold#256,REACHABLE,32.0000,1.0000,180000.0000,120.0000,15.0000,8.0000,25.0000,0.1000,FAIL,0.0208,0.1574,0.2789,0.2949,-1,0,0,FAIL,0.0208,0.1574,0.2789,0.2949,-1,0,0,FAIL,0.0208,0.1574,0.2789,0.2949,-1,0,0,LEARNER_LOW_CONFIDENCE
cold#260,SAFETY_LIMITED,32.0000,1.2000,180000.0000,120.0000,60.0000,30.0000,25.0000,0.1000,FAIL,0.3570,0.2786,0.4853,0.8634,-1,0,0,FAIL,0.3570,0.2786,0.4853,0.8634,-1,0,0,FAIL,0.3741,0.2768,0.4918,0.7363,-1,0,0,STARTUP_OVERSHOOT
cold#264,REACHABLE,32.0000,0.7000,600000.0000,180.0000,0.0000,3.0000,25.0000,0.1000,FAIL,-0.1200,0.2026,0.2347,0.1148,-1,0,0,PASS,-0.0265,0.0962,0.0992,0.0078,2244,0,0,PASS,-0.0265,0.0962,0.0992,0.0078,2244,0,0,
cold#268,REACHABLE,32.0000,1.0000,600000.0000,180.0000,15.0000,8.0000,25.0000,0.1000,FAIL,-0.1045,0.1458,0.1701,0.0649,-1,0,0,PASS,0.0623,0.0265,0.0547,0.1142,1533,0,0,PASS,0.0623,0.0265,0.0547,0.1142,1533,0,0,
cold#272,REACHABLE,32.0000,1.2000,600000.0000,180.0000,60.0000,30.0000,25.0000,0.1000,FAIL,0.2603,0.1423,0.3014,0.5819,-1,0,0,FAIL,0.3864,0.0530,0.1078,0.1362,4380,0,0,PASS,0.2849,0.0622,0.1217,0.1462,3636,0,0,
cold#276,REACHABLE,32.0000,0.7000,1600000.0000,300.0000,0.0000,3.0000,25.0000,0.1000,FAIL,-0.1437,0.1659,0.1765,0.0321,-1,0,0,PASS,0.0506,0.0219,0.0289,0.0161,2194,0,0,PASS,0.0506,0.0219,0.0289,0.0161,2194,0,0,
cold#280,REACHABLE,32.0000,1.0000,1600000.0000,300.0000,15.0000,8.0000,25.0000,0.1000,FAIL,-0.1169,0.1613,0.1836,0.0625,-1,0,0,PASS,-0.0258,0.0601,0.0821,0.0547,2021,0,0,PASS,-0.0258,0.0601,0.0821,0.0547,2021,0,0,
cold#284,REACHABLE,32.0000,1.2000,1600000.0000,300.0000,60.0000,30.0000,25.0000,0.1000,FAIL,0.0023,0.1130,0.2148,0.2186,-1,0,0,PASS,0.1707,0.0750,0.1166,0.1018,3234,0,0,PASS,0.2647,0.0767,0.1178,0.1033,3467,0,0,
cold#288,REACHABLE,32.0000,0.7000,180000.0000,120.0000,0.0000,3.0000,28.0000,0.1000,PASS,-0.0307,0.0800,0.1037,0.0688,842,0,0,PASS,-0.0307,0.0688,0.0849,0.0524,842,0,0,PASS,-0.0307,0.0688,0.0849,0.0524,842,0,0,
cold#292,REACHABLE,32.0000,1.0000,180000.0000,120.0000,15.0000,8.0000,28.0000,0.1000,FAIL,-0.0292,0.1377,0.2148,0.1902,-1,0,0,FAIL,-0.0290,0.1341,0.2137,0.1906,-1,0,0,FAIL,-0.0289,0.1324,0.2144,0.1905,-1,0,0,LEARNER_LOW_CONFIDENCE
cold#296,SAFETY_LIMITED,32.0000,1.2000,180000.0000,120.0000,60.0000,30.0000,28.0000,0.1000,FAIL,0.3208,0.1618,0.2981,0.6022,-1,0,0,FAIL,0.3912,0.1561,0.3028,0.6931,-1,0,0,FAIL,0.4096,0.1543,0.2939,0.5995,-1,0,0,STARTUP_OVERSHOOT
cold#300,REACHABLE,32.0000,0.7000,600000.0000,180.0000,0.0000,3.0000,28.0000,0.1000,PASS,-0.0436,0.0715,0.0853,0.0419,1540,0,0,PASS,0.0526,0.0177,0.0198,0.0055,1527,0,0,PASS,0.0526,0.0177,0.0198,0.0055,1527,0,0,
cold#304,REACHABLE,32.0000,1.0000,600000.0000,180.0000,15.0000,8.0000,28.0000,0.1000,PASS,-0.0154,0.0655,0.0972,0.0828,1246,0,0,PASS,-0.0195,0.0559,0.0780,0.0593,1246,0,0,PASS,-0.0151,0.0563,0.0780,0.0605,1351,0,0,
cold#308,REACHABLE,32.0000,1.2000,600000.0000,180.0000,60.0000,30.0000,28.0000,0.1000,FAIL,0.0395,0.0772,0.1586,0.1999,-1,0,0,FAIL,0.2165,0.1036,0.1785,0.3518,-1,0,0,FAIL,0.1781,0.0965,0.1595,0.3100,-1,0,0,SETTLING_TIMEOUT
cold#312,REACHABLE,32.0000,0.7000,1600000.0000,300.0000,0.0000,3.0000,28.0000,0.1000,PASS,-0.0453,0.0755,0.0896,0.0442,2923,0,0,PASS,0.0507,0.0114,0.0144,0.0067,1358,0,0,PASS,0.0505,0.0206,0.0234,0.0063,1358,0,0,
cold#316,REACHABLE,32.0000,1.0000,1600000.0000,300.0000,15.0000,8.0000,28.0000,0.1000,FAIL,-0.1296,0.1485,0.1569,0.0229,-1,0,0,PASS,0.0522,0.0181,0.0210,0.0063,1410,0,0,PASS,0.0695,0.0335,0.0463,0.0209,1732,0,0,
cold#320,REACHABLE,32.0000,1.2000,1600000.0000,300.0000,60.0000,30.0000,28.0000,0.1000,FAIL,-0.0079,0.1275,0.2079,0.1834,-1,0,0,FAIL,-0.0221,0.1381,0.1625,0.0629,-1,0,0,FAIL,-0.0936,0.1366,0.1615,0.0611,-1,0,0,STEADY_MAE
cold#324,COOLING_REQUIRED,32.0000,0.7000,180000.0000,120.0000,0.0000,3.0000,35.0000,0.1000,FAIL,3.0000,3.0000,3.0000,0.0000,-1,0,0,FAIL,3.0000,3.0000,3.0000,0.0000,-1,0,0,FAIL,3.0000,3.0000,3.0000,0.0000,-1,0,0,PHYSICAL_COOLING_LIMIT
cold#328,COOLING_REQUIRED,32.0000,1.0000,180000.0000,120.0000,15.0000,8.0000,35.0000,0.1000,FAIL,3.0000,3.0000,3.0000,0.0000,-1,0,0,FAIL,3.0000,3.0000,3.0000,0.0000,-1,0,0,FAIL,3.0000,3.0000,3.0000,0.0000,-1,0,0,PHYSICAL_COOLING_LIMIT
cold#332,COOLING_REQUIRED,32.0000,1.2000,180000.0000,120.0000,60.0000,30.0000,35.0000,0.1000,FAIL,3.0000,3.0000,3.0000,0.0000,-1,0,0,FAIL,3.0000,3.0000,3.0000,0.0000,-1,0,0,FAIL,3.0000,3.0000,3.0000,0.0000,-1,0,0,PHYSICAL_COOLING_LIMIT
cold#336,COOLING_REQUIRED,32.0000,0.7000,600000.0000,180.0000,0.0000,3.0000,35.0000,0.1000,FAIL,3.0000,3.0000,3.0000,0.0000,-1,0,0,FAIL,3.0000,3.0000,3.0000,0.0000,-1,0,0,FAIL,3.0000,3.0000,3.0000,0.0000,-1,0,0,PHYSICAL_COOLING_LIMIT
cold#340,COOLING_REQUIRED,32.0000,1.0000,600000.0000,180.0000,15.0000,8.0000,35.0000,0.1000,FAIL,3.0000,3.0000,3.0000,0.0000,-1,0,0,FAIL,3.0000,3.0000,3.0000,0.0000,-1,0,0,FAIL,3.0000,3.0000,3.0000,0.0000,-1,0,0,PHYSICAL_COOLING_LIMIT
cold#344,COOLING_REQUIRED,32.0000,1.2000,600000.0000,180.0000,60.0000,30.0000,35.0000,0.1000,FAIL,3.0000,3.0000,3.0000,0.0000,-1,0,0,FAIL,3.0000,3.0000,3.0000,0.0000,-1,0,0,FAIL,3.0000,3.0000,3.0000,0.0000,-1,0,0,PHYSICAL_COOLING_LIMIT
cold#348,COOLING_REQUIRED,32.0000,0.7000,1600000.0000,300.0000,0.0000,3.0000,35.0000,0.1000,FAIL,3.0000,3.0000,3.0000,0.0000,-1,0,0,FAIL,3.0000,3.0000,3.0000,0.0000,-1,0,0,FAIL,3.0000,3.0000,3.0000,0.0000,-1,0,0,PHYSICAL_COOLING_LIMIT
cold#352,COOLING_REQUIRED,32.0000,1.0000,1600000.0000,300.0000,15.0000,8.0000,35.0000,0.1000,FAIL,3.0000,3.0000,3.0000,0.0000,-1,0,0,FAIL,3.0000,3.0000,3.0000,0.0000,-1,0,0,FAIL,3.0000,3.0000,3.0000,0.0000,-1,0,0,PHYSICAL_COOLING_LIMIT
cold#356,COOLING_REQUIRED,32.0000,1.2000,1600000.0000,300.0000,60.0000,30.0000,35.0000,0.1000,FAIL,3.0000,3.0000,3.0000,0.0000,-1,0,0,FAIL,3.0000,3.0000,3.0000,0.0000,-1,0,0,FAIL,3.0000,3.0000,3.0000,0.0000,-1,0,0,PHYSICAL_COOLING_LIMIT
cold#360,REACHABLE,35.0000,0.7000,180000.0000,120.0000,0.0000,3.0000,10.0000,0.1000,FAIL,-0.2106,0.3909,0.5831,0.3928,-1,0,0,FAIL,-0.0279,0.1139,0.1280,0.0502,3303,0,0,FAIL,-0.0279,0.1139,0.1280,0.0502,3303,0,0,STEADY_MAE
cold#364,REACHABLE,35.0000,1.0000,180000.0000,120.0000,15.0000,8.0000,10.0000,0.1000,FAIL,-0.0541,0.3828,0.7324,0.7160,-1,0,0,PASS,0.0805,0.0024,0.0039,0.0037,1012,0,0,PASS,0.0805,0.0024,0.0039,0.0037,1012,0,0,
cold#368,SAFETY_LIMITED,35.0000,1.2000,180000.0000,120.0000,60.0000,30.0000,10.0000,0.1000,FAIL,-1.8132,2.2416,2.7597,1.0484,-1,0,0,FAIL,-0.0405,0.5368,1.0394,0.9895,-1,0,0,FAIL,-0.0401,0.4920,0.8873,0.8253,-1,0,0,STEADY_MAE
cold#372,REACHABLE,35.0000,0.7000,600000.0000,180.0000,0.0000,3.0000,10.0000,0.1000,FAIL,-0.2347,0.2783,0.2997,0.0662,-1,0,0,PASS,-0.0450,0.0561,0.0638,0.0226,6931,0,0,PASS,-0.0450,0.0561,0.0638,0.0226,6931,0,0,
cold#376,REACHABLE,35.0000,1.0000,600000.0000,180.0000,15.0000,8.0000,10.0000,0.1000,FAIL,-0.1787,1.0723,1.9081,1.8751,-1,0,0,PASS,0.0647,0.0086,0.0126,0.0078,3572,0,0,PASS,0.0647,0.0086,0.0126,0.0078,3572,0,0,
cold#380,REACHABLE,35.0000,1.2000,600000.0000,180.0000,60.0000,30.0000,10.0000,0.1000,FAIL,-1.9003,2.1608,2.4110,0.5221,-1,0,0,FAIL,-0.0272,0.4850,1.1949,1.2016,-1,0,0,PASS,0.0824,0.0397,0.0959,0.1864,3911,0,0,
cold#384,REACHABLE,35.0000,0.7000,1600000.0000,300.0000,0.0000,3.0000,10.0000,0.1000,FAIL,-0.3434,0.4446,0.8859,0.6865,-1,0,0,FAIL,-0.3093,0.7231,1.3302,1.1221,-1,0,0,FAIL,-0.3093,0.7231,1.3302,1.1221,-1,0,0,LEARNER_LOW_CONFIDENCE
cold#388,REACHABLE,35.0000,1.0000,1600000.0000,300.0000,15.0000,8.0000,10.0000,0.1000,FAIL,-0.3891,0.4272,0.4438,0.0450,-1,0,0,FAIL,-0.1172,0.1378,0.1542,0.0376,-1,0,0,FAIL,-0.1172,0.1378,0.1542,0.0376,-1,0,0,STEADY_MAE
cold#392,REACHABLE,35.0000,1.2000,1600000.0000,300.0000,60.0000,30.0000,10.0000,0.1000,FAIL,-1.4124,2.5186,3.5697,2.1980,-1,0,0,FAIL,-0.3248,0.5702,0.7652,0.5056,-1,0,0,PASS,0.0100,0.0408,0.0812,0.1033,6645,0,0,
cold#396,REACHABLE,35.0000,0.7000,180000.0000,120.0000,0.0000,3.0000,20.0000,0.1000,FAIL,-0.1243,0.2684,0.3780,0.2794,-1,0,0,PASS,0.0521,0.0159,0.0394,0.0819,1837,0,0,PASS,0.0521,0.0159,0.0394,0.0819,1837,0,0,
cold#400,REACHABLE,35.0000,1.0000,180000.0000,120.0000,15.0000,8.0000,20.0000,0.1000,FAIL,-0.2074,0.3739,0.5054,0.3123,-1,0,0,PASS,0.0530,0.0306,0.0486,0.1091,3455,0,0,PASS,0.0530,0.0306,0.0486,0.1091,3455,0,0,
cold#404,SAFETY_LIMITED,35.0000,1.2000,180000.0000,120.0000,60.0000,30.0000,20.0000,0.1000,FAIL,-0.9040,1.2892,1.5759,0.7234,-1,0,0,FAIL,0.0404,0.2050,0.4117,0.4588,-1,0,0,FAIL,0.0404,0.2050,0.4117,0.4588,-1,0,0,STEADY_MAE
cold#408,REACHABLE,35.0000,0.7000,600000.0000,180.0000,0.0000,3.0000,20.0000,0.1000,FAIL,-0.1354,0.2288,0.2843,0.1506,-1,0,0,PASS,0.0544,0.0465,0.0493,0.0051,3013,0,0,PASS,0.0538,0.0199,0.0240,0.0101,2107,0,0,
cold#412,REACHABLE,35.0000,1.0000,600000.0000,180.0000,15.0000,8.0000,20.0000,0.1000,FAIL,-0.1089,0.2443,0.3314,0.2070,-1,0,0,PASS,0.0646,0.0089,0.0151,0.0314,1912,0,0,PASS,0.0653,0.0072,0.0158,0.0279,1910,0,0,
cold#416,REACHABLE,35.0000,1.2000,600000.0000,180.0000,60.0000,30.0000,20.0000,0.1000,FAIL,-0.0072,0.3699,0.6906,0.6916,-1,0,0,FAIL,0.2165,0.1096,0.1146,0.0112,6801,0,0,FAIL,0.2165,0.1096,0.1146,0.0112,6801,0,0,STEADY_MAE
cold#420,REACHABLE,35.0000,0.7000,1600000.0000,300.0000,0.0000,3.0000,20.0000,0.1000,FAIL,-0.2410,0.2600,0.2679,0.0238,-1,0,0,PASS,0.0515,0.0477,0.0491,0.0044,4269,0,0,PASS,0.0517,0.0459,0.0485,0.0061,4269,0,0,
cold#424,REACHABLE,35.0000,1.0000,1600000.0000,300.0000,15.0000,8.0000,20.0000,0.1000,FAIL,-0.2124,0.2576,0.2828,0.0696,-1,0,0,PASS,0.0589,0.0367,0.0498,0.1080,2952,0,0,PASS,0.0581,0.0179,0.0250,0.0144,2952,0,0,
cold#428,REACHABLE,35.0000,1.2000,1600000.0000,300.0000,60.0000,30.0000,20.0000,0.1000,FAIL,-0.2093,0.3234,0.4164,0.2105,-1,0,0,FAIL,0.0019,0.4077,0.6932,0.7045,-1,0,0,PASS,0.0111,0.0419,0.0774,0.0924,4645,0,0,
cold#432,REACHABLE,35.0000,0.7000,180000.0000,120.0000,0.0000,3.0000,25.0000,0.1000,FAIL,-0.0331,0.1549,0.2422,0.2119,-1,0,0,PASS,0.0567,0.0242,0.0494,0.1020,1630,0,0,PASS,0.0552,0.0326,0.0485,0.1023,1630,0,0,
cold#436,REACHABLE,35.0000,1.0000,180000.0000,120.0000,15.0000,8.0000,25.0000,0.1000,FAIL,-0.0012,0.2074,0.3563,0.3617,-1,0,0,PASS,0.0936,0.0009,0.0020,0.0046,1695,0,0,PASS,0.0936,0.0009,0.0020,0.0046,1695,0,0,
cold#440,SAFETY_LIMITED,35.0000,1.2000,180000.0000,120.0000,60.0000,30.0000,25.0000,0.1000,FAIL,0.1372,0.3807,0.6514,0.8197,-1,0,0,FAIL,0.1220,0.3311,0.6455,0.7740,-1,0,0,FAIL,0.0997,0.1532,0.3516,0.4471,-1,0,0,STEADY_MAE
cold#444,REACHABLE,35.0000,0.7000,600000.0000,180.0000,0.0000,3.0000,25.0000,0.1000,FAIL,-0.2178,0.2535,0.2716,0.0551,-1,0,0,FAIL,-0.0260,0.1049,0.1281,0.0559,1844,0,0,PASS,-0.0260,0.0642,0.0995,0.0748,1844,0,0,
cold#448,REACHABLE,35.0000,1.0000,600000.0000,180.0000,15.0000,8.0000,25.0000,0.1000,FAIL,-0.0870,0.1628,0.2081,0.1232,-1,0,0,PASS,0.1248,0.0251,0.0508,0.1070,5663,0,0,PASS,0.0675,0.0053,0.0068,0.0034,1236,0,0,
cold#452,REACHABLE,35.0000,1.2000,600000.0000,180.0000,60.0000,30.0000,25.0000,0.1000,FAIL,0.1155,0.2139,0.4452,0.5413,-1,0,0,FAIL,0.3201,0.0249,0.0618,0.1458,2683,0,0,FAIL,0.3547,0.0255,0.0633,0.1440,5509,0,0,STARTUP_OVERSHOOT
cold#456,REACHABLE,35.0000,0.7000,1600000.0000,300.0000,0.0000,3.0000,25.0000,0.1000,FAIL,-0.1421,0.2004,0.2295,0.0877,-1,0,0,PASS,0.0522,0.0311,0.0378,0.0146,2869,0,0,PASS,0.0520,0.0349,0.0420,0.0155,2869,0,0,
cold#460,REACHABLE,35.0000,1.0000,1600000.0000,300.0000,15.0000,8.0000,25.0000,0.1000,FAIL,-0.1107,0.1865,0.2295,0.1188,-1,0,0,PASS,0.0587,0.0270,0.0484,0.0453,2304,0,0,PASS,0.0591,0.0320,0.0497,0.0332,2304,0,0,
cold#464,REACHABLE,35.0000,1.2000,1600000.0000,300.0000,60.0000,30.0000,25.0000,0.1000,FAIL,-0.1166,0.2067,0.2860,0.1670,-1,0,0,PASS,0.1780,0.0709,0.1196,0.1175,4114,0,0,PASS,0.0147,0.0670,0.1200,0.1232,3268,0,0,
cold#468,REACHABLE,35.0000,0.7000,180000.0000,120.0000,0.0000,3.0000,28.0000,0.1000,FAIL,-0.0349,0.1187,0.1704,0.1375,-1,0,0,PASS,0.0588,0.0273,0.0483,0.0650,1527,0,0,PASS,0.0588,0.0273,0.0483,0.0650,1527,0,0,
cold#472,REACHABLE,35.0000,1.0000,180000.0000,120.0000,15.0000,8.0000,28.0000,0.1000,FAIL,-0.0647,0.2404,0.3578,0.2967,-1,0,0,FAIL,-0.0647,0.2404,0.3578,0.2967,-1,0,0,FAIL,-0.0647,0.2404,0.3578,0.2967,-1,0,0,LEARNER_LOW_CONFIDENCE
cold#476,SAFETY_LIMITED,35.0000,1.2000,180000.0000,120.0000,60.0000,30.0000,28.0000,0.1000,FAIL,0.3570,0.2786,0.4853,0.8634,-1,0,0,FAIL,0.3570,0.2786,0.4853,0.8634,-1,0,0,FAIL,0.3570,0.2749,0.4870,0.8634,-1,0,0,STARTUP_OVERSHOOT
cold#480,REACHABLE,35.0000,0.7000,600000.0000,180.0000,0.0000,3.0000,28.0000,0.1000,FAIL,-0.0416,0.1280,0.1561,0.1150,-1,0,0,PASS,0.0536,0.0273,0.0493,0.0606,2090,0,0,PASS,0.0536,0.0273,0.0493,0.0606,2090,0,0,
cold#484,REACHABLE,35.0000,1.0000,600000.0000,180.0000,15.0000,8.0000,28.0000,0.1000,FAIL,-0.1045,0.1458,0.1701,0.0649,-1,0,0,PASS,0.0624,0.0270,0.0559,0.1181,1534,0,0,PASS,0.0624,0.0270,0.0559,0.1181,1534,0,0,
cold#488,REACHABLE,35.0000,1.2000,600000.0000,180.0000,60.0000,30.0000,28.0000,0.1000,FAIL,0.2689,0.1453,0.3030,0.5527,-1,0,0,FAIL,0.3865,0.0605,0.1185,0.1416,4203,0,0,PASS,0.2383,0.0586,0.1188,0.1483,5532,0,0,
cold#492,REACHABLE,35.0000,0.7000,1600000.0000,300.0000,0.0000,3.0000,28.0000,0.1000,FAIL,-0.1437,0.1659,0.1766,0.0322,-1,0,0,PASS,0.0506,0.0327,0.0415,0.0205,2194,0,0,PASS,0.0506,0.0327,0.0415,0.0205,2194,0,0,
cold#496,REACHABLE,35.0000,1.0000,1600000.0000,300.0000,15.0000,8.0000,28.0000,0.1000,FAIL,-0.1169,0.1613,0.1836,0.0625,-1,0,0,PASS,-0.0258,0.0598,0.0818,0.0547,2021,0,0,PASS,-0.0258,0.0598,0.0818,0.0547,2021,0,0,
cold#500,REACHABLE,35.0000,1.2000,1600000.0000,300.0000,60.0000,30.0000,28.0000,0.1000,FAIL,-0.0764,0.1934,0.2930,0.2184,-1,0,0,FAIL,0.0288,0.1539,0.1952,0.1025,-1,0,0,FAIL,0.1915,0.1543,0.1951,0.1027,-1,0,0,STEADY_MAE
cold#504,COOLING_REQUIRED,35.0000,0.7000,180000.0000,120.0000,0.0000,3.0000,35.0000,0.1000,PASS,0.0000,0.0000,0.0000,0.0000,1,0,0,PASS,0.0000,0.0000,0.0000,0.0000,1,0,0,PASS,0.0000,0.0000,0.0000,0.0000,1,0,0,
cold#508,COOLING_REQUIRED,35.0000,1.0000,180000.0000,120.0000,15.0000,8.0000,35.0000,0.1000,PASS,0.0000,0.0000,0.0000,0.0000,1,0,0,PASS,0.0000,0.0000,0.0000,0.0000,1,0,0,PASS,0.0000,0.0000,0.0000,0.0000,1,0,0,
cold#512,COOLING_REQUIRED,35.0000,1.2000,180000.0000,120.0000,60.0000,30.0000,35.0000,0.1000,PASS,0.0000,0.0000,0.0000,0.0000,1,0,0,PASS,0.0000,0.0000,0.0000,0.0000,1,0,0,PASS,0.0000,0.0000,0.0000,0.0000,1,0,0,
cold#516,COOLING_REQUIRED,35.0000,0.7000,600000.0000,180.0000,0.0000,3.0000,35.0000,0.1000,PASS,0.0000,0.0000,0.0000,0.0000,1,0,0,PASS,0.0000,0.0000,0.0000,0.0000,1,0,0,PASS,0.0000,0.0000,0.0000,0.0000,1,0,0,
cold#520,COOLING_REQUIRED,35.0000,1.0000,600000.0000,180.0000,15.0000,8.0000,35.0000,0.1000,PASS,0.0000,0.0000,0.0000,0.0000,1,0,0,PASS,0.0000,0.0000,0.0000,0.0000,1,0,0,PASS,0.0000,0.0000,0.0000,0.0000,1,0,0,
cold#524,COOLING_REQUIRED,35.0000,1.2000,600000.0000,180.0000,60.0000,30.0000,35.0000,0.1000,PASS,0.0000,0.0000,0.0000,0.0000,1,0,0,PASS,0.0000,0.0000,0.0000,0.0000,1,0,0,PASS,0.0000,0.0000,0.0000,0.0000,1,0,0,
cold#528,COOLING_REQUIRED,35.0000,0.7000,1600000.0000,300.0000,0.0000,3.0000,35.0000,0.1000,PASS,0.0000,0.0000,0.0000,0.0000,1,0,0,PASS,0.0000,0.0000,0.0000,0.0000,1,0,0,PASS,0.0000,0.0000,0.0000,0.0000,1,0,0,
cold#532,COOLING_REQUIRED,35.0000,1.0000,1600000.0000,300.0000,15.0000,8.0000,35.0000,0.1000,PASS,0.0000,0.0000,0.0000,0.0000,1,0,0,PASS,0.0000,0.0000,0.0000,0.0000,1,0,0,PASS,0.0000,0.0000,0.0000,0.0000,1,0,0,
cold#536,COOLING_REQUIRED,35.0000,1.2000,1600000.0000,300.0000,60.0000,30.0000,35.0000,0.1000,PASS,0.0000,0.0000,0.0000,0.0000,1,0,0,PASS,0.0000,0.0000,0.0000,0.0000,1,0,0,PASS,0.0000,0.0000,0.0000,0.0000,1,0,0,
cold#540,REACHABLE,37.5000,0.7000,180000.0000,120.0000,0.0000,3.0000,10.0000,0.1000,FAIL,-0.2094,0.4000,0.6167,0.4309,-1,0,0,FAIL,-0.0895,0.1279,0.1592,0.0765,-1,0,0,FAIL,-0.0895,0.1279,0.1592,0.0765,-1,0,0,LEARNER_LOW_CONFIDENCE
cold#544,REACHABLE,37.5000,1.0000,180000.0000,120.0000,15.0000,8.0000,10.0000,0.1000,FAIL,-0.0257,0.3988,0.8149,0.8012,-1,0,0,PASS,0.0643,0.0212,0.0394,0.0346,1182,0,0,PASS,0.0643,0.0212,0.0394,0.0346,1182,0,0,
cold#548,SAFETY_LIMITED,37.5000,1.2000,180000.0000,120.0000,60.0000,30.0000,10.0000,0.1000,FAIL,-1.9566,2.3749,2.9244,1.0082,-1,0,0,FAIL,0.0177,0.1092,0.2513,0.3020,-1,0,0,FAIL,0.0080,0.1332,0.2948,0.3215,-1,0,0,STEADY_MAE
cold#552,REACHABLE,37.5000,0.7000,600000.0000,180.0000,0.0000,3.0000,10.0000,0.1000,FAIL,-0.2327,0.3051,0.3415,0.1065,-1,0,0,FAIL,-0.2327,0.2610,0.2730,0.0331,-1,0,0,FAIL,-0.2327,0.2610,0.2730,0.0331,-1,0,0,LEARNER_LOW_CONFIDENCE
cold#556,REACHABLE,37.5000,1.0000,600000.0000,180.0000,15.0000,8.0000,10.0000,0.1000,FAIL,-2.2077,2.8204,3.0581,0.5398,-1,0,0,PASS,0.0691,0.0107,0.0225,0.0314,6779,0,0,PASS,0.0691,0.0107,0.0225,0.0314,6779,0,0,
cold#560,REACHABLE,37.5000,1.2000,600000.0000,180.0000,60.0000,30.0000,10.0000,0.1000,FAIL,-3.6176,3.8172,4.0738,0.4910,-1,0,0,FAIL,-0.0268,0.5377,1.3135,1.3227,-1,0,0,PASS,0.0784,0.0426,0.1166,0.2044,4293,0,0,
cold#564,HEAT_LIMITED,37.5000,0.7000,1600000.0000,300.0000,0.0000,3.0000,10.0000,0.1000,FAIL,-0.3440,1.0391,2.1348,1.9313,-1,0,0,FAIL,-1.5852,2.3071,3.0230,1.5256,-1,0,0,FAIL,-1.5852,2.3071,3.0230,1.5256,-1,0,0,PHYSICAL_POWER_LIMIT
cold#568,REACHABLE,37.5000,1.0000,1600000.0000,300.0000,15.0000,8.0000,10.0000,0.1000,FAIL,-0.3867,0.4355,0.4629,0.0749,-1,0,0,FAIL,-0.1211,0.1689,0.2281,0.1161,-1,0,0,FAIL,-0.1211,0.1689,0.2281,0.1161,-1,0,0,STEADY_MAE
cold#572,REACHABLE,37.5000,1.2000,1600000.0000,300.0000,60.0000,30.0000,10.0000,0.1000,FAIL,-2.9525,3.8414,4.8201,1.9137,-1,0,0,FAIL,-0.3370,0.5968,0.6968,0.2317,-1,0,0,PASS,0.0097,0.0535,0.1071,0.1305,7132,0,0,
cold#576,REACHABLE,37.5000,0.7000,180000.0000,120.0000,0.0000,3.0000,20.0000,0.1000,FAIL,-0.1226,0.2744,0.3955,0.2733,-1,0,0,PASS,0.0560,0.0085,0.0138,0.0118,1969,0,0,PASS,0.0560,0.0085,0.0138,0.0118,1969,0,0,
cold#580,REACHABLE,37.5000,1.0000,180000.0000,120.0000,15.0000,8.0000,20.0000,0.1000,FAIL,-0.1133,0.3592,0.5568,0.4477,-1,0,0,PASS,0.0720,0.0266,0.0487,0.0563,1529,0,0,PASS,0.0720,0.0266,0.0487,0.0563,1529,0,0,
cold#584,SAFETY_LIMITED,37.5000,1.2000,180000.0000,120.0000,60.0000,30.0000,20.0000,0.1000,FAIL,-1.2437,1.7085,2.0148,0.6311,-1,0,0,FAIL,0.0073,0.0830,0.2101,0.2442,-1,0,0,FAIL,0.0073,0.0830,0.2101,0.2442,-1,0,0,SETTLING_TIMEOUT
cold#588,REACHABLE,37.5000,0.7000,600000.0000,180.0000,0.0000,3.0000,20.0000,0.1000,FAIL,-0.1378,0.2550,0.3365,0.2012,-1,0,0,PASS,0.0532,0.0094,0.0135,0.0089,2298,0,0,PASS,0.0544,0.0159,0.0324,0.0583,2298,0,0,
cold#592,REACHABLE,37.5000,1.0000,600000.0000,180.0000,15.0000,8.0000,20.0000,0.1000,FAIL,-0.0820,0.3172,0.4460,0.3201,-1,0,0,PASS,0.0638,0.0352,0.0365,0.0043,1954,0,0,PASS,0.0636,0.0272,0.0502,0.1132,1954,0,0,
cold#596,REACHABLE,37.5000,1.2000,600000.0000,180.0000,60.0000,30.0000,20.0000,0.1000,FAIL,-0.0265,0.4248,0.7737,0.7528,-1,0,0,PASS,0.0210,0.0715,0.1305,0.1377,4173,0,0,PASS,0.0210,0.0715,0.1305,0.1377,4173,0,0,
cold#600,REACHABLE,37.5000,0.7000,1600000.0000,300.0000,0.0000,3.0000,20.0000,0.1000,FAIL,-0.2429,0.2775,0.2959,0.0537,-1,0,0,PASS,0.0517,0.0413,0.0500,0.0971,6179,0,0,PASS,0.0515,0.0472,0.0498,0.0093,5119,0,0,
cold#604,REACHABLE,37.5000,1.0000,1600000.0000,300.0000,15.0000,8.0000,20.0000,0.1000,FAIL,-0.2065,0.2742,0.3132,0.1076,-1,0,0,PASS,0.0591,0.0240,0.0242,0.0336,5423,0,0,PASS,-0.0150,0.0458,0.0755,0.0633,3415,0,0,
cold#608,REACHABLE,37.5000,1.2000,1600000.0000,300.0000,60.0000,30.0000,20.0000,0.1000,FAIL,-0.3112,0.4055,0.4860,0.1798,-1,0,0,FAIL,-0.0288,0.3882,0.7956,0.7775,-1,0,0,PASS,0.0127,0.0403,0.0798,0.0912,5261,0,0,
cold#612,REACHABLE,37.5000,0.7000,180000.0000,120.0000,0.0000,3.0000,25.0000,0.1000,FAIL,-0.1221,0.2581,0.3519,0.2368,-1,0,0,PASS,0.0571,0.0416,0.0492,0.0640,1857,0,0,PASS,0.0571,0.0416,0.0492,0.0640,1857,0,0,
cold#616,REACHABLE,37.5000,1.0000,180000.0000,120.0000,15.0000,8.0000,25.0000,0.1000,FAIL,-0.0371,0.2628,0.4266,0.3955,-1,0,0,PASS,0.0580,0.0215,0.0426,0.0816,2766,0,0,PASS,0.0580,0.0215,0.0426,0.0816,2766,0,0,
cold#620,SAFETY_LIMITED,37.5000,1.2000,180000.0000,120.0000,60.0000,30.0000,25.0000,0.1000,FAIL,0.0074,0.5187,0.8133,0.7877,-1,0,0,PASS,0.0842,0.0392,0.1040,0.1458,1121,0,0,FAIL,-0.0085,0.0976,0.1974,0.1997,-1,0,0,SETTLING_TIMEOUT
cold#624,REACHABLE,37.5000,0.7000,600000.0000,180.0000,0.0000,3.0000,25.0000,0.1000,FAIL,-0.2148,0.2841,0.3202,0.1067,-1,0,0,PASS,-0.0252,0.0514,0.0753,0.0486,2347,0,0,FAIL,-0.0253,0.1101,0.1284,0.0607,2336,0,0,STEADY_MAE
cold#628,REACHABLE,37.5000,1.0000,600000.0000,180.0000,15.0000,8.0000,25.0000,0.1000,FAIL,-0.0931,0.1937,0.2640,0.1739,-1,0,0,PASS,0.0652,0.0227,0.0494,0.1046,1355,0,0,PASS,0.0645,0.0287,0.0341,0.0119,1355,0,0,
cold#632,REACHABLE,37.5000,1.2000,600000.0000,180.0000,60.0000,30.0000,25.0000,0.1000,FAIL,0.0703,0.2570,0.5287,0.6032,-1,0,0,FAIL,0.4836,0.0312,0.0667,0.1535,4815,0,0,FAIL,0.3085,0.0136,0.0281,0.0299,4689,0,0,STARTUP_OVERSHOOT
cold#636,REACHABLE,37.5000,0.7000,1600000.0000,300.0000,0.0000,3.0000,25.0000,0.1000,FAIL,-0.1439,0.2290,0.2757,0.1331,-1,0,0,PASS,0.0515,0.0470,0.0476,0.0017,3883,0,0,PASS,0.0516,0.0392,0.0453,0.0130,3883,0,0,
cold#640,REACHABLE,37.5000,1.0000,1600000.0000,300.0000,15.0000,8.0000,25.0000,0.1000,FAIL,-0.1094,0.2473,0.2609,0.0345,-1,0,0,PASS,0.0591,0.0134,0.0264,0.0355,2886,0,0,PASS,0.0588,0.0443,0.0460,0.0037,2886,0,0,
cold#644,REACHABLE,37.5000,1.2000,1600000.0000,300.0000,60.0000,30.0000,25.0000,0.1000,FAIL,-0.1286,0.3058,0.3686,0.1425,-1,0,0,FAIL,-0.2486,0.5030,0.5872,0.1849,-1,0,0,PASS,0.0139,0.0440,0.0807,0.0938,5088,0,0,
cold#648,REACHABLE,37.5000,0.7000,180000.0000,120.0000,0.0000,3.0000,28.0000,0.1000,FAIL,-0.0319,0.1483,0.2268,0.1963,-1,0,0,PASS,0.0575,0.0299,0.0320,0.0064,1510,0,0,PASS,0.0575,0.0299,0.0320,0.0064,1510,0,0,
cold#652,REACHABLE,37.5000,1.0000,180000.0000,120.0000,15.0000,8.0000,28.0000,0.1000,FAIL,-0.0137,0.2502,0.4227,0.4135,-1,0,0,FAIL,-0.0530,0.2579,0.3358,0.2228,-1,0,0,FAIL,-0.0530,0.2579,0.3358,0.2228,-1,0,0,LEARNER_LOW_CONFIDENCE
cold#656,SAFETY_LIMITED,37.5000,1.2000,180000.0000,120.0000,60.0000,30.0000,28.0000,0.1000,FAIL,0.2133,0.3730,0.6378,0.8273,-1,0,0,FAIL,0.1815,0.3153,0.6076,0.6915,-1,0,0,FAIL,0.1274,0.3169,0.6059,0.7673,-1,0,0,LEARNER_LOW_CONFIDENCE
cold#660,REACHABLE,37.5000,0.7000,600000.0000,180.0000,0.0000,3.0000,28.0000,0.1000,FAIL,-0.1373,0.1699,0.1858,0.0484,-1,0,0,PASS,0.0546,0.0143,0.0209,0.0141,1896,0,0,PASS,0.0546,0.0143,0.0209,0.0141,1896,0,0,
cold#664,REACHABLE,37.5000,1.0000,600000.0000,180.0000,15.0000,8.0000,28.0000,0.1000,FAIL,-0.0785,0.1589,0.2001,0.1136,-1,0,0,PASS,0.0667,0.0351,0.0498,0.0198,1036,0,0,PASS,0.0670,0.0169,0.0189,0.0038,1036,0,0,
cold#668,REACHABLE,37.5000,1.2000,600000.0000,180.0000,60.0000,30.0000,28.0000,0.1000,FAIL,0.1805,0.2221,0.4293,0.5262,-1,0,0,FAIL,0.3081,0.0336,0.0343,0.0018,2659,0,0,PASS,0.1885,0.0345,0.0775,0.1407,3853,0,0,
cold#672,REACHABLE,37.5000,0.7000,1600000.0000,300.0000,0.0000,3.0000,28.0000,0.1000,FAIL,-0.1427,0.1943,0.2187,0.0772,-1,0,0,PASS,0.0518,0.0437,0.0497,0.0101,3769,0,0,PASS,0.0516,0.0338,0.0361,0.0050,2797,0,0,
cold#676,REACHABLE,37.5000,1.0000,1600000.0000,300.0000,15.0000,8.0000,28.0000,0.1000,FAIL,-0.1087,0.1820,0.2207,0.1082,-1,0,0,PASS,0.0590,0.0362,0.0691,0.1277,3074,0,0,PASS,0.0583,0.0324,0.0691,0.1033,2244,0,0,
cold#680,REACHABLE,37.5000,1.2000,1600000.0000,300.0000,60.0000,30.0000,28.0000,0.1000,FAIL,-0.2003,0.2850,0.3541,0.1510,-1,0,0,FAIL,0.1400,0.5182,0.5468,0.0688,-1,0,0,FAIL,0.0948,0.2365,0.5354,0.4529,-1,0,0,STEADY_MAE
cold#684,REACHABLE,37.5000,0.7000,180000.0000,120.0000,0.0000,3.0000,35.0000,0.1000,PASS,-0.0368,0.0617,0.0749,0.0415,583,0,0,PASS,-0.0335,0.0617,0.0749,0.0415,583,0,0,PASS,-0.0335,0.0617,0.0749,0.0415,583,0,0,
cold#688,REACHABLE,37.5000,1.0000,180000.0000,120.0000,15.0000,8.0000,35.0000,0.1000,PASS,0.0457,0.0475,0.0981,0.1278,346,0,0,PASS,0.0457,0.0475,0.0981,0.1278,346,0,0,PASS,0.0457,0.0475,0.0981,0.1278,346,0,0,
cold#692,SAFETY_LIMITED,37.5000,1.2000,180000.0000,120.0000,60.0000,30.0000,35.0000,0.1000,FAIL,0.1065,0.0894,0.1757,0.2865,-1,0,0,FAIL,0.1065,0.0894,0.1757,0.2865,-1,0,0,FAIL,0.1065,0.0894,0.1757,0.2865,-1,0,0,SETTLING_TIMEOUT
cold#696,REACHABLE,37.5000,0.7000,600000.0000,180.0000,0.0000,3.0000,35.0000,0.1000,PASS,-0.0426,0.0574,0.0637,0.0190,1178,0,0,PASS,-0.0426,0.0547,0.0596,0.0155,1178,0,0,PASS,-0.0426,0.0547,0.0596,0.0155,1178,0,0,
cold#700,REACHABLE,37.5000,1.0000,600000.0000,180.0000,15.0000,8.0000,35.0000,0.1000,PASS,-0.0139,0.0510,0.0739,0.0551,979,0,0,PASS,-0.0139,0.0512,0.0740,0.0552,979,0,0,PASS,-0.0139,0.0512,0.0740,0.0552,979,0,0,
cold#704,REACHABLE,37.5000,1.2000,600000.0000,180.0000,60.0000,30.0000,35.0000,0.1000,FAIL,0.1526,0.0628,0.1213,0.2590,5188,0,0,PASS,0.1310,0.0492,0.0960,0.1783,1036,0,0,PASS,0.1310,0.0518,0.0947,0.1794,1036,0,0,
cold#708,REACHABLE,37.5000,0.7000,1600000.0000,300.0000,0.0000,3.0000,35.0000,0.1000,FAIL,-0.1251,0.1383,0.1433,0.0159,2253,0,0,FAIL,-0.0262,0.1268,0.1296,0.0088,2049,0,0,FAIL,-0.0262,0.1268,0.1296,0.0088,2049,0,0,LEARNER_LOW_CONFIDENCE
cold#712,REACHABLE,37.5000,1.0000,1600000.0000,300.0000,15.0000,8.0000,35.0000,0.1000,PASS,-0.0211,0.0560,0.0683,0.0330,1701,0,0,PASS,-0.0232,0.0526,0.0609,0.0234,1680,0,0,PASS,-0.0232,0.0526,0.0609,0.0234,1680,0,0,
cold#716,REACHABLE,37.5000,1.2000,1600000.0000,300.0000,60.0000,30.0000,35.0000,0.1000,PASS,0.0511,0.0452,0.0926,0.1452,1939,0,0,PASS,0.0858,0.0304,0.0672,0.1400,1825,0,0,PASS,0.0858,0.0313,0.0678,0.1415,1825,0,0,
door1#720,REACHABLE,37.5000,1.0000,180000.0000,120.0000,0.0000,30.0000,25.0000,0.0100,FAIL,-0.0340,0.2145,0.3508,0.2958,-1,0,0,PASS,0.0302,0.0026,0.0050,0.0110,3836,0,0,PASS,0.0282,0.0023,0.0048,0.0110,3836,0,0,
door2#724,REACHABLE,37.5000,1.0000,180000.0000,120.0000,0.0000,30.0000,25.0000,0.0100,FAIL,-0.0340,0.2139,0.3508,0.2958,-1,0,0,PASS,0.0393,0.0023,0.0050,0.0110,3854,0,0,PASS,0.0390,0.0024,0.0047,0.0108,3854,0,0,
door5#728,REACHABLE,37.5000,1.0000,180000.0000,120.0000,0.0000,30.0000,25.0000,0.0100,FAIL,-0.0340,0.2142,0.3506,0.2959,-1,0,0,PASS,0.0302,0.0028,0.0046,0.0102,3975,0,0,PASS,0.0282,0.0019,0.0046,0.0104,3984,0,0,
ambient_rise#732,REACHABLE,37.5000,1.0000,180000.0000,120.0000,0.0000,30.0000,25.0000,0.0100,FAIL,-0.0210,0.1726,0.2936,0.2609,-1,0,0,PASS,0.1090,0.0024,0.0050,0.0111,982,0,0,PASS,0.1091,0.0027,0.0043,0.0093,982,0,0,
loss_up#736,REACHABLE,37.5000,1.0000,180000.0000,120.0000,0.0000,30.0000,25.0000,0.0100,FAIL,-0.0340,0.3174,0.4886,0.3834,-1,0,0,PASS,0.0302,0.0002,0.0003,0.0004,3765,0,0,PASS,0.0282,0.0001,0.0002,0.0003,3765,0,0,
loss_down#740,REACHABLE,37.5000,1.0000,180000.0000,120.0000,0.0000,30.0000,25.0000,0.0100,FAIL,0.0066,0.1468,0.2562,0.2414,-1,0,0,PASS,0.1843,0.0035,0.0047,0.0038,3737,0,0,PASS,0.1838,0.0026,0.0038,0.0030,3735,0,0,
load_heavy#744,REACHABLE,37.5000,1.0000,180000.0000,120.0000,0.0000,30.0000,25.0000,0.0100,PASS,-0.0036,0.0332,0.0623,0.0655,3829,0,0,PASS,0.0302,0.0028,0.0051,0.0110,982,0,0,PASS,0.0282,0.0026,0.0049,0.0105,982,0,0,
load_light#748,REACHABLE,37.5000,1.0000,180000.0000,120.0000,0.0000,30.0000,25.0000,0.0100,FAIL,-0.0340,0.2586,0.4373,0.3860,-1,0,0,PASS,0.0302,0.0029,0.0050,0.0112,982,0,0,PASS,0.0282,0.0021,0.0047,0.0111,982,0,0,
vent#752,REACHABLE,37.5000,1.0000,180000.0000,120.0000,0.0000,30.0000,25.0000,0.0100,FAIL,-0.0082,0.2188,0.3514,0.2958,-1,0,0,PASS,0.0302,0.0025,0.0048,0.0090,4627,0,0,PASS,0.2028,0.0029,0.0050,0.0112,4474,0,0,
sensor_loss#756,REACHABLE,37.5000,1.0000,180000.0000,120.0000,0.0000,30.0000,25.0000,0.0100,FAIL,-0.0340,0.5099,0.5420,0.0611,-1,0,0,PASS,0.0302,0.0021,0.0048,0.0108,3731,0,0,PASS,0.0282,0.0028,0.0050,0.0112,3731,0,0,
bad_sample#760,REACHABLE,37.5000,1.0000,180000.0000,120.0000,0.0000,30.0000,25.0000,0.0100,FAIL,-0.0340,0.5979,0.8971,0.5160,-1,0,0,PASS,0.0302,0.0025,0.0049,0.0107,982,0,0,PASS,0.0282,0.0028,0.0051,0.0110,982,0,0,
sensor_frozen#764,REACHABLE,37.5000,1.0000,180000.0000,120.0000,0.0000,30.0000,25.0000,0.0100,FAIL,-0.0340,0.3951,0.4519,0.1195,-1,0,0,PASS,0.0302,0.0025,0.0049,0.0108,3764,0,0,PASS,0.0282,0.0027,0.0051,0.0110,3764,0,0,
safety_cut#768,REACHABLE,37.5000,1.0000,180000.0000,120.0000,0.0000,30.0000,25.0000,0.0100,FAIL,-0.0340,0.4161,0.4783,0.1497,-1,0,0,PASS,0.0302,0.0028,0.0050,0.0111,3907,0,0,PASS,0.0282,0.0027,0.0049,0.0110,3906,0,0,
power_recovery#772,REACHABLE,37.5000,1.0000,180000.0000,120.0000,0.0000,30.0000,25.0000,0.0100,FAIL,-0.0340,0.1944,0.2611,0.1630,-1,0,0,PASS,0.0302,0.0027,0.0050,0.0111,3949,0,0,PASS,0.0282,0.0027,0.0050,0.0112,3948,0,0,
setpoint_step#776,REACHABLE,37.5000,1.0000,180000.0000,120.0000,0.0000,30.0000,25.0000,0.0100,FAIL,-0.0465,0.2118,0.3514,0.2958,-1,0,0,PASS,0.0193,0.0083,0.0154,0.0343,4930,0,0,PASS,0.0193,0.0083,0.0154,0.0343,4930,0,0,
noise#780,REACHABLE,37.5000,1.0000,180000.0000,120.0000,0.0000,30.0000,25.0000,0.0100,FAIL,-0.0247,0.2217,0.3383,0.3443,-1,0,0,FAIL,-0.1460,0.1484,0.1498,0.0044,-1,0,0,FAIL,-0.1421,0.1471,0.1484,0.0042,1399,0,0,STEADY_MAE
jitter_drop#784,REACHABLE,37.5000,1.0000,180000.0000,120.0000,0.0000,30.0000,25.0000,0.0100,FAIL,-0.0108,0.2170,0.3517,0.2970,-1,0,0,PASS,0.0372,0.0038,0.0048,0.0103,979,0,0,PASS,0.0361,0.0031,0.0049,0.0107,979,0,0,
cold#1,REACHABLE,30.0000,1.0000,180000.0000,120.0000,0.0000,8.0000,10.0000,0.0100,PASS,-0.0311,0.0609,0.0929,0.0739,8470,0,0,PASS,0.0102,0.0020,0.0038,0.0045,1753,0,0,PASS,0.0102,0.0020,0.0038,0.0045,1753,0,0,
cold#5,SAFETY_LIMITED,30.0000,1.2000,180000.0000,120.0000,15.0000,30.0000,10.0000,0.0100,FAIL,-0.1025,0.3788,0.6100,0.5100,-1,0,0,PASS,-0.0210,0.0636,0.1326,0.1139,1975,0,0,PASS,0.0076,0.0028,0.0058,0.0135,1617,0,0,
cold#9,SAFETY_LIMITED,30.0000,0.7000,180000.0000,120.0000,60.0000,3.0000,10.0000,0.0100,FAIL,-2.1475,2.6281,3.1752,1.0811,-1,0,0,PASS,0.0061,0.0024,0.0049,0.0114,1741,0,0,PASS,0.0061,0.0024,0.0049,0.0114,1741,0,0,
cold#13,REACHABLE,30.0000,1.0000,600000.0000,180.0000,0.0000,8.0000,10.0000,0.0100,PASS,-0.0623,0.0712,0.0768,0.0147,4371,0,0,PASS,0.0289,0.0012,0.0015,0.0009,2627,0,0,PASS,0.0286,0.0007,0.0010,0.0009,2627,0,0,
cold#17,REACHABLE,30.0000,1.2000,600000.0000,180.0000,15.0000,30.0000,10.0000,0.0100,FAIL,-0.0483,0.3179,0.4968,0.4141,-1,0,0,PASS,-0.0528,0.0955,0.1404,0.0965,8538,0,0,PASS,0.0208,0.0021,0.0050,0.0114,2360,0,0,
cold#21,REACHABLE,30.0000,0.7000,600000.0000,180.0000,60.0000,3.0000,10.0000,0.0100,FAIL,-3.3679,3.7299,4.0162,0.7185,-1,0,0,PASS,-0.0536,0.0769,0.0798,0.0081,3576,0,0,PASS,-0.0536,0.0769,0.0798,0.0081,3576,0,0,
cold#25,REACHABLE,30.0000,1.0000,1600000.0000,300.0000,0.0000,8.0000,10.0000,0.0100,FAIL,-0.1345,0.1367,0.1384,0.0041,6712,0,0,FAIL,-0.1346,0.1360,0.1372,0.0028,6712,0,0,FAIL,-0.1346,0.1360,0.1372,0.0028,6712,0,0,LEARNER_LOW_CONFIDENCE
cold#29,REACHABLE,30.0000,1.2000,1600000.0000,300.0000,15.0000,30.0000,10.0000,0.0100,FAIL,-0.1028,0.1105,0.1195,0.0171,6103,0,0,FAIL,-0.1027,0.1156,0.1305,0.0286,5660,0,0,PASS,0.0210,0.0037,0.0057,0.0069,5761,0,0,
cold#33,REACHABLE,30.0000,0.7000,1600000.0000,300.0000,60.0000,3.0000,10.0000,0.0100,FAIL,-0.2137,0.2447,0.2760,0.0673,-1,0,0,PASS,0.0066,0.0292,0.0782,0.0940,8431,0,0,PASS,0.0179,0.0087,0.0186,0.0423,8237,0,0,
cold#37,REACHABLE,30.0000,1.0000,180000.0000,120.0000,0.0000,8.0000,20.0000,0.0100,PASS,0.0061,0.0059,0.0178,0.0544,1163,0,0,PASS,0.0074,0.0021,0.0043,0.0106,1163,0,0,PASS,0.0074,0.0021,0.0043,0.0106,1163,0,0,
cold#41,SAFETY_LIMITED,30.0000,1.2000,180000.0000,120.0000,15.0000,30.0000,20.0000,0.0100,FAIL,0.1074,0.1908,0.3666,0.4780,-1,0,0,PASS,0.1219,0.0331,0.0864,0.1605,1472,0,0,PASS,0.1219,0.0331,0.0864,0.1605,1472,0,0,
cold#45,SAFETY_LIMITED,30.0000,0.7000,180000.0000,120.0000,60.0000,3.0000,20.0000,0.0100,FAIL,-1.1264,1.3520,1.5681,0.4622,-1,0,0,PASS,0.0060,0.0029,0.0056,0.0134,2130,0,0,PASS,0.0069,0.0026,0.0050,0.0121,2139,0,0,
cold#49,REACHABLE,30.0000,1.0000,600000.0000,180.0000,0.0000,8.0000,20.0000,0.0100,FAIL,-0.0926,0.1033,0.1101,0.0181,2072,0,0,PASS,-0.0522,0.0797,0.0844,0.0106,2066,0,0,PASS,-0.0522,0.0797,0.0844,0.0106,2066,0,0,
cold#53,REACHABLE,30.0000,1.2000,600000.0000,180.0000,15.0000,30.0000,20.0000,0.0100,FAIL,-0.0081,0.1241,0.2238,0.2176,-1,0,0,PASS,0.0267,0.0032,0.0049,0.0050,1441,0,0,PASS,0.0151,0.0020,0.0032,0.0082,1441,0,0,
cold#57,REACHABLE,30.0000,0.7000,600000.0000,180.0000,60.0000,3.0000,20.0000,0.0100,FAIL,0.0211,0.2149,0.3701,0.3930,-1,0,0,PASS,0.0341,0.0025,0.0047,0.0054,1709,0,0,PASS,0.0099,0.0032,0.0036,0.0016,1797,0,0,
cold#61,REACHABLE,30.0000,1.0000,1600000.0000,300.0000,0.0000,8.0000,20.0000,0.0100,PASS,-0.0441,0.0525,0.0559,0.0121,4089,0,0,PASS,-0.0441,0.0525,0.0560,0.0122,2753,0,0,PASS,0.0159,0.0022,0.0026,0.0010,2753,0,0,
cold#65,REACHABLE,30.0000,1.2000,1600000.0000,300.0000,15.0000,30.0000,20.0000,0.0100,PASS,-0.0287,0.0443,0.0587,0.0307,4038,0,0,PASS,0.0199,0.0022,0.0047,0.0078,2875,0,0,PASS,0.0195,0.0025,0.0050,0.0086,2875,0,0,
cold#69,REACHABLE,30.0000,0.7000,1600000.0000,300.0000,60.0000,3.0000,20.0000,0.0100,FAIL,-0.0887,0.1175,0.1452,0.0581,5988,0,0,PASS,0.0356,0.0069,0.0130,0.0216,5559,0,0,PASS,0.0369,0.0082,0.0210,0.0367,4175,0,0,
cold#73,REACHABLE,30.0000,1.0000,180000.0000,120.0000,0.0000,8.0000,25.0000,0.0100,PASS,0.0166,0.0027,0.0053,0.0072,612,0,0,PASS,0.0166,0.0027,0.0052,0.0072,612,0,0,PASS,0.0166,0.0027,0.0052,0.0072,612,0,0,
cold#77,SAFETY_LIMITED,30.0000,1.2000,180000.0000,120.0000,15.0000,30.0000,25.0000,0.0100,FAIL,0.0419,0.1502,0.2549,0.3040,-1,0,0,FAIL,0.0286,0.1333,0.2434,0.2897,-1,0,0,FAIL,0.0423,0.1342,0.2449,0.2879,-1,0,0,LEARNER_LOW_CONFIDENCE
cold#81,SAFETY_LIMITED,30.0000,0.7000,180000.0000,120.0000,60.0000,3.0000,25.0000,0.0100,FAIL,0.2074,0.1877,0.3505,0.5117,-1,0,0,FAIL,0.2194,0.1801,0.3472,0.4888,-1,0,0,PASS,0.1752,0.0139,0.0247,0.0563,2189,0,0,
cold#85,REACHABLE,30.0000,1.0000,600000.0000,180.0000,0.0000,8.0000,25.0000,0.0100,PASS,0.0058,0.0029,0.0057,0.0119,1383,0,0,PASS,0.0058,0.0018,0.0030,0.0032,1383,0,0,PASS,0.0058,0.0018,0.0030,0.0032,1383,0,0,
cold#89,REACHABLE,30.0000,1.2000,600000.0000,180.0000,15.0000,30.0000,25.0000,0.0100,PASS,0.0177,0.0595,0.1207,0.1390,1409,0,0,PASS,0.0238,0.0023,0.0048,0.0084,1344,0,0,PASS,0.0278,0.0040,0.0049,0.0057,1079,0,0,
cold#93,REACHABLE,30.0000,0.7000,600000.0000,180.0000,60.0000,3.0000,25.0000,0.0100,FAIL,0.0321,0.1070,0.1864,0.2193,-1,0,0,PASS,0.0377,0.0027,0.0043,0.0045,1361,0,0,PASS,0.0344,0.0031,0.0049,0.0057,1399,0,0,
cold#97,REACHABLE,30.0000,1.0000,1600000.0000,300.0000,0.0000,8.0000,25.0000,0.0100,PASS,-0.0041,0.0153,0.0243,0.0203,2508,0,0,PASS,0.0164,0.0036,0.0050,0.0102,1745,0,0,PASS,0.0161,0.0033,0.0050,0.0110,1745,0,0,
cold#101,REACHABLE,30.0000,1.2000,1600000.0000,300.0000,15.0000,30.0000,25.0000,0.0100,PASS,-0.0015,0.0171,0.0405,0.0400,2399,0,0,PASS,0.0152,0.0019,0.0028,0.0023,1873,0,0,PASS,0.0182,0.0014,0.0018,0.0018,1873,0,0,
cold#105,REACHABLE,30.0000,0.7000,1600000.0000,300.0000,60.0000,3.0000,25.0000,0.0100,FAIL,-0.1041,0.1364,0.1612,0.0517,-1,0,0,PASS,-0.0502,0.0812,0.0823,0.0025,2145,0,0,PASS,-0.0477,0.0766,0.0805,0.0075,2617,0,0,
cold#109,REACHABLE,30.0000,1.0000,180000.0000,120.0000,0.0000,8.0000,28.0000,0.0100,PASS,0.0247,0.0023,0.0050,0.0132,340,0,0,PASS,0.0247,0.0023,0.0050,0.0132,340,0,0,PASS,0.0247,0.0023,0.0050,0.0132,340,0,0,
cold#113,SAFETY_LIMITED,30.0000,1.2000,180000.0000,120.0000,15.0000,30.0000,28.0000,0.0100,PASS,0.0720,0.0617,0.0765,0.0384,339,0,0,PASS,0.0720,0.0617,0.0765,0.0384,339,0,0,PASS,0.0720,0.0617,0.0765,0.0384,339,0,0,
cold#117,SAFETY_LIMITED,30.0000,0.7000,180000.0000,120.0000,60.0000,3.0000,28.0000,0.0100,FAIL,0.2090,0.0778,0.1310,0.2505,3563,0,0,FAIL,0.2090,0.0778,0.1310,0.2505,3563,0,0,FAIL,0.2090,0.0778,0.1310,0.2505,3563,0,0,RIPPLE_FAILURE
cold#121,REACHABLE,30.0000,1.0000,600000.0000,180.0000,0.0000,8.0000,28.0000,0.0100,PASS,0.0100,0.0021,0.0046,0.0085,795,0,0,PASS,0.0100,0.0021,0.0046,0.0085,795,0,0,PASS,0.0100,0.0021,0.0046,0.0085,795,0,0,
cold#125,REACHABLE,30.0000,1.2000,600000.0000,180.0000,15.0000,30.0000,28.0000,0.0100,PASS,0.0257,0.0270,0.0524,0.0788,845,0,0,PASS,0.0257,0.0270,0.0524,0.0788,845,0,0,PASS,0.0257,0.0270,0.0524,0.0788,845,0,0,
cold#129,REACHABLE,30.0000,0.7000,600000.0000,180.0000,60.0000,3.0000,28.0000,0.0100,PASS,0.0395,0.0395,0.0760,0.1099,1284,0,0,PASS,0.0461,0.0397,0.0726,0.1196,1284,0,0,PASS,0.0461,0.0397,0.0726,0.1196,1284,0,0,
cold#133,REACHABLE,30.0000,1.0000,1600000.0000,300.0000,0.0000,8.0000,28.0000,0.0100,FAIL,-0.5574,0.5619,0.5642,0.0080,-1,0,0,FAIL,-0.3228,0.3247,0.3257,0.0032,-1,0,0,FAIL,-0.3228,0.3247,0.3257,0.0032,-1,0,0,LEARNER_LOW_CONFIDENCE
cold#137,REACHABLE,30.0000,1.2000,1600000.0000,300.0000,15.0000,30.0000,28.0000,0.0100,PASS,0.0094,0.0181,0.0350,0.0455,1350,0,0,PASS,0.0576,0.0282,0.0463,0.0934,1350,0,0,PASS,0.0576,0.0276,0.0449,0.0927,1350,0,0,
cold#141,REACHABLE,30.0000,0.7000,1600000.0000,300.0000,60.0000,3.0000,28.0000,0.0100,PASS,-0.0036,0.0303,0.0510,0.0426,2209,0,0,PASS,0.0340,0.0255,0.0490,0.0847,2211,0,0,PASS,0.0335,0.0256,0.0492,0.0851,2211,0,0,
cold#145,COOLING_REQUIRED,30.0000,1.0000,180000.0000,120.0000,0.0000,8.0000,35.0000,0.0100,FAIL,5.0000,5.0000,5.0000,0.0000,-1,0,0,FAIL,5.0000,5.0000,5.0000,0.0000,-1,0,0,FAIL,5.0000,5.0000,5.0000,0.0000,-1,0,0,PHYSICAL_COOLING_LIMIT
cold#149,COOLING_REQUIRED,30.0000,1.2000,180000.0000,120.0000,15.0000,30.0000,35.0000,0.0100,FAIL,5.0000,5.0000,5.0000,0.0000,-1,0,0,FAIL,5.0000,5.0000,5.0000,0.0000,-1,0,0,FAIL,5.0000,5.0000,5.0000,0.0000,-1,0,0,PHYSICAL_COOLING_LIMIT
cold#153,COOLING_REQUIRED,30.0000,0.7000,180000.0000,120.0000,60.0000,3.0000,35.0000,0.0100,FAIL,5.0000,5.0000,5.0000,0.0000,-1,0,0,FAIL,5.0000,5.0000,5.0000,0.0000,-1,0,0,FAIL,5.0000,5.0000,5.0000,0.0000,-1,0,0,PHYSICAL_COOLING_LIMIT
cold#157,COOLING_REQUIRED,30.0000,1.0000,600000.0000,180.0000,0.0000,8.0000,35.0000,0.0100,FAIL,5.0000,5.0000,5.0000,0.0000,-1,0,0,FAIL,5.0000,5.0000,5.0000,0.0000,-1,0,0,FAIL,5.0000,5.0000,5.0000,0.0000,-1,0,0,PHYSICAL_COOLING_LIMIT
cold#161,COOLING_REQUIRED,30.0000,1.2000,600000.0000,180.0000,15.0000,30.0000,35.0000,0.0100,FAIL,5.0000,5.0000,5.0000,0.0000,-1,0,0,FAIL,5.0000,5.0000,5.0000,0.0000,-1,0,0,FAIL,5.0000,5.0000,5.0000,0.0000,-1,0,0,PHYSICAL_COOLING_LIMIT
cold#165,COOLING_REQUIRED,30.0000,0.7000,600000.0000,180.0000,60.0000,3.0000,35.0000,0.0100,FAIL,5.0000,5.0000,5.0000,0.0000,-1,0,0,FAIL,5.0000,5.0000,5.0000,0.0000,-1,0,0,FAIL,5.0000,5.0000,5.0000,0.0000,-1,0,0,PHYSICAL_COOLING_LIMIT
cold#169,COOLING_REQUIRED,30.0000,1.0000,1600000.0000,300.0000,0.0000,8.0000,35.0000,0.0100,FAIL,5.0000,5.0000,5.0000,0.0000,-1,0,0,FAIL,5.0000,5.0000,5.0000,0.0000,-1,0,0,FAIL,5.0000,5.0000,5.0000,0.0000,-1,0,0,PHYSICAL_COOLING_LIMIT
cold#173,COOLING_REQUIRED,30.0000,1.2000,1600000.0000,300.0000,15.0000,30.0000,35.0000,0.0100,FAIL,5.0000,5.0000,5.0000,0.0000,-1,0,0,FAIL,5.0000,5.0000,5.0000,0.0000,-1,0,0,FAIL,5.0000,5.0000,5.0000,0.0000,-1,0,0,PHYSICAL_COOLING_LIMIT
cold#177,COOLING_REQUIRED,30.0000,0.7000,1600000.0000,300.0000,60.0000,3.0000,35.0000,0.0100,FAIL,5.0000,5.0000,5.0000,0.0000,-1,0,0,FAIL,5.0000,5.0000,5.0000,0.0000,-1,0,0,FAIL,5.0000,5.0000,5.0000,0.0000,-1,0,0,PHYSICAL_COOLING_LIMIT
cold#181,REACHABLE,32.0000,1.0000,180000.0000,120.0000,0.0000,8.0000,10.0000,0.0100,FAIL,-0.0307,0.1026,0.1607,0.1405,-1,0,0,PASS,-0.0117,0.0184,0.0226,0.0130,1926,0,0,PASS,-0.0117,0.0184,0.0226,0.0130,1926,0,0,
cold#185,SAFETY_LIMITED,32.0000,1.2000,180000.0000,120.0000,15.0000,30.0000,10.0000,0.0100,FAIL,-0.1169,0.4109,0.6538,0.5407,-1,0,0,PASS,-0.0282,0.0630,0.0995,0.0737,1840,0,0,PASS,0.0066,0.0001,0.0002,0.0004,1567,0,0,
cold#189,SAFETY_LIMITED,32.0000,0.7000,180000.0000,120.0000,60.0000,3.0000,10.0000,0.0100,FAIL,-2.3855,2.9174,3.5207,1.1822,-1,0,0,FAIL,0.0535,0.0530,0.1435,0.2060,-1,0,0,FAIL,0.0535,0.0530,0.1435,0.2060,-1,0,0,SETTLING_TIMEOUT
cold#193,REACHABLE,32.0000,1.0000,600000.0000,180.0000,0.0000,8.0000,10.0000,0.0100,PASS,-0.0726,0.0811,0.0868,0.0150,4205,0,0,PASS,-0.0026,0.0048,0.0063,0.0040,4205,0,0,PASS,-0.0026,0.0048,0.0063,0.0040,4205,0,0,
cold#197,REACHABLE,32.0000,1.2000,600000.0000,180.0000,15.0000,30.0000,10.0000,0.0100,FAIL,-0.0641,0.3417,0.5355,0.4406,-1,0,0,FAIL,-0.0618,0.1103,0.1465,0.0851,4939,0,0,PASS,0.0133,0.0034,0.0050,0.0045,2843,0,0,
cold#201,REACHABLE,32.0000,0.7000,600000.0000,180.0000,60.0000,3.0000,10.0000,0.0100,FAIL,-4.5328,4.7958,5.0462,0.5498,-1,0,0,PASS,-0.0553,0.0817,0.0903,0.0195,4502,0,0,PASS,-0.0561,0.0830,0.0891,0.0213,4496,0,0,
cold#205,REACHABLE,32.0000,1.0000,1600000.0000,300.0000,0.0000,8.0000,10.0000,0.0100,FAIL,-0.1543,0.1562,0.1576,0.0034,-1,0,0,FAIL,-0.1544,0.1559,0.1571,0.0028,-1,0,0,FAIL,-0.1544,0.1559,0.1571,0.0028,-1,0,0,LEARNER_LOW_CONFIDENCE
cold#209,REACHABLE,32.0000,1.2000,1600000.0000,300.0000,15.0000,30.0000,10.0000,0.0100,FAIL,-0.1207,0.1256,0.1289,0.0085,6299,0,0,FAIL,-0.1210,0.1251,0.1279,0.0070,6299,0,0,FAIL,-0.1210,0.1251,0.1279,0.0070,6299,0,0,LEARNER_LOW_CONFIDENCE
cold#213,REACHABLE,32.0000,0.7000,1600000.0000,300.0000,60.0000,3.0000,10.0000,0.0100,FAIL,-0.2415,0.3239,0.6687,0.5289,-1,0,0,FAIL,-0.0441,0.1566,0.2400,0.2120,-1,0,0,FAIL,0.0016,0.1102,0.2400,0.2577,-1,0,0,STEADY_MAE
cold#217,REACHABLE,32.0000,1.0000,180000.0000,120.0000,0.0000,8.0000,20.0000,0.0100,PASS,-0.0020,0.0284,0.0503,0.0612,1409,0,0,PASS,0.0166,0.0023,0.0044,0.0066,1409,0,0,PASS,0.0166,0.0023,0.0044,0.0066,1409,0,0,
cold#221,SAFETY_LIMITED,32.0000,1.2000,180000.0000,120.0000,15.0000,30.0000,20.0000,0.0100,FAIL,0.0564,0.2214,0.4221,0.4224,-1,0,0,PASS,0.0434,0.0013,0.0018,0.0015,1058,0,0,PASS,0.0434,0.0013,0.0018,0.0015,1058,0,0,
cold#225,SAFETY_LIMITED,32.0000,0.7000,180000.0000,120.0000,60.0000,3.0000,20.0000,0.0100,FAIL,-0.0686,0.4465,0.7650,0.7009,-1,0,0,PASS,0.0322,0.0028,0.0050,0.0063,1619,0,0,PASS,0.0593,0.0141,0.0336,0.0394,1590,0,0,
cold#229,REACHABLE,32.0000,1.0000,600000.0000,180.0000,0.0000,8.0000,20.0000,0.0100,FAIL,-0.1022,0.1115,0.1176,0.0160,2429,0,0,PASS,-0.0427,0.0827,0.0845,0.0046,2392,0,0,PASS,-0.0427,0.0827,0.0845,0.0046,2392,0,0,
cold#233,REACHABLE,32.0000,1.2000,600000.0000,180.0000,15.0000,30.0000,20.0000,0.0100,FAIL,-0.0190,0.1609,0.2649,0.2479,-1,0,0,PASS,0.0190,0.0024,0.0029,0.0012,2033,0,0,PASS,0.0188,0.0008,0.0012,0.0007,1478,0,0,
cold#237,REACHABLE,32.0000,0.7000,600000.0000,180.0000,60.0000,3.0000,20.0000,0.0100,FAIL,0.0144,0.2911,0.4962,0.5045,-1,0,0,PASS,0.0272,0.0027,0.0032,0.0021,2160,0,0,PASS,0.0192,0.0027,0.0063,0.0162,2162,0,0,
cold#241,REACHABLE,32.0000,1.0000,1600000.0000,300.0000,0.0000,8.0000,20.0000,0.0100,PASS,-0.0639,0.0682,0.0710,0.0071,4859,0,0,PASS,0.0333,0.0043,0.0046,0.0009,3624,0,0,PASS,0.0278,0.0031,0.0050,0.0087,3624,0,0,
cold#245,REACHABLE,32.0000,1.2000,1600000.0000,300.0000,15.0000,30.0000,20.0000,0.0100,PASS,-0.0415,0.0540,0.0582,0.0098,4693,0,0,PASS,0.0215,0.0022,0.0051,0.0128,3379,0,0,PASS,0.0206,0.0033,0.0047,0.0041,3379,0,0,
cold#249,REACHABLE,32.0000,0.7000,1600000.0000,300.0000,60.0000,3.0000,20.0000,0.0100,FAIL,-0.1074,0.1500,0.1919,0.0956,-1,0,0,PASS,0.0279,0.0084,0.0189,0.0302,6070,0,0,PASS,0.0334,0.0158,0.0314,0.0594,4816,0,0,
cold#253,REACHABLE,32.0000,1.0000,180000.0000,120.0000,0.0000,8.0000,25.0000,0.0100,PASS,0.0085,0.0029,0.0056,0.0139,858,0,0,PASS,0.0085,0.0026,0.0054,0.0136,858,0,0,PASS,0.0085,0.0026,0.0054,0.0136,858,0,0,
cold#257,SAFETY_LIMITED,32.0000,1.2000,180000.0000,120.0000,15.0000,30.0000,25.0000,0.0100,FAIL,0.0525,0.2065,0.3648,0.4252,-1,0,0,FAIL,0.0525,0.2065,0.3648,0.4252,-1,0,0,FAIL,0.0525,0.2065,0.3648,0.4252,-1,0,0,LEARNER_LOW_CONFIDENCE
cold#261,SAFETY_LIMITED,32.0000,0.7000,180000.0000,120.0000,60.0000,3.0000,25.0000,0.0100,FAIL,0.1596,0.2653,0.4740,0.6544,-1,0,0,PASS,0.0320,0.0008,0.0017,0.0032,1369,0,0,PASS,0.0423,0.0008,0.0014,0.0025,1262,0,0,
cold#265,REACHABLE,32.0000,1.0000,600000.0000,180.0000,0.0000,8.0000,25.0000,0.0100,PASS,-0.0036,0.0060,0.0074,0.0040,1694,0,0,PASS,0.0056,0.0022,0.0035,0.0034,1694,0,0,PASS,0.0056,0.0022,0.0035,0.0034,1694,0,0,
cold#269,REACHABLE,32.0000,1.2000,600000.0000,180.0000,15.0000,30.0000,25.0000,0.0100,FAIL,0.0086,0.0874,0.1636,0.1743,-1,0,0,PASS,0.0252,0.0019,0.0050,0.0122,1450,0,0,PASS,0.0311,0.0023,0.0051,0.0120,1450,0,0,
cold#273,REACHABLE,32.0000,0.7000,600000.0000,180.0000,60.0000,3.0000,25.0000,0.0100,FAIL,0.0269,0.1502,0.2599,0.2864,-1,0,0,PASS,0.0520,0.0031,0.0047,0.0058,1649,0,0,PASS,0.0128,0.0033,0.0048,0.0036,1475,0,0,
cold#277,REACHABLE,32.0000,1.0000,1600000.0000,300.0000,0.0000,8.0000,25.0000,0.0100,PASS,-0.0237,0.0278,0.0301,0.0066,3133,0,0,PASS,0.0329,0.0015,0.0032,0.0037,2418,0,0,PASS,0.0329,0.0015,0.0032,0.0037,2418,0,0,
cold#281,REACHABLE,32.0000,1.2000,1600000.0000,300.0000,15.0000,30.0000,25.0000,0.0100,PASS,-0.0201,0.0246,0.0276,0.0078,3104,0,0,PASS,0.0190,0.0025,0.0047,0.0044,2516,0,0,PASS,0.0203,0.0026,0.0049,0.0103,2380,0,0,
cold#285,REACHABLE,32.0000,0.7000,1600000.0000,300.0000,60.0000,3.0000,25.0000,0.0100,FAIL,-0.1354,0.1563,0.1686,0.0301,-1,0,0,PASS,-0.0517,0.0778,0.0797,0.0077,5185,0,0,PASS,-0.0465,0.0766,0.0805,0.0077,3841,0,0,
cold#289,REACHABLE,32.0000,1.0000,180000.0000,120.0000,0.0000,8.0000,28.0000,0.0100,PASS,0.0198,0.0024,0.0050,0.0124,519,0,0,PASS,0.0198,0.0024,0.0050,0.0124,519,0,0,PASS,0.0198,0.0024,0.0050,0.0124,519,0,0,
cold#293,SAFETY_LIMITED,32.0000,1.2000,180000.0000,120.0000,15.0000,30.0000,28.0000,0.0100,PASS,0.1071,0.0732,0.1426,0.2438,8538,0,0,FAIL,0.1081,0.0744,0.1440,0.2580,7835,0,0,PASS,0.1072,0.0691,0.1357,0.2393,8867,0,0,
cold#297,SAFETY_LIMITED,32.0000,0.7000,180000.0000,120.0000,60.0000,3.0000,28.0000,0.0100,FAIL,0.1868,0.1631,0.2877,0.4722,-1,0,0,FAIL,0.1868,0.1631,0.2877,0.4722,-1,0,0,FAIL,0.1768,0.1658,0.2880,0.4696,-1,0,0,LEARNER_LOW_CONFIDENCE
cold#301,REACHABLE,32.0000,1.0000,600000.0000,180.0000,0.0000,8.0000,28.0000,0.0100,PASS,0.0105,0.0018,0.0041,0.0069,1165,0,0,PASS,0.0105,0.0022,0.0047,0.0078,1165,0,0,PASS,0.0105,0.0022,0.0047,0.0078,1165,0,0,
cold#305,REACHABLE,32.0000,1.2000,600000.0000,180.0000,15.0000,30.0000,28.0000,0.0100,PASS,0.0222,0.0496,0.0982,0.1215,1214,0,0,PASS,0.0565,0.0390,0.0725,0.1295,1214,0,0,PASS,0.0457,0.0372,0.0689,0.1203,1196,0,0,
cold#309,REACHABLE,32.0000,0.7000,600000.0000,180.0000,60.0000,3.0000,28.0000,0.0100,FAIL,0.0323,0.0839,0.1497,0.1826,-1,0,0,PASS,0.0371,0.0022,0.0030,0.0026,1462,0,0,PASS,0.0324,0.0020,0.0032,0.0036,1346,0,0,
cold#313,REACHABLE,32.0000,1.0000,1600000.0000,300.0000,0.0000,8.0000,28.0000,0.0100,PASS,-0.0784,0.0792,0.0798,0.0016,2123,0,0,PASS,-0.0388,0.0774,0.0803,0.0058,1807,0,0,PASS,-0.0388,0.0774,0.0803,0.0058,1807,0,0,
cold#317,REACHABLE,32.0000,1.2000,1600000.0000,300.0000,15.0000,30.0000,28.0000,0.0100,PASS,0.0003,0.0112,0.0198,0.0190,2036,0,0,PASS,0.0114,0.0021,0.0024,0.0009,1616,0,0,PASS,0.0129,0.0006,0.0007,0.0003,1748,0,0,
cold#321,REACHABLE,32.0000,0.7000,1600000.0000,300.0000,60.0000,3.0000,28.0000,0.0100,PASS,-0.0208,0.0397,0.0465,0.0149,2875,0,0,PASS,0.0184,0.0035,0.0049,0.0066,2324,0,0,PASS,0.0395,0.0038,0.0049,0.0078,2201,0,0,
cold#325,COOLING_REQUIRED,32.0000,1.0000,180000.0000,120.0000,0.0000,8.0000,35.0000,0.0100,FAIL,3.0000,3.0000,3.0000,0.0000,-1,0,0,FAIL,3.0000,3.0000,3.0000,0.0000,-1,0,0,FAIL,3.0000,3.0000,3.0000,0.0000,-1,0,0,PHYSICAL_COOLING_LIMIT
cold#329,COOLING_REQUIRED,32.0000,1.2000,180000.0000,120.0000,15.0000,30.0000,35.0000,0.0100,FAIL,3.0000,3.0000,3.0000,0.0000,-1,0,0,FAIL,3.0000,3.0000,3.0000,0.0000,-1,0,0,FAIL,3.0000,3.0000,3.0000,0.0000,-1,0,0,PHYSICAL_COOLING_LIMIT
cold#333,COOLING_REQUIRED,32.0000,0.7000,180000.0000,120.0000,60.0000,3.0000,35.0000,0.0100,FAIL,3.0000,3.0000,3.0000,0.0000,-1,0,0,FAIL,3.0000,3.0000,3.0000,0.0000,-1,0,0,FAIL,3.0000,3.0000,3.0000,0.0000,-1,0,0,PHYSICAL_COOLING_LIMIT
cold#337,COOLING_REQUIRED,32.0000,1.0000,600000.0000,180.0000,0.0000,8.0000,35.0000,0.0100,FAIL,3.0000,3.0000,3.0000,0.0000,-1,0,0,FAIL,3.0000,3.0000,3.0000,0.0000,-1,0,0,FAIL,3.0000,3.0000,3.0000,0.0000,-1,0,0,PHYSICAL_COOLING_LIMIT
cold#341,COOLING_REQUIRED,32.0000,1.2000,600000.0000,180.0000,15.0000,30.0000,35.0000,0.0100,FAIL,3.0000,3.0000,3.0000,0.0000,-1,0,0,FAIL,3.0000,3.0000,3.0000,0.0000,-1,0,0,FAIL,3.0000,3.0000,3.0000,0.0000,-1,0,0,PHYSICAL_COOLING_LIMIT
cold#345,COOLING_REQUIRED,32.0000,0.7000,600000.0000,180.0000,60.0000,3.0000,35.0000,0.0100,FAIL,3.0000,3.0000,3.0000,0.0000,-1,0,0,FAIL,3.0000,3.0000,3.0000,0.0000,-1,0,0,FAIL,3.0000,3.0000,3.0000,0.0000,-1,0,0,PHYSICAL_COOLING_LIMIT
cold#349,COOLING_REQUIRED,32.0000,1.0000,1600000.0000,300.0000,0.0000,8.0000,35.0000,0.0100,FAIL,3.0000,3.0000,3.0000,0.0000,-1,0,0,FAIL,3.0000,3.0000,3.0000,0.0000,-1,0,0,FAIL,3.0000,3.0000,3.0000,0.0000,-1,0,0,PHYSICAL_COOLING_LIMIT
cold#353,COOLING_REQUIRED,32.0000,1.2000,1600000.0000,300.0000,15.0000,30.0000,35.0000,0.0100,FAIL,3.0000,3.0000,3.0000,0.0000,-1,0,0,FAIL,3.0000,3.0000,3.0000,0.0000,-1,0,0,FAIL,3.0000,3.0000,3.0000,0.0000,-1,0,0,PHYSICAL_COOLING_LIMIT
cold#357,COOLING_REQUIRED,32.0000,0.7000,1600000.0000,300.0000,60.0000,3.0000,35.0000,0.0100,FAIL,3.0000,3.0000,3.0000,0.0000,-1,0,0,FAIL,3.0000,3.0000,3.0000,0.0000,-1,0,0,FAIL,3.0000,3.0000,3.0000,0.0000,-1,0,0,PHYSICAL_COOLING_LIMIT
cold#361,REACHABLE,35.0000,1.0000,180000.0000,120.0000,0.0000,8.0000,10.0000,0.0100,FAIL,-0.0408,0.1007,0.1586,0.1362,-1,0,0,PASS,0.0085,0.0026,0.0052,0.0117,1761,0,0,PASS,0.0085,0.0026,0.0052,0.0117,1761,0,0,
cold#365,SAFETY_LIMITED,35.0000,1.2000,180000.0000,120.0000,15.0000,30.0000,10.0000,0.0100,FAIL,-0.0781,0.4605,0.7139,0.5858,-1,0,0,FAIL,-0.0373,0.0825,0.1468,0.1182,-1,0,0,PASS,0.0069,0.0024,0.0050,0.0110,1609,0,0,
cold#369,SAFETY_LIMITED,35.0000,0.7000,180000.0000,120.0000,60.0000,3.0000,10.0000,0.0100,FAIL,-2.7400,3.3461,4.0292,1.3484,-1,0,0,PASS,0.0077,0.0027,0.0055,0.0130,1962,0,0,PASS,0.0077,0.0027,0.0055,0.0130,1962,0,0,
cold#373,REACHABLE,35.0000,1.0000,600000.0000,180.0000,0.0000,8.0000,10.0000,0.0100,PASS,-0.0916,0.0964,0.0995,0.0083,4586,0,0,PASS,-0.0916,0.0945,0.0966,0.0053,4586,0,0,PASS,-0.0916,0.0945,0.0966,0.0053,4586,0,0,
cold#377,REACHABLE,35.0000,1.2000,600000.0000,180.0000,15.0000,30.0000,10.0000,0.0100,FAIL,-0.0760,0.3780,0.5914,0.4708,-1,0,0,PASS,0.0367,0.0032,0.0081,0.0152,3576,0,0,PASS,0.0367,0.0032,0.0081,0.0152,3576,0,0,
cold#381,REACHABLE,35.0000,0.7000,600000.0000,180.0000,60.0000,3.0000,10.0000,0.0100,FAIL,-5.1790,5.4855,5.7561,0.5892,-1,0,0,PASS,-0.0591,0.0828,0.0906,0.0222,4893,0,0,PASS,-0.0565,0.0818,0.0889,0.0169,4893,0,0,
cold#385,REACHABLE,35.0000,1.0000,1600000.0000,300.0000,0.0000,8.0000,10.0000,0.0100,FAIL,-0.1840,0.1855,0.1865,0.0027,-1,0,0,FAIL,-0.1841,0.1855,0.1865,0.0027,-1,0,0,FAIL,-0.1841,0.1855,0.1865,0.0027,-1,0,0,LEARNER_LOW_CONFIDENCE
cold#389,REACHABLE,35.0000,1.2000,1600000.0000,300.0000,15.0000,30.0000,10.0000,0.0100,FAIL,-0.1420,0.1483,0.1527,0.0110,-1,0,0,FAIL,-0.1421,0.1477,0.1516,0.0098,-1,0,0,FAIL,-0.1421,0.1477,0.1516,0.0098,-1,0,0,LEARNER_LOW_CONFIDENCE
cold#393,REACHABLE,35.0000,0.7000,1600000.0000,300.0000,60.0000,3.0000,10.0000,0.0100,FAIL,-0.2808,0.6219,1.3998,1.2331,-1,0,0,FAIL,-0.0494,0.5108,0.9934,1.0422,-1,0,0,FAIL,-0.0494,0.5108,0.9934,1.0422,-1,0,0,STEADY_MAE
cold#397,REACHABLE,35.0000,1.0000,180000.0000,120.0000,0.0000,8.0000,20.0000,0.0100,PASS,-0.0111,0.0438,0.0718,0.0602,1577,0,0,PASS,0.0089,0.0021,0.0045,0.0113,1568,0,0,PASS,0.0089,0.0021,0.0045,0.0113,1568,0,0,
cold#401,SAFETY_LIMITED,35.0000,1.2000,180000.0000,120.0000,15.0000,30.0000,20.0000,0.0100,FAIL,0.0102,0.2843,0.4943,0.4460,-1,0,0,PASS,0.0072,0.0024,0.0048,0.0106,1139,0,0,PASS,0.0072,0.0024,0.0048,0.0106,1139,0,0,
cold#405,SAFETY_LIMITED,35.0000,0.7000,180000.0000,120.0000,60.0000,3.0000,20.0000,0.0100,FAIL,-1.6443,2.0454,2.4250,0.8143,-1,0,0,FAIL,-0.6137,0.6163,0.6179,0.0054,-1,0,0,FAIL,-0.6137,0.6163,0.6179,0.0054,-1,0,0,STEADY_MAE
cold#409,REACHABLE,35.0000,1.0000,600000.0000,180.0000,0.0000,8.0000,20.0000,0.0100,FAIL,-0.1128,0.1266,0.1405,0.0289,2920,0,0,PASS,-0.0588,0.0791,0.0845,0.0108,2166,0,0,PASS,-0.0561,0.0804,0.0849,0.0113,2081,0,0,
cold#413,REACHABLE,35.0000,1.2000,600000.0000,180.0000,15.0000,30.0000,20.0000,0.0100,FAIL,-0.0350,0.2015,0.3259,0.2931,-1,0,0,FAIL,-0.0296,0.0916,0.1439,0.1209,-1,0,0,PASS,0.0157,0.0022,0.0048,0.0069,1753,0,0,
cold#417,REACHABLE,35.0000,0.7000,600000.0000,180.0000,60.0000,3.0000,20.0000,0.0100,FAIL,-0.0117,0.3649,0.5999,0.5931,-1,0,0,PASS,0.0230,0.0014,0.0029,0.0099,2922,0,0,PASS,0.0165,0.0013,0.0045,0.0091,2922,0,0,
cold#421,REACHABLE,35.0000,1.0000,1600000.0000,300.0000,0.0000,8.0000,20.0000,0.0100,PASS,-0.0937,0.0959,0.0973,0.0038,5832,0,0,PASS,0.0381,0.0038,0.0049,0.0034,4149,0,0,PASS,0.0362,0.0037,0.0049,0.0029,4149,0,0,
cold#425,REACHABLE,35.0000,1.2000,1600000.0000,300.0000,15.0000,30.0000,20.0000,0.0100,PASS,-0.0692,0.0743,0.0780,0.0087,5394,0,0,PASS,-0.0689,0.0785,0.0854,0.0169,4322,0,0,PASS,0.0171,0.0035,0.0061,0.0141,4327,0,0,
cold#429,REACHABLE,35.0000,0.7000,1600000.0000,300.0000,60.0000,3.0000,20.0000,0.0100,FAIL,-0.1474,0.1782,0.2048,0.0617,-1,0,0,PASS,0.0308,0.0178,0.0275,0.0443,5702,0,0,PASS,0.0252,0.0094,0.0171,0.0335,5702,0,0,
cold#433,REACHABLE,35.0000,1.0000,180000.0000,120.0000,0.0000,8.0000,25.0000,0.0100,PASS,0.0061,0.0456,0.1132,0.1399,1163,0,0,PASS,0.0074,0.0035,0.0048,0.0120,1163,0,0,PASS,0.0074,0.0035,0.0048,0.0120,1163,0,0,
cold#437,SAFETY_LIMITED,35.0000,1.2000,180000.0000,120.0000,15.0000,30.0000,25.0000,0.0100,FAIL,0.0351,0.2434,0.4524,0.4327,-1,0,0,PASS,0.0340,0.0814,0.1297,0.1110,8018,0,0,PASS,0.0340,0.0814,0.1297,0.1110,8018,0,0,
cold#441,SAFETY_LIMITED,35.0000,0.7000,180000.0000,120.0000,60.0000,3.0000,25.0000,0.0100,FAIL,-1.1264,1.3520,1.5681,0.4622,-1,0,0,PASS,0.0060,0.0025,0.0050,0.0122,2130,0,0,PASS,0.0066,0.0023,0.0048,0.0087,2139,0,0,
cold#445,REACHABLE,35.0000,1.0000,600000.0000,180.0000,0.0000,8.0000,25.0000,0.0100,PASS,-0.0127,0.0241,0.0315,0.0192,2082,0,0,PASS,0.0357,0.0026,0.0047,0.0055,2063,0,0,PASS,0.0357,0.0026,0.0047,0.0055,2063,0,0,
cold#449,REACHABLE,35.0000,1.2000,600000.0000,180.0000,15.0000,30.0000,25.0000,0.0100,FAIL,-0.0081,0.1241,0.2238,0.2176,-1,0,0,PASS,0.0246,0.0011,0.0034,0.0048,1436,0,0,PASS,0.0190,0.0040,0.0047,0.0021,1436,0,0,
cold#453,REACHABLE,35.0000,0.7000,600000.0000,180.0000,60.0000,3.0000,25.0000,0.0100,FAIL,0.0211,0.2149,0.3701,0.3930,-1,0,0,PASS,0.0360,0.0014,0.0019,0.0017,1715,0,0,PASS,0.0194,0.0023,0.0039,0.0046,1809,0,0,
cold#457,REACHABLE,35.0000,1.0000,1600000.0000,300.0000,0.0000,8.0000,25.0000,0.0100,PASS,-0.0441,0.0525,0.0559,0.0121,4129,0,0,PASS,-0.0441,0.0524,0.0559,0.0122,2753,0,0,PASS,0.0166,0.0016,0.0026,0.0019,2753,0,0,
cold#461,REACHABLE,35.0000,1.2000,1600000.0000,300.0000,15.0000,30.0000,25.0000,0.0100,PASS,-0.0287,0.0443,0.0587,0.0307,4038,0,0,PASS,0.0194,0.0034,0.0048,0.0036,2918,0,0,PASS,0.0215,0.0018,0.0032,0.0042,2918,0,0,
cold#465,REACHABLE,35.0000,0.7000,1600000.0000,300.0000,60.0000,3.0000,25.0000,0.0100,FAIL,-0.1700,0.1999,0.2210,0.0545,-1,0,0,PASS,-0.0527,0.0813,0.0932,0.0252,6073,0,0,PASS,-0.0407,0.0798,0.0980,0.0337,4707,0,0,
cold#469,REACHABLE,35.0000,1.0000,180000.0000,120.0000,0.0000,8.0000,28.0000,0.0100,PASS,0.0103,0.0026,0.0054,0.0143,858,0,0,PASS,0.0093,0.0025,0.0050,0.0127,858,0,0,PASS,0.0093,0.0025,0.0050,0.0127,858,0,0,
cold#473,SAFETY_LIMITED,35.0000,1.2000,180000.0000,120.0000,15.0000,30.0000,28.0000,0.0100,FAIL,0.1282,0.1468,0.2873,0.4233,-1,0,0,FAIL,0.1282,0.1468,0.2873,0.4233,-1,0,0,FAIL,0.1282,0.1468,0.2873,0.4233,-1,0,0,LEARNER_LOW_CONFIDENCE
cold#477,SAFETY_LIMITED,35.0000,0.7000,180000.0000,120.0000,60.0000,3.0000,28.0000,0.0100,FAIL,0.1596,0.2653,0.4740,0.6544,-1,0,0,PASS,0.0380,0.0008,0.0018,0.0032,1165,0,0,PASS,0.0396,0.0036,0.0053,0.0115,1283,0,0,
cold#481,REACHABLE,35.0000,1.0000,600000.0000,180.0000,0.0000,8.0000,28.0000,0.0100,PASS,-0.0035,0.0060,0.0073,0.0039,1694,0,0,PASS,0.0056,0.0018,0.0035,0.0077,1694,0,0,PASS,0.0056,0.0018,0.0035,0.0077,1694,0,0,
cold#485,REACHABLE,35.0000,1.2000,600000.0000,180.0000,15.0000,30.0000,28.0000,0.0100,FAIL,0.0086,0.0874,0.1636,0.1743,-1,0,0,PASS,0.0253,0.0022,0.0053,0.0119,1450,0,0,PASS,0.0316,0.0025,0.0052,0.0117,1450,0,0,
cold#489,REACHABLE,35.0000,0.7000,600000.0000,180.0000,60.0000,3.0000,28.0000,0.0100,FAIL,0.0269,0.1502,0.2599,0.2864,-1,0,0,PASS,0.0529,0.0034,0.0048,0.0049,1650,0,0,PASS,0.0273,0.0020,0.0046,0.0047,1468,0,0,
cold#493,REACHABLE,35.0000,1.0000,1600000.0000,300.0000,0.0000,8.0000,28.0000,0.0100,FAIL,-0.1037,0.1072,0.1091,0.0057,3254,0,0,PASS,-0.0546,0.0841,0.0849,0.0016,2137,0,0,PASS,-0.0546,0.0841,0.0849,0.0016,2137,0,0,
cold#497,REACHABLE,35.0000,1.2000,1600000.0000,300.0000,15.0000,30.0000,28.0000,0.0100,PASS,-0.0201,0.0246,0.0276,0.0072,3104,0,0,PASS,0.0171,0.0012,0.0040,0.0054,2526,0,0,PASS,0.0246,0.0041,0.0082,0.0194,2396,0,0,
cold#501,REACHABLE,35.0000,0.7000,1600000.0000,300.0000,60.0000,3.0000,28.0000,0.0100,PASS,-0.0548,0.0758,0.0910,0.0358,4669,0,0,PASS,0.0282,0.0019,0.0052,0.0096,4402,0,0,PASS,0.0317,0.0027,0.0079,0.0130,3414,0,0,
cold#505,COOLING_REQUIRED,35.0000,1.0000,180000.0000,120.0000,0.0000,8.0000,35.0000,0.0100,PASS,0.0000,0.0000,0.0000,0.0000,1,0,0,PASS,0.0000,0.0000,0.0000,0.0000,1,0,0,PASS,0.0000,0.0000,0.0000,0.0000,1,0,0,
cold#509,COOLING_REQUIRED,35.0000,1.2000,180000.0000,120.0000,15.0000,30.0000,35.0000,0.0100,PASS,0.0000,0.0000,0.0000,0.0000,1,0,0,PASS,0.0000,0.0000,0.0000,0.0000,1,0,0,PASS,0.0000,0.0000,0.0000,0.0000,1,0,0,
cold#513,COOLING_REQUIRED,35.0000,0.7000,180000.0000,120.0000,60.0000,3.0000,35.0000,0.0100,PASS,0.0000,0.0000,0.0000,0.0000,1,0,0,PASS,0.0000,0.0000,0.0000,0.0000,1,0,0,PASS,0.0000,0.0000,0.0000,0.0000,1,0,0,
cold#517,COOLING_REQUIRED,35.0000,1.0000,600000.0000,180.0000,0.0000,8.0000,35.0000,0.0100,PASS,0.0000,0.0000,0.0000,0.0000,1,0,0,PASS,0.0000,0.0000,0.0000,0.0000,1,0,0,PASS,0.0000,0.0000,0.0000,0.0000,1,0,0,
cold#521,COOLING_REQUIRED,35.0000,1.2000,600000.0000,180.0000,15.0000,30.0000,35.0000,0.0100,PASS,0.0000,0.0000,0.0000,0.0000,1,0,0,PASS,0.0000,0.0000,0.0000,0.0000,1,0,0,PASS,0.0000,0.0000,0.0000,0.0000,1,0,0,
cold#525,COOLING_REQUIRED,35.0000,0.7000,600000.0000,180.0000,60.0000,3.0000,35.0000,0.0100,PASS,0.0000,0.0000,0.0000,0.0000,1,0,0,PASS,0.0000,0.0000,0.0000,0.0000,1,0,0,PASS,0.0000,0.0000,0.0000,0.0000,1,0,0,
cold#529,COOLING_REQUIRED,35.0000,1.0000,1600000.0000,300.0000,0.0000,8.0000,35.0000,0.0100,PASS,0.0000,0.0000,0.0000,0.0000,1,0,0,PASS,0.0000,0.0000,0.0000,0.0000,1,0,0,PASS,0.0000,0.0000,0.0000,0.0000,1,0,0,
cold#533,COOLING_REQUIRED,35.0000,1.2000,1600000.0000,300.0000,15.0000,30.0000,35.0000,0.0100,PASS,0.0000,0.0000,0.0000,0.0000,1,0,0,PASS,0.0000,0.0000,0.0000,0.0000,1,0,0,PASS,0.0000,0.0000,0.0000,0.0000,1,0,0,
cold#537,COOLING_REQUIRED,35.0000,0.7000,1600000.0000,300.0000,60.0000,3.0000,35.0000,0.0100,PASS,0.0000,0.0000,0.0000,0.0000,1,0,0,PASS,0.0000,0.0000,0.0000,0.0000,1,0,0,PASS,0.0000,0.0000,0.0000,0.0000,1,0,0,
cold#541,REACHABLE,37.5000,1.0000,180000.0000,120.0000,0.0000,8.0000,10.0000,0.0100,FAIL,-0.0504,0.1511,0.2367,0.1938,-1,0,0,PASS,0.0296,0.0025,0.0049,0.0116,1244,0,0,PASS,0.0296,0.0025,0.0049,0.0116,1244,0,0,
cold#545,SAFETY_LIMITED,37.5000,1.2000,180000.0000,120.0000,15.0000,30.0000,10.0000,0.0100,FAIL,-0.0355,0.5036,0.7584,0.5935,-1,0,0,FAIL,-0.6751,0.7046,0.7063,0.0041,-1,0,0,FAIL,-0.6751,0.7138,0.7170,0.0070,-1,0,0,STEADY_MAE
cold#549,SAFETY_LIMITED,37.5000,0.7000,180000.0000,120.0000,60.0000,3.0000,10.0000,0.0100,FAIL,-3.0463,3.7134,4.4561,1.4921,-1,0,0,PASS,0.0060,0.0007,0.0015,0.0044,2415,0,0,PASS,0.0060,0.0007,0.0015,0.0044,2415,0,0,
cold#553,REACHABLE,37.5000,1.0000,600000.0000,180.0000,0.0000,8.0000,10.0000,0.0100,FAIL,-0.1029,0.1089,0.1129,0.0109,4900,0,0,FAIL,-0.1029,0.1068,0.1097,0.0071,4900,0,0,FAIL,-0.1029,0.1068,0.1097,0.0071,4900,0,0,LEARNER_LOW_CONFIDENCE
cold#557,REACHABLE,37.5000,1.2000,600000.0000,180.0000,15.0000,30.0000,10.0000,0.0100,FAIL,-0.0820,0.4127,0.6377,0.5049,-1,0,0,PASS,0.0514,0.0026,0.0049,0.0075,6155,0,0,PASS,0.0155,0.0032,0.0052,0.0048,3368,0,0,
cold#561,REACHABLE,37.5000,0.7000,600000.0000,180.0000,60.0000,3.0000,10.0000,0.0100,FAIL,-5.7824,6.0813,6.3713,0.6189,-1,0,0,PASS,-0.0610,0.0834,0.0909,0.0220,5333,0,0,PASS,-0.0610,0.0834,0.0909,0.0220,5333,0,0,
cold#565,REACHABLE,37.5000,1.0000,1600000.0000,300.0000,0.0000,8.0000,10.0000,0.0100,FAIL,-0.2044,0.2060,0.2072,0.0029,-1,0,0,FAIL,-0.2044,0.2060,0.2071,0.0029,-1,0,0,FAIL,-0.2044,0.2060,0.2071,0.0029,-1,0,0,LEARNER_LOW_CONFIDENCE
cold#569,REACHABLE,37.5000,1.2000,1600000.0000,300.0000,15.0000,30.0000,10.0000,0.0100,FAIL,-0.1617,0.1674,0.1713,0.0097,-1,0,0,FAIL,-0.1617,0.1670,0.1708,0.0093,-1,0,0,FAIL,-0.1617,0.1670,0.1708,0.0093,-1,0,0,LEARNER_LOW_CONFIDENCE
cold#573,HEAT_LIMITED,37.5000,0.7000,1600000.0000,300.0000,60.0000,3.0000,10.0000,0.0100,FAIL,-0.3147,0.7931,1.7378,1.5301,-1,0,0,FAIL,-1.5048,2.2380,2.9654,1.5503,-1,0,0,FAIL,-1.5048,2.2380,2.9654,1.5503,-1,0,0,PHYSICAL_POWER_LIMIT
cold#577,REACHABLE,37.5000,1.0000,180000.0000,120.0000,0.0000,8.0000,20.0000,0.0100,PASS,-0.0208,0.0657,0.1231,0.1262,8525,0,0,PASS,0.0129,0.0023,0.0049,0.0116,1656,0,0,PASS,0.0129,0.0023,0.0049,0.0116,1656,0,0,
cold#581,SAFETY_LIMITED,37.5000,1.2000,180000.0000,120.0000,15.0000,30.0000,20.0000,0.0100,FAIL,-0.0517,0.3283,0.5464,0.4602,-1,0,0,PASS,0.0082,0.0042,0.0047,0.0017,1162,0,0,PASS,0.0082,0.0042,0.0047,0.0017,1162,0,0,
cold#585,SAFETY_LIMITED,37.5000,0.7000,180000.0000,120.0000,60.0000,3.0000,20.0000,0.0100,FAIL,-1.8646,2.2870,2.7655,0.9644,-1,0,0,PASS,0.0055,0.0021,0.0035,0.0068,1717,0,0,PASS,0.0055,0.0021,0.0035,0.0068,1717,0,0,
cold#589,REACHABLE,37.5000,1.0000,600000.0000,180.0000,0.0000,8.0000,20.0000,0.0100,FAIL,-0.1320,0.1369,0.1399,0.0085,3498,0,0,PASS,-0.0408,0.0814,0.0847,0.0081,2781,0,0,PASS,-0.0506,0.0804,0.0846,0.0104,1978,0,0,
cold#593,REACHABLE,37.5000,1.2000,600000.0000,180.0000,15.0000,30.0000,20.0000,0.0100,FAIL,-0.0354,0.2325,0.3795,0.3351,-1,0,0,PASS,-0.0419,0.0957,0.1417,0.1066,6282,0,0,PASS,0.0155,0.0030,0.0051,0.0115,2040,0,0,
cold#597,REACHABLE,37.5000,0.7000,600000.0000,180.0000,60.0000,3.0000,20.0000,0.0100,FAIL,-0.5620,1.6367,2.1284,1.6637,-1,0,0,PASS,0.0204,0.0036,0.0053,0.0114,3341,0,0,PASS,0.0210,0.0020,0.0068,0.0146,3341,0,0,
cold#601,REACHABLE,37.5000,1.0000,1600000.0000,300.0000,0.0000,8.0000,20.0000,0.0100,FAIL,-0.1141,0.1165,0.1182,0.0043,6170,0,0,PASS,0.0263,0.0039,0.0052,0.0112,4596,0,0,PASS,0.0363,0.0046,0.0070,0.0139,4596,0,0,
cold#605,REACHABLE,37.5000,1.2000,1600000.0000,300.0000,15.0000,30.0000,20.0000,0.0100,PASS,-0.0830,0.0934,0.1051,0.0228,5754,0,0,PASS,-0.0878,0.0942,0.0980,0.0093,4665,0,0,PASS,0.0210,0.0031,0.0047,0.0062,4738,0,0,
cold#609,REACHABLE,37.5000,0.7000,1600000.0000,300.0000,60.0000,3.0000,20.0000,0.0100,FAIL,-0.1825,0.2229,0.2545,0.0753,-1,0,0,PASS,0.0255,0.0084,0.0217,0.0357,6541,0,0,PASS,0.0272,0.0146,0.0252,0.0432,6526,0,0,
cold#613,REACHABLE,37.5000,1.0000,180000.0000,120.0000,0.0000,8.0000,25.0000,0.0100,PASS,-0.0016,0.0467,0.0885,0.0960,1494,0,0,PASS,0.0191,0.0025,0.0051,0.0124,1494,0,0,PASS,0.0191,0.0025,0.0051,0.0124,1494,0,0,
cold#617,SAFETY_LIMITED,37.5000,1.2000,180000.0000,120.0000,15.0000,30.0000,25.0000,0.0100,FAIL,-0.0370,0.3144,0.5124,0.4396,-1,0,0,PASS,-0.0303,0.0800,0.0849,0.0124,1250,0,0,PASS,-0.0303,0.0800,0.0849,0.0124,1250,0,0,
cold#621,SAFETY_LIMITED,37.5000,0.7000,180000.0000,120.0000,60.0000,3.0000,25.0000,0.0100,FAIL,-0.0812,0.4754,0.7957,0.7209,-1,0,0,PASS,0.0061,0.0029,0.0048,0.0113,1488,0,0,PASS,0.0064,0.0024,0.0044,0.0098,1579,0,0,
cold#625,REACHABLE,37.5000,1.0000,600000.0000,180.0000,0.0000,8.0000,25.0000,0.0100,PASS,-0.0227,0.0351,0.0463,0.0238,2431,0,0,PASS,0.0273,0.0024,0.0046,0.0104,1910,0,0,PASS,0.0287,0.0028,0.0046,0.0098,1910,0,0,
cold#629,REACHABLE,37.5000,1.2000,600000.0000,180.0000,15.0000,30.0000,25.0000,0.0100,FAIL,-0.0233,0.1675,0.2760,0.2545,-1,0,0,PASS,0.0302,0.0016,0.0037,0.0062,2818,0,0,PASS,0.0182,0.0037,0.0051,0.0123,1573,0,0,
cold#633,REACHABLE,37.5000,0.7000,600000.0000,180.0000,60.0000,3.0000,25.0000,0.0100,FAIL,0.0122,0.3104,0.5141,0.5269,-1,0,0,PASS,0.0417,0.0036,0.0043,0.0021,1954,0,0,PASS,0.0375,0.0034,0.0045,0.0031,1975,0,0,
cold#637,REACHABLE,37.5000,1.0000,1600000.0000,300.0000,0.0000,8.0000,25.0000,0.0100,PASS,-0.0736,0.0754,0.0763,0.0028,4994,0,0,PASS,0.0367,0.0040,0.0048,0.0017,3678,0,0,PASS,0.0364,0.0040,0.0044,0.0012,3678,0,0,
cold#641,REACHABLE,37.5000,1.2000,1600000.0000,300.0000,15.0000,30.0000,25.0000,0.0100,PASS,-0.0479,0.0572,0.0642,0.0163,4738,0,0,PASS,0.0263,0.0035,0.0041,0.0020,3517,0,0,PASS,0.0165,0.0034,0.0049,0.0061,3517,0,0,
cold#645,REACHABLE,37.5000,0.7000,1600000.0000,300.0000,60.0000,3.0000,25.0000,0.0100,FAIL,-0.2006,0.2333,0.2643,0.0704,-1,0,0,PASS,-0.0392,0.0837,0.1076,0.0433,6591,0,0,PASS,-0.0412,0.0864,0.1045,0.0495,5527,0,0,
cold#649,REACHABLE,37.5000,1.0000,180000.0000,120.0000,0.0000,8.0000,28.0000,0.0100,PASS,0.0079,0.0231,0.0648,0.0930,1091,0,0,PASS,0.0060,0.0024,0.0047,0.0120,1091,0,0,PASS,0.0060,0.0024,0.0047,0.0120,1091,0,0,
cold#653,SAFETY_LIMITED,37.5000,1.2000,180000.0000,120.0000,15.0000,30.0000,28.0000,0.0100,FAIL,0.1266,0.1842,0.3542,0.4996,-1,0,0,PASS,0.0763,0.0166,0.0386,0.0865,1071,0,0,PASS,0.0763,0.0166,0.0386,0.0865,1071,0,0,
cold#657,SAFETY_LIMITED,37.5000,0.7000,180000.0000,120.0000,60.0000,3.0000,28.0000,0.0100,FAIL,-1.0260,1.2406,1.4509,0.4696,-1,0,0,PASS,0.0062,0.0028,0.0049,0.0108,2045,0,0,PASS,0.0066,0.0030,0.0047,0.0055,2048,0,0,
cold#661,REACHABLE,37.5000,1.0000,600000.0000,180.0000,0.0000,8.0000,28.0000,0.0100,PASS,-0.0124,0.0188,0.0222,0.0100,1972,0,0,PASS,0.0270,0.0027,0.0049,0.0106,1967,0,0,PASS,0.0270,0.0027,0.0049,0.0106,1967,0,0,
cold#665,REACHABLE,37.5000,1.2000,600000.0000,180.0000,15.0000,30.0000,28.0000,0.0100,FAIL,-0.0079,0.1214,0.2134,0.2067,-1,0,0,PASS,0.0389,0.0027,0.0089,0.0162,1602,0,0,PASS,0.0382,0.0027,0.0049,0.0066,1602,0,0,
cold#669,REACHABLE,37.5000,0.7000,600000.0000,180.0000,60.0000,3.0000,28.0000,0.0100,FAIL,0.0218,0.2011,0.3516,0.3751,-1,0,0,PASS,0.0517,0.0016,0.0048,0.0068,1635,0,0,PASS,0.0458,0.0042,0.0049,0.0026,1713,0,0,
cold#673,REACHABLE,37.5000,1.0000,1600000.0000,300.0000,0.0000,8.0000,28.0000,0.0100,FAIL,-0.1236,0.1271,0.1290,0.0057,4037,0,0,PASS,-0.0443,0.0793,0.0849,0.0110,2589,0,0,PASS,-0.0443,0.0793,0.0849,0.0110,2589,0,0,
cold#677,REACHABLE,37.5000,1.2000,1600000.0000,300.0000,15.0000,30.0000,28.0000,0.0100,PASS,-0.0291,0.0432,0.0580,0.0302,3903,0,0,PASS,0.0197,0.0035,0.0046,0.0023,2786,0,0,PASS,0.0175,0.0012,0.0021,0.0041,2786,0,0,
cold#681,REACHABLE,37.5000,0.7000,1600000.0000,300.0000,60.0000,3.0000,28.0000,0.0100,FAIL,-0.0825,0.1110,0.1423,0.0680,-1,0,0,PASS,0.0370,0.0080,0.0146,0.0263,5538,0,0,PASS,0.0369,0.0041,0.0092,0.0201,4064,0,0,
cold#685,REACHABLE,37.5000,1.0000,180000.0000,120.0000,0.0000,8.0000,35.0000,0.0100,PASS,0.0132,0.0021,0.0049,0.0122,350,0,0,PASS,0.0132,0.0021,0.0049,0.0122,350,0,0,PASS,0.0132,0.0021,0.0049,0.0122,350,0,0,
cold#689,SAFETY_LIMITED,37.5000,1.2000,180000.0000,120.0000,15.0000,30.0000,35.0000,0.0100,PASS,0.0711,0.0571,0.0783,0.0447,352,0,0,PASS,0.0711,0.0571,0.0783,0.0447,352,0,0,PASS,0.0711,0.0571,0.0783,0.0447,352,0,0,
cold#693,SAFETY_LIMITED,37.5000,0.7000,180000.0000,120.0000,60.0000,3.0000,35.0000,0.0100,FAIL,0.2557,0.0956,0.1660,0.3869,-1,0,0,FAIL,0.2557,0.0896,0.1592,0.3577,-1,0,0,FAIL,0.2557,0.0896,0.1592,0.3577,-1,0,0,SETTLING_TIMEOUT
cold#697,REACHABLE,37.5000,1.0000,600000.0000,180.0000,0.0000,8.0000,35.0000,0.0100,PASS,0.0125,0.0024,0.0046,0.0071,921,0,0,PASS,0.0125,0.0024,0.0045,0.0069,921,0,0,PASS,0.0125,0.0024,0.0045,0.0069,921,0,0,
cold#701,REACHABLE,37.5000,1.2000,600000.0000,180.0000,15.0000,30.0000,35.0000,0.0100,FAIL,-0.0558,0.1020,0.1421,0.0867,951,0,0,FAIL,-0.0558,0.1020,0.1421,0.0867,951,0,0,FAIL,-0.0558,0.1020,0.1421,0.0867,951,0,0,LEARNER_LOW_CONFIDENCE
cold#705,REACHABLE,37.5000,0.7000,600000.0000,180.0000,60.0000,3.0000,35.0000,0.0100,PASS,0.0391,0.0503,0.0945,0.1284,1445,0,0,PASS,0.0830,0.0141,0.0367,0.0570,1445,0,0,PASS,0.0830,0.0141,0.0367,0.0570,1445,0,0,
cold#709,REACHABLE,37.5000,1.0000,1600000.0000,300.0000,0.0000,8.0000,35.0000,0.0100,PASS,0.0067,0.0023,0.0047,0.0079,1584,0,0,PASS,0.0067,0.0030,0.0048,0.0051,1584,0,0,PASS,0.0067,0.0030,0.0048,0.0051,1584,0,0,
cold#713,REACHABLE,37.5000,1.2000,1600000.0000,300.0000,15.0000,30.0000,35.0000,0.0100,PASS,0.0090,0.0179,0.0347,0.0441,1525,0,0,PASS,0.0569,0.0348,0.0555,0.1103,1525,0,0,PASS,0.0569,0.0316,0.0557,0.1024,1525,0,0,
cold#717,REACHABLE,37.5000,0.7000,1600000.0000,300.0000,60.0000,3.0000,35.0000,0.0100,PASS,-0.0033,0.0321,0.0566,0.0585,2315,0,0,PASS,0.0205,0.0030,0.0051,0.0085,1629,0,0,PASS,0.0183,0.0030,0.0050,0.0056,1629,0,0,
door1#721,REACHABLE,37.5000,1.0000,600000.0000,180.0000,15.0000,8.0000,25.0000,0.0100,FAIL,-0.0477,0.1575,0.2339,0.1882,-1,0,0,PASS,0.0712,0.0018,0.0047,0.0065,3829,0,0,PASS,0.0707,0.0029,0.0053,0.0126,3829,0,0,
door2#725,REACHABLE,37.5000,1.0000,600000.0000,180.0000,15.0000,8.0000,25.0000,0.0100,FAIL,-0.0398,0.1238,0.1825,0.1499,-1,0,0,PASS,0.0546,0.0031,0.0051,0.0117,3863,0,0,PASS,0.0587,0.0018,0.0050,0.0117,3865,0,0,
door5#729,REACHABLE,37.5000,1.0000,600000.0000,180.0000,15.0000,8.0000,25.0000,0.0100,FAIL,-0.0453,0.1239,0.1859,0.1515,-1,0,0,PASS,0.0525,0.0037,0.0047,0.0034,4214,0,0,PASS,0.0499,0.0020,0.0049,0.0110,4237,0,0,
ambient_rise#733,REACHABLE,37.5000,1.0000,600000.0000,180.0000,15.0000,8.0000,25.0000,0.0100,PASS,-0.0209,0.0894,0.1348,0.1193,8927,0,0,PASS,0.0784,0.0036,0.0048,0.0092,2201,0,0,PASS,0.0780,0.0028,0.0053,0.0124,1191,0,0,
loss_up#737,REACHABLE,37.5000,1.0000,600000.0000,180.0000,15.0000,8.0000,25.0000,0.0100,FAIL,-0.0478,0.1576,0.2061,0.1197,-1,0,0,PASS,0.0525,0.0009,0.0015,0.0012,3807,0,0,PASS,0.0421,0.0004,0.0006,0.0005,3823,0,0,
loss_down#741,REACHABLE,37.5000,1.0000,600000.0000,180.0000,15.0000,8.0000,25.0000,0.0100,FAIL,-0.0075,0.0864,0.1414,0.1441,-1,0,0,PASS,0.1269,0.0028,0.0047,0.0052,2201,0,0,PASS,0.1272,0.0025,0.0048,0.0108,1191,0,0,
load_heavy#745,REACHABLE,37.5000,1.0000,600000.0000,180.0000,15.0000,8.0000,25.0000,0.0100,PASS,-0.0195,0.0343,0.0450,0.0311,3527,0,0,PASS,0.0525,0.0032,0.0046,0.0034,2201,0,0,PASS,0.0421,0.0031,0.0050,0.0053,1191,0,0,
load_light#749,REACHABLE,37.5000,1.0000,600000.0000,180.0000,15.0000,8.0000,25.0000,0.0100,FAIL,-0.0396,0.3036,0.4548,0.3667,-1,0,0,PASS,0.0525,0.0059,0.0105,0.0240,2201,0,0,PASS,0.0421,0.0060,0.0105,0.0230,1191,0,0,
vent#753,REACHABLE,37.5000,1.0000,600000.0000,180.0000,15.0000,8.0000,25.0000,0.0100,FAIL,-0.0232,0.1251,0.1914,0.1564,-1,0,0,PASS,0.0569,0.0023,0.0043,0.0092,4487,0,0,PASS,0.0421,0.0027,0.0049,0.0052,4799,0,0,
sensor_loss#757,REACHABLE,37.5000,1.0000,600000.0000,180.0000,15.0000,8.0000,25.0000,0.0100,FAIL,-0.0478,0.8933,1.9992,2.0388,-1,0,0,PASS,0.0525,0.0029,0.0050,0.0108,3697,0,0,PASS,0.0421,0.0038,0.0048,0.0033,3686,0,0,
bad_sample#761,REACHABLE,37.5000,1.0000,600000.0000,180.0000,15.0000,8.0000,25.0000,0.0100,FAIL,-0.0478,1.5485,2.4747,2.3325,-1,0,0,PASS,0.0525,0.0027,0.0049,0.0105,2201,0,0,PASS,0.0421,0.0038,0.0051,0.0121,1191,0,0,
sensor_frozen#765,REACHABLE,37.5000,1.0000,600000.0000,180.0000,15.0000,8.0000,25.0000,0.0100,FAIL,-0.0478,0.2905,0.3406,0.1325,-1,0,0,PASS,0.0525,0.0016,0.0047,0.0081,3792,0,0,PASS,0.0421,0.0032,0.0040,0.0040,3787,0,0,
safety_cut#769,REACHABLE,37.5000,1.0000,600000.0000,180.0000,15.0000,8.0000,25.0000,0.0100,FAIL,-0.0478,0.2910,0.3411,0.1287,-1,0,0,PASS,0.0557,0.0028,0.0038,0.0026,3800,0,0,PASS,0.0575,0.0023,0.0049,0.0107,3798,0,0,
power_recovery#773,REACHABLE,37.5000,1.0000,600000.0000,180.0000,15.0000,8.0000,25.0000,0.0100,FAIL,-0.0478,0.2884,0.3352,0.1269,-1,0,0,PASS,0.0643,0.0026,0.0053,0.0135,3845,0,0,PASS,0.0646,0.0031,0.0046,0.0042,3844,0,0,
setpoint_step#777,REACHABLE,37.5000,1.0000,600000.0000,180.0000,15.0000,8.0000,25.0000,0.0100,FAIL,-0.0467,0.1248,0.1789,0.1366,-1,0,0,PASS,0.0479,0.0038,0.0045,0.0032,5148,0,0,PASS,0.0500,0.0034,0.0045,0.0041,5146,0,0,
noise#781,REACHABLE,37.5000,1.0000,600000.0000,180.0000,15.0000,8.0000,25.0000,0.0100,FAIL,-0.1037,0.2585,0.3449,0.2341,-1,0,0,PASS,-0.0033,0.0411,0.0424,0.0048,1211,0,0,PASS,-0.0015,0.0411,0.0423,0.0047,1211,0,0,
jitter_drop#785,REACHABLE,37.5000,1.0000,600000.0000,180.0000,15.0000,8.0000,25.0000,0.0100,FAIL,-0.0592,0.1796,0.2655,0.2153,-1,0,0,PASS,0.0403,0.0019,0.0047,0.0082,1225,0,0,PASS,0.0435,0.0027,0.0051,0.0118,1225,0,0,
cold#2,SAFETY_LIMITED,30.0000,1.2000,180000.0000,120.0000,5.0000,30.0000,10.0000,0.1000,FAIL,-0.0646,0.3170,0.5152,0.4454,-1,0,0,PASS,0.0609,0.0366,0.0395,0.0088,1189,0,0,PASS,0.0732,0.0009,0.0015,0.0014,1062,0,0,
cold#6,REACHABLE,30.0000,0.7000,180000.0000,120.0000,30.0000,3.0000,10.0000,0.1000,FAIL,-1.6169,1.9979,2.3403,0.7731,-1,0,0,PASS,0.0863,0.0214,0.0248,0.0092,1381,0,0,PASS,0.0863,0.0214,0.0248,0.0092,1381,0,0,
cold#10,SAFETY_LIMITED,30.0000,1.0000,180000.0000,120.0000,120.0000,8.0000,10.0000,0.1000,FAIL,-1.7834,2.5924,3.4381,1.8259,-1,0,0,FAIL,-0.0741,0.7896,1.4656,1.2598,-1,0,0,FAIL,-0.1339,0.7162,1.2955,1.1195,-1,0,0,STEADY_MAE
cold#14,REACHABLE,30.0000,1.2000,600000.0000,180.0000,5.0000,30.0000,10.0000,0.1000,FAIL,-0.2044,0.3878,0.5388,0.3338,-1,0,0,FAIL,-0.2054,0.4562,0.6411,0.4349,-1,0,0,PASS,-0.0170,0.0556,0.1281,0.1075,3140,0,0,
cold#18,REACHABLE,30.0000,0.7000,600000.0000,180.0000,30.0000,3.0000,10.0000,0.1000,FAIL,-1.7361,2.1932,2.6247,0.9500,-1,0,0,PASS,0.0663,0.0309,0.0418,0.0251,2674,0,0,PASS,0.0672,0.0436,0.0480,0.0089,2674,0,0,
cold#22,SAFETY_LIMITED,30.0000,1.0000,600000.0000,180.0000,120.0000,8.0000,10.0000,0.1000,FAIL,-3.2141,3.5811,3.9464,0.8246,-1,0,0,FAIL,0.0880,0.0427,0.1343,0.2413,-1,0,0,FAIL,0.0882,0.0488,0.1366,0.2453,-1,0,0,SETTLING_TIMEOUT
cold#26,REACHABLE,30.0000,1.2000,1600000.0000,300.0000,5.0000,30.0000,10.0000,0.1000,FAIL,-0.1195,0.2534,0.2745,0.0494,-1,0,0,PASS,-0.0354,0.0472,0.0547,0.0173,6081,0,0,PASS,-0.0354,0.0472,0.0547,0.0173,6081,0,0,
cold#30,REACHABLE,30.0000,0.7000,1600000.0000,300.0000,30.0000,3.0000,10.0000,0.1000,FAIL,-0.2729,0.3713,0.4263,0.1541,-1,0,0,PASS,-0.0299,0.0595,0.0798,0.0536,8655,0,0,PASS,-0.0299,0.0595,0.0798,0.0536,8655,0,0,
cold#34,REACHABLE,30.0000,1.0000,1600000.0000,300.0000,120.0000,8.0000,10.0000,0.1000,FAIL,-2.8030,3.4842,4.0735,1.4992,-1,0,0,PASS,0.0225,0.0485,0.0987,0.1338,8701,0,0,PASS,0.0257,0.0435,0.0883,0.1241,6184,0,0,
cold#38,SAFETY_LIMITED,30.0000,1.2000,180000.0000,120.0000,5.0000,30.0000,20.0000,0.1000,FAIL,0.0580,0.1666,0.3354,0.3944,-1,0,0,PASS,0.0671,0.0095,0.0269,0.0408,1035,0,0,PASS,0.0671,0.0095,0.0269,0.0408,1035,0,0,
cold#42,REACHABLE,30.0000,0.7000,180000.0000,120.0000,30.0000,3.0000,20.0000,0.1000,FAIL,-0.0861,0.3609,0.5438,0.4652,-1,0,0,FAIL,-0.0096,0.1105,0.1122,0.0052,3122,0,0,FAIL,-0.0096,0.1105,0.1122,0.0052,3122,0,0,STEADY_MAE
cold#46,SAFETY_LIMITED,30.0000,1.0000,180000.0000,120.0000,120.0000,8.0000,20.0000,0.1000,FAIL,-0.4675,1.0466,1.5048,1.1237,-1,0,0,FAIL,-0.0094,0.2191,0.4712,0.5503,-1,0,0,FAIL,-0.0130,0.3209,0.6303,0.6375,-1,0,0,STEADY_MAE
cold#50,REACHABLE,30.0000,1.2000,600000.0000,180.0000,5.0000,30.0000,20.0000,0.1000,FAIL,-0.1098,0.1447,0.1682,0.0532,-1,0,0,PASS,0.0631,0.0163,0.0309,0.0602,1570,0,0,PASS,0.0626,0.0134,0.0315,0.0518,1145,0,0,
cold#54,REACHABLE,30.0000,0.7000,600000.0000,180.0000,30.0000,3.0000,20.0000,0.1000,FAIL,-0.1642,0.2860,0.3701,0.1985,-1,0,0,PASS,0.0693,0.0260,0.0301,0.0105,1650,0,0,PASS,0.0725,0.0179,0.0506,0.0818,1650,0,0,
cold#58,SAFETY_LIMITED,30.0000,1.0000,600000.0000,180.0000,120.0000,8.0000,20.0000,0.1000,FAIL,0.0310,0.2633,0.4528,0.5258,-1,0,0,PASS,0.0857,0.0062,0.0117,0.0136,3060,0,0,PASS,0.0854,0.0095,0.0146,0.0114,4002,0,0,
cold#62,REACHABLE,30.0000,1.2000,1600000.0000,300.0000,5.0000,30.0000,20.0000,0.1000,FAIL,-0.1213,0.1689,0.2018,0.0810,-1,0,0,PASS,-0.0301,0.0580,0.0781,0.0483,2270,0,0,PASS,-0.0298,0.0624,0.0836,0.0517,2270,0,0,
cold#66,REACHABLE,30.0000,0.7000,1600000.0000,300.0000,30.0000,3.0000,20.0000,0.1000,FAIL,-0.1916,0.2660,0.3027,0.1127,-1,0,0,PASS,0.0620,0.0367,0.0498,0.0277,7605,0,0,PASS,0.0620,0.0391,0.0577,0.0812,8430,0,0,
cold#70,REACHABLE,30.0000,1.0000,1600000.0000,300.0000,120.0000,8.0000,20.0000,0.1000,FAIL,-0.1979,0.3594,0.4651,0.2634,-1,0,0,FAIL,-0.0584,0.1118,0.1545,0.1052,-1,0,0,FAIL,-0.0488,0.1302,0.1889,0.1495,-1,0,0,STEADY_MAE
cold#74,SAFETY_LIMITED,30.0000,1.2000,180000.0000,120.0000,5.0000,30.0000,25.0000,0.1000,FAIL,0.0507,0.0743,0.1516,0.2060,-1,0,0,FAIL,0.0522,0.0653,0.1458,0.2032,-1,0,0,FAIL,0.0522,0.0708,0.1508,0.2074,-1,0,0,SETTLING_TIMEOUT
cold#78,REACHABLE,30.0000,0.7000,180000.0000,120.0000,30.0000,3.0000,25.0000,0.1000,FAIL,-0.0120,0.1730,0.2794,0.2718,-1,0,0,FAIL,-0.0120,0.1730,0.2794,0.2718,-1,0,0,FAIL,-0.0120,0.1713,0.2790,0.2717,-1,0,0,LEARNER_LOW_CONFIDENCE
cold#82,SAFETY_LIMITED,30.0000,1.0000,180000.0000,120.0000,120.0000,8.0000,25.0000,0.1000,FAIL,-0.1022,0.4012,0.6167,0.5848,-1,0,0,FAIL,-0.1063,0.3789,0.5951,0.5505,-1,0,0,FAIL,0.0980,0.2641,0.5134,0.6337,-1,0,0,LEARNER_LOW_CONFIDENCE
cold#86,REACHABLE,30.0000,1.2000,600000.0000,180.0000,5.0000,30.0000,25.0000,0.1000,PASS,-0.0118,0.0662,0.1095,0.0991,1319,0,0,PASS,0.0631,0.0312,0.0319,0.0019,1319,0,0,PASS,0.0631,0.0312,0.0319,0.0019,1319,0,0,
cold#90,REACHABLE,30.0000,0.7000,600000.0000,180.0000,30.0000,3.0000,25.0000,0.1000,FAIL,0.0165,0.1395,0.1609,0.0648,-1,0,0,PASS,0.0785,0.0612,0.0961,0.0904,1571,0,0,PASS,0.0732,0.0182,0.0193,0.0033,1626,0,0,
cold#94,SAFETY_LIMITED,30.0000,1.0000,600000.0000,180.0000,120.0000,8.0000,25.0000,0.1000,FAIL,0.0731,0.1311,0.2662,0.3397,-1,0,0,PASS,0.0359,0.0434,0.0836,0.1229,2797,0,0,PASS,0.0359,0.0410,0.0790,0.1181,3038,0,0,
cold#98,REACHABLE,30.0000,1.2000,1600000.0000,300.0000,5.0000,30.0000,25.0000,0.1000,FAIL,-0.2188,0.2288,0.2360,0.0170,-1,0,0,PASS,-0.0250,0.0827,0.1034,0.0485,2418,0,0,PASS,-0.0232,0.0704,0.0717,0.0031,2275,0,0,
cold#102,REACHABLE,30.0000,0.7000,1600000.0000,300.0000,30.0000,3.0000,25.0000,0.1000,FAIL,-0.0966,0.1553,0.1744,0.0576,-1,0,0,PASS,0.0654,0.0103,0.0218,0.0295,5293,0,0,PASS,0.0684,0.0229,0.0422,0.0450,5722,0,0,
cold#106,REACHABLE,30.0000,1.0000,1600000.0000,300.0000,120.0000,8.0000,25.0000,0.1000,FAIL,0.0891,0.1058,0.2052,0.2958,-1,0,0,PASS,-0.0006,0.0703,0.1047,0.0928,3851,0,0,PASS,-0.0055,0.0691,0.1038,0.0938,3132,0,0,
cold#110,SAFETY_LIMITED,30.0000,1.2000,180000.0000,120.0000,5.0000,30.0000,28.0000,0.1000,PASS,0.0122,0.0353,0.0781,0.0901,343,0,0,PASS,0.0122,0.0353,0.0781,0.0901,343,0,0,PASS,0.0122,0.0353,0.0781,0.0901,343,0,0,
cold#114,REACHABLE,30.0000,0.7000,180000.0000,120.0000,30.0000,3.0000,28.0000,0.1000,PASS,0.0741,0.0517,0.1036,0.1736,483,0,0,PASS,0.0741,0.0517,0.1036,0.1736,483,0,0,PASS,0.0741,0.0517,0.1036,0.1736,483,0,0,
cold#118,SAFETY_LIMITED,30.0000,1.0000,180000.0000,120.0000,120.0000,8.0000,28.0000,0.1000,FAIL,0.0904,0.1417,0.2629,0.3845,-1,0,0,FAIL,0.0904,0.1417,0.2629,0.3845,-1,0,0,FAIL,0.0904,0.1417,0.2629,0.3845,-1,0,0,LEARNER_LOW_CONFIDENCE
cold#122,REACHABLE,30.0000,1.2000,600000.0000,180.0000,5.0000,30.0000,28.0000,0.1000,PASS,-0.0112,0.0455,0.0650,0.0394,802,0,0,PASS,-0.0112,0.0455,0.0650,0.0394,802,0,0,PASS,-0.0112,0.0455,0.0650,0.0394,802,0,0,
cold#126,REACHABLE,30.0000,0.7000,600000.0000,180.0000,30.0000,3.0000,28.0000,0.1000,FAIL,-0.0825,0.1293,0.1550,0.0655,-1,0,0,FAIL,-0.0825,0.1279,0.1543,0.0640,-1,0,0,FAIL,-0.0825,0.1279,0.1543,0.0640,-1,0,0,LEARNER_LOW_CONFIDENCE
cold#130,SAFETY_LIMITED,30.0000,1.0000,600000.0000,180.0000,120.0000,8.0000,28.0000,0.1000,PASS,0.0682,0.0592,0.1261,0.1972,1668,0,0,PASS,0.0138,0.0385,0.0895,0.1063,1668,0,0,PASS,0.0138,0.0385,0.0895,0.1063,1668,0,0,
cold#134,REACHABLE,30.0000,1.2000,1600000.0000,300.0000,5.0000,30.0000,28.0000,0.1000,PASS,-0.0297,0.0512,0.0614,0.0230,1395,0,0,PASS,0.0520,0.0375,0.0519,0.0712,1392,0,0,PASS,0.0520,0.0375,0.0519,0.0712,1392,0,0,
cold#138,REACHABLE,30.0000,0.7000,1600000.0000,300.0000,30.0000,3.0000,28.0000,0.1000,PASS,-0.0161,0.0551,0.0696,0.0399,1955,0,0,PASS,0.0667,0.0383,0.0517,0.1091,1898,0,0,PASS,0.0667,0.0383,0.0517,0.1091,1898,0,0,
cold#142,REACHABLE,30.0000,1.0000,1600000.0000,300.0000,120.0000,8.0000,28.0000,0.1000,PASS,0.0876,0.0499,0.0999,0.1522,1999,0,0,PASS,0.0766,0.0296,0.0690,0.1360,2045,0,0,PASS,0.0766,0.0296,0.0690,0.1360,2045,0,0,
cold#146,COOLING_REQUIRED,30.0000,1.2000,180000.0000,120.0000,5.0000,30.0000,35.0000,0.1000,FAIL,5.0000,5.0000,5.0000,0.0000,-1,0,0,FAIL,5.0000,5.0000,5.0000,0.0000,-1,0,0,FAIL,5.0000,5.0000,5.0000,0.0000,-1,0,0,PHYSICAL_COOLING_LIMIT
cold#150,COOLING_REQUIRED,30.0000,0.7000,180000.0000,120.0000,30.0000,3.0000,35.0000,0.1000,FAIL,5.0000,5.0000,5.0000,0.0000,-1,0,0,FAIL,5.0000,5.0000,5.0000,0.0000,-1,0,0,FAIL,5.0000,5.0000,5.0000,0.0000,-1,0,0,PHYSICAL_COOLING_LIMIT
cold#154,COOLING_REQUIRED,30.0000,1.0000,180000.0000,120.0000,120.0000,8.0000,35.0000,0.1000,FAIL,5.0000,5.0000,5.0000,0.0000,-1,0,0,FAIL,5.0000,5.0000,5.0000,0.0000,-1,0,0,FAIL,5.0000,5.0000,5.0000,0.0000,-1,0,0,PHYSICAL_COOLING_LIMIT
cold#158,COOLING_REQUIRED,30.0000,1.2000,600000.0000,180.0000,5.0000,30.0000,35.0000,0.1000,FAIL,5.0000,5.0000,5.0000,0.0000,-1,0,0,FAIL,5.0000,5.0000,5.0000,0.0000,-1,0,0,FAIL,5.0000,5.0000,5.0000,0.0000,-1,0,0,PHYSICAL_COOLING_LIMIT
cold#162,COOLING_REQUIRED,30.0000,0.7000,600000.0000,180.0000,30.0000,3.0000,35.0000,0.1000,FAIL,5.0000,5.0000,5.0000,0.0000,-1,0,0,FAIL,5.0000,5.0000,5.0000,0.0000,-1,0,0,FAIL,5.0000,5.0000,5.0000,0.0000,-1,0,0,PHYSICAL_COOLING_LIMIT
cold#166,COOLING_REQUIRED,30.0000,1.0000,600000.0000,180.0000,120.0000,8.0000,35.0000,0.1000,FAIL,5.0000,5.0000,5.0000,0.0000,-1,0,0,FAIL,5.0000,5.0000,5.0000,0.0000,-1,0,0,FAIL,5.0000,5.0000,5.0000,0.0000,-1,0,0,PHYSICAL_COOLING_LIMIT
cold#170,COOLING_REQUIRED,30.0000,1.2000,1600000.0000,300.0000,5.0000,30.0000,35.0000,0.1000,FAIL,5.0000,5.0000,5.0000,0.0000,-1,0,0,FAIL,5.0000,5.0000,5.0000,0.0000,-1,0,0,FAIL,5.0000,5.0000,5.0000,0.0000,-1,0,0,PHYSICAL_COOLING_LIMIT
cold#174,COOLING_REQUIRED,30.0000,0.7000,1600000.0000,300.0000,30.0000,3.0000,35.0000,0.1000,FAIL,5.0000,5.0000,5.0000,0.0000,-1,0,0,FAIL,5.0000,5.0000,5.0000,0.0000,-1,0,0,FAIL,5.0000,5.0000,5.0000,0.0000,-1,0,0,PHYSICAL_COOLING_LIMIT
cold#178,COOLING_REQUIRED,30.0000,1.0000,1600000.0000,300.0000,120.0000,8.0000,35.0000,0.1000,FAIL,5.0000,5.0000,5.0000,0.0000,-1,0,0,FAIL,5.0000,5.0000,5.0000,0.0000,-1,0,0,FAIL,5.0000,5.0000,5.0000,0.0000,-1,0,0,PHYSICAL_COOLING_LIMIT
cold#182,SAFETY_LIMITED,32.0000,1.2000,180000.0000,120.0000,5.0000,30.0000,10.0000,0.1000,FAIL,-0.0876,0.3415,0.5551,0.4816,-1,0,0,FAIL,-0.1135,0.3200,0.5570,0.5091,-1,0,0,PASS,0.0694,0.0019,0.0031,0.0027,1452,0,0,
cold#186,REACHABLE,32.0000,0.7000,180000.0000,120.0000,30.0000,3.0000,10.0000,0.1000,FAIL,-1.6968,2.0835,2.4116,0.7176,-1,0,0,PASS,0.0782,0.0271,0.0588,0.1226,1438,0,0,PASS,0.0782,0.0271,0.0588,0.1226,1438,0,0,
cold#190,SAFETY_LIMITED,32.0000,1.0000,180000.0000,120.0000,120.0000,8.0000,10.0000,0.1000,FAIL,-2.0620,2.9157,3.8658,1.9320,-1,0,0,FAIL,-0.0682,0.9399,1.6162,1.4415,-1,0,0,FAIL,-0.0615,0.8505,1.5757,1.4407,-1,0,0,STEADY_MAE
cold#194,REACHABLE,32.0000,1.2000,600000.0000,180.0000,5.0000,30.0000,10.0000,0.1000,FAIL,-0.2027,0.4046,0.5710,0.3662,-1,0,0,FAIL,-0.1148,0.4852,0.6950,0.4778,-1,0,0,PASS,-0.0202,0.0496,0.0516,0.0053,3310,0,0,
cold#198,REACHABLE,32.0000,0.7000,600000.0000,180.0000,30.0000,3.0000,10.0000,0.1000,FAIL,-1.9067,2.5386,2.8866,1.1275,-1,0,0,PASS,0.0655,0.0097,0.0199,0.0341,5009,0,0,PASS,0.0678,0.0145,0.0305,0.0556,5009,0,0,
cold#202,SAFETY_LIMITED,32.0000,1.0000,600000.0000,180.0000,120.0000,8.0000,10.0000,0.1000,FAIL,-4.5026,4.8043,5.1670,0.6866,-1,0,0,PASS,0.0471,0.0393,0.0736,0.1241,6010,0,0,PASS,0.0466,0.0374,0.0727,0.1245,5763,0,0,
cold#206,REACHABLE,32.0000,1.2000,1600000.0000,300.0000,5.0000,30.0000,10.0000,0.1000,FAIL,-0.2148,0.2604,0.2928,0.0772,-1,0,0,PASS,-0.0421,0.0626,0.0775,0.0364,6508,0,0,PASS,-0.0421,0.0626,0.0775,0.0364,6508,0,0,
cold#210,REACHABLE,32.0000,0.7000,1600000.0000,300.0000,30.0000,3.0000,10.0000,0.1000,FAIL,-0.2751,0.4033,0.4716,0.1969,-1,0,0,FAIL,-0.1341,0.1825,0.3102,0.2058,-1,0,0,FAIL,-0.1341,0.1825,0.3102,0.2058,-1,0,0,STEADY_MAE
cold#214,REACHABLE,32.0000,1.0000,1600000.0000,300.0000,120.0000,8.0000,10.0000,0.1000,FAIL,-4.1259,4.8007,5.3846,1.5004,-1,0,0,PASS,0.0198,0.0446,0.0885,0.1175,7581,0,0,PASS,0.0274,0.0390,0.0829,0.1208,6672,0,0,
cold#218,SAFETY_LIMITED,32.0000,1.2000,180000.0000,120.0000,5.0000,30.0000,20.0000,0.1000,FAIL,0.0090,0.1916,0.3718,0.3872,-1,0,0,PASS,0.0509,0.0240,0.0469,0.0904,897,0,0,PASS,0.0509,0.0240,0.0469,0.0904,897,0,0,
cold#222,REACHABLE,32.0000,0.7000,180000.0000,120.0000,30.0000,3.0000,20.0000,0.1000,FAIL,-0.1701,0.4321,0.6286,0.4664,-1,0,0,FAIL,-0.0021,0.1007,0.1020,0.0037,1371,0,0,FAIL,-0.0021,0.1007,0.1020,0.0037,1371,0,0,STEADY_MAE
cold#226,SAFETY_LIMITED,32.0000,1.0000,180000.0000,120.0000,120.0000,8.0000,20.0000,0.1000,FAIL,-1.1313,1.5620,2.0233,0.9396,-1,0,0,FAIL,-0.1046,0.3559,0.6524,0.5711,-1,0,0,FAIL,0.0047,0.3915,0.7883,0.7672,-1,0,0,STEADY_MAE
cold#230,REACHABLE,32.0000,1.2000,600000.0000,180.0000,5.0000,30.0000,20.0000,0.1000,FAIL,-0.1023,0.1521,0.1900,0.0906,-1,0,0,PASS,0.0651,0.0134,0.0168,0.0075,3351,0,0,PASS,0.0636,0.0068,0.0087,0.0040,1560,0,0,
cold#234,REACHABLE,32.0000,0.7000,600000.0000,180.0000,30.0000,3.0000,20.0000,0.1000,FAIL,-0.1147,0.2681,0.3592,0.2489,-1,0,0,PASS,-0.0119,0.0550,0.0895,0.0806,2842,0,0,PASS,-0.0099,0.0543,0.0883,0.0782,1909,0,0,
cold#238,SAFETY_LIMITED,32.0000,1.0000,600000.0000,180.0000,120.0000,8.0000,20.0000,0.1000,FAIL,-0.0509,0.3472,0.5258,0.3882,-1,0,0,PASS,0.0842,0.0329,0.0694,0.1494,3873,0,0,PASS,0.0892,0.0390,0.0771,0.1633,4057,0,0,
cold#242,REACHABLE,32.0000,1.2000,1600000.0000,300.0000,5.0000,30.0000,20.0000,0.1000,FAIL,-0.1153,0.1842,0.2333,0.1197,-1,0,0,PASS,0.0751,0.0242,0.0490,0.1023,7005,0,0,PASS,0.0575,0.0436,0.0502,0.0204,7784,0,0,
cold#246,REACHABLE,32.0000,0.7000,1600000.0000,300.0000,30.0000,3.0000,20.0000,0.1000,FAIL,-0.1792,0.2858,0.3368,0.1602,-1,0,0,FAIL,-0.0165,0.1633,0.4057,0.3945,-1,0,0,FAIL,-0.0231,0.1644,0.4160,0.3991,-1,0,0,STEADY_MAE
cold#250,REACHABLE,32.0000,1.0000,1600000.0000,300.0000,120.0000,8.0000,20.0000,0.1000,FAIL,-0.2966,0.4491,0.5562,0.2564,-1,0,0,FAIL,-0.2883,0.7813,0.9001,0.2918,-1,0,0,FAIL,-0.0560,0.1127,0.1586,0.1096,-1,0,0,STEADY_MAE
cold#254,SAFETY_LIMITED,32.0000,1.2000,180000.0000,120.0000,5.0000,30.0000,25.0000,0.1000,FAIL,-0.0102,0.1525,0.2647,0.2554,-1,0,0,PASS,0.0768,0.0287,0.0520,0.1189,1371,0,0,PASS,0.0768,0.0287,0.0520,0.1189,1371,0,0,
cold#258,REACHABLE,32.0000,0.7000,180000.0000,120.0000,30.0000,3.0000,25.0000,0.1000,FAIL,0.0610,0.2010,0.3500,0.4192,-1,0,0,PASS,0.0844,0.0252,0.0575,0.1286,1793,0,0,PASS,0.0896,0.0313,0.0439,0.0659,1810,0,0,
cold#262,SAFETY_LIMITED,32.0000,1.0000,180000.0000,120.0000,120.0000,8.0000,25.0000,0.1000,FAIL,0.1436,0.3862,0.7107,0.8356,-1,0,0,FAIL,-0.2805,0.5966,0.9003,0.6446,-1,0,0,FAIL,-0.2026,0.5639,0.8351,0.6792,-1,0,0,LEARNER_LOW_CONFIDENCE
cold#266,REACHABLE,32.0000,1.2000,600000.0000,180.0000,5.0000,30.0000,25.0000,0.1000,FAIL,-0.0053,0.0895,0.1508,0.1488,-1,0,0,PASS,-0.0088,0.0528,0.0809,0.0737,1218,0,0,PASS,-0.0098,0.0525,0.0800,0.0697,1218,0,0,
cold#270,REACHABLE,32.0000,0.7000,600000.0000,180.0000,30.0000,3.0000,25.0000,0.1000,FAIL,-0.0735,0.1488,0.1900,0.1170,-1,0,0,PASS,0.0697,0.0320,0.0332,0.0034,2069,0,0,PASS,0.0707,0.0383,0.0421,0.0120,1324,0,0,
cold#274,SAFETY_LIMITED,32.0000,1.0000,600000.0000,180.0000,120.0000,8.0000,25.0000,0.1000,FAIL,0.0329,0.1903,0.3617,0.3837,-1,0,0,PASS,0.0863,0.0199,0.0227,0.0090,3409,0,0,PASS,0.0839,0.0245,0.0287,0.0109,3297,0,0,
cold#278,REACHABLE,32.0000,1.2000,1600000.0000,300.0000,5.0000,30.0000,25.0000,0.1000,FAIL,-0.2129,0.2332,0.2484,0.0365,-1,0,0,FAIL,-0.1122,0.1374,0.1546,0.0428,-1,0,0,FAIL,-0.1127,0.1375,0.1559,0.0440,-1,0,0,STEADY_MAE
cold#282,REACHABLE,32.0000,0.7000,1600000.0000,300.0000,30.0000,3.0000,25.0000,0.1000,FAIL,-0.2006,0.2479,0.2666,0.0555,-1,0,0,PASS,0.0616,0.0323,0.0522,0.1132,8845,0,0,PASS,0.0705,0.0324,0.0507,0.1121,7686,0,0,
cold#286,REACHABLE,32.0000,1.0000,1600000.0000,300.0000,120.0000,8.0000,25.0000,0.1000,FAIL,0.0901,0.1605,0.2695,0.3756,-1,0,0,PASS,-0.0039,0.0719,0.1141,0.1022,3765,0,0,PASS,-0.0008,0.0740,0.1150,0.1050,3523,0,0,
cold#290,SAFETY_LIMITED,32.0000,1.2000,180000.0000,120.0000,5.0000,30.0000,28.0000,0.1000,PASS,0.0454,0.0593,0.1225,0.1590,575,0,0,PASS,0.0454,0.0593,0.1225,0.1590,575,0,0,PASS,0.0454,0.0593,0.1225,0.1590,575,0,0,
cold#294,REACHABLE,32.0000,0.7000,180000.0000,120.0000,30.0000,3.0000,28.0000,0.1000,FAIL,0.0651,0.1444,0.2324,0.3031,-1,0,0,PASS,0.0924,0.0806,0.1435,0.2409,6662,0,0,PASS,0.0925,0.0772,0.1401,0.2299,8173,0,0,
cold#298,SAFETY_LIMITED,32.0000,1.0000,180000.0000,120.0000,120.0000,8.0000,28.0000,0.1000,FAIL,0.1531,0.2294,0.4122,0.5782,-1,0,0,FAIL,0.1473,0.1911,0.4080,0.5728,-1,0,0,FAIL,0.1265,0.3310,0.5527,0.7350,-1,0,0,LEARNER_LOW_CONFIDENCE
cold#302,REACHABLE,32.0000,1.2000,600000.0000,180.0000,5.0000,30.0000,28.0000,0.1000,PASS,-0.0189,0.0574,0.0906,0.0735,1154,0,0,PASS,0.0680,0.0258,0.0480,0.1031,1154,0,0,PASS,0.0678,0.0153,0.0169,0.0040,1154,0,0,
cold#306,REACHABLE,32.0000,0.7000,600000.0000,180.0000,30.0000,3.0000,28.0000,0.1000,FAIL,-0.0655,0.1514,0.1978,0.1296,-1,0,0,PASS,0.0063,0.0969,0.1285,0.1154,1914,0,0,PASS,0.0180,0.0640,0.0663,0.0054,7789,0,0,
cold#310,SAFETY_LIMITED,32.0000,1.0000,600000.0000,180.0000,120.0000,8.0000,28.0000,0.1000,FAIL,0.0656,0.1054,0.2163,0.2840,-1,0,0,PASS,0.0109,0.0596,0.1060,0.1188,3023,0,0,PASS,0.0183,0.0571,0.1020,0.1174,3143,0,0,
cold#314,REACHABLE,32.0000,1.2000,1600000.0000,300.0000,5.0000,30.0000,28.0000,0.1000,PASS,-0.0219,0.0638,0.0860,0.0533,3030,0,0,PASS,0.0693,0.0183,0.0354,0.0766,1815,0,0,PASS,0.0659,0.0150,0.0171,0.0045,1907,0,0,
cold#318,REACHABLE,32.0000,0.7000,1600000.0000,300.0000,30.0000,3.0000,28.0000,0.1000,PASS,-0.0124,0.0808,0.1113,0.0941,2934,0,0,PASS,0.0691,0.0292,0.0500,0.1062,1540,0,0,PASS,0.0733,0.0308,0.0502,0.1074,1595,0,0,
cold#322,REACHABLE,32.0000,1.0000,1600000.0000,300.0000,120.0000,8.0000,28.0000,0.1000,FAIL,0.0481,0.0850,0.1657,0.2155,-1,0,0,PASS,0.1614,0.0626,0.0888,0.0740,2672,0,0,PASS,-0.0067,0.0585,0.0883,0.0736,3016,0,0,
cold#326,COOLING_REQUIRED,32.0000,1.2000,180000.0000,120.0000,5.0000,30.0000,35.0000,0.1000,FAIL,3.0000,3.0000,3.0000,0.0000,-1,0,0,FAIL,3.0000,3.0000,3.0000,0.0000,-1,0,0,FAIL,3.0000,3.0000,3.0000,0.0000,-1,0,0,PHYSICAL_COOLING_LIMIT
cold#330,COOLING_REQUIRED,32.0000,0.7000,180000.0000,120.0000,30.0000,3.0000,35.0000,0.1000,FAIL,3.0000,3.0000,3.0000,0.0000,-1,0,0,FAIL,3.0000,3.0000,3.0000,0.0000,-1,0,0,FAIL,3.0000,3.0000,3.0000,0.0000,-1,0,0,PHYSICAL_COOLING_LIMIT
cold#334,COOLING_REQUIRED,32.0000,1.0000,180000.0000,120.0000,120.0000,8.0000,35.0000,0.1000,FAIL,3.0000,3.0000,3.0000,0.0000,-1,0,0,FAIL,3.0000,3.0000,3.0000,0.0000,-1,0,0,FAIL,3.0000,3.0000,3.0000,0.0000,-1,0,0,PHYSICAL_COOLING_LIMIT
cold#338,COOLING_REQUIRED,32.0000,1.2000,600000.0000,180.0000,5.0000,30.0000,35.0000,0.1000,FAIL,3.0000,3.0000,3.0000,0.0000,-1,0,0,FAIL,3.0000,3.0000,3.0000,0.0000,-1,0,0,FAIL,3.0000,3.0000,3.0000,0.0000,-1,0,0,PHYSICAL_COOLING_LIMIT
cold#342,COOLING_REQUIRED,32.0000,0.7000,600000.0000,180.0000,30.0000,3.0000,35.0000,0.1000,FAIL,3.0000,3.0000,3.0000,0.0000,-1,0,0,FAIL,3.0000,3.0000,3.0000,0.0000,-1,0,0,FAIL,3.0000,3.0000,3.0000,0.0000,-1,0,0,PHYSICAL_COOLING_LIMIT
cold#346,COOLING_REQUIRED,32.0000,1.0000,600000.0000,180.0000,120.0000,8.0000,35.0000,0.1000,FAIL,3.0000,3.0000,3.0000,0.0000,-1,0,0,FAIL,3.0000,3.0000,3.0000,0.0000,-1,0,0,FAIL,3.0000,3.0000,3.0000,0.0000,-1,0,0,PHYSICAL_COOLING_LIMIT
cold#350,COOLING_REQUIRED,32.0000,1.2000,1600000.0000,300.0000,5.0000,30.0000,35.0000,0.1000,FAIL,3.0000,3.0000,3.0000,0.0000,-1,0,0,FAIL,3.0000,3.0000,3.0000,0.0000,-1,0,0,FAIL,3.0000,3.0000,3.0000,0.0000,-1,0,0,PHYSICAL_COOLING_LIMIT
cold#354,COOLING_REQUIRED,32.0000,0.7000,1600000.0000,300.0000,30.0000,3.0000,35.0000,0.1000,FAIL,3.0000,3.0000,3.0000,0.0000,-1,0,0,FAIL,3.0000,3.0000,3.0000,0.0000,-1,0,0,FAIL,3.0000,3.0000,3.0000,0.0000,-1,0,0,PHYSICAL_COOLING_LIMIT
cold#358,COOLING_REQUIRED,32.0000,1.0000,1600000.0000,300.0000,120.0000,8.0000,35.0000,0.1000,FAIL,3.0000,3.0000,3.0000,0.0000,-1,0,0,FAIL,3.0000,3.0000,3.0000,0.0000,-1,0,0,FAIL,3.0000,3.0000,3.0000,0.0000,-1,0,0,PHYSICAL_COOLING_LIMIT
cold#362,SAFETY_LIMITED,35.0000,1.2000,180000.0000,120.0000,5.0000,30.0000,10.0000,0.1000,FAIL,-0.0862,0.3722,0.6105,0.5012,-1,0,0,FAIL,-0.0293,0.3633,0.6602,0.5737,-1,0,0,PASS,0.0688,0.0195,0.0456,0.0745,1550,0,0,
cold#366,REACHABLE,35.0000,0.7000,180000.0000,120.0000,30.0000,3.0000,10.0000,0.1000,FAIL,-1.8666,2.2840,2.6692,0.8387,-1,0,0,PASS,0.0578,0.0330,0.0339,0.0025,2082,0,0,PASS,0.0788,0.0319,0.0330,0.0037,2081,0,0,
cold#370,SAFETY_LIMITED,35.0000,1.0000,180000.0000,120.0000,120.0000,8.0000,10.0000,0.1000,FAIL,-2.4546,3.3777,4.4357,2.1403,-1,0,0,FAIL,-0.0865,0.9995,1.8063,1.5472,-1,0,0,FAIL,-0.0865,0.9995,1.8063,1.5472,-1,0,0,STEADY_MAE
cold#374,REACHABLE,35.0000,1.2000,600000.0000,180.0000,5.0000,30.0000,10.0000,0.1000,FAIL,-0.1933,0.3935,0.6029,0.4253,-1,0,0,PASS,-0.0265,0.0677,0.1041,0.0933,5075,0,0,PASS,-0.0265,0.0677,0.1041,0.0933,5075,0,0,
cold#378,REACHABLE,35.0000,0.7000,600000.0000,180.0000,30.0000,3.0000,10.0000,0.1000,FAIL,-3.5319,3.7148,3.8892,0.3837,-1,0,0,PASS,0.0673,0.0322,0.0396,0.0154,6331,0,0,PASS,0.0673,0.0322,0.0396,0.0154,6331,0,0,
cold#382,SAFETY_LIMITED,35.0000,1.0000,600000.0000,180.0000,120.0000,8.0000,10.0000,0.1000,FAIL,-5.2298,5.5563,5.9689,0.7687,-1,0,0,PASS,0.0560,0.0541,0.1138,0.1865,7361,0,0,PASS,0.0595,0.0478,0.0917,0.1658,7307,0,0,
cold#386,REACHABLE,35.0000,1.2000,1600000.0000,300.0000,5.0000,30.0000,10.0000,0.1000,FAIL,-0.2054,0.2786,0.3284,0.1246,-1,0,0,PASS,-0.0416,0.0582,0.0700,0.0293,7227,0,0,PASS,-0.0416,0.0582,0.0700,0.0293,7227,0,0,
cold#390,REACHABLE,35.0000,0.7000,1600000.0000,300.0000,30.0000,3.0000,10.0000,0.1000,FAIL,-0.3822,0.5198,0.9433,0.7052,-1,0,0,FAIL,-0.3217,0.7447,1.3657,1.1467,-1,0,0,FAIL,-0.3217,0.7447,1.3657,1.1467,-1,0,0,LEARNER_LOW_CONFIDENCE
cold#394,REACHABLE,35.0000,1.0000,1600000.0000,300.0000,120.0000,8.0000,10.0000,0.1000,FAIL,-5.9084,6.5304,7.0556,1.3749,-1,0,0,PASS,0.0231,0.0439,0.0886,0.1237,7849,0,0,PASS,0.0279,0.0453,0.0903,0.1233,7229,0,0,
cold#398,SAFETY_LIMITED,35.0000,1.2000,180000.0000,120.0000,5.0000,30.0000,20.0000,0.1000,FAIL,-0.0192,0.2372,0.4285,0.4136,-1,0,0,PASS,0.0706,0.0243,0.0463,0.0580,1076,0,0,PASS,0.0643,0.0152,0.0388,0.0822,1076,0,0,
cold#402,REACHABLE,35.0000,0.7000,180000.0000,120.0000,30.0000,3.0000,20.0000,0.1000,FAIL,-0.1756,0.5043,0.7254,0.5328,-1,0,0,PASS,0.0049,0.0682,0.0794,0.0743,1573,0,0,PASS,0.0049,0.0682,0.0794,0.0743,1573,0,0,
cold#406,SAFETY_LIMITED,35.0000,1.0000,180000.0000,120.0000,120.0000,8.0000,20.0000,0.1000,FAIL,-1.1673,2.0449,2.6514,1.2142,-1,0,0,FAIL,-0.1157,0.3322,0.5610,0.5128,-1,0,0,FAIL,-0.0137,0.2370,0.4085,0.3539,-1,0,0,STEADY_MAE
cold#410,REACHABLE,35.0000,1.2000,600000.0000,180.0000,5.0000,30.0000,20.0000,0.1000,FAIL,-0.0963,0.2510,0.3798,0.2856,-1,0,0,PASS,0.0716,0.0394,0.0461,0.0148,3586,0,0,PASS,0.0638,0.0370,0.0376,0.0017,1700,0,0,
cold#414,REACHABLE,35.0000,0.7000,600000.0000,180.0000,30.0000,3.0000,20.0000,0.1000,FAIL,-0.1819,0.3180,0.4087,0.2232,-1,0,0,PASS,0.0690,0.0434,0.0486,0.0130,2546,0,0,PASS,-0.0125,0.0543,0.0883,0.0780,2508,0,0,
cold#418,SAFETY_LIMITED,35.0000,1.0000,600000.0000,180.0000,120.0000,8.0000,20.0000,0.1000,FAIL,-0.2199,0.5207,0.7234,0.4156,-1,0,0,PASS,0.0832,0.0355,0.0909,0.1852,4121,0,0,PASS,0.0872,0.0377,0.0866,0.1861,4064,0,0,
cold#422,REACHABLE,35.0000,1.2000,1600000.0000,300.0000,5.0000,30.0000,20.0000,0.1000,FAIL,-0.1183,0.2183,0.2933,0.1683,-1,0,0,PASS,0.0576,0.0455,0.0498,0.0185,7317,0,0,PASS,0.0569,0.0468,0.0472,0.0013,3570,0,0,
cold#426,REACHABLE,35.0000,0.7000,1600000.0000,300.0000,30.0000,3.0000,20.0000,0.1000,FAIL,-0.2920,0.3444,0.3668,0.0633,-1,0,0,FAIL,-0.0289,0.0667,0.1581,0.1982,-1,0,0,PASS,0.0610,0.0339,0.0506,0.0475,4636,0,0,
cold#430,REACHABLE,35.0000,1.0000,1600000.0000,300.0000,120.0000,8.0000,20.0000,0.1000,FAIL,-0.4039,0.5855,0.7137,0.3305,-1,0,0,FAIL,-0.2843,0.8776,1.0153,0.3810,-1,0,0,FAIL,-0.0531,0.1217,0.1737,0.1247,-1,0,0,STEADY_MAE
cold#434,SAFETY_LIMITED,35.0000,1.2000,180000.0000,120.0000,5.0000,30.0000,25.0000,0.1000,FAIL,0.0580,0.1666,0.3354,0.3944,-1,0,0,PASS,0.0676,0.0220,0.0456,0.1044,1036,0,0,PASS,0.0676,0.0220,0.0456,0.1044,1036,0,0,
cold#438,REACHABLE,35.0000,0.7000,180000.0000,120.0000,30.0000,3.0000,25.0000,0.1000,FAIL,-0.0065,0.2843,0.4679,0.4440,-1,0,0,PASS,0.0952,0.0249,0.0492,0.1154,4498,0,0,PASS,0.0952,0.0249,0.0492,0.1154,4498,0,0,
cold#442,SAFETY_LIMITED,35.0000,1.0000,180000.0000,120.0000,120.0000,8.0000,25.0000,0.1000,FAIL,-0.4675,1.0444,1.4996,1.1019,-1,0,0,FAIL,-0.0082,0.1457,0.2993,0.3055,-1,0,0,FAIL,0.0028,0.1371,0.3192,0.3655,-1,0,0,STEADY_MAE
cold#446,REACHABLE,35.0000,1.2000,600000.0000,180.0000,5.0000,30.0000,25.0000,0.1000,FAIL,-0.1098,0.1450,0.1681,0.0534,-1,0,0,PASS,0.0622,0.0144,0.0336,0.0481,1575,0,0,PASS,0.0646,0.0216,0.0236,0.0046,1157,0,0,
cold#450,REACHABLE,35.0000,0.7000,600000.0000,180.0000,30.0000,3.0000,25.0000,0.1000,FAIL,-0.1642,0.2860,0.3701,0.1985,-1,0,0,PASS,-0.0114,0.0534,0.0891,0.0825,2541,0,0,PASS,0.0698,0.0321,0.0349,0.0072,1673,0,0,
cold#454,SAFETY_LIMITED,35.0000,1.0000,600000.0000,180.0000,120.0000,8.0000,25.0000,0.1000,FAIL,0.0310,0.2633,0.4528,0.5258,-1,0,0,PASS,0.0857,0.0121,0.0190,0.0162,3057,0,0,PASS,0.0846,0.0089,0.0185,0.0283,4085,0,0,
cold#458,REACHABLE,35.0000,1.2000,1600000.0000,300.0000,5.0000,30.0000,25.0000,0.1000,FAIL,-0.2024,0.2494,0.2815,0.0799,-1,0,0,FAIL,-0.1100,0.1386,0.1588,0.0492,-1,0,0,FAIL,-0.1097,0.1387,0.1594,0.0500,-1,0,0,STEADY_MAE
cold#462,REACHABLE,35.0000,0.7000,1600000.0000,300.0000,30.0000,3.0000,25.0000,0.1000,FAIL,-0.1916,0.2660,0.3027,0.1127,-1,0,0,PASS,0.0619,0.0412,0.0499,0.0280,7623,0,0,PASS,0.0636,0.0366,0.0581,0.1293,8840,0,0,
cold#466,REACHABLE,35.0000,1.0000,1600000.0000,300.0000,120.0000,8.0000,25.0000,0.1000,FAIL,-0.1199,0.2806,0.3885,0.2658,-1,0,0,FAIL,-0.2022,0.6250,0.6840,0.2818,-1,0,0,PASS,0.0244,0.0423,0.0870,0.1193,4698,0,0,
cold#470,SAFETY_LIMITED,35.0000,1.2000,180000.0000,120.0000,5.0000,30.0000,28.0000,0.1000,FAIL,-0.0102,0.1525,0.2647,0.2554,-1,0,0,PASS,0.0771,0.0238,0.0455,0.0536,1371,0,0,PASS,0.0771,0.0238,0.0455,0.0536,1371,0,0,
cold#474,REACHABLE,35.0000,0.7000,180000.0000,120.0000,30.0000,3.0000,28.0000,0.1000,FAIL,0.0610,0.2010,0.3500,0.4192,-1,0,0,PASS,0.0830,0.0155,0.0183,0.0076,1787,0,0,PASS,0.0831,0.0155,0.0183,0.0076,1787,0,0,
cold#478,SAFETY_LIMITED,35.0000,1.0000,180000.0000,120.0000,120.0000,8.0000,28.0000,0.1000,FAIL,0.1436,0.3891,0.7166,0.8778,-1,0,0,FAIL,-0.2866,0.6041,0.9092,0.6555,-1,0,0,FAIL,-0.2408,0.5935,0.8609,0.6435,-1,0,0,LEARNER_LOW_CONFIDENCE
cold#482,REACHABLE,35.0000,1.2000,600000.0000,180.0000,5.0000,30.0000,28.0000,0.1000,FAIL,-0.0053,0.0895,0.1508,0.1488,-1,0,0,PASS,-0.0095,0.0536,0.0810,0.0694,1218,0,0,PASS,-0.0085,0.0520,0.0794,0.0749,1218,0,0,
cold#486,REACHABLE,35.0000,0.7000,600000.0000,180.0000,30.0000,3.0000,28.0000,0.1000,FAIL,-0.1598,0.2306,0.2709,0.1116,-1,0,0,PASS,-0.0093,0.0457,0.0475,0.0045,4051,0,0,PASS,-0.0084,0.0625,0.0648,0.0079,3579,0,0,
cold#490,SAFETY_LIMITED,35.0000,1.0000,600000.0000,180.0000,120.0000,8.0000,28.0000,0.1000,FAIL,0.0331,0.1878,0.3615,0.3854,-1,0,0,PASS,0.0862,0.0379,0.0505,0.0932,3430,0,0,PASS,0.0836,0.0277,0.0327,0.0122,3318,0,0,
cold#494,REACHABLE,35.0000,1.2000,1600000.0000,300.0000,5.0000,30.0000,28.0000,0.1000,FAIL,-0.1307,0.1527,0.1685,0.0369,-1,0,0,PASS,-0.0320,0.0575,0.0748,0.0432,1812,0,0,PASS,-0.0320,0.0575,0.0748,0.0432,1812,0,0,
cold#498,REACHABLE,35.0000,0.7000,1600000.0000,300.0000,30.0000,3.0000,28.0000,0.1000,FAIL,-0.2006,0.2479,0.2666,0.0555,-1,0,0,FAIL,0.0662,0.0569,0.2276,0.3173,-1,0,0,PASS,0.0664,0.0265,0.0566,0.1223,8910,0,0,
cold#502,REACHABLE,35.0000,1.0000,1600000.0000,300.0000,120.0000,8.0000,28.0000,0.1000,FAIL,0.0918,0.1598,0.2702,0.3761,-1,0,0,PASS,-0.0031,0.0732,0.1161,0.1101,3775,0,0,PASS,0.0039,0.0732,0.1180,0.1150,3298,0,0,
cold#506,COOLING_REQUIRED,35.0000,1.2000,180000.0000,120.0000,5.0000,30.0000,35.0000,0.1000,PASS,0.0000,0.0000,0.0000,0.0000,1,0,0,PASS,0.0000,0.0000,0.0000,0.0000,1,0,0,PASS,0.0000,0.0000,0.0000,0.0000,1,0,0,
cold#510,COOLING_REQUIRED,35.0000,0.7000,180000.0000,120.0000,30.0000,3.0000,35.0000,0.1000,PASS,0.0000,0.0000,0.0000,0.0000,1,0,0,PASS,0.0000,0.0000,0.0000,0.0000,1,0,0,PASS,0.0000,0.0000,0.0000,0.0000,1,0,0,
cold#514,COOLING_REQUIRED,35.0000,1.0000,180000.0000,120.0000,120.0000,8.0000,35.0000,0.1000,PASS,0.0000,0.0000,0.0000,0.0000,1,0,0,PASS,0.0000,0.0000,0.0000,0.0000,1,0,0,PASS,0.0000,0.0000,0.0000,0.0000,1,0,0,
cold#518,COOLING_REQUIRED,35.0000,1.2000,600000.0000,180.0000,5.0000,30.0000,35.0000,0.1000,PASS,0.0000,0.0000,0.0000,0.0000,1,0,0,PASS,0.0000,0.0000,0.0000,0.0000,1,0,0,PASS,0.0000,0.0000,0.0000,0.0000,1,0,0,
cold#522,COOLING_REQUIRED,35.0000,0.7000,600000.0000,180.0000,30.0000,3.0000,35.0000,0.1000,PASS,0.0000,0.0000,0.0000,0.0000,1,0,0,PASS,0.0000,0.0000,0.0000,0.0000,1,0,0,PASS,0.0000,0.0000,0.0000,0.0000,1,0,0,
cold#526,COOLING_REQUIRED,35.0000,1.0000,600000.0000,180.0000,120.0000,8.0000,35.0000,0.1000,PASS,0.0000,0.0000,0.0000,0.0000,1,0,0,PASS,0.0000,0.0000,0.0000,0.0000,1,0,0,PASS,0.0000,0.0000,0.0000,0.0000,1,0,0,
cold#530,COOLING_REQUIRED,35.0000,1.2000,1600000.0000,300.0000,5.0000,30.0000,35.0000,0.1000,PASS,0.0000,0.0000,0.0000,0.0000,1,0,0,PASS,0.0000,0.0000,0.0000,0.0000,1,0,0,PASS,0.0000,0.0000,0.0000,0.0000,1,0,0,
cold#534,COOLING_REQUIRED,35.0000,0.7000,1600000.0000,300.0000,30.0000,3.0000,35.0000,0.1000,PASS,0.0000,0.0000,0.0000,0.0000,1,0,0,PASS,0.0000,0.0000,0.0000,0.0000,1,0,0,PASS,0.0000,0.0000,0.0000,0.0000,1,0,0,
cold#538,COOLING_REQUIRED,35.0000,1.0000,1600000.0000,300.0000,120.0000,8.0000,35.0000,0.1000,PASS,0.0000,0.0000,0.0000,0.0000,1,0,0,PASS,0.0000,0.0000,0.0000,0.0000,1,0,0,PASS,0.0000,0.0000,0.0000,0.0000,1,0,0,
cold#542,SAFETY_LIMITED,37.5000,1.2000,180000.0000,120.0000,5.0000,30.0000,10.0000,0.1000,FAIL,-0.0801,0.3636,0.6710,0.6131,-1,0,0,FAIL,-0.0342,0.3917,0.6812,0.6850,-1,0,0,PASS,0.0687,0.0294,0.0476,0.0432,1570,0,0,
cold#546,REACHABLE,37.5000,0.7000,180000.0000,120.0000,30.0000,3.0000,10.0000,0.1000,FAIL,-2.0608,2.5108,2.9350,0.9094,-1,0,0,PASS,0.0852,0.0365,0.0834,0.1721,1699,0,0,PASS,0.0852,0.0365,0.0834,0.1721,1699,0,0,
cold#550,SAFETY_LIMITED,37.5000,1.0000,180000.0000,120.0000,120.0000,8.0000,10.0000,0.1000,FAIL,-2.7813,3.7276,4.8558,2.3320,-1,0,0,FAIL,-0.6077,0.6419,0.6567,0.0507,-1,0,0,FAIL,-0.6077,0.6419,0.6567,0.0507,-1,0,0,STEADY_MAE
cold#554,REACHABLE,37.5000,1.2000,600000.0000,180.0000,5.0000,30.0000,10.0000,0.1000,FAIL,-0.2087,0.4254,0.5980,0.4352,-1,0,0,PASS,-0.0275,0.0901,0.1238,0.1048,5430,0,0,PASS,-0.0275,0.0901,0.1238,0.1048,5430,0,0,
cold#558,REACHABLE,37.5000,0.7000,600000.0000,180.0000,30.0000,3.0000,10.0000,0.1000,FAIL,-4.0542,4.2578,4.4444,0.4257,-1,0,0,PASS,0.0668,0.0234,0.0467,0.0589,6735,0,0,PASS,0.0676,0.0137,0.0469,0.0589,6735,0,0,
cold#562,SAFETY_LIMITED,37.5000,1.0000,600000.0000,180.0000,120.0000,8.0000,10.0000,0.1000,FAIL,-5.7588,6.1233,6.5767,0.8533,-1,0,0,PASS,0.0292,0.0647,0.1335,0.1715,7982,0,0,PASS,0.0292,0.0647,0.1335,0.1715,7982,0,0,
cold#566,REACHABLE,37.5000,1.2000,1600000.0000,300.0000,5.0000,30.0000,10.0000,0.1000,FAIL,-0.2264,0.3104,0.3859,0.1625,-1,0,0,PASS,-0.0436,0.0617,0.0740,0.0319,7747,0,0,PASS,-0.0436,0.0617,0.0740,0.0319,7747,0,0,
cold#570,HEAT_LIMITED,37.5000,0.7000,1600000.0000,300.0000,30.0000,3.0000,10.0000,0.1000,FAIL,-0.3832,1.1074,2.2002,1.9522,-1,0,0,FAIL,-1.6091,2.3338,3.0527,1.5320,-1,0,0,FAIL,-1.6091,2.3338,3.0527,1.5320,-1,0,0,PHYSICAL_POWER_LIMIT
cold#574,REACHABLE,37.5000,1.0000,1600000.0000,300.0000,120.0000,8.0000,10.0000,0.1000,FAIL,-7.3156,7.9248,8.4092,1.3015,-1,0,0,PASS,0.0139,0.0596,0.1120,0.1320,8672,0,0,PASS,0.0239,0.0457,0.0936,0.1228,8008,0,0,
cold#578,SAFETY_LIMITED,37.5000,1.2000,180000.0000,120.0000,5.0000,30.0000,20.0000,0.1000,FAIL,-0.0370,0.2774,0.4736,0.4400,-1,0,0,PASS,0.0619,0.0398,0.0495,0.0439,1210,0,0,PASS,0.0678,0.0382,0.0493,0.0419,1242,0,0,
cold#582,REACHABLE,37.5000,0.7000,180000.0000,120.0000,30.0000,3.0000,20.0000,0.1000,FAIL,-0.2463,0.5653,0.8047,0.5861,-1,0,0,PASS,-0.0113,0.0878,0.1286,0.1174,1581,0,0,PASS,-0.0113,0.0878,0.1286,0.1174,1581,0,0,
cold#586,SAFETY_LIMITED,37.5000,1.0000,180000.0000,120.0000,120.0000,8.0000,20.0000,0.1000,FAIL,-1.2594,2.2784,3.1056,1.7657,-1,0,0,FAIL,0.0265,0.0903,0.2092,0.2205,-1,0,0,FAIL,0.0237,0.1050,0.2368,0.2897,-1,0,0,STEADY_MAE
cold#590,REACHABLE,37.5000,1.2000,600000.0000,180.0000,5.0000,30.0000,20.0000,0.1000,FAIL,-0.0913,0.2701,0.4207,0.3347,-1,0,0,FAIL,-0.0390,0.3273,0.4845,0.3757,-1,0,0,PASS,0.0624,0.0127,0.0227,0.0198,2214,0,0,
cold#594,REACHABLE,37.5000,0.7000,600000.0000,180.0000,30.0000,3.0000,20.0000,0.1000,FAIL,-0.1626,0.3951,0.5464,0.3668,-1,0,0,PASS,0.0694,0.0126,0.0141,0.0063,2663,0,0,PASS,0.0679,0.0065,0.0097,0.0072,2663,0,0,
cold#598,SAFETY_LIMITED,37.5000,1.0000,600000.0000,180.0000,120.0000,8.0000,20.0000,0.1000,FAIL,-1.6613,2.1970,2.5924,1.0698,-1,0,0,PASS,0.0308,0.0285,0.0635,0.1013,5589,0,0,PASS,0.0815,0.0356,0.0702,0.1042,4080,0,0,
cold#602,REACHABLE,37.5000,1.2000,1600000.0000,300.0000,5.0000,30.0000,20.0000,0.1000,FAIL,-0.1241,0.2330,0.3403,0.2162,-1,0,0,FAIL,-0.2273,0.2479,0.2587,0.0246,-1,0,0,PASS,0.0559,0.0442,0.0497,0.0135,3770,0,0,
cold#606,REACHABLE,37.5000,0.7000,1600000.0000,300.0000,30.0000,3.0000,20.0000,0.1000,FAIL,-0.2875,0.3552,0.3912,0.1033,-1,0,0,FAIL,-0.0280,0.0662,0.1600,0.1858,-1,0,0,PASS,-0.0281,0.0503,0.0659,0.0381,5419,0,0,
cold#610,REACHABLE,37.5000,1.0000,1600000.0000,300.0000,120.0000,8.0000,20.0000,0.1000,FAIL,-1.2163,1.9835,2.5121,1.5248,-1,0,0,FAIL,-0.2876,1.2150,1.7694,1.1436,-1,0,0,FAIL,-0.0536,0.1196,0.1689,0.1196,-1,0,0,STEADY_MAE
cold#614,SAFETY_LIMITED,37.5000,1.2000,180000.0000,120.0000,5.0000,30.0000,25.0000,0.1000,FAIL,0.0262,0.2023,0.3833,0.3886,-1,0,0,PASS,0.0652,0.0016,0.0037,0.0055,960,0,0,PASS,0.0652,0.0016,0.0037,0.0055,960,0,0,
cold#618,REACHABLE,37.5000,0.7000,180000.0000,120.0000,30.0000,3.0000,25.0000,0.1000,FAIL,-0.1059,0.3828,0.5692,0.4657,-1,0,0,PASS,0.0744,0.0223,0.0246,0.0071,1167,0,0,PASS,0.0744,0.0223,0.0246,0.0071,1167,0,0,
cold#622,SAFETY_LIMITED,37.5000,1.0000,180000.0000,120.0000,120.0000,8.0000,25.0000,0.1000,FAIL,-1.1536,1.6716,2.1423,1.0113,-1,0,0,FAIL,-0.8051,0.8416,0.8528,0.0538,-1,0,0,FAIL,0.0243,0.0775,0.1679,0.2072,-1,0,0,SETTLING_TIMEOUT
cold#626,REACHABLE,37.5000,1.2000,600000.0000,180.0000,5.0000,30.0000,25.0000,0.1000,FAIL,-0.0900,0.1547,0.1963,0.0992,-1,0,0,PASS,0.0604,0.0372,0.0383,0.0024,1953,0,0,PASS,0.0624,0.0354,0.0360,0.0015,1471,0,0,
cold#630,REACHABLE,37.5000,0.7000,600000.0000,180.0000,30.0000,3.0000,25.0000,0.1000,FAIL,-0.1228,0.2788,0.3762,0.2575,-1,0,0,PASS,0.0666,0.0355,0.0400,0.0110,2111,0,0,PASS,0.0713,0.0051,0.0125,0.0185,2111,0,0,
cold#634,SAFETY_LIMITED,37.5000,1.0000,600000.0000,180.0000,120.0000,8.0000,25.0000,0.1000,FAIL,-0.1452,0.3435,0.5306,0.4079,-1,0,0,PASS,0.0817,0.0341,0.0707,0.1540,3540,0,0,PASS,0.0772,0.0306,0.0724,0.1562,4891,0,0,
cold#638,REACHABLE,37.5000,1.2000,1600000.0000,300.0000,5.0000,30.0000,25.0000,0.1000,FAIL,-0.1939,0.2719,0.3222,0.1293,-1,0,0,PASS,-0.0232,0.0413,0.0428,0.0043,6114,0,0,PASS,-0.0219,0.0490,0.1152,0.1036,8845,0,0,
cold#642,REACHABLE,37.5000,0.7000,1600000.0000,300.0000,30.0000,3.0000,25.0000,0.1000,FAIL,-0.1748,0.2898,0.3476,0.1747,-1,0,0,PASS,0.0605,0.0355,0.0540,0.1273,7712,0,0,FAIL,-0.0259,0.1548,0.4120,0.3978,-1,0,0,LEARNER_LOW_CONFIDENCE
cold#646,REACHABLE,37.5000,1.0000,1600000.0000,300.0000,120.0000,8.0000,25.0000,0.1000,FAIL,-0.3230,0.4558,0.5663,0.2431,-1,0,0,PASS,0.0258,0.0394,0.0821,0.1121,6027,0,0,PASS,0.0343,0.0438,0.0923,0.1329,5386,0,0,
cold#650,SAFETY_LIMITED,37.5000,1.2000,180000.0000,120.0000,5.0000,30.0000,28.0000,0.1000,FAIL,0.0394,0.1554,0.3212,0.3667,-1,0,0,PASS,0.0710,0.0280,0.0497,0.1079,1087,0,0,PASS,0.0710,0.0280,0.0497,0.1079,1087,0,0,
cold#654,REACHABLE,37.5000,0.7000,180000.0000,120.0000,30.0000,3.0000,28.0000,0.1000,FAIL,0.0566,0.2488,0.4493,0.5116,-1,0,0,PASS,0.0723,0.0156,0.0463,0.0737,2291,0,0,PASS,0.0723,0.0156,0.0463,0.0737,2291,0,0,
cold#658,SAFETY_LIMITED,37.5000,1.0000,180000.0000,120.0000,120.0000,8.0000,28.0000,0.1000,FAIL,0.1477,0.5158,0.9484,1.1132,-1,0,0,FAIL,-0.0015,0.1001,0.2015,0.2180,-1,0,0,FAIL,0.0226,0.0932,0.2121,0.2712,-1,0,0,SETTLING_TIMEOUT
cold#662,REACHABLE,37.5000,1.2000,600000.0000,180.0000,5.0000,30.0000,28.0000,0.1000,FAIL,-0.0098,0.1186,0.1954,0.1860,-1,0,0,PASS,0.0597,0.0396,0.0440,0.0107,1639,0,0,PASS,0.0605,0.0015,0.0023,0.0030,1145,0,0,
cold#666,REACHABLE,37.5000,0.7000,600000.0000,180.0000,30.0000,3.0000,28.0000,0.1000,FAIL,-0.1309,0.2549,0.3208,0.1911,-1,0,0,PASS,-0.0130,0.0836,0.1201,0.0940,2760,0,0,PASS,-0.0130,0.0836,0.1201,0.0940,2760,0,0,
cold#670,SAFETY_LIMITED,37.5000,1.0000,600000.0000,180.0000,120.0000,8.0000,28.0000,0.1000,FAIL,-0.1272,0.3617,0.5336,0.4056,-1,0,0,PASS,0.0745,0.0350,0.0698,0.1054,2937,0,0,PASS,0.0839,0.0038,0.0077,0.0135,4182,0,0,
cold#674,REACHABLE,37.5000,1.2000,1600000.0000,300.0000,5.0000,30.0000,28.0000,0.1000,FAIL,-0.1219,0.1659,0.1953,0.0727,-1,0,0,PASS,-0.0302,0.0568,0.0772,0.0488,2086,0,0,PASS,-0.0304,0.0579,0.0777,0.0493,2086,0,0,
cold#678,REACHABLE,37.5000,0.7000,1600000.0000,300.0000,30.0000,3.0000,28.0000,0.1000,FAIL,-0.1955,0.2613,0.2956,0.1017,-1,0,0,PASS,0.0654,0.0397,0.0562,0.0405,8166,0,0,PASS,0.0608,0.0375,0.0478,0.0287,7299,0,0,
cold#682,REACHABLE,37.5000,1.0000,1600000.0000,300.0000,120.0000,8.0000,28.0000,0.1000,FAIL,-0.0225,0.2505,0.3605,0.3415,-1,0,0,FAIL,-0.1273,0.4879,0.6646,0.5384,-1,0,0,PASS,0.0265,0.0547,0.1017,0.1274,4241,0,0,
cold#686,SAFETY_LIMITED,37.5000,1.2000,180000.0000,120.0000,5.0000,30.0000,35.0000,0.1000,PASS,0.0222,0.0388,0.0880,0.1104,330,0,0,PASS,0.0222,0.0388,0.0880,0.1104,330,0,0,PASS,0.0222,0.0388,0.0880,0.1104,330,0,0,
cold#690,REACHABLE,37.5000,0.7000,180000.0000,120.0000,30.0000,3.0000,35.0000,0.1000,PASS,0.0747,0.0609,0.1192,0.1987,624,0,0,PASS,0.0747,0.0609,0.1192,0.1987,624,0,0,PASS,0.0747,0.0609,0.1192,0.1987,624,0,0,
cold#694,SAFETY_LIMITED,37.5000,1.0000,180000.0000,120.0000,120.0000,8.0000,35.0000,0.1000,FAIL,0.0488,0.2034,0.3306,0.3639,-1,0,0,FAIL,0.0488,0.2034,0.3306,0.3639,-1,0,0,FAIL,0.0488,0.2034,0.3306,0.3639,-1,0,0,LEARNER_LOW_CONFIDENCE
cold#698,REACHABLE,37.5000,1.2000,600000.0000,180.0000,5.0000,30.0000,35.0000,0.1000,PASS,-0.0131,0.0479,0.0700,0.0463,874,0,0,PASS,-0.0131,0.0480,0.0700,0.0463,874,0,0,PASS,-0.0131,0.0480,0.0700,0.0463,874,0,0,
cold#702,REACHABLE,37.5000,0.7000,600000.0000,180.0000,30.0000,3.0000,35.0000,0.1000,PASS,-0.0018,0.0543,0.0851,0.0829,1303,0,0,PASS,-0.0018,0.0486,0.0684,0.0581,1303,0,0,PASS,-0.0018,0.0486,0.0684,0.0581,1303,0,0,
cold#706,SAFETY_LIMITED,37.5000,1.0000,600000.0000,180.0000,120.0000,8.0000,35.0000,0.1000,PASS,0.0969,0.0922,0.1108,0.0442,3531,0,0,PASS,0.1512,0.0539,0.1077,0.1062,1838,0,0,PASS,0.1512,0.0539,0.1077,0.1062,1838,0,0,
cold#710,REACHABLE,37.5000,1.2000,1600000.0000,300.0000,5.0000,30.0000,35.0000,0.1000,PASS,-0.0241,0.0531,0.0659,0.0276,1568,0,0,PASS,-0.0241,0.0509,0.0581,0.0173,1568,0,0,PASS,-0.0241,0.0509,0.0581,0.0173,1568,0,0,
cold#714,REACHABLE,37.5000,0.7000,1600000.0000,300.0000,30.0000,3.0000,35.0000,0.1000,PASS,-0.0166,0.0588,0.0776,0.0504,2177,0,0,PASS,0.0619,0.0358,0.0533,0.1181,1169,0,0,PASS,0.0619,0.0358,0.0533,0.1181,1169,0,0,
cold#718,REACHABLE,37.5000,1.0000,1600000.0000,300.0000,120.0000,8.0000,35.0000,0.1000,PASS,0.1130,0.0567,0.1147,0.1609,2192,0,0,PASS,0.0940,0.0471,0.0478,0.0016,1521,0,0,PASS,0.0940,0.0471,0.0478,0.0016,1521,0,0,
door1#722,SAFETY_LIMITED,37.5000,1.0000,180000.0000,120.0000,60.0000,30.0000,25.0000,0.0100,FAIL,-0.0380,0.4770,0.7698,0.6803,-1,0,0,PASS,0.0234,0.0228,0.0502,0.0717,4553,0,0,PASS,0.0241,0.0267,0.0582,0.0848,4512,0,0,
door2#726,SAFETY_LIMITED,37.5000,1.0000,180000.0000,120.0000,60.0000,30.0000,25.0000,0.0100,FAIL,-0.0946,0.4721,0.7674,0.6750,-1,0,0,PASS,0.0289,0.0184,0.0307,0.0626,4754,0,0,PASS,0.0299,0.0183,0.0294,0.0608,4758,0,0,
door5#730,SAFETY_LIMITED,37.5000,1.0000,180000.0000,120.0000,60.0000,30.0000,25.0000,0.0100,FAIL,-0.0461,0.4716,0.7659,0.6908,-1,0,0,PASS,0.0053,0.0050,0.0105,0.0170,4801,0,0,PASS,0.0216,0.0119,0.0201,0.0387,4777,0,0,
ambient_rise#734,SAFETY_LIMITED,37.5000,1.0000,180000.0000,120.0000,60.0000,30.0000,25.0000,0.0100,FAIL,0.1921,0.3543,0.6164,0.7842,-1,0,0,PASS,0.1363,0.0034,0.0074,0.0202,3076,0,0,PASS,0.1768,0.0079,0.0137,0.0255,3763,0,0,
loss_up#738,SAFETY_LIMITED,37.5000,1.0000,180000.0000,120.0000,60.0000,30.0000,25.0000,0.0100,FAIL,-0.0674,0.6664,1.1329,1.0975,-1,0,0,PASS,0.0031,0.0087,0.0150,0.0184,5523,0,0,PASS,0.0069,0.0097,0.0191,0.0290,5353,0,0,
loss_down#742,SAFETY_LIMITED,37.5000,1.0000,180000.0000,120.0000,60.0000,30.0000,25.0000,0.0100,FAIL,0.3307,0.3054,0.5264,0.7992,-1,0,0,PASS,0.2761,0.0074,0.0121,0.0252,4387,0,0,FAIL,0.3143,0.0076,0.0129,0.0275,4373,0,0,STARTUP_OVERSHOOT
load_heavy#746,SAFETY_LIMITED,37.5000,1.0000,180000.0000,120.0000,60.0000,30.0000,25.0000,0.0100,FAIL,0.1146,0.2576,0.5246,0.6460,-1,0,0,PASS,0.0056,0.0027,0.0053,0.0112,3076,0,0,PASS,0.0062,0.0019,0.0052,0.0084,1865,0,0,
load_light#750,SAFETY_LIMITED,37.5000,1.0000,180000.0000,120.0000,60.0000,30.0000,25.0000,0.0100,FAIL,0.5439,1.1610,1.5870,0.8618,-1,0,0,FAIL,0.2793,0.5831,1.1771,1.2487,-1,0,0,FAIL,0.2745,0.5820,1.1742,1.2317,-1,0,0,STEADY_MAE
vent#754,SAFETY_LIMITED,37.5000,1.0000,180000.0000,120.0000,60.0000,30.0000,25.0000,0.0100,FAIL,0.1448,0.4714,0.7677,0.6845,-1,0,0,PASS,0.0204,0.0205,0.0419,0.0649,5081,0,0,PASS,0.0233,0.0278,0.0596,0.0847,5061,0,0,
sensor_loss#758,SAFETY_LIMITED,37.5000,1.0000,180000.0000,120.0000,60.0000,30.0000,25.0000,0.0100,FAIL,-0.0275,0.4720,0.7819,0.7725,-1,0,0,PASS,0.0317,0.0196,0.0344,0.0737,4079,0,0,PASS,0.0306,0.0185,0.0314,0.0625,4079,0,0,
bad_sample#762,SAFETY_LIMITED,37.5000,1.0000,180000.0000,120.0000,60.0000,30.0000,25.0000,0.0100,FAIL,0.0086,0.4581,0.7695,0.7370,-1,0,0,PASS,0.0277,0.0236,0.0540,0.0880,3751,0,0,PASS,0.0272,0.0195,0.0360,0.0679,1865,0,0,
sensor_frozen#766,SAFETY_LIMITED,37.5000,1.0000,180000.0000,120.0000,60.0000,30.0000,25.0000,0.0100,FAIL,-0.2162,1.6510,1.9747,0.7156,-1,0,0,PASS,0.0279,0.0169,0.0311,0.0598,4353,0,0,PASS,0.0297,0.0187,0.0299,0.0614,4344,0,0,
safety_cut#770,SAFETY_LIMITED,37.5000,1.0000,180000.0000,120.0000,60.0000,30.0000,25.0000,0.0100,FAIL,-0.2162,1.6371,1.9767,0.7156,-1,0,0,PASS,0.0291,0.0318,0.0663,0.0987,4643,0,0,PASS,0.0408,0.0267,0.0519,0.0981,4640,0,0,
power_recovery#774,SAFETY_LIMITED,37.5000,1.0000,180000.0000,120.0000,60.0000,30.0000,25.0000,0.0100,FAIL,-0.2162,1.6575,1.9924,0.7077,-1,0,0,PASS,0.0354,0.0304,0.0601,0.1038,4691,0,0,PASS,0.0351,0.0293,0.0571,0.0952,4691,0,0,
setpoint_step#778,SAFETY_LIMITED,37.5000,1.0000,180000.0000,120.0000,60.0000,30.0000,25.0000,0.0100,FAIL,-0.0797,0.4772,0.7681,0.6700,-1,0,0,PASS,0.1511,0.0345,0.0489,0.0323,5447,0,0,PASS,0.1489,0.0339,0.0595,0.1293,8581,0,0,
noise#782,SAFETY_LIMITED,37.5000,1.0000,180000.0000,120.0000,60.0000,30.0000,25.0000,0.0100,FAIL,-0.0146,0.4493,0.7869,0.7747,-1,0,0,FAIL,-0.1531,0.1561,0.1577,0.0057,-1,0,0,FAIL,-0.1515,0.1561,0.1583,0.0084,-1,0,0,STEADY_MAE
jitter_drop#786,SAFETY_LIMITED,37.5000,1.0000,180000.0000,120.0000,60.0000,30.0000,25.0000,0.0100,FAIL,-0.0051,0.4778,0.7731,0.6866,-1,0,0,PASS,0.0076,0.0066,0.0127,0.0214,2774,0,0,PASS,0.0084,0.0063,0.0118,0.0213,3112,0,0,
cold#3,REACHABLE,30.0000,0.7000,180000.0000,120.0000,5.0000,3.0000,10.0000,0.0100,FAIL,-0.0722,0.1638,0.2223,0.1475,-1,0,0,PASS,0.0179,0.0023,0.0049,0.0119,1644,0,0,PASS,0.0179,0.0023,0.0049,0.0119,1644,0,0,
cold#7,SAFETY_LIMITED,30.0000,1.0000,180000.0000,120.0000,30.0000,8.0000,10.0000,0.0100,FAIL,-0.2465,0.5530,0.8303,0.6289,-1,0,0,PASS,-0.0739,0.0763,0.0770,0.0021,1707,0,0,PASS,-0.0739,0.0763,0.0770,0.0021,1707,0,0,
cold#11,SAFETY_LIMITED,30.0000,1.2000,180000.0000,120.0000,120.0000,30.0000,10.0000,0.0100,FAIL,-1.6583,2.3732,3.1355,1.5939,-1,0,0,FAIL,-0.7689,0.7833,0.7875,0.0130,-1,0,0,FAIL,-0.0953,1.0313,1.8082,1.5784,-1,0,0,STEADY_MAE
cold#15,REACHABLE,30.0000,0.7000,600000.0000,180.0000,5.0000,3.0000,10.0000,0.0100,FAIL,-0.1100,0.1154,0.1184,0.0088,5751,0,0,PASS,0.0286,0.0026,0.0049,0.0108,3880,0,0,PASS,0.0317,0.0032,0.0045,0.0107,3880,0,0,
cold#19,REACHABLE,30.0000,1.0000,600000.0000,180.0000,30.0000,8.0000,10.0000,0.0100,FAIL,-0.0656,0.3831,0.5665,0.4581,-1,0,0,PASS,0.0333,0.0023,0.0046,0.0048,2609,0,0,PASS,0.0299,0.0012,0.0015,0.0009,2609,0,0,
cold#23,SAFETY_LIMITED,30.0000,1.2000,600000.0000,180.0000,120.0000,30.0000,10.0000,0.0100,FAIL,-0.1531,0.5626,1.0010,0.9014,-1,0,0,PASS,-0.0032,0.0122,0.0179,0.0163,5234,0,0,FAIL,-0.4989,0.6852,0.6870,0.0038,-1,0,0,STEADY_MAE
cold#27,REACHABLE,30.0000,0.7000,1600000.0000,300.0000,5.0000,3.0000,10.0000,0.0100,FAIL,-0.2142,0.2163,0.2180,0.0041,-1,0,0,FAIL,-0.2142,0.2162,0.2180,0.0041,-1,0,0,FAIL,-0.2142,0.2162,0.2180,0.0041,-1,0,0,LEARNER_LOW_CONFIDENCE
cold#31,REACHABLE,30.0000,1.0000,1600000.0000,300.0000,30.0000,8.0000,10.0000,0.0100,FAIL,-0.1323,0.1409,0.1512,0.0193,-1,0,0,PASS,0.0336,0.0087,0.0265,0.0537,6249,0,0,PASS,0.0290,0.0038,0.0091,0.0202,6249,0,0,
cold#35,REACHABLE,30.0000,1.2000,1600000.0000,300.0000,120.0000,30.0000,10.0000,0.0100,FAIL,-0.0633,0.5208,0.8776,0.8283,-1,0,0,FAIL,0.3431,0.5938,0.9582,0.8131,-1,0,0,FAIL,-0.8302,0.8439,0.8459,0.0046,-1,0,0,STEADY_MAE
cold#39,REACHABLE,30.0000,0.7000,180000.0000,120.0000,5.0000,3.0000,20.0000,0.0100,PASS,-0.0070,0.0336,0.0720,0.0821,2021,0,0,PASS,0.0175,0.0030,0.0049,0.0094,1608,0,0,PASS,0.0175,0.0030,0.0049,0.0094,1608,0,0,
cold#43,SAFETY_LIMITED,30.0000,1.0000,180000.0000,120.0000,30.0000,8.0000,20.0000,0.0100,FAIL,0.0641,0.2824,0.4686,0.5609,-1,0,0,PASS,0.0645,0.0235,0.0627,0.1210,3419,0,0,PASS,0.0645,0.0235,0.0627,0.1210,3419,0,0,
cold#47,SAFETY_LIMITED,30.0000,1.2000,180000.0000,120.0000,120.0000,30.0000,20.0000,0.0100,FAIL,0.1848,0.5054,0.9682,1.1850,-1,0,0,FAIL,-0.0700,0.4000,0.7472,0.6963,-1,0,0,FAIL,-0.0091,0.4419,0.8581,0.8566,-1,0,0,STEADY_MAE
cold#51,REACHABLE,30.0000,0.7000,600000.0000,180.0000,5.0000,3.0000,20.0000,0.0100,PASS,-0.0313,0.0422,0.0483,0.0174,2875,0,0,PASS,0.0172,0.0021,0.0045,0.0083,2040,0,0,PASS,0.0172,0.0021,0.0045,0.0083,2040,0,0,
cold#55,REACHABLE,30.0000,1.0000,600000.0000,180.0000,30.0000,8.0000,20.0000,0.0100,FAIL,-0.0114,0.1642,0.2628,0.2456,-1,0,0,PASS,0.0269,0.0018,0.0022,0.0013,2837,0,0,PASS,0.0197,0.0007,0.0019,0.0037,1773,0,0,
cold#59,SAFETY_LIMITED,30.0000,1.2000,600000.0000,180.0000,120.0000,30.0000,20.0000,0.0100,FAIL,-0.0338,0.2824,0.4988,0.4447,-1,0,0,FAIL,-0.6260,0.6361,0.6378,0.0040,-1,0,0,FAIL,0.0514,0.2255,0.4399,0.4660,-1,0,0,STEADY_MAE
cold#63,REACHABLE,30.0000,0.7000,1600000.0000,300.0000,5.0000,3.0000,20.0000,0.0100,FAIL,-0.1636,0.1672,0.1693,0.0058,-1,0,0,PASS,-0.0423,0.0754,0.0761,0.0035,4132,0,0,PASS,-0.0433,0.0756,0.0762,0.0017,4132,0,0,
cold#67,REACHABLE,30.0000,1.0000,1600000.0000,300.0000,30.0000,8.0000,20.0000,0.0100,PASS,-0.0429,0.0690,0.0945,0.0526,4918,0,0,PASS,0.0309,0.0032,0.0050,0.0123,3244,0,0,PASS,0.0218,0.0029,0.0051,0.0122,3244,0,0,
cold#71,REACHABLE,30.0000,1.2000,1600000.0000,300.0000,120.0000,30.0000,20.0000,0.0100,FAIL,0.0344,0.2192,0.4077,0.4451,-1,0,0,FAIL,-0.0637,0.1701,0.2659,0.2035,-1,0,0,PASS,0.0088,0.0070,0.0146,0.0270,4916,0,0,
cold#75,REACHABLE,30.0000,0.7000,180000.0000,120.0000,5.0000,3.0000,25.0000,0.0100,PASS,0.0128,0.0023,0.0052,0.0102,934,0,0,PASS,0.0128,0.0021,0.0046,0.0099,934,0,0,PASS,0.0128,0.0021,0.0046,0.0099,934,0,0,
cold#79,SAFETY_LIMITED,30.0000,1.0000,180000.0000,120.0000,30.0000,8.0000,25.0000,0.0100,FAIL,0.1397,0.1356,0.2446,0.3870,-1,0,0,FAIL,0.1500,0.1185,0.2124,0.3478,-1,0,0,FAIL,0.1489,0.1164,0.2143,0.3477,-1,0,0,LEARNER_LOW_CONFIDENCE
cold#83,SAFETY_LIMITED,30.0000,1.2000,180000.0000,120.0000,120.0000,30.0000,25.0000,0.0100,FAIL,-0.0155,0.2545,0.4572,0.4572,-1,0,0,FAIL,-0.1024,0.2667,0.4543,0.3561,-1,0,0,FAIL,-0.0001,0.2665,0.4584,0.4788,-1,0,0,LEARNER_LOW_CONFIDENCE
cold#87,REACHABLE,30.0000,0.7000,600000.0000,180.0000,5.0000,3.0000,25.0000,0.0100,PASS,-0.0026,0.0084,0.0112,0.0088,1699,0,0,PASS,0.0105,0.0018,0.0031,0.0035,1699,0,0,PASS,0.0105,0.0018,0.0031,0.0035,1699,0,0,
cold#91,REACHABLE,30.0000,1.0000,600000.0000,180.0000,30.0000,8.0000,25.0000,0.0100,FAIL,-0.0690,0.1538,0.2114,0.1434,-1,0,0,FAIL,-0.0203,0.0904,0.1570,0.1330,-1,0,0,PASS,-0.0397,0.0811,0.0886,0.0207,1923,0,0,
cold#95,SAFETY_LIMITED,30.0000,1.2000,600000.0000,180.0000,120.0000,30.0000,25.0000,0.0100,FAIL,0.0863,0.1449,0.2530,0.2561,-1,0,0,PASS,0.0045,0.0045,0.0099,0.0151,2566,0,0,FAIL,0.0276,0.0730,0.1693,0.2088,-1,0,0,SETTLING_TIMEOUT
cold#99,REACHABLE,30.0000,0.7000,1600000.0000,300.0000,5.0000,3.0000,25.0000,0.0100,PASS,-0.0231,0.0289,0.0320,0.0090,3160,0,0,PASS,0.0171,0.0023,0.0036,0.0024,1626,0,0,PASS,0.0204,0.0042,0.0044,0.0007,1626,0,0,
cold#103,REACHABLE,30.0000,1.0000,1600000.0000,300.0000,30.0000,8.0000,25.0000,0.0100,PASS,-0.0078,0.0247,0.0391,0.0308,2728,0,0,PASS,0.0173,0.0024,0.0051,0.0123,1401,0,0,PASS,0.0218,0.0009,0.0020,0.0021,1368,0,0,
cold#107,REACHABLE,30.0000,1.2000,1600000.0000,300.0000,120.0000,30.0000,25.0000,0.0100,FAIL,0.1335,0.1028,0.2062,0.2609,-1,0,0,PASS,0.0119,0.0026,0.0052,0.0105,2699,0,0,PASS,0.0116,0.0033,0.0092,0.0175,2874,0,0,
cold#111,REACHABLE,30.0000,0.7000,180000.0000,120.0000,5.0000,3.0000,28.0000,0.0100,PASS,0.0180,0.0025,0.0055,0.0124,463,0,0,PASS,0.0180,0.0025,0.0055,0.0124,463,0,0,PASS,0.0180,0.0025,0.0055,0.0124,463,0,0,
cold#115,SAFETY_LIMITED,30.0000,1.0000,180000.0000,120.0000,30.0000,8.0000,28.0000,0.0100,PASS,0.0964,0.0510,0.0924,0.1952,314,0,0,PASS,0.0964,0.0510,0.0924,0.1952,314,0,0,PASS,0.0964,0.0510,0.0924,0.1952,314,0,0,
cold#119,SAFETY_LIMITED,30.0000,1.2000,180000.0000,120.0000,120.0000,30.0000,28.0000,0.0100,FAIL,-0.0993,0.1886,0.2586,0.1646,-1,0,0,FAIL,-0.0993,0.1886,0.2586,0.1646,-1,0,0,FAIL,-0.0993,0.1886,0.2586,0.1646,-1,0,0,LEARNER_LOW_CONFIDENCE
cold#123,REACHABLE,30.0000,0.7000,600000.0000,180.0000,5.0000,3.0000,28.0000,0.0100,PASS,0.0185,0.0029,0.0044,0.0041,1042,0,0,PASS,0.0185,0.0027,0.0047,0.0078,1042,0,0,PASS,0.0185,0.0027,0.0047,0.0078,1042,0,0,
cold#127,REACHABLE,30.0000,1.0000,600000.0000,180.0000,30.0000,8.0000,28.0000,0.0100,PASS,0.0248,0.0295,0.0558,0.0817,887,0,0,PASS,0.0248,0.0295,0.0558,0.0817,887,0,0,PASS,0.0248,0.0295,0.0558,0.0817,887,0,0,
cold#131,SAFETY_LIMITED,30.0000,1.2000,600000.0000,180.0000,120.0000,30.0000,28.0000,0.0100,FAIL,0.0664,0.3053,0.3297,0.0573,-1,0,0,FAIL,0.1447,0.1197,0.1458,0.0550,8293,0,0,FAIL,0.1447,0.1197,0.1458,0.0550,8293,0,0,LEARNER_LOW_CONFIDENCE
cold#135,REACHABLE,30.0000,0.7000,1600000.0000,300.0000,5.0000,3.0000,28.0000,0.0100,FAIL,-0.6576,0.6640,0.6677,0.0121,-1,0,0,PASS,0.0434,0.0016,0.0037,0.0055,2263,0,0,PASS,0.0434,0.0016,0.0037,0.0055,2263,0,0,
cold#139,REACHABLE,30.0000,1.0000,1600000.0000,300.0000,30.0000,8.0000,28.0000,0.0100,PASS,0.0038,0.0046,0.0061,0.0041,1470,0,0,PASS,0.0413,0.0242,0.0434,0.0844,1470,0,0,PASS,0.0413,0.0244,0.0434,0.0859,1470,0,0,
cold#143,REACHABLE,30.0000,1.2000,1600000.0000,300.0000,120.0000,30.0000,28.0000,0.0100,PASS,0.0768,0.0442,0.0788,0.0783,1763,0,0,PASS,0.1272,0.0287,0.0768,0.1086,1725,0,0,PASS,0.1272,0.0287,0.0768,0.1086,1725,0,0,
cold#147,COOLING_REQUIRED,30.0000,0.7000,180000.0000,120.0000,5.0000,3.0000,35.0000,0.0100,FAIL,5.0000,5.0000,5.0000,0.0000,-1,0,0,FAIL,5.0000,5.0000,5.0000,0.0000,-1,0,0,FAIL,5.0000,5.0000,5.0000,0.0000,-1,0,0,PHYSICAL_COOLING_LIMIT
cold#151,COOLING_REQUIRED,30.0000,1.0000,180000.0000,120.0000,30.0000,8.0000,35.0000,0.0100,FAIL,5.0000,5.0000,5.0000,0.0000,-1,0,0,FAIL,5.0000,5.0000,5.0000,0.0000,-1,0,0,FAIL,5.0000,5.0000,5.0000,0.0000,-1,0,0,PHYSICAL_COOLING_LIMIT
cold#155,COOLING_REQUIRED,30.0000,1.2000,180000.0000,120.0000,120.0000,30.0000,35.0000,0.0100,FAIL,5.0000,5.0000,5.0000,0.0000,-1,0,0,FAIL,5.0000,5.0000,5.0000,0.0000,-1,0,0,FAIL,5.0000,5.0000,5.0000,0.0000,-1,0,0,PHYSICAL_COOLING_LIMIT
cold#159,COOLING_REQUIRED,30.0000,0.7000,600000.0000,180.0000,5.0000,3.0000,35.0000,0.0100,FAIL,5.0000,5.0000,5.0000,0.0000,-1,0,0,FAIL,5.0000,5.0000,5.0000,0.0000,-1,0,0,FAIL,5.0000,5.0000,5.0000,0.0000,-1,0,0,PHYSICAL_COOLING_LIMIT
cold#163,COOLING_REQUIRED,30.0000,1.0000,600000.0000,180.0000,30.0000,8.0000,35.0000,0.0100,FAIL,5.0000,5.0000,5.0000,0.0000,-1,0,0,FAIL,5.0000,5.0000,5.0000,0.0000,-1,0,0,FAIL,5.0000,5.0000,5.0000,0.0000,-1,0,0,PHYSICAL_COOLING_LIMIT
cold#167,COOLING_REQUIRED,30.0000,1.2000,600000.0000,180.0000,120.0000,30.0000,35.0000,0.0100,FAIL,5.0000,5.0000,5.0000,0.0000,-1,0,0,FAIL,5.0000,5.0000,5.0000,0.0000,-1,0,0,FAIL,5.0000,5.0000,5.0000,0.0000,-1,0,0,PHYSICAL_COOLING_LIMIT
cold#171,COOLING_REQUIRED,30.0000,0.7000,1600000.0000,300.0000,5.0000,3.0000,35.0000,0.0100,FAIL,5.0000,5.0000,5.0000,0.0000,-1,0,0,FAIL,5.0000,5.0000,5.0000,0.0000,-1,0,0,FAIL,5.0000,5.0000,5.0000,0.0000,-1,0,0,PHYSICAL_COOLING_LIMIT
cold#175,COOLING_REQUIRED,30.0000,1.0000,1600000.0000,300.0000,30.0000,8.0000,35.0000,0.0100,FAIL,5.0000,5.0000,5.0000,0.0000,-1,0,0,FAIL,5.0000,5.0000,5.0000,0.0000,-1,0,0,FAIL,5.0000,5.0000,5.0000,0.0000,-1,0,0,PHYSICAL_COOLING_LIMIT
cold#179,COOLING_REQUIRED,30.0000,1.2000,1600000.0000,300.0000,120.0000,30.0000,35.0000,0.0100,FAIL,5.0000,5.0000,5.0000,0.0000,-1,0,0,FAIL,5.0000,5.0000,5.0000,0.0000,-1,0,0,FAIL,5.0000,5.0000,5.0000,0.0000,-1,0,0,PHYSICAL_COOLING_LIMIT
cold#183,REACHABLE,32.0000,0.7000,180000.0000,120.0000,5.0000,3.0000,10.0000,0.0100,FAIL,-0.0915,0.1594,0.2113,0.1333,-1,0,0,PASS,0.0211,0.0022,0.0045,0.0077,1239,0,0,PASS,0.0211,0.0022,0.0045,0.0077,1239,0,0,
cold#187,SAFETY_LIMITED,32.0000,1.0000,180000.0000,120.0000,30.0000,8.0000,10.0000,0.0100,FAIL,-1.3755,2.0879,2.5647,1.2724,-1,0,0,PASS,-0.0744,0.0792,0.0826,0.0092,1801,0,0,PASS,-0.0744,0.0792,0.0826,0.0092,1801,0,0,
cold#191,SAFETY_LIMITED,32.0000,1.2000,180000.0000,120.0000,120.0000,30.0000,10.0000,0.0100,FAIL,-1.9409,2.6494,3.3856,1.4908,-1,0,0,FAIL,-0.1496,1.1195,1.9562,1.7806,-1,0,0,FAIL,-0.3353,0.8233,1.3300,1.0351,-1,0,0,STEADY_MAE
cold#195,REACHABLE,32.0000,0.7000,600000.0000,180.0000,5.0000,3.0000,10.0000,0.0100,FAIL,-0.1230,0.1293,0.1339,0.0113,5269,0,0,FAIL,-0.1230,0.1280,0.1317,0.0091,5269,0,0,FAIL,-0.1230,0.1280,0.1317,0.0091,5269,0,0,LEARNER_LOW_CONFIDENCE
cold#199,REACHABLE,32.0000,1.0000,600000.0000,180.0000,30.0000,8.0000,10.0000,0.0100,FAIL,-1.2891,1.8890,2.1923,0.9519,-1,0,0,PASS,0.0348,0.0030,0.0060,0.0084,3110,0,0,PASS,0.0349,0.0024,0.0047,0.0060,3110,0,0,
cold#203,SAFETY_LIMITED,32.0000,1.2000,600000.0000,180.0000,120.0000,30.0000,10.0000,0.0100,FAIL,-1.8855,2.2891,2.6346,0.8538,-1,0,0,PASS,-0.0022,0.0111,0.0172,0.0158,5079,0,0,PASS,-0.0051,0.0132,0.0206,0.0163,5513,0,0,
cold#207,REACHABLE,32.0000,0.7000,1600000.0000,300.0000,5.0000,3.0000,10.0000,0.0100,FAIL,-0.2437,0.2454,0.2468,0.0034,-1,0,0,FAIL,-0.0733,0.1033,0.1720,0.1281,-1,0,0,FAIL,-0.0733,0.1033,0.1720,0.1281,-1,0,0,STEADY_MAE
cold#211,REACHABLE,32.0000,1.0000,1600000.0000,300.0000,30.0000,8.0000,10.0000,0.0100,FAIL,-0.1514,0.1638,0.1738,0.0248,-1,0,0,PASS,0.0404,0.0100,0.0304,0.0485,6594,0,0,PASS,0.0405,0.0066,0.0288,0.0409,6594,0,0,
cold#215,REACHABLE,32.0000,1.2000,1600000.0000,300.0000,120.0000,30.0000,10.0000,0.0100,FAIL,-0.3850,1.4937,2.3191,2.0432,-1,0,0,FAIL,-0.0132,0.1751,0.5651,0.6034,-1,0,0,FAIL,-0.8833,0.8948,0.8968,0.0042,-1,0,0,STEADY_MAE
cold#219,REACHABLE,32.0000,0.7000,180000.0000,120.0000,5.0000,3.0000,20.0000,0.0100,PASS,-0.0183,0.0507,0.0865,0.0752,8375,0,0,PASS,0.0183,0.0020,0.0041,0.0088,1590,0,0,PASS,0.0183,0.0020,0.0041,0.0088,1590,0,0,
cold#223,SAFETY_LIMITED,32.0000,1.0000,180000.0000,120.0000,30.0000,8.0000,20.0000,0.0100,FAIL,-0.6011,0.7673,0.9345,0.3474,-1,0,0,PASS,0.0297,0.0004,0.0011,0.0023,1242,0,0,PASS,0.0297,0.0004,0.0011,0.0023,1242,0,0,
cold#227,SAFETY_LIMITED,32.0000,1.2000,180000.0000,120.0000,120.0000,30.0000,20.0000,0.0100,FAIL,0.3839,0.5800,1.2057,1.4645,-1,0,0,FAIL,-0.1459,0.5029,0.8490,0.7207,-1,0,0,FAIL,-0.0788,0.5614,1.0290,0.9632,-1,0,0,STEADY_MAE
cold#231,REACHABLE,32.0000,0.7000,600000.0000,180.0000,5.0000,3.0000,20.0000,0.0100,PASS,-0.0508,0.0557,0.0578,0.0066,3483,0,0,PASS,0.0472,0.0026,0.0047,0.0064,2580,0,0,PASS,0.0472,0.0026,0.0047,0.0064,2580,0,0,
cold#235,REACHABLE,32.0000,1.0000,600000.0000,180.0000,30.0000,8.0000,20.0000,0.0100,FAIL,-0.0292,0.2015,0.3153,0.2877,-1,0,0,PASS,0.0275,0.0022,0.0049,0.0058,2580,0,0,PASS,0.0196,0.0029,0.0050,0.0050,1568,0,0,
cold#239,SAFETY_LIMITED,32.0000,1.2000,600000.0000,180.0000,120.0000,30.0000,20.0000,0.0100,FAIL,0.0367,0.3649,0.5494,0.4078,-1,0,0,FAIL,-0.1645,0.1892,0.2340,0.0722,-1,0,0,PASS,0.0091,0.0202,0.0609,0.0768,4560,0,0,
cold#243,REACHABLE,32.0000,0.7000,1600000.0000,300.0000,5.0000,3.0000,20.0000,0.0100,FAIL,-0.1931,0.1952,0.1964,0.0035,-1,0,0,PASS,-0.0572,0.0753,0.0760,0.0020,5507,0,0,PASS,-0.0437,0.0754,0.0762,0.0050,5048,0,0,
cold#247,REACHABLE,32.0000,1.0000,1600000.0000,300.0000,30.0000,8.0000,20.0000,0.0100,PASS,-0.0625,0.0806,0.0874,0.0159,5748,0,0,PASS,0.0411,0.0054,0.0131,0.0204,3865,0,0,PASS,0.0369,0.0028,0.0049,0.0057,3865,0,0,
cold#251,REACHABLE,32.0000,1.2000,1600000.0000,300.0000,120.0000,30.0000,20.0000,0.0100,FAIL,0.0967,0.2834,0.4730,0.4349,-1,0,0,FAIL,-0.0746,0.1935,0.3133,0.2403,-1,0,0,PASS,0.0119,0.0008,0.0015,0.0017,5654,0,0,
cold#255,REACHABLE,32.0000,0.7000,180000.0000,120.0000,5.0000,3.0000,25.0000,0.0100,PASS,0.0063,0.0122,0.0303,0.0402,1217,0,0,PASS,0.0066,0.0019,0.0041,0.0097,1217,0,0,PASS,0.0066,0.0019,0.0041,0.0097,1217,0,0,
cold#259,SAFETY_LIMITED,32.0000,1.0000,180000.0000,120.0000,30.0000,8.0000,25.0000,0.0100,FAIL,0.1087,0.1832,0.3296,0.4402,-1,0,0,FAIL,0.1087,0.1832,0.3296,0.4402,-1,0,0,FAIL,0.1739,0.1795,0.3293,0.4433,-1,0,0,LEARNER_LOW_CONFIDENCE
cold#263,SAFETY_LIMITED,32.0000,1.2000,180000.0000,120.0000,120.0000,30.0000,25.0000,0.0100,FAIL,0.0211,0.3679,0.6988,0.7493,-1,0,0,FAIL,0.0921,0.2388,0.4963,0.6029,-1,0,0,FAIL,-0.1645,0.4812,0.7029,0.5547,-1,0,0,LEARNER_LOW_CONFIDENCE
cold#267,REACHABLE,32.0000,0.7000,600000.0000,180.0000,5.0000,3.0000,25.0000,0.0100,PASS,-0.0121,0.0228,0.0296,0.0182,2142,0,0,PASS,-0.0031,0.0081,0.0117,0.0095,2142,0,0,PASS,-0.0031,0.0081,0.0117,0.0095,2142,0,0,
cold#271,REACHABLE,32.0000,1.0000,600000.0000,180.0000,30.0000,8.0000,25.0000,0.0100,FAIL,-0.0797,0.1908,0.2627,0.1837,-1,0,0,PASS,-0.0402,0.0773,0.0787,0.0035,1451,0,0,PASS,-0.0572,0.0769,0.0790,0.0074,1342,0,0,
cold#275,SAFETY_LIMITED,32.0000,1.2000,600000.0000,180.0000,120.0000,30.0000,25.0000,0.0100,FAIL,0.0342,0.2081,0.3595,0.3512,-1,0,0,FAIL,0.6195,0.0085,0.0146,0.0161,4629,0,0,PASS,0.0171,0.0248,0.0682,0.0933,3372,0,0,
cold#279,REACHABLE,32.0000,0.7000,1600000.0000,300.0000,5.0000,3.0000,25.0000,0.0100,PASS,-0.0441,0.0551,0.0558,0.0022,3980,0,0,PASS,0.0267,0.0035,0.0050,0.0105,2477,0,0,PASS,0.0271,0.0029,0.0033,0.0011,2477,0,0,
cold#283,REACHABLE,32.0000,1.0000,1600000.0000,300.0000,30.0000,8.0000,25.0000,0.0100,PASS,-0.0252,0.0348,0.0393,0.0132,3553,0,0,PASS,0.0208,0.0016,0.0037,0.0043,2304,0,0,PASS,0.0217,0.0011,0.0022,0.0033,1892,0,0,
cold#287,REACHABLE,32.0000,1.2000,1600000.0000,300.0000,120.0000,30.0000,25.0000,0.0100,FAIL,0.1128,0.1512,0.2881,0.3355,-1,0,0,FAIL,-0.2179,0.2761,0.3052,0.0583,-1,0,0,PASS,0.0108,0.0084,0.0188,0.0329,4007,0,0,
cold#291,REACHABLE,32.0000,0.7000,180000.0000,120.0000,5.0000,3.0000,28.0000,0.0100,PASS,0.0132,0.0024,0.0053,0.0136,763,0,0,PASS,0.0132,0.0027,0.0058,0.0144,763,0,0,PASS,0.0132,0.0027,0.0058,0.0144,763,0,0,
cold#295,SAFETY_LIMITED,32.0000,1.0000,180000.0000,120.0000,30.0000,8.0000,28.0000,0.0100,FAIL,0.1338,0.1109,0.1971,0.3358,-1,0,0,FAIL,0.1345,0.0820,0.1516,0.2774,-1,0,0,FAIL,0.1353,0.0936,0.1748,0.3354,-1,0,0,SETTLING_TIMEOUT
cold#299,SAFETY_LIMITED,32.0000,1.2000,180000.0000,120.0000,120.0000,30.0000,28.0000,0.0100,FAIL,-0.1438,0.3161,0.4418,0.3091,-1,0,0,FAIL,-0.1030,0.2984,0.4397,0.3535,-1,0,0,FAIL,0.0477,0.4244,0.5582,0.3347,-1,0,0,LEARNER_LOW_CONFIDENCE
cold#303,REACHABLE,32.0000,0.7000,600000.0000,180.0000,5.0000,3.0000,28.0000,0.0100,PASS,0.0073,0.0096,0.0184,0.0267,1494,0,0,PASS,0.0069,0.0015,0.0026,0.0030,1494,0,0,PASS,0.0069,0.0015,0.0026,0.0030,1494,0,0,
cold#307,REACHABLE,32.0000,1.0000,600000.0000,180.0000,30.0000,8.0000,28.0000,0.0100,PASS,0.0161,0.0598,0.1077,0.1222,1377,0,0,PASS,0.0533,0.0364,0.0687,0.1231,1377,0,0,PASS,0.0408,0.0316,0.0542,0.1004,1340,0,0,
cold#311,SAFETY_LIMITED,32.0000,1.2000,600000.0000,180.0000,120.0000,30.0000,28.0000,0.0100,FAIL,0.1131,0.2501,0.2971,0.1268,-1,0,0,PASS,0.0066,0.0071,0.0170,0.0259,2619,0,0,PASS,0.0248,0.0337,0.0984,0.1237,3850,0,0,
cold#315,REACHABLE,32.0000,0.7000,1600000.0000,300.0000,5.0000,3.0000,28.0000,0.0100,PASS,-0.0134,0.0188,0.0216,0.0084,2737,0,0,PASS,0.0266,0.0015,0.0026,0.0034,1781,0,0,PASS,0.0265,0.0030,0.0035,0.0011,1781,0,0,
cold#319,REACHABLE,32.0000,1.0000,1600000.0000,300.0000,30.0000,8.0000,28.0000,0.0100,PASS,-0.0093,0.0148,0.0179,0.0084,2289,0,0,PASS,0.0191,0.0024,0.0028,0.0010,1403,0,0,PASS,0.0199,0.0026,0.0050,0.0105,2057,0,0,
cold#323,REACHABLE,32.0000,1.2000,1600000.0000,300.0000,120.0000,30.0000,28.0000,0.0100,FAIL,0.1307,0.0814,0.1652,0.2069,-1,0,0,PASS,0.0195,0.0040,0.0128,0.0136,2328,0,0,PASS,0.0119,0.0022,0.0047,0.0058,2483,0,0,
cold#327,COOLING_REQUIRED,32.0000,0.7000,180000.0000,120.0000,5.0000,3.0000,35.0000,0.0100,FAIL,3.0000,3.0000,3.0000,0.0000,-1,0,0,FAIL,3.0000,3.0000,3.0000,0.0000,-1,0,0,FAIL,3.0000,3.0000,3.0000,0.0000,-1,0,0,PHYSICAL_COOLING_LIMIT
cold#331,COOLING_REQUIRED,32.0000,1.0000,180000.0000,120.0000,30.0000,8.0000,35.0000,0.0100,FAIL,3.0000,3.0000,3.0000,0.0000,-1,0,0,FAIL,3.0000,3.0000,3.0000,0.0000,-1,0,0,FAIL,3.0000,3.0000,3.0000,0.0000,-1,0,0,PHYSICAL_COOLING_LIMIT
cold#335,COOLING_REQUIRED,32.0000,1.2000,180000.0000,120.0000,120.0000,30.0000,35.0000,0.0100,FAIL,3.0000,3.0000,3.0000,0.0000,-1,0,0,FAIL,3.0000,3.0000,3.0000,0.0000,-1,0,0,FAIL,3.0000,3.0000,3.0000,0.0000,-1,0,0,PHYSICAL_COOLING_LIMIT
cold#339,COOLING_REQUIRED,32.0000,0.7000,600000.0000,180.0000,5.0000,3.0000,35.0000,0.0100,FAIL,3.0000,3.0000,3.0000,0.0000,-1,0,0,FAIL,3.0000,3.0000,3.0000,0.0000,-1,0,0,FAIL,3.0000,3.0000,3.0000,0.0000,-1,0,0,PHYSICAL_COOLING_LIMIT
cold#343,COOLING_REQUIRED,32.0000,1.0000,600000.0000,180.0000,30.0000,8.0000,35.0000,0.0100,FAIL,3.0000,3.0000,3.0000,0.0000,-1,0,0,FAIL,3.0000,3.0000,3.0000,0.0000,-1,0,0,FAIL,3.0000,3.0000,3.0000,0.0000,-1,0,0,PHYSICAL_COOLING_LIMIT
cold#347,COOLING_REQUIRED,32.0000,1.2000,600000.0000,180.0000,120.0000,30.0000,35.0000,0.0100,FAIL,3.0000,3.0000,3.0000,0.0000,-1,0,0,FAIL,3.0000,3.0000,3.0000,0.0000,-1,0,0,FAIL,3.0000,3.0000,3.0000,0.0000,-1,0,0,PHYSICAL_COOLING_LIMIT
cold#351,COOLING_REQUIRED,32.0000,0.7000,1600000.0000,300.0000,5.0000,3.0000,35.0000,0.0100,FAIL,3.0000,3.0000,3.0000,0.0000,-1,0,0,FAIL,3.0000,3.0000,3.0000,0.0000,-1,0,0,FAIL,3.0000,3.0000,3.0000,0.0000,-1,0,0,PHYSICAL_COOLING_LIMIT
cold#355,COOLING_REQUIRED,32.0000,1.0000,1600000.0000,300.0000,30.0000,8.0000,35.0000,0.0100,FAIL,3.0000,3.0000,3.0000,0.0000,-1,0,0,FAIL,3.0000,3.0000,3.0000,0.0000,-1,0,0,FAIL,3.0000,3.0000,3.0000,0.0000,-1,0,0,PHYSICAL_COOLING_LIMIT
cold#359,COOLING_REQUIRED,32.0000,1.2000,1600000.0000,300.0000,120.0000,30.0000,35.0000,0.0100,FAIL,3.0000,3.0000,3.0000,0.0000,-1,0,0,FAIL,3.0000,3.0000,3.0000,0.0000,-1,0,0,FAIL,3.0000,3.0000,3.0000,0.0000,-1,0,0,PHYSICAL_COOLING_LIMIT
cold#363,REACHABLE,35.0000,0.7000,180000.0000,120.0000,5.0000,3.0000,10.0000,0.0100,FAIL,-1.6474,2.1684,2.8550,1.2738,-1,0,0,PASS,0.0087,0.0020,0.0044,0.0073,3242,0,0,PASS,0.0087,0.0020,0.0044,0.0073,3242,0,0,
cold#367,SAFETY_LIMITED,35.0000,1.0000,180000.0000,120.0000,30.0000,8.0000,10.0000,0.0100,FAIL,-1.4981,1.9778,2.3022,0.7613,-1,0,0,PASS,-0.0762,0.0773,0.0779,0.0020,1829,0,0,PASS,-0.0762,0.0773,0.0779,0.0020,1829,0,0,
cold#371,SAFETY_LIMITED,35.0000,1.2000,180000.0000,120.0000,120.0000,30.0000,10.0000,0.0100,FAIL,-2.2834,3.0608,3.8920,1.6628,-1,0,0,FAIL,-0.0798,1.1136,2.0481,1.8610,-1,0,0,FAIL,-0.0791,1.1840,2.1013,1.8996,-1,0,0,STEADY_MAE
cold#375,REACHABLE,35.0000,0.7000,600000.0000,180.0000,5.0000,3.0000,10.0000,0.0100,FAIL,-0.1504,0.1542,0.1567,0.0066,-1,0,0,FAIL,-0.1504,0.1542,0.1566,0.0065,-1,0,0,FAIL,-0.1504,0.1542,0.1566,0.0065,-1,0,0,LEARNER_LOW_CONFIDENCE
cold#379,REACHABLE,35.0000,1.0000,600000.0000,180.0000,30.0000,8.0000,10.0000,0.0100,FAIL,-2.5717,2.7488,2.9240,0.3711,-1,0,0,PASS,0.0377,0.0021,0.0053,0.0115,3730,0,0,PASS,0.0377,0.0021,0.0053,0.0115,3730,0,0,
cold#383,SAFETY_LIMITED,35.0000,1.2000,600000.0000,180.0000,120.0000,30.0000,10.0000,0.0100,FAIL,-3.5330,3.9175,4.2859,0.8355,-1,0,0,PASS,-0.0022,0.0103,0.0169,0.0159,4915,0,0,PASS,-0.0081,0.0147,0.0212,0.0132,5664,0,0,
cold#387,REACHABLE,35.0000,0.7000,1600000.0000,300.0000,5.0000,3.0000,10.0000,0.0100,FAIL,-0.2835,0.3264,0.5823,0.4063,-1,0,0,FAIL,-0.2347,0.4812,0.8960,0.7468,-1,0,0,FAIL,-0.2347,0.4812,0.8960,0.7468,-1,0,0,LEARNER_LOW_CONFIDENCE
cold#391,REACHABLE,35.0000,1.0000,1600000.0000,300.0000,30.0000,8.0000,10.0000,0.0100,FAIL,-0.1824,0.1928,0.2016,0.0193,-1,0,0,FAIL,-0.1001,0.1058,0.1092,0.0081,8021,0,0,FAIL,-0.1001,0.1058,0.1092,0.0081,8021,0,0,LEARNER_LOW_CONFIDENCE
cold#395,REACHABLE,35.0000,1.2000,1600000.0000,300.0000,120.0000,30.0000,10.0000,0.0100,FAIL,-2.3264,3.1661,3.8857,1.7842,-1,0,0,FAIL,-0.7546,0.7639,0.7659,0.0039,-1,0,0,FAIL,-0.8022,0.8148,0.8168,0.0040,-1,0,0,STEADY_MAE
cold#399,REACHABLE,35.0000,0.7000,180000.0000,120.0000,5.0000,3.0000,20.0000,0.0100,FAIL,-0.0294,0.0893,0.1397,0.1276,-1,0,0,PASS,0.0178,0.0023,0.0050,0.0125,1920,0,0,PASS,0.0178,0.0023,0.0050,0.0125,1920,0,0,
cold#403,SAFETY_LIMITED,35.0000,1.0000,180000.0000,120.0000,30.0000,8.0000,20.0000,0.0100,FAIL,-0.9758,1.1888,1.3894,0.4399,-1,0,0,PASS,0.0060,0.0014,0.0024,0.0031,1487,0,0,PASS,0.0060,0.0014,0.0024,0.0031,1487,0,0,
cold#407,SAFETY_LIMITED,35.0000,1.2000,180000.0000,120.0000,120.0000,30.0000,20.0000,0.0100,FAIL,-1.0355,1.6745,2.2768,1.3610,-1,0,0,FAIL,-0.1037,0.6259,1.1343,0.9455,-1,0,0,FAIL,-0.0859,0.7124,1.2943,1.1688,-1,0,0,STEADY_MAE
cold#411,REACHABLE,35.0000,0.7000,600000.0000,180.0000,5.0000,3.0000,20.0000,0.0100,PASS,-0.0707,0.0772,0.0805,0.0103,4469,0,0,PASS,0.0369,0.0025,0.0048,0.0085,2879,0,0,PASS,0.0322,0.0036,0.0049,0.0113,2879,0,0,
cold#415,REACHABLE,35.0000,1.0000,600000.0000,180.0000,30.0000,8.0000,20.0000,0.0100,FAIL,-0.0320,0.2553,0.3951,0.3507,-1,0,0,PASS,0.0428,0.0034,0.0049,0.0039,2771,0,0,PASS,0.0213,0.0016,0.0030,0.0068,1794,0,0,
cold#419,SAFETY_LIMITED,35.0000,1.2000,600000.0000,180.0000,120.0000,30.0000,20.0000,0.0100,FAIL,-0.1083,0.3895,0.6539,0.5277,-1,0,0,FAIL,-0.0675,0.1173,0.1857,0.1207,-1,0,0,FAIL,-0.7876,0.9170,0.9192,0.0048,-1,0,0,STEADY_MAE
cold#423,REACHABLE,35.0000,0.7000,1600000.0000,300.0000,5.0000,3.0000,20.0000,0.0100,FAIL,-0.2246,0.2271,0.2293,0.0050,-1,0,0,PASS,-0.0508,0.0767,0.0835,0.0157,6223,0,0,PASS,-0.0507,0.0776,0.0857,0.0157,5821,0,0,
cold#427,REACHABLE,35.0000,1.0000,1600000.0000,300.0000,30.0000,8.0000,20.0000,0.0100,FAIL,-0.0920,0.1049,0.1168,0.0252,7181,0,0,PASS,0.0399,0.0034,0.0074,0.0130,4941,0,0,PASS,0.0448,0.0050,0.0116,0.0192,4941,0,0,
cold#431,REACHABLE,35.0000,1.2000,1600000.0000,300.0000,120.0000,30.0000,20.0000,0.0100,FAIL,0.0321,0.3626,0.5673,0.4914,-1,0,0,PASS,0.0123,0.0087,0.0174,0.0319,5713,0,0,FAIL,-0.6412,0.6560,0.6580,0.0044,-1,0,0,STEADY_MAE
cold#435,REACHABLE,35.0000,0.7000,180000.0000,120.0000,5.0000,3.0000,25.0000,0.0100,PASS,-0.0086,0.0591,0.1222,0.1219,2021,0,0,PASS,0.0176,0.0026,0.0053,0.0131,1602,0,0,PASS,0.0176,0.0026,0.0053,0.0131,1602,0,0,
cold#439,SAFETY_LIMITED,35.0000,1.0000,180000.0000,120.0000,30.0000,8.0000,25.0000,0.0100,FAIL,0.0641,0.2824,0.4686,0.5609,-1,0,0,PASS,0.0654,0.0420,0.1226,0.2104,8850,0,0,PASS,0.0654,0.0420,0.1226,0.2104,8850,0,0,
cold#443,SAFETY_LIMITED,35.0000,1.2000,180000.0000,120.0000,120.0000,30.0000,25.0000,0.0100,FAIL,0.1781,0.5159,0.9706,1.1230,-1,0,0,FAIL,-0.0551,0.4033,0.7310,0.6884,-1,0,0,FAIL,-0.0179,0.4370,0.8302,0.8223,-1,0,0,STEADY_MAE
cold#447,REACHABLE,35.0000,0.7000,600000.0000,180.0000,5.0000,3.0000,25.0000,0.0100,PASS,-0.0311,0.0422,0.0484,0.0178,2875,0,0,PASS,0.0173,0.0009,0.0021,0.0037,1996,0,0,PASS,0.0173,0.0009,0.0021,0.0037,1996,0,0,
cold#451,REACHABLE,35.0000,1.0000,600000.0000,180.0000,30.0000,8.0000,25.0000,0.0100,FAIL,-0.0971,0.2427,0.3412,0.2451,-1,0,0,PASS,-0.0629,0.0771,0.0803,0.0102,2902,0,0,PASS,-0.0583,0.0774,0.0824,0.0098,1952,0,0,
cold#455,SAFETY_LIMITED,35.0000,1.2000,600000.0000,180.0000,120.0000,30.0000,25.0000,0.0100,FAIL,-0.0338,0.2824,0.4988,0.4447,-1,0,0,FAIL,-0.6234,0.6352,0.6371,0.0042,-1,0,0,FAIL,0.0657,0.2223,0.4090,0.4897,-1,0,0,STEADY_MAE
cold#459,REACHABLE,35.0000,0.7000,1600000.0000,300.0000,5.0000,3.0000,25.0000,0.0100,PASS,-0.0839,0.0876,0.0899,0.0062,5118,0,0,PASS,0.0362,0.0045,0.0059,0.0133,4109,0,0,PASS,0.0152,0.0032,0.0047,0.0039,4109,0,0,
cold#463,REACHABLE,35.0000,1.0000,1600000.0000,300.0000,30.0000,8.0000,25.0000,0.0100,PASS,-0.0429,0.0672,0.0928,0.0516,4935,0,0,PASS,0.0273,0.0018,0.0037,0.0062,3244,0,0,PASS,0.0215,0.0030,0.0071,0.0167,3244,0,0,
cold#467,REACHABLE,35.0000,1.2000,1600000.0000,300.0000,120.0000,30.0000,25.0000,0.0100,FAIL,0.0344,0.2192,0.4077,0.4451,-1,0,0,FAIL,-0.0630,0.1364,0.1851,0.1203,-1,0,0,PASS,0.0112,0.0074,0.0153,0.0298,4905,0,0,
cold#471,REACHABLE,35.0000,0.7000,180000.0000,120.0000,5.0000,3.0000,28.0000,0.0100,PASS,0.0068,0.0047,0.0151,0.0252,1217,0,0,PASS,0.0057,0.0022,0.0044,0.0106,1217,0,0,PASS,0.0057,0.0022,0.0044,0.0106,1217,0,0,
cold#475,SAFETY_LIMITED,35.0000,1.0000,180000.0000,120.0000,30.0000,8.0000,28.0000,0.0100,FAIL,0.1087,0.1832,0.3296,0.4402,-1,0,0,FAIL,0.1087,0.1832,0.3296,0.4402,-1,0,0,FAIL,0.1739,0.1795,0.3293,0.4433,-1,0,0,LEARNER_LOW_CONFIDENCE
cold#479,SAFETY_LIMITED,35.0000,1.2000,180000.0000,120.0000,120.0000,30.0000,28.0000,0.0100,FAIL,-0.3017,0.5983,0.8071,0.5272,-1,0,0,FAIL,-0.0524,0.3023,0.5359,0.5035,-1,0,0,FAIL,-0.2830,0.5260,0.7920,0.5180,-1,0,0,LEARNER_LOW_CONFIDENCE
cold#483,REACHABLE,35.0000,0.7000,600000.0000,180.0000,5.0000,3.0000,28.0000,0.0100,PASS,-0.0120,0.0227,0.0297,0.0183,2142,0,0,PASS,-0.0032,0.0082,0.0121,0.0095,2142,0,0,PASS,-0.0032,0.0082,0.0121,0.0095,2142,0,0,
cold#487,REACHABLE,35.0000,1.0000,600000.0000,180.0000,30.0000,8.0000,28.0000,0.0100,FAIL,0.0014,0.1134,0.1847,0.1843,-1,0,0,PASS,0.0260,0.0016,0.0044,0.0057,1215,0,0,PASS,0.0286,0.0036,0.0046,0.0028,1374,0,0,
cold#491,SAFETY_LIMITED,35.0000,1.2000,600000.0000,180.0000,120.0000,30.0000,28.0000,0.0100,FAIL,0.0503,0.1984,0.3595,0.4304,-1,0,0,FAIL,0.6211,0.0084,0.0152,0.0168,4389,0,0,PASS,0.0154,0.0248,0.0674,0.0907,3380,0,0,
cold#495,REACHABLE,35.0000,0.7000,1600000.0000,300.0000,5.0000,3.0000,28.0000,0.0100,PASS,-0.0441,0.0551,0.0558,0.0023,3980,0,0,PASS,0.0294,0.0040,0.0051,0.0042,2477,0,0,PASS,0.0271,0.0022,0.0027,0.0011,2477,0,0,
cold#499,REACHABLE,35.0000,1.0000,1600000.0000,300.0000,30.0000,8.0000,28.0000,0.0100,PASS,-0.0241,0.0345,0.0394,0.0132,3553,0,0,PASS,0.0195,0.0036,0.0043,0.0018,2303,0,0,PASS,0.0205,0.0030,0.0049,0.0035,1892,0,0,
cold#503,REACHABLE,35.0000,1.2000,1600000.0000,300.0000,120.0000,30.0000,28.0000,0.0100,FAIL,0.1094,0.1486,0.2871,0.3400,-1,0,0,FAIL,-0.2182,0.2941,0.3034,0.0237,-1,0,0,PASS,0.0108,0.0108,0.0254,0.0356,4008,0,0,
cold#507,COOLING_REQUIRED,35.0000,0.7000,180000.0000,120.0000,5.0000,3.0000,35.0000,0.0100,PASS,0.0000,0.0000,0.0000,0.0000,1,0,0,PASS,0.0000,0.0000,0.0000,0.0000,1,0,0,PASS,0.0000,0.0000,0.0000,0.0000,1,0,0,
cold#511,COOLING_REQUIRED,35.0000,1.0000,180000.0000,120.0000,30.0000,8.0000,35.0000,0.0100,PASS,0.0000,0.0000,0.0000,0.0000,1,0,0,PASS,0.0000,0.0000,0.0000,0.0000,1,0,0,PASS,0.0000,0.0000,0.0000,0.0000,1,0,0,
cold#515,COOLING_REQUIRED,35.0000,1.2000,180000.0000,120.0000,120.0000,30.0000,35.0000,0.0100,PASS,0.0000,0.0000,0.0000,0.0000,1,0,0,PASS,0.0000,0.0000,0.0000,0.0000,1,0,0,PASS,0.0000,0.0000,0.0000,0.0000,1,0,0,
cold#519,COOLING_REQUIRED,35.0000,0.7000,600000.0000,180.0000,5.0000,3.0000,35.0000,0.0100,PASS,0.0000,0.0000,0.0000,0.0000,1,0,0,PASS,0.0000,0.0000,0.0000,0.0000,1,0,0,PASS,0.0000,0.0000,0.0000,0.0000,1,0,0,
cold#523,COOLING_REQUIRED,35.0000,1.0000,600000.0000,180.0000,30.0000,8.0000,35.0000,0.0100,PASS,0.0000,0.0000,0.0000,0.0000,1,0,0,PASS,0.0000,0.0000,0.0000,0.0000,1,0,0,PASS,0.0000,0.0000,0.0000,0.0000,1,0,0,
cold#527,COOLING_REQUIRED,35.0000,1.2000,600000.0000,180.0000,120.0000,30.0000,35.0000,0.0100,PASS,0.0000,0.0000,0.0000,0.0000,1,0,0,PASS,0.0000,0.0000,0.0000,0.0000,1,0,0,PASS,0.0000,0.0000,0.0000,0.0000,1,0,0,
cold#531,COOLING_REQUIRED,35.0000,0.7000,1600000.0000,300.0000,5.0000,3.0000,35.0000,0.0100,PASS,0.0000,0.0000,0.0000,0.0000,1,0,0,PASS,0.0000,0.0000,0.0000,0.0000,1,0,0,PASS,0.0000,0.0000,0.0000,0.0000,1,0,0,
cold#535,COOLING_REQUIRED,35.0000,1.0000,1600000.0000,300.0000,30.0000,8.0000,35.0000,0.0100,PASS,0.0000,0.0000,0.0000,0.0000,1,0,0,PASS,0.0000,0.0000,0.0000,0.0000,1,0,0,PASS,0.0000,0.0000,0.0000,0.0000,1,0,0,
cold#539,COOLING_REQUIRED,35.0000,1.2000,1600000.0000,300.0000,120.0000,30.0000,35.0000,0.0100,PASS,0.0000,0.0000,0.0000,0.0000,1,0,0,PASS,0.0000,0.0000,0.0000,0.0000,1,0,0,PASS,0.0000,0.0000,0.0000,0.0000,1,0,0,
cold#543,REACHABLE,37.5000,0.7000,180000.0000,120.0000,5.0000,3.0000,10.0000,0.0100,FAIL,-1.6902,1.9609,2.1853,0.5218,-1,0,0,PASS,0.0492,0.0020,0.0045,0.0075,3076,0,0,PASS,0.0492,0.0020,0.0045,0.0075,3076,0,0,
cold#547,SAFETY_LIMITED,37.5000,1.0000,180000.0000,120.0000,30.0000,8.0000,10.0000,0.0100,FAIL,-1.6051,2.0718,2.4611,0.9303,-1,0,0,PASS,-0.0731,0.0808,0.0852,0.0139,1529,0,0,PASS,-0.0731,0.0808,0.0852,0.0139,1529,0,0,
cold#551,SAFETY_LIMITED,37.5000,1.2000,180000.0000,120.0000,120.0000,30.0000,10.0000,0.0100,FAIL,-2.5836,3.4066,4.3368,1.8012,-1,0,0,FAIL,-0.0827,1.2783,2.0541,1.5034,-1,0,0,FAIL,-0.0827,1.2783,2.0541,1.5034,-1,0,0,STEADY_MAE
cold#555,REACHABLE,37.5000,0.7000,600000.0000,180.0000,5.0000,3.0000,10.0000,0.0100,FAIL,-0.1707,0.1741,0.1764,0.0060,-1,0,0,FAIL,-0.1707,0.1741,0.1764,0.0060,-1,0,0,FAIL,-0.1707,0.1741,0.1764,0.0060,-1,0,0,LEARNER_LOW_CONFIDENCE
cold#559,REACHABLE,37.5000,1.0000,600000.0000,180.0000,30.0000,8.0000,10.0000,0.0100,FAIL,-2.8624,3.0612,3.2582,0.4283,-1,0,0,PASS,0.0328,0.0021,0.0042,0.0069,3994,0,0,PASS,0.0328,0.0021,0.0042,0.0069,3994,0,0,
cold#563,SAFETY_LIMITED,37.5000,1.2000,600000.0000,180.0000,120.0000,30.0000,10.0000,0.0100,FAIL,-4.9396,5.2530,5.6071,0.7013,-1,0,0,FAIL,-0.1260,0.1907,0.2903,0.1808,-1,0,0,PASS,-0.0027,0.0123,0.0185,0.0172,5516,0,0,
cold#567,HEAT_LIMITED,37.5000,0.7000,1600000.0000,300.0000,5.0000,3.0000,10.0000,0.0100,FAIL,-0.3142,0.7041,1.5049,1.3028,-1,0,0,FAIL,-1.4509,2.1743,2.8924,1.5301,-1,0,0,FAIL,-1.4509,2.1743,2.8924,1.5301,-1,0,0,PHYSICAL_POWER_LIMIT
cold#571,REACHABLE,37.5000,1.0000,1600000.0000,300.0000,30.0000,8.0000,10.0000,0.0100,FAIL,-0.2020,0.2098,0.2181,0.0164,-1,0,0,FAIL,-0.2021,0.2099,0.2177,0.0160,-1,0,0,FAIL,-0.2021,0.2099,0.2177,0.0160,-1,0,0,LEARNER_LOW_CONFIDENCE
cold#575,REACHABLE,37.5000,1.2000,1600000.0000,300.0000,120.0000,30.0000,10.0000,0.0100,FAIL,-3.5621,4.3681,5.0811,1.7626,-1,0,0,FAIL,-0.7773,0.7840,0.7860,0.0041,-1,0,0,FAIL,-0.8165,0.8343,0.8350,0.0015,-1,0,0,STEADY_MAE
cold#579,REACHABLE,37.5000,0.7000,180000.0000,120.0000,5.0000,3.0000,20.0000,0.0100,FAIL,-0.0530,0.1198,0.1757,0.1449,-1,0,0,PASS,0.0190,0.0022,0.0043,0.0118,2152,0,0,PASS,0.0190,0.0022,0.0043,0.0118,2152,0,0,
cold#583,SAFETY_LIMITED,37.5000,1.0000,180000.0000,120.0000,30.0000,8.0000,20.0000,0.0100,FAIL,-1.1460,1.7413,1.9686,0.4957,-1,0,0,PASS,0.0062,0.0019,0.0045,0.0082,1338,0,0,PASS,0.0062,0.0019,0.0045,0.0082,1338,0,0,
cold#587,SAFETY_LIMITED,37.5000,1.2000,180000.0000,120.0000,120.0000,30.0000,20.0000,0.0100,FAIL,-1.3630,2.0971,2.8004,1.4692,-1,0,0,FAIL,-1.5576,1.5824,1.5859,0.0110,-1,0,0,FAIL,-0.0498,0.4633,0.7634,0.5683,-1,0,0,STEADY_MAE
cold#591,REACHABLE,37.5000,0.7000,600000.0000,180.0000,5.0000,3.0000,20.0000,0.0100,PASS,-0.0907,0.0963,0.0994,0.0089,5977,0,0,PASS,0.0372,0.0010,0.0023,0.0045,3271,0,0,PASS,0.0262,0.0012,0.0021,0.0039,3271,0,0,
cold#595,REACHABLE,37.5000,1.0000,600000.0000,180.0000,30.0000,8.0000,20.0000,0.0100,FAIL,-0.0441,0.3393,0.5052,0.4116,-1,0,0,PASS,0.0189,0.0024,0.0052,0.0135,2586,0,0,PASS,0.0220,0.0016,0.0037,0.0057,2586,0,0,
cold#599,SAFETY_LIMITED,37.5000,1.2000,600000.0000,180.0000,120.0000,30.0000,20.0000,0.0100,FAIL,-0.1540,0.4834,0.7940,0.6437,-1,0,0,FAIL,-0.0767,0.1212,0.2044,0.1313,-1,0,0,FAIL,-0.7421,0.7726,0.7751,0.0067,-1,0,0,STEADY_MAE
cold#603,REACHABLE,37.5000,0.7000,1600000.0000,300.0000,5.0000,3.0000,20.0000,0.0100,FAIL,-0.2636,0.2654,0.2667,0.0033,-1,0,0,PASS,-0.0536,0.0786,0.0999,0.0468,6954,0,0,PASS,-0.0579,0.0791,0.0856,0.0155,6577,0,0,
cold#607,REACHABLE,37.5000,1.0000,1600000.0000,300.0000,30.0000,8.0000,20.0000,0.0100,FAIL,-0.1127,0.1260,0.1390,0.0269,8463,0,0,PASS,0.0268,0.0043,0.0049,0.0028,4999,0,0,PASS,0.0398,0.0046,0.0049,0.0011,4999,0,0,
cold#611,REACHABLE,37.5000,1.2000,1600000.0000,300.0000,120.0000,30.0000,20.0000,0.0100,FAIL,-0.0863,0.3694,0.5975,0.4754,-1,0,0,PASS,0.1536,0.0250,0.0505,0.0641,7787,0,0,FAIL,-0.6839,0.6941,0.6961,0.0044,-1,0,0,STEADY_MAE
cold#615,REACHABLE,37.5000,0.7000,180000.0000,120.0000,5.0000,3.0000,25.0000,0.0100,PASS,-0.0215,0.0616,0.0923,0.0782,5919,0,0,PASS,0.0255,0.0020,0.0043,0.0112,1680,0,0,PASS,0.0255,0.0020,0.0043,0.0112,1680,0,0,
cold#619,SAFETY_LIMITED,37.5000,1.0000,180000.0000,120.0000,30.0000,8.0000,25.0000,0.0100,FAIL,-0.6475,0.8204,0.9936,0.3581,-1,0,0,PASS,0.0355,0.0016,0.0046,0.0105,1135,0,0,PASS,0.0355,0.0016,0.0046,0.0105,1135,0,0,
cold#623,SAFETY_LIMITED,37.5000,1.2000,180000.0000,120.0000,120.0000,30.0000,25.0000,0.0100,FAIL,0.2635,0.6194,1.2375,1.4978,-1,0,0,FAIL,-0.1212,0.2589,0.4184,0.3077,-1,0,0,FAIL,-0.7162,0.7274,0.7341,0.0180,-1,0,0,STEADY_MAE
cold#627,REACHABLE,37.5000,0.7000,600000.0000,180.0000,5.0000,3.0000,25.0000,0.0100,PASS,-0.0508,0.0588,0.0630,0.0129,3591,0,0,PASS,0.0470,0.0026,0.0049,0.0108,2812,0,0,PASS,0.0270,0.0031,0.0046,0.0040,1815,0,0,
cold#631,REACHABLE,37.5000,1.0000,600000.0000,180.0000,30.0000,8.0000,25.0000,0.0100,FAIL,-0.1089,0.2913,0.4072,0.2962,-1,0,0,PASS,-0.0448,0.0798,0.0834,0.0113,3223,0,0,PASS,-0.0596,0.0787,0.0803,0.0035,1778,0,0,
cold#635,SAFETY_LIMITED,37.5000,1.2000,600000.0000,180.0000,120.0000,30.0000,25.0000,0.0100,FAIL,-0.0457,0.3352,0.5493,0.4429,-1,0,0,FAIL,-0.0585,0.1024,0.1655,0.1088,-1,0,0,FAIL,-0.5781,0.6158,0.6194,0.0078,-1,0,0,STEADY_MAE
cold#639,REACHABLE,37.5000,0.7000,1600000.0000,300.0000,5.0000,3.0000,25.0000,0.0100,FAIL,-0.1142,0.1175,0.1199,0.0061,6099,0,0,PASS,0.0261,0.0043,0.0057,0.0039,4876,0,0,PASS,0.0362,0.0043,0.0055,0.0092,4876,0,0,
cold#643,REACHABLE,37.5000,1.0000,1600000.0000,300.0000,30.0000,8.0000,25.0000,0.0100,PASS,-0.0651,0.0755,0.0822,0.0173,5919,0,0,PASS,0.0471,0.0041,0.0099,0.0160,4108,0,0,PASS,0.0404,0.0037,0.0080,0.0168,4108,0,0,
cold#647,REACHABLE,37.5000,1.2000,1600000.0000,300.0000,120.0000,30.0000,25.0000,0.0100,FAIL,-0.0246,0.2610,0.4942,0.4703,-1,0,0,FAIL,-0.0835,0.1771,0.2610,0.1674,-1,0,0,PASS,0.0072,0.0060,0.0127,0.0214,5774,0,0,
cold#651,REACHABLE,37.5000,0.7000,180000.0000,120.0000,5.0000,3.0000,28.0000,0.0100,PASS,-0.0084,0.0158,0.0193,0.0116,2093,0,0,PASS,0.0226,0.0023,0.0047,0.0117,1619,0,0,PASS,0.0226,0.0023,0.0047,0.0117,1619,0,0,
cold#655,SAFETY_LIMITED,37.5000,1.0000,180000.0000,120.0000,30.0000,8.0000,28.0000,0.0100,FAIL,0.0592,0.2545,0.4357,0.4251,-1,0,0,FAIL,0.1159,0.2603,0.4571,0.6213,-1,0,0,FAIL,0.1159,0.2603,0.4571,0.6213,-1,0,0,LEARNER_LOW_CONFIDENCE
cold#659,SAFETY_LIMITED,37.5000,1.2000,180000.0000,120.0000,120.0000,30.0000,28.0000,0.0100,FAIL,-0.0026,0.5977,0.9930,1.0450,-1,0,0,FAIL,-0.1323,0.2701,0.3954,0.2808,-1,0,0,FAIL,-0.1296,0.3121,0.4966,0.3791,-1,0,0,STEADY_MAE
cold#663,REACHABLE,37.5000,0.7000,600000.0000,180.0000,5.0000,3.0000,28.0000,0.0100,PASS,-0.0312,0.0376,0.0406,0.0098,2747,0,0,PASS,0.0334,0.0020,0.0044,0.0096,1912,0,0,PASS,0.0334,0.0020,0.0044,0.0096,1912,0,0,
cold#667,REACHABLE,37.5000,1.0000,600000.0000,180.0000,30.0000,8.0000,28.0000,0.0100,FAIL,-0.0155,0.1553,0.2496,0.2356,-1,0,0,PASS,0.0268,0.0025,0.0052,0.0128,2662,0,0,PASS,0.0189,0.0017,0.0031,0.0054,1415,0,0,
cold#671,SAFETY_LIMITED,37.5000,1.2000,600000.0000,180.0000,120.0000,30.0000,28.0000,0.0100,FAIL,-0.0071,0.2768,0.4840,0.4392,-1,0,0,FAIL,-0.0519,0.2004,0.2787,0.1693,-1,0,0,FAIL,0.0575,0.1592,0.3552,0.4356,-1,0,0,STEADY_MAE
cold#675,REACHABLE,37.5000,0.7000,1600000.0000,300.0000,5.0000,3.0000,28.0000,0.0100,PASS,-0.0831,0.0852,0.0862,0.0030,5020,0,0,PASS,0.0285,0.0043,0.0056,0.0126,3948,0,0,PASS,0.0322,0.0045,0.0049,0.0013,3948,0,0,
cold#679,REACHABLE,37.5000,1.0000,1600000.0000,300.0000,30.0000,8.0000,28.0000,0.0100,PASS,-0.0418,0.0631,0.0819,0.0407,4545,0,0,PASS,0.0206,0.0031,0.0041,0.0028,3091,0,0,PASS,0.0225,0.0005,0.0009,0.0020,3091,0,0,
cold#683,REACHABLE,37.5000,1.2000,1600000.0000,300.0000,120.0000,30.0000,28.0000,0.0100,FAIL,0.0426,0.2013,0.3865,0.4137,-1,0,0,FAIL,-0.0492,0.2284,0.3460,0.2953,-1,0,0,PASS,0.0077,0.0063,0.0129,0.0211,4813,0,0,
cold#687,REACHABLE,37.5000,0.7000,180000.0000,120.0000,5.0000,3.0000,35.0000,0.0100,PASS,-0.0636,0.0799,0.0850,0.0138,661,0,0,PASS,-0.0636,0.0799,0.0850,0.0138,661,0,0,PASS,-0.0636,0.0799,0.0850,0.0138,661,0,0,
cold#691,SAFETY_LIMITED,37.5000,1.0000,180000.0000,120.0000,30.0000,8.0000,35.0000,0.0100,PASS,0.1006,0.0602,0.1118,0.2047,398,0,0,PASS,0.1006,0.0602,0.1118,0.2047,398,0,0,PASS,0.1006,0.0602,0.1118,0.2047,398,0,0,
cold#695,SAFETY_LIMITED,37.5000,1.2000,180000.0000,120.0000,120.0000,30.0000,35.0000,0.0100,FAIL,-0.0588,0.1624,0.2415,0.1904,-1,0,0,FAIL,-0.0588,0.1624,0.2415,0.1904,-1,0,0,FAIL,-0.0588,0.1624,0.2415,0.1904,-1,0,0,LEARNER_LOW_CONFIDENCE
cold#699,REACHABLE,37.5000,0.7000,600000.0000,180.0000,5.0000,3.0000,35.0000,0.0100,PASS,0.0150,0.0034,0.0049,0.0042,1168,0,0,PASS,0.0150,0.0011,0.0025,0.0054,1168,0,0,PASS,0.0150,0.0011,0.0025,0.0054,1168,0,0,
cold#703,REACHABLE,37.5000,1.0000,600000.0000,180.0000,30.0000,8.0000,35.0000,0.0100,PASS,0.0224,0.0373,0.0689,0.0925,1006,0,0,PASS,0.0224,0.0323,0.0589,0.0891,1006,0,0,PASS,0.0224,0.0323,0.0589,0.0891,1006,0,0,
cold#707,SAFETY_LIMITED,37.5000,1.2000,600000.0000,180.0000,120.0000,30.0000,35.0000,0.0100,PASS,0.0350,0.0672,0.1385,0.1748,1611,0,0,PASS,0.0891,0.0463,0.1287,0.1898,1647,0,0,PASS,0.0891,0.0463,0.1287,0.1898,1647,0,0,
cold#711,REACHABLE,37.5000,0.7000,1600000.0000,300.0000,5.0000,3.0000,35.0000,0.0100,PASS,0.0051,0.0058,0.0065,0.0025,1959,0,0,PASS,0.0698,0.0030,0.0049,0.0106,1980,0,0,PASS,0.0698,0.0030,0.0049,0.0106,1980,0,0,
cold#715,REACHABLE,37.5000,1.0000,1600000.0000,300.0000,30.0000,8.0000,35.0000,0.0100,PASS,-0.0774,0.0872,0.0912,0.0112,1725,0,0,PASS,-0.0001,0.0812,0.1350,0.0999,1678,0,0,PASS,-0.0001,0.0809,0.1362,0.1018,1678,0,0,
cold#719,REACHABLE,37.5000,1.2000,1600000.0000,300.0000,120.0000,30.0000,35.0000,0.0100,PASS,0.1011,0.0539,0.0968,0.0948,1920,0,0,PASS,0.0130,0.0043,0.0101,0.0197,2489,0,0,PASS,0.0129,0.0040,0.0075,0.0135,2489,0,0,
door1#723,SAFETY_LIMITED,37.5000,1.0000,180000.0000,120.0000,120.0000,30.0000,25.0000,0.0100,FAIL,0.1480,0.5804,1.2710,1.4101,-1,0,0,FAIL,-0.0410,0.2080,0.3574,0.2794,-1,0,0,FAIL,-0.1041,0.3839,0.6837,0.5559,-1,0,0,STEADY_MAE
door2#727,SAFETY_LIMITED,37.5000,1.0000,180000.0000,120.0000,120.0000,30.0000,25.0000,0.0100,FAIL,0.1713,0.6402,1.2782,1.4167,-1,0,0,FAIL,-0.0325,0.1886,0.3246,0.2551,-1,0,0,FAIL,-0.0926,0.3704,0.6287,0.5274,-1,0,0,STEADY_MAE
door5#731,SAFETY_LIMITED,37.5000,1.0000,180000.0000,120.0000,120.0000,30.0000,25.0000,0.0100,FAIL,0.2345,0.6435,1.2737,1.5352,-1,0,0,FAIL,-0.0321,0.1738,0.3136,0.2765,-1,0,0,FAIL,-0.0796,0.2732,0.4895,0.4124,-1,0,0,STEADY_MAE
ambient_rise#735,SAFETY_LIMITED,37.5000,1.0000,180000.0000,120.0000,120.0000,30.0000,25.0000,0.0100,FAIL,0.0740,0.5122,0.9488,1.0679,-1,0,0,FAIL,0.2951,0.1114,0.2304,0.2355,-1,0,0,FAIL,0.1395,0.1341,0.2446,0.2400,-1,0,0,STEADY_MAE
loss_up#739,SAFETY_LIMITED,37.5000,1.0000,180000.0000,120.0000,120.0000,30.0000,25.0000,0.0100,FAIL,-0.7176,2.5956,3.1845,1.2287,-1,0,0,FAIL,-0.0410,1.0136,1.0191,0.0194,-1,0,0,FAIL,-0.1220,0.9190,0.9274,0.0234,-1,0,0,STEADY_MAE
loss_down#743,SAFETY_LIMITED,37.5000,1.0000,180000.0000,120.0000,120.0000,30.0000,25.0000,0.0100,FAIL,0.0850,0.4272,0.7719,0.8953,-1,0,0,FAIL,0.4138,0.0685,0.1626,0.1917,-1,0,0,FAIL,0.2961,0.1260,0.2634,0.2665,-1,0,0,STEADY_MAE
load_heavy#747,SAFETY_LIMITED,37.5000,1.0000,180000.0000,120.0000,120.0000,30.0000,25.0000,0.0100,FAIL,-0.4273,0.6374,0.8430,0.4210,-1,0,0,PASS,0.0259,0.0090,0.0110,0.0037,3430,0,0,PASS,-0.0325,0.0456,0.0581,0.0283,4794,0,0,
load_light#751,SAFETY_LIMITED,37.5000,1.0000,180000.0000,120.0000,120.0000,30.0000,25.0000,0.0100,FAIL,0.3570,1.5943,2.4317,1.6482,-1,0,0,FAIL,0.2998,1.0103,1.9857,2.3028,-1,0,0,FAIL,0.4337,1.5935,2.4426,1.6804,-1,0,0,STARTUP_OVERSHOOT
vent#755,SAFETY_LIMITED,37.5000,1.0000,180000.0000,120.0000,120.0000,30.0000,25.0000,0.0100,FAIL,0.1382,0.6575,1.2797,1.4183,-1,0,0,FAIL,-0.0259,0.1643,0.3015,0.2757,-1,0,0,FAIL,-0.0913,0.3862,0.7005,0.5864,-1,0,0,STEADY_MAE
sensor_loss#759,SAFETY_LIMITED,37.5000,1.0000,180000.0000,120.0000,120.0000,30.0000,25.0000,0.0100,FAIL,0.7104,1.5552,1.5741,0.1618,-1,1,0,FAIL,-0.0303,0.1708,0.2994,0.2621,-1,0,0,FAIL,-0.0674,0.3192,0.5811,0.5217,-1,0,0,STEADY_MAE
bad_sample#763,SAFETY_LIMITED,37.5000,1.0000,180000.0000,120.0000,120.0000,30.0000,25.0000,0.0100,FAIL,0.6472,0.5193,1.0956,1.9017,-1,0,0,FAIL,-0.0176,0.1670,0.2952,0.2605,-1,0,0,FAIL,-0.0558,0.3464,0.6297,0.5191,-1,0,0,STEADY_MAE
sensor_frozen#767,SAFETY_LIMITED,37.5000,1.0000,180000.0000,120.0000,120.0000,30.0000,25.0000,0.0100,FAIL,0.6233,0.5110,1.0980,1.9371,-1,0,0,FAIL,-0.0367,0.1946,0.3390,0.2672,-1,0,0,FAIL,-0.0672,0.2775,0.4981,0.4376,-1,0,0,STEADY_MAE
safety_cut#771,SAFETY_LIMITED,37.5000,1.0000,180000.0000,120.0000,120.0000,30.0000,25.0000,0.0100,FAIL,-0.4545,1.5404,1.5646,0.0566,-1,0,0,FAIL,-0.0398,0.1999,0.3353,0.2826,-1,0,0,FAIL,-0.0736,0.3254,0.5733,0.5064,-1,0,0,STEADY_MAE
power_recovery#775,SAFETY_LIMITED,37.5000,1.0000,180000.0000,120.0000,120.0000,30.0000,25.0000,0.0100,FAIL,0.1431,0.5810,1.2737,1.4370,-1,0,0,FAIL,-0.0410,0.1896,0.3351,0.2856,-1,0,0,FAIL,-0.0774,0.4122,0.7584,0.6934,-1,0,0,STEADY_MAE
setpoint_step#779,SAFETY_LIMITED,37.5000,1.0000,180000.0000,120.0000,120.0000,30.0000,25.0000,0.0100,FAIL,0.1242,0.6541,1.2725,1.4155,-1,0,0,FAIL,-0.0179,0.1564,0.3034,0.2770,-1,0,0,FAIL,-0.0146,0.1632,0.3488,0.3534,-1,0,0,STEADY_MAE
noise#783,SAFETY_LIMITED,37.5000,1.0000,180000.0000,120.0000,120.0000,30.0000,25.0000,0.0100,FAIL,0.2138,0.6291,1.2856,1.5120,-1,0,0,FAIL,-0.0164,0.1344,0.2426,0.2161,-1,0,0,FAIL,-0.0912,0.4393,0.7422,0.6049,-1,0,0,STEADY_MAE
jitter_drop#787,SAFETY_LIMITED,37.5000,1.0000,180000.0000,120.0000,120.0000,30.0000,25.0000,0.0100,FAIL,0.1461,0.6228,1.2771,1.4292,-1,0,0,FAIL,-0.0467,0.1967,0.3508,0.2642,-1,0,0,FAIL,-0.0729,0.2682,0.4530,0.4034,-1,0,0,STEADY_MAE
