label,class,mode,sp,eff,capacity,loss,dead,lag,ambient,resolution,overshoot,mae,p95,ripple,settling,rise_s,high,emergency,energy_j,target,confidence,state,kh_err_pct,delay_err_s,hold_err_pp,coast_err_c,t_qualified_s,gain,delay,hold,coast,pred_err,outliers,saves,mismatch
cold#0,REACHABLE,BASELINE_V4,30.0000,0.7000,180000.0000,120.0000,0.0000,3.0000,10.0000,0.1000,-0.2059,0.3301,0.4658,0.2917,-1,-1.0000,0,0,27973120.0000,FAIL,0,UNLEARNED,nan,nan,nan,nan,-1.0000,0.0300,45.0000,0.0000,0.0000,2.0000,0,0,0
cold#0,REACHABLE,ADAPTIVE_V1,30.0000,0.7000,180000.0000,120.0000,0.0000,3.0000,10.0000,0.1000,-0.0237,0.0647,0.0664,0.0054,1438,1437.8000,0,0,28611520.0000,PASS,83,QUALIFIED,-2.4756,4.9887,-0.0332,0.6865,1022.0000,0.0607,7.9887,21.3954,0.8732,0.0017,0,1,0
cold#4,REACHABLE,BASELINE_V4,30.0000,1.0000,180000.0000,120.0000,15.0000,8.0000,10.0000,0.1000,-0.0596,0.3782,0.6127,0.5360,-1,2741.8000,0,0,28225600.0000,FAIL,0,UNLEARNED,nan,nan,nan,nan,-1.0000,0.0300,45.0000,0.0000,0.0000,2.0000,0,0,0
cold#4,REACHABLE,ADAPTIVE_V1,30.0000,1.0000,180000.0000,120.0000,15.0000,8.0000,10.0000,0.1000,0.0707,0.0006,0.0012,0.0014,1082,1081.5000,0,0,28971200.0000,PASS,84,QUALIFIED,-6.8547,3.9377,0.0000,0.5590,708.0000,0.0828,26.9377,15.0000,2.6034,0.0000,10,1,0
cold#8,SAFETY_LIMITED,BASELINE_V4,30.0000,1.2000,180000.0000,120.0000,60.0000,30.0000,10.0000,0.1000,-1.4207,1.9086,2.3094,0.8037,-1,-1.0000,0,0,26388480.0000,FAIL,0,UNLEARNED,nan,nan,nan,nan,-1.0000,0.0300,45.0000,0.0000,0.0000,2.0000,0,0,0
cold#8,SAFETY_LIMITED,ADAPTIVE_V1,30.0000,1.2000,180000.0000,120.0000,60.0000,30.0000,10.0000,0.1000,-0.0403,0.4248,0.7822,0.7810,-1,1643.2000,0,0,28352640.0000,FAIL,91,QUALIFIED,-32.8443,0.4786,-1.1942,-3.2511,916.0000,0.0716,90.4786,11.3058,6.3489,0.0670,0,1,0
cold#12,REACHABLE,BASELINE_V4,30.0000,0.7000,600000.0000,180.0000,0.0000,3.0000,10.0000,0.1000,-0.1385,0.2739,0.3827,0.2470,-1,5358.5000,0,0,45000480.0000,FAIL,0,UNLEARNED,nan,nan,nan,nan,-1.0000,0.0300,45.0000,0.0000,0.0000,2.0000,0,0,0
cold#12,REACHABLE,ADAPTIVE_V1,30.0000,0.7000,600000.0000,180.0000,0.0000,3.0000,10.0000,0.1000,0.0539,0.0056,0.0113,0.0150,3145,3144.2000,0,0,46704000.0000,PASS,94,QUALIFIED,-1.9750,4.7769,-0.0302,0.2038,1954.0000,0.0183,7.7769,32.1127,0.2598,0.0094,0,2,0
cold#16,REACHABLE,BASELINE_V4,30.0000,1.0000,600000.0000,180.0000,15.0000,8.0000,10.0000,0.1000,-0.0982,0.3402,0.4894,0.3547,-1,5668.9000,0,0,46393600.0000,FAIL,0,UNLEARNED,nan,nan,nan,nan,-1.0000,0.0300,45.0000,0.0000,0.0000,2.0000,0,0,0
cold#16,REACHABLE,ADAPTIVE_V1,30.0000,1.0000,600000.0000,180.0000,15.0000,8.0000,10.0000,0.1000,0.0651,0.0305,0.0350,0.0088,2056,2055.1000,0,0,48638400.0000,PASS,94,QUALIFIED,-4.2994,2.8607,-0.0513,0.1644,734.0000,0.0255,25.8607,22.4487,0.7777,0.0037,0,1,0
cold#20,REACHABLE,BASELINE_V4,30.0000,1.2000,600000.0000,180.0000,60.0000,30.0000,10.0000,0.1000,-0.0106,0.4318,0.7733,0.7704,-1,6242.8000,0,0,46429440.0000,FAIL,0,UNLEARNED,nan,nan,nan,nan,-1.0000,0.0300,45.0000,0.0000,0.0000,2.0000,0,0,0
cold#20,REACHABLE,ADAPTIVE_V1,30.0000,1.2000,600000.0000,180.0000,60.0000,30.0000,10.0000,0.1000,-0.6157,0.6365,0.6546,0.0370,-1,-1.0000,0,0,47324160.0000,FAIL,97,QUALIFIED,-26.2503,-1.4722,-13.4443,-0.8298,1160.0000,0.0236,88.5278,5.3057,2.0502,0.0893,0,1,0
cold#24,REACHABLE,BASELINE_V4,30.0000,0.7000,1600000.0000,300.0000,0.0000,3.0000,10.0000,0.1000,-0.2437,0.3048,0.3379,0.0950,-1,-1.0000,0,0,77700000.0000,FAIL,0,UNLEARNED,nan,nan,nan,nan,-1.0000,0.0300,45.0000,0.0000,0.0000,2.0000,0,0,0
cold#24,REACHABLE,ADAPTIVE_V1,30.0000,0.7000,1600000.0000,300.0000,0.0000,3.0000,10.0000,0.1000,-0.2420,0.2532,0.2592,0.0167,-1,-1.0000,0,0,77864640.0000,FAIL,44,LEARNING,-51.2475,12.5330,-0.7843,0.0513,-1.0000,0.0034,15.5330,52.7872,0.0723,0.9363,0,0,0
cold#28,REACHABLE,BASELINE_V4,30.0000,1.0000,1600000.0000,300.0000,15.0000,8.0000,10.0000,0.1000,-0.2863,0.3884,0.4549,0.1694,-1,-1.0000,0,0,81374400.0000,FAIL,0,UNLEARNED,nan,nan,nan,nan,-1.0000,0.0300,45.0000,0.0000,0.0000,2.0000,0,0,0
cold#28,REACHABLE,ADAPTIVE_V1,30.0000,1.0000,1600000.0000,300.0000,15.0000,8.0000,10.0000,0.1000,-0.1108,0.1267,0.1388,0.0300,7397,7396.4000,0,0,82180800.0000,FAIL,62,QUALIFIED,2.8863,5.1461,-0.0289,0.1047,7300.0000,0.0103,28.1461,37.4711,0.3347,0.3919,0,1,0
cold#32,REACHABLE,BASELINE_V4,30.0000,1.2000,1600000.0000,300.0000,60.0000,30.0000,10.0000,0.1000,-0.3061,0.4303,0.5401,0.2400,-1,-1.0000,0,0,78213120.0000,FAIL,0,UNLEARNED,nan,nan,nan,nan,-1.0000,0.0300,45.0000,0.0000,0.0000,2.0000,0,0,0
cold#32,REACHABLE,ADAPTIVE_V1,30.0000,1.2000,1600000.0000,300.0000,60.0000,30.0000,10.0000,0.1000,-0.1047,0.4480,0.8944,0.8017,-1,10342.8000,0,0,86271360.0000,FAIL,32,DEGRADED,-12.1814,-16.5763,-3.8094,-0.3167,954.0000,0.0105,73.4237,27.4406,0.7633,0.5624,0,2,2
cold#36,REACHABLE,BASELINE_V4,30.0000,0.7000,180000.0000,120.0000,0.0000,3.0000,20.0000,0.1000,-0.0327,0.1549,0.2422,0.2119,-1,1561.8000,0,0,14204960.0000,FAIL,0,UNLEARNED,nan,nan,nan,nan,-1.0000,0.0300,45.0000,0.0000,0.0000,2.0000,0,0,0
cold#36,REACHABLE,ADAPTIVE_V1,30.0000,0.7000,180000.0000,120.0000,0.0000,3.0000,20.0000,0.1000,0.0563,0.0260,0.0477,0.1025,1660,1629.1000,0,0,14383040.0000,PASS,61,QUALIFIED,0.2313,4.7454,0.0283,0.6971,1908.0000,0.0624,7.7454,10.7426,0.8838,0.0116,7,1,0
cold#40,REACHABLE,BASELINE_V4,30.0000,1.0000,180000.0000,120.0000,15.0000,8.0000,20.0000,0.1000,-0.0012,0.2074,0.3563,0.3617,-1,1804.2000,0,0,14288000.0000,FAIL,0,UNLEARNED,nan,nan,nan,nan,-1.0000,0.0300,45.0000,0.0000,0.0000,2.0000,0,0,0
cold#40,REACHABLE,ADAPTIVE_V1,30.0000,1.0000,180000.0000,120.0000,15.0000,8.0000,20.0000,0.1000,0.0796,0.0031,0.0052,0.0068,1699,1551.4000,0,0,14505600.0000,PASS,61,QUALIFIED,-47.5172,27.0000,-0.0050,0.3908,1968.0000,0.0467,50.0000,7.4950,2.4352,0.0068,3,1,0
cold#44,SAFETY_LIMITED,BASELINE_V4,30.0000,1.2000,180000.0000,120.0000,60.0000,30.0000,20.0000,0.1000,0.1282,0.3443,0.6354,0.7217,-1,1459.0000,0,0,14054400.0000,FAIL,0,UNLEARNED,nan,nan,nan,nan,-1.0000,0.0300,45.0000,0.0000,0.0000,2.0000,0,0,0
cold#44,SAFETY_LIMITED,ADAPTIVE_V1,30.0000,1.2000,180000.0000,120.0000,60.0000,30.0000,20.0000,0.1000,0.1222,0.3334,0.6337,0.7329,-1,1459.0000,0,0,14037120.0000,FAIL,52,LEARNING,-30.1898,0.6993,-6.2500,-2.9853,-1.0000,0.0745,90.6993,0.0000,6.6147,0.0809,0,0,0
cold#48,REACHABLE,BASELINE_V4,30.0000,0.7000,600000.0000,180.0000,0.0000,3.0000,20.0000,0.1000,-0.1401,0.2099,0.2705,0.1331,-1,2937.8000,0,0,23573760.0000,FAIL,0,UNLEARNED,nan,nan,nan,nan,-1.0000,0.0300,45.0000,0.0000,0.0000,2.0000,0,0,0
cold#48,REACHABLE,ADAPTIVE_V1,30.0000,0.7000,600000.0000,180.0000,0.0000,3.0000,20.0000,0.1000,0.0531,0.0224,0.0253,0.0073,2021,2020.6000,0,0,24208800.0000,PASS,72,QUALIFIED,-4.7576,4.3657,-0.0500,0.1899,1542.0000,0.0178,7.3657,16.0214,0.2459,0.0076,0,1,0
cold#52,REACHABLE,BASELINE_V4,30.0000,1.0000,600000.0000,180.0000,15.0000,8.0000,20.0000,0.1000,-0.0870,0.1628,0.2081,0.1232,-1,2389.0000,0,0,24000000.0000,FAIL,0,UNLEARNED,nan,nan,nan,nan,-1.0000,0.0300,45.0000,0.0000,0.0000,2.0000,0,0,0
cold#52,REACHABLE,ADAPTIVE_V1,30.0000,1.0000,600000.0000,180.0000,15.0000,8.0000,20.0000,0.1000,0.0665,0.0267,0.0505,0.1149,2345,1232.7000,0,0,24596800.0000,PASS,77,QUALIFIED,-4.5315,4.1275,0.0440,0.1915,642.0000,0.0255,27.1275,11.2940,0.8049,0.1161,30,1,1
cold#56,REACHABLE,BASELINE_V4,30.0000,1.2000,600000.0000,180.0000,60.0000,30.0000,20.0000,0.1000,0.0341,0.2703,0.5234,0.5339,-1,2754.2000,0,0,23612160.0000,FAIL,0,UNLEARNED,nan,nan,nan,nan,-1.0000,0.0300,45.0000,0.0000,0.0000,2.0000,0,0,0
cold#56,REACHABLE,ADAPTIVE_V1,30.0000,1.2000,600000.0000,180.0000,60.0000,30.0000,20.0000,0.1000,0.1535,0.1071,0.1306,0.1220,6221,1955.1000,0,0,24105600.0000,FAIL,84,QUALIFIED,-38.1484,-1.1742,0.0062,-1.1552,1710.0000,0.0198,88.8258,9.3812,1.7248,0.1634,24,1,0
cold#60,REACHABLE,BASELINE_V4,30.0000,0.7000,1600000.0000,300.0000,0.0000,3.0000,20.0000,0.1000,-0.1421,0.2005,0.2296,0.0878,-1,5314.1000,0,0,41277600.0000,FAIL,0,UNLEARNED,nan,nan,nan,nan,-1.0000,0.0300,45.0000,0.0000,0.0000,2.0000,0,0,0
cold#60,REACHABLE,ADAPTIVE_V1,30.0000,0.7000,1600000.0000,300.0000,0.0000,3.0000,20.0000,0.1000,0.0517,0.0440,0.0456,0.0028,2867,2866.9000,0,0,44489760.0000,PASS,95,QUALIFIED,0.1864,4.8866,0.1577,0.0793,1162.0000,0.0070,7.8866,26.9434,0.1003,0.0061,1,2,0
cold#64,REACHABLE,BASELINE_V4,30.0000,1.0000,1600000.0000,300.0000,15.0000,8.0000,20.0000,0.1000,-0.1107,0.1865,0.2295,0.1188,-1,4706.6000,0,0,43225600.0000,FAIL,0,UNLEARNED,nan,nan,nan,nan,-1.0000,0.0300,45.0000,0.0000,0.0000,2.0000,0,0,0
cold#64,REACHABLE,ADAPTIVE_V1,30.0000,1.0000,1600000.0000,300.0000,15.0000,8.0000,20.0000,0.1000,0.0585,0.0336,0.0705,0.1277,2297,2296.6000,0,0,45328000.0000,PASS,93,QUALIFIED,1.2007,4.2897,0.4856,0.0914,996.0000,0.0101,27.2897,19.2356,0.3214,0.1811,16,1,0
cold#68,REACHABLE,BASELINE_V4,30.0000,1.2000,1600000.0000,300.0000,60.0000,30.0000,20.0000,0.1000,-0.1166,0.2067,0.2860,0.1670,-1,5125.9000,0,0,42059520.0000,FAIL,0,UNLEARNED,nan,nan,nan,nan,-1.0000,0.0300,45.0000,0.0000,0.0000,2.0000,0,0,0
cold#68,REACHABLE,ADAPTIVE_V1,30.0000,1.2000,1600000.0000,300.0000,60.0000,30.0000,20.0000,0.1000,0.1781,0.0781,0.1252,0.1252,4114,3245.0000,0,0,43637760.0000,PASS,87,QUALIFIED,-26.8499,-4.5420,0.0063,-0.3414,2544.0000,0.0088,85.4580,15.6313,0.7386,0.3806,0,2,0
cold#72,REACHABLE,BASELINE_V4,30.0000,0.7000,180000.0000,120.0000,0.0000,3.0000,25.0000,0.1000,-0.0365,0.1000,0.1315,0.0951,1002,956.5000,0,0,7112000.0000,PASS,0,UNLEARNED,nan,nan,nan,nan,-1.0000,0.0300,45.0000,0.0000,0.0000,2.0000,0,0,0
cold#72,REACHABLE,ADAPTIVE_V1,30.0000,0.7000,180000.0000,120.0000,0.0000,3.0000,25.0000,0.1000,-0.0347,0.0783,0.0996,0.0680,1002,956.5000,0,0,7135520.0000,PASS,38,LEARNING,-51.7857,42.0000,-0.1760,1.2443,-1.0000,0.0300,45.0000,5.1812,1.4310,0.0572,0,0,0
cold#76,REACHABLE,BASELINE_V4,30.0000,1.0000,180000.0000,120.0000,15.0000,8.0000,25.0000,0.1000,0.0383,0.1535,0.2007,0.1790,-1,654.5000,0,0,7123200.0000,FAIL,0,UNLEARNED,nan,nan,nan,nan,-1.0000,0.0300,45.0000,0.0000,0.0000,2.0000,0,0,0
cold#76,REACHABLE,ADAPTIVE_V1,30.0000,1.0000,180000.0000,120.0000,15.0000,8.0000,25.0000,0.1000,0.0397,0.0691,0.1252,0.1703,1703,654.5000,0,0,7222400.0000,PASS,38,LEARNING,-66.2500,22.0000,-0.2250,-0.6134,-1.0000,0.0300,45.0000,3.5250,1.4310,0.1569,0,0,0
cold#80,SAFETY_LIMITED,BASELINE_V4,30.0000,1.2000,180000.0000,120.0000,60.0000,30.0000,25.0000,0.1000,0.4230,0.1955,0.3644,0.6384,-1,704.0000,0,0,7200000.0000,FAIL,0,UNLEARNED,nan,nan,nan,nan,-1.0000,0.0300,45.0000,0.0000,0.0000,2.0000,0,0,0
cold#80,SAFETY_LIMITED,ADAPTIVE_V1,30.0000,1.2000,180000.0000,120.0000,60.0000,30.0000,25.0000,0.1000,0.4230,0.1955,0.3644,0.6384,-1,704.0000,0,0,7200000.0000,FAIL,45,LEARNING,-71.8750,70.0000,-3.1250,-7.0320,-1.0000,0.0300,160.0000,0.0000,2.5680,0.3774,0,0,0
cold#84,REACHABLE,BASELINE_V4,30.0000,0.7000,600000.0000,180.0000,0.0000,3.0000,25.0000,0.1000,-0.1232,0.1643,0.1847,0.0628,-1,1875.6000,0,0,11796960.0000,FAIL,0,UNLEARNED,nan,nan,nan,nan,-1.0000,0.0300,45.0000,0.0000,0.0000,2.0000,0,0,0
cold#84,REACHABLE,ADAPTIVE_V1,30.0000,0.7000,600000.0000,180.0000,0.0000,3.0000,25.0000,0.1000,-0.1232,0.1455,0.1553,0.0314,-1,1875.6000,0,0,11842880.0000,FAIL,41,LEARNING,60.7143,42.0000,-0.3099,1.3750,-1.0000,0.0300,45.0000,7.7259,1.4310,0.0921,0,0,0
cold#88,REACHABLE,BASELINE_V4,30.0000,1.0000,600000.0000,180.0000,15.0000,8.0000,25.0000,0.1000,-0.0108,0.0765,0.1168,0.1077,1435,1434.3000,0,0,12123200.0000,PASS,0,UNLEARNED,nan,nan,nan,nan,-1.0000,0.0300,45.0000,0.0000,0.0000,2.0000,0,0,0
cold#88,REACHABLE,ADAPTIVE_V1,30.0000,1.0000,600000.0000,180.0000,15.0000,8.0000,25.0000,0.1000,-0.0121,0.0593,0.0823,0.0656,1435,1434.3000,0,0,12176000.0000,PASS,43,LEARNING,12.5000,22.0000,0.1847,0.8177,-1.0000,0.0300,45.0000,5.8097,1.4310,0.1652,0,0,0
cold#92,REACHABLE,BASELINE_V4,30.0000,1.2000,600000.0000,180.0000,60.0000,30.0000,25.0000,0.1000,0.1754,0.1015,0.1921,0.3308,-1,1601.3000,0,0,12234240.0000,FAIL,0,UNLEARNED,nan,nan,nan,nan,-1.0000,0.0300,45.0000,0.0000,0.0000,2.0000,0,0,0
cold#92,REACHABLE,ADAPTIVE_V1,30.0000,1.2000,600000.0000,180.0000,60.0000,30.0000,25.0000,0.1000,0.2015,0.0768,0.1428,0.2661,7013,1462.6000,0,0,12238080.0000,FAIL,83,QUALIFIED,-6.2500,-90.0000,-0.6842,-2.6525,1378.0000,0.0300,0.0000,4.0033,0.2275,0.1491,0,1,0
cold#96,REACHABLE,BASELINE_V4,30.0000,0.7000,1600000.0000,300.0000,0.0000,3.0000,25.0000,0.1000,-0.1417,0.1537,0.1574,0.0112,-1,3112.2000,0,0,21470400.0000,FAIL,0,UNLEARNED,nan,nan,nan,nan,-1.0000,0.0300,45.0000,0.0000,0.0000,2.0000,0,0,0
cold#96,REACHABLE,ADAPTIVE_V1,30.0000,0.7000,1600000.0000,300.0000,0.0000,3.0000,25.0000,0.1000,-0.0293,0.0436,0.0439,0.0008,1557,1556.4000,0,0,22821120.0000,PASS,88,QUALIFIED,-1.4783,-3.0000,-0.1429,0.0287,660.0000,0.0069,0.0000,13.2500,0.0497,0.0115,0,1,0
cold#100,REACHABLE,BASELINE_V4,30.0000,1.0000,1600000.0000,300.0000,15.0000,8.0000,25.0000,0.1000,-0.1255,0.1510,0.1638,0.0347,-1,2653.1000,0,0,22046400.0000,FAIL,0,UNLEARNED,nan,nan,nan,nan,-1.0000,0.0300,45.0000,0.0000,0.0000,2.0000,0,0,0
cold#100,REACHABLE,ADAPTIVE_V1,30.0000,1.0000,1600000.0000,300.0000,15.0000,8.0000,25.0000,0.1000,0.0575,0.0240,0.0245,0.0012,1994,1993.1000,0,0,22910400.0000,PASS,78,QUALIFIED,-5.8821,3.8485,0.0750,0.0652,1608.0000,0.0094,26.8485,9.4500,0.2952,0.0033,0,1,0
cold#104,REACHABLE,BASELINE_V4,30.0000,1.2000,1600000.0000,300.0000,60.0000,30.0000,25.0000,0.1000,0.0799,0.0800,0.1575,0.1924,-1,2799.1000,0,0,22151040.0000,FAIL,0,UNLEARNED,nan,nan,nan,nan,-1.0000,0.0300,45.0000,0.0000,0.0000,2.0000,0,0,0
cold#104,REACHABLE,ADAPTIVE_V1,30.0000,1.2000,1600000.0000,300.0000,60.0000,30.0000,25.0000,0.1000,0.1828,0.0609,0.0938,0.0751,2797,1994.9000,0,0,22406400.0000,PASS,90,QUALIFIED,-26.9000,0.4633,0.2490,-0.3027,1476.0000,0.0088,90.4633,8.0615,0.7773,0.3861,0,1,0
cold#108,REACHABLE,BASELINE_V4,30.0000,0.7000,180000.0000,120.0000,0.0000,3.0000,28.0000,0.1000,-0.1397,0.1464,0.1523,0.0146,-1,437.1000,0,0,2704800.0000,FAIL,0,UNLEARNED,nan,nan,nan,nan,-1.0000,0.0300,45.0000,0.0000,0.0000,2.0000,0,0,0
cold#108,REACHABLE,ADAPTIVE_V1,30.0000,0.7000,180000.0000,120.0000,0.0000,3.0000,28.0000,0.1000,-0.1397,0.1464,0.1523,0.0146,-1,437.1000,0,0,2704800.0000,FAIL,38,LEARNING,-51.7857,42.0000,-0.1561,1.2443,-1.0000,0.0300,45.0000,1.9868,1.4310,0.0633,0,0,0
cold#112,REACHABLE,BASELINE_V4,30.0000,1.0000,180000.0000,120.0000,15.0000,8.0000,28.0000,0.1000,-0.0598,0.1145,0.1648,0.1110,-1,491.3000,0,0,2755200.0000,FAIL,0,UNLEARNED,nan,nan,nan,nan,-1.0000,0.0300,45.0000,0.0000,0.0000,2.0000,0,0,0
cold#112,REACHABLE,ADAPTIVE_V1,30.0000,1.0000,180000.0000,120.0000,15.0000,8.0000,28.0000,0.1000,-0.0598,0.1145,0.1648,0.1110,-1,491.3000,0,0,2755200.0000,FAIL,38,LEARNING,-66.2500,22.0000,-0.2516,-0.6134,-1.0000,0.0300,45.0000,1.2484,1.4310,0.1908,0,0,0
cold#116,SAFETY_LIMITED,BASELINE_V4,30.0000,1.2000,180000.0000,120.0000,60.0000,30.0000,28.0000,0.1000,0.1230,0.0738,0.1474,0.2564,-1,349.5000,0,0,2914560.0000,FAIL,0,UNLEARNED,nan,nan,nan,nan,-1.0000,0.0300,45.0000,0.0000,0.0000,2.0000,0,0,0
cold#116,SAFETY_LIMITED,ADAPTIVE_V1,30.0000,1.2000,180000.0000,120.0000,60.0000,30.0000,28.0000,0.1000,0.1230,0.0738,0.1474,0.2564,-1,349.5000,0,0,2914560.0000,FAIL,38,LEARNING,-71.8750,-45.0000,-0.2251,-8.7845,-1.0000,0.0300,45.0000,1.0249,0.8155,0.1872,0,0,0
cold#120,REACHABLE,BASELINE_V4,30.0000,0.7000,600000.0000,180.0000,0.0000,3.0000,28.0000,0.1000,-0.0422,0.0546,0.0595,0.0144,1067,1066.4000,0,0,4771200.0000,PASS,0,UNLEARNED,nan,nan,nan,nan,-1.0000,0.0300,45.0000,0.0000,0.0000,2.0000,0,0,0
cold#120,REACHABLE,ADAPTIVE_V1,30.0000,0.7000,600000.0000,180.0000,0.0000,3.0000,28.0000,0.1000,-0.0422,0.0530,0.0574,0.0134,1067,1066.4000,0,0,4777920.0000,PASS,38,LEARNING,60.7143,42.0000,-0.1545,1.3750,-1.0000,0.0300,45.0000,3.0598,1.4310,0.1591,0,0,0
cold#124,REACHABLE,BASELINE_V4,30.0000,1.0000,600000.0000,180.0000,15.0000,8.0000,28.0000,0.1000,-0.0257,0.0490,0.0682,0.0435,869,869.0000,0,0,4833600.0000,PASS,0,UNLEARNED,nan,nan,nan,nan,-1.0000,0.0300,45.0000,0.0000,0.0000,2.0000,0,0,0
cold#124,REACHABLE,ADAPTIVE_V1,30.0000,1.0000,600000.0000,180.0000,15.0000,8.0000,28.0000,0.1000,-0.0256,0.0489,0.0681,0.0436,869,869.0000,0,0,4833600.0000,PASS,38,LEARNING,12.5000,22.0000,0.0803,0.8177,-1.0000,0.0300,45.0000,2.3303,1.4310,0.2059,0,0,0
cold#128,REACHABLE,BASELINE_V4,30.0000,1.2000,600000.0000,180.0000,60.0000,30.0000,28.0000,0.1000,0.2093,0.0578,0.0976,0.1991,1335,894.6000,0,0,4965120.0000,PASS,0,UNLEARNED,nan,nan,nan,nan,-1.0000,0.0300,45.0000,0.0000,0.0000,2.0000,0,0,0
cold#128,REACHABLE,ADAPTIVE_V1,30.0000,1.2000,600000.0000,180.0000,60.0000,30.0000,28.0000,0.1000,0.2093,0.0501,0.1045,0.2090,1335,894.6000,0,0,4947840.0000,PASS,53,LEARNING,-31.9134,-90.0000,-0.0287,-2.7516,-1.0000,0.0218,0.0000,1.8463,0.1284,0.2616,0,0,0
cold#132,REACHABLE,BASELINE_V4,30.0000,0.7000,1600000.0000,300.0000,0.0000,3.0000,28.0000,0.1000,-0.0443,0.0553,0.0589,0.0113,1819,1818.1000,0,0,8814400.0000,PASS,0,UNLEARNED,nan,nan,nan,nan,-1.0000,0.0300,45.0000,0.0000,0.0000,2.0000,0,0,0
cold#132,REACHABLE,ADAPTIVE_V1,30.0000,0.7000,1600000.0000,300.0000,0.0000,3.0000,28.0000,0.1000,-0.0451,0.0521,0.0540,0.0059,1819,1818.6000,0,0,8822240.0000,PASS,44,LEARNING,-61.2723,105.7037,-0.1392,0.2637,-1.0000,0.0027,108.7037,5.2179,0.2847,0.8121,0,0,0
cold#136,REACHABLE,BASELINE_V4,30.0000,1.0000,1600000.0000,300.0000,15.0000,8.0000,28.0000,0.1000,-0.0249,0.0533,0.0632,0.0253,1547,1546.3000,0,0,8961600.0000,PASS,0,UNLEARNED,nan,nan,nan,nan,-1.0000,0.0300,45.0000,0.0000,0.0000,2.0000,0,0,0
cold#136,REACHABLE,ADAPTIVE_V1,30.0000,1.0000,1600000.0000,300.0000,15.0000,8.0000,28.0000,0.1000,0.0578,0.0370,0.0377,0.0019,1519,1518.7000,0,0,9360000.0000,PASS,52,LEARNING,-32.9000,9.2135,0.0157,0.0128,-1.0000,0.0067,32.2135,3.7657,0.2428,0.0036,0,0,0
cold#140,REACHABLE,BASELINE_V4,30.0000,1.2000,1600000.0000,300.0000,60.0000,30.0000,28.0000,0.1000,-0.0374,0.1013,0.1602,0.1240,-1,1887.6000,0,0,8622720.0000,FAIL,0,UNLEARNED,nan,nan,nan,nan,-1.0000,0.0300,45.0000,0.0000,0.0000,2.0000,0,0,0
cold#140,REACHABLE,ADAPTIVE_V1,30.0000,1.2000,1600000.0000,300.0000,60.0000,30.0000,28.0000,0.1000,0.0109,0.1094,0.1383,0.0580,1861,1860.7000,0,0,8634240.0000,FAIL,66,QUALIFIED,-29.3800,2.5608,-0.2924,-0.3130,2100.0000,0.0085,92.5608,2.8326,0.7670,0.0928,0,1,0
cold#144,COOLING_REQUIRED,BASELINE_V4,30.0000,0.7000,180000.0000,120.0000,0.0000,3.0000,35.0000,0.1000,5.0000,5.0000,5.0000,0.0000,-1,0.0000,0,0,0.0000,FAIL,0,UNLEARNED,nan,nan,nan,nan,-1.0000,0.0300,45.0000,0.0000,0.0000,2.0000,0,0,0
cold#144,COOLING_REQUIRED,ADAPTIVE_V1,30.0000,0.7000,180000.0000,120.0000,0.0000,3.0000,35.0000,0.1000,5.0000,5.0000,5.0000,0.0000,-1,0.0000,0,0,0.0000,FAIL,18,LEARNING,-51.7857,42.0000,0.0000,1.2443,-1.0000,0.0300,45.0000,0.0000,1.4310,0.0000,0,0,0
cold#148,COOLING_REQUIRED,BASELINE_V4,30.0000,1.0000,180000.0000,120.0000,15.0000,8.0000,35.0000,0.1000,5.0000,5.0000,5.0000,0.0000,-1,0.0000,0,0,0.0000,FAIL,0,UNLEARNED,nan,nan,nan,nan,-1.0000,0.0300,45.0000,0.0000,0.0000,2.0000,0,0,0
cold#148,COOLING_REQUIRED,ADAPTIVE_V1,30.0000,1.0000,180000.0000,120.0000,15.0000,8.0000,35.0000,0.1000,5.0000,5.0000,5.0000,0.0000,-1,0.0000,0,0,0.0000,FAIL,18,LEARNING,-66.2500,22.0000,0.0000,-0.6134,-1.0000,0.0300,45.0000,0.0000,1.4310,0.0000,0,0,0
cold#152,COOLING_REQUIRED,BASELINE_V4,30.0000,1.2000,180000.0000,120.0000,60.0000,30.0000,35.0000,0.1000,5.0000,5.0000,5.0000,0.0000,-1,0.0000,0,0,0.0000,FAIL,0,UNLEARNED,nan,nan,nan,nan,-1.0000,0.0300,45.0000,0.0000,0.0000,2.0000,0,0,0
cold#152,COOLING_REQUIRED,ADAPTIVE_V1,30.0000,1.2000,180000.0000,120.0000,60.0000,30.0000,35.0000,0.1000,5.0000,5.0000,5.0000,0.0000,-1,0.0000,0,0,0.0000,FAIL,18,LEARNING,-71.8750,-45.0000,0.0000,-8.1690,-1.0000,0.0300,45.0000,0.0000,1.4310,0.0000,0,0,0
cold#156,COOLING_REQUIRED,BASELINE_V4,30.0000,0.7000,600000.0000,180.0000,0.0000,3.0000,35.0000,0.1000,5.0000,5.0000,5.0000,0.0000,-1,0.0000,0,0,0.0000,FAIL,0,UNLEARNED,nan,nan,nan,nan,-1.0000,0.0300,45.0000,0.0000,0.0000,2.0000,0,0,0
cold#156,COOLING_REQUIRED,ADAPTIVE_V1,30.0000,0.7000,600000.0000,180.0000,0.0000,3.0000,35.0000,0.1000,5.0000,5.0000,5.0000,0.0000,-1,0.0000,0,0,0.0000,FAIL,18,LEARNING,60.7143,42.0000,0.0000,1.3750,-1.0000,0.0300,45.0000,0.0000,1.4310,0.0000,0,0,0
cold#160,COOLING_REQUIRED,BASELINE_V4,30.0000,1.0000,600000.0000,180.0000,15.0000,8.0000,35.0000,0.1000,5.0000,5.0000,5.0000,0.0000,-1,0.0000,0,0,0.0000,FAIL,0,UNLEARNED,nan,nan,nan,nan,-1.0000,0.0300,45.0000,0.0000,0.0000,2.0000,0,0,0
cold#160,COOLING_REQUIRED,ADAPTIVE_V1,30.0000,1.0000,600000.0000,180.0000,15.0000,8.0000,35.0000,0.1000,5.0000,5.0000,5.0000,0.0000,-1,0.0000,0,0,0.0000,FAIL,18,LEARNING,12.5000,22.0000,0.0000,0.8177,-1.0000,0.0300,45.0000,0.0000,1.4310,0.0000,0,0,0
cold#164,COOLING_REQUIRED,BASELINE_V4,30.0000,1.2000,600000.0000,180.0000,60.0000,30.0000,35.0000,0.1000,5.0000,5.0000,5.0000,0.0000,-1,0.0000,0,0,0.0000,FAIL,0,UNLEARNED,nan,nan,nan,nan,-1.0000,0.0300,45.0000,0.0000,0.0000,2.0000,0,0,0
cold#164,COOLING_REQUIRED,ADAPTIVE_V1,30.0000,1.2000,600000.0000,180.0000,60.0000,30.0000,35.0000,0.1000,5.0000,5.0000,5.0000,0.0000,-1,0.0000,0,0,0.0000,FAIL,18,LEARNING,-6.2500,-45.0000,0.0000,-1.4490,-1.0000,0.0300,45.0000,0.0000,1.4310,0.0000,0,0,0
cold#168,COOLING_REQUIRED,BASELINE_V4,30.0000,0.7000,1600000.0000,300.0000,0.0000,3.0000,35.0000,0.1000,5.0000,5.0000,5.0000,0.0000,-1,0.0000,0,0,0.0000,FAIL,0,UNLEARNED,nan,nan,nan,nan,-1.0000,0.0300,45.0000,0.0000,0.0000,2.0000,0,0,0
cold#168,COOLING_REQUIRED,ADAPTIVE_V1,30.0000,0.7000,1600000.0000,300.0000,0.0000,3.0000,35.0000,0.1000,5.0000,5.0000,5.0000,0.0000,-1,0.0000,0,0,0.0000,FAIL,18,LEARNING,328.5714,42.0000,0.0000,1.4100,-1.0000,0.0300,45.0000,0.0000,1.4310,0.0000,0,0,0
cold#172,COOLING_REQUIRED,BASELINE_V4,30.0000,1.0000,1600000.0000,300.0000,15.0000,8.0000,35.0000,0.1000,5.0000,5.0000,5.0000,0.0000,-1,0.0000,0,0,0.0000,FAIL,0,UNLEARNED,nan,nan,nan,nan,-1.0000,0.0300,45.0000,0.0000,0.0000,2.0000,0,0,0
cold#172,COOLING_REQUIRED,ADAPTIVE_V1,30.0000,1.0000,1600000.0000,300.0000,15.0000,8.0000,35.0000,0.1000,5.0000,5.0000,5.0000,0.0000,-1,0.0000,0,0,0.0000,FAIL,18,LEARNING,200.0000,22.0000,0.0000,1.2010,-1.0000,0.0300,45.0000,0.0000,1.4310,0.0000,0,0,0
cold#176,COOLING_REQUIRED,BASELINE_V4,30.0000,1.2000,1600000.0000,300.0000,60.0000,30.0000,35.0000,0.1000,5.0000,5.0000,5.0000,0.0000,-1,0.0000,0,0,0.0000,FAIL,0,UNLEARNED,nan,nan,nan,nan,-1.0000,0.0300,45.0000,0.0000,0.0000,2.0000,0,0,0
cold#176,COOLING_REQUIRED,ADAPTIVE_V1,30.0000,1.2000,1600000.0000,300.0000,60.0000,30.0000,35.0000,0.1000,5.0000,5.0000,5.0000,0.0000,-1,0.0000,0,0,0.0000,FAIL,18,LEARNING,150.0000,-45.0000,0.0000,0.3510,-1.0000,0.0300,45.0000,0.0000,1.4310,0.0000,0,0,0
cold#180,REACHABLE,BASELINE_V4,32.0000,0.7000,180000.0000,120.0000,0.0000,3.0000,10.0000,0.1000,-0.2053,0.3773,0.5463,0.3421,-1,-1.0000,0,0,30581600.0000,FAIL,0,UNLEARNED,nan,nan,nan,nan,-1.0000,0.0300,45.0000,0.0000,0.0000,2.0000,0,0,0
cold#180,REACHABLE,ADAPTIVE_V1,32.0000,0.7000,180000.0000,120.0000,0.0000,3.0000,10.0000,0.1000,-0.0229,0.0665,0.0674,0.0028,1187,1186.8000,0,0,31534720.0000,PASS,90,QUALIFIED,-0.8705,4.8582,-0.0714,0.6937,846.0000,0.0617,7.8582,23.5000,0.8803,0.0082,0,1,0
cold#184,REACHABLE,BASELINE_V4,32.0000,1.0000,180000.0000,120.0000,15.0000,8.0000,10.0000,0.1000,-0.0417,0.3819,0.6588,0.5725,-1,2920.6000,0,0,31108800.0000,FAIL,0,UNLEARNED,nan,nan,nan,nan,-1.0000,0.0300,45.0000,0.0000,0.0000,2.0000,0,0,0
cold#184,REACHABLE,ADAPTIVE_V1,32.0000,1.0000,180000.0000,120.0000,15.0000,8.0000,10.0000,0.1000,0.0607,0.0009,0.0017,0.0030,1105,1104.6000,0,0,31825600.0000,PASS,89,QUALIFIED,-6.1570,3.9235,-0.0000,0.5774,660.0000,0.0834,26.9235,16.5000,2.6219,0.0017,4,1,0
cold#188,SAFETY_LIMITED,BASELINE_V4,32.0000,1.2000,180000.0000,120.0000,60.0000,30.0000,10.0000,0.1000,-1.6327,2.0604,2.5456,0.9589,-1,-1.0000,0,0,29180160.0000,FAIL,0,UNLEARNED,nan,nan,nan,nan,-1.0000,0.0300,45.0000,0.0000,0.0000,2.0000,0,0,0
cold#188,SAFETY_LIMITED,ADAPTIVE_V1,32.0000,1.2000,180000.0000,120.0000,60.0000,30.0000,10.0000,0.1000,0.0377,0.5006,0.9500,0.9710,-1,1973.3000,0,0,31259520.0000,FAIL,80,QUALIFIED,-23.0843,-0.2956,-0.4032,-2.3855,930.0000,0.0820,89.7044,13.3468,7.2145,0.0578,0,2,0
cold#192,REACHABLE,BASELINE_V4,32.0000,0.7000,600000.0000,180.0000,0.0000,3.0000,10.0000,0.1000,-0.2364,0.2583,0.2678,0.0291,-1,-1.0000,0,0,49314720.0000,FAIL,0,UNLEARNED,nan,nan,nan,nan,-1.0000,0.0300,45.0000,0.0000,0.0000,2.0000,0,0,0
cold#192,REACHABLE,ADAPTIVE_V1,32.0000,0.7000,600000.0000,180.0000,0.0000,3.0000,10.0000,0.1000,-0.0427,0.0539,0.0631,0.0226,6506,5663.7000,0,0,49610400.0000,PASS,57,LEARNING,-1.4182,5.0000,-0.1098,0.2090,6476.0000,0.0184,8.0000,35.2473,0.2650,0.1917,0,1,0
cold#196,REACHABLE,BASELINE_V4,32.0000,1.0000,600000.0000,180.0000,15.0000,8.0000,10.0000,0.1000,-0.1012,0.2780,0.4358,0.3606,-1,7079.7000,0,0,50388800.0000,FAIL,0,UNLEARNED,nan,nan,nan,nan,-1.0000,0.0300,45.0000,0.0000,0.0000,2.0000,0,0,0
cold#196,REACHABLE,ADAPTIVE_V1,32.0000,1.0000,600000.0000,180.0000,15.0000,8.0000,10.0000,0.1000,0.0655,0.0024,0.0031,0.0020,3033,3032.9000,0,0,52313600.0000,PASS,87,QUALIFIED,-9.5092,3.3911,-0.0000,0.1336,2076.0000,0.0241,26.3911,24.7500,0.7469,0.0026,19,1,0
cold#200,REACHABLE,BASELINE_V4,32.0000,1.2000,600000.0000,180.0000,60.0000,30.0000,10.0000,0.1000,-0.0334,0.4514,0.8276,0.8013,-1,8372.4000,0,0,49981440.0000,FAIL,0,UNLEARNED,nan,nan,nan,nan,-1.0000,0.0300,45.0000,0.0000,0.0000,2.0000,0,0,0
cold#200,REACHABLE,ADAPTIVE_V1,32.0000,1.2000,600000.0000,180.0000,60.0000,30.0000,10.0000,0.1000,-0.0281,0.4420,1.0601,1.0592,-1,9255.8000,0,0,52114560.0000,FAIL,33,DEGRADED,-14.1290,-10.3898,-0.7134,-0.7127,1280.0000,0.0275,79.6102,19.9116,2.1673,0.0959,0,1,2
cold#204,REACHABLE,BASELINE_V4,32.0000,0.7000,1600000.0000,300.0000,0.0000,3.0000,10.0000,0.1000,-0.3390,0.3537,0.3581,0.0134,-1,-1.0000,0,0,84493920.0000,FAIL,0,UNLEARNED,nan,nan,nan,nan,-1.0000,0.0300,45.0000,0.0000,0.0000,2.0000,0,0,0
cold#204,REACHABLE,ADAPTIVE_V1,32.0000,0.7000,1600000.0000,300.0000,0.0000,3.0000,10.0000,0.1000,-0.2460,0.2690,0.2809,0.0385,-1,-1.0000,0,0,84672000.0000,FAIL,39,LEARNING,328.5714,42.0000,-0.8242,1.4100,-1.0000,0.0300,45.0000,58.1044,1.4310,0.2304,0,0,0
cold#208,REACHABLE,BASELINE_V4,32.0000,1.0000,1600000.0000,300.0000,15.0000,8.0000,10.0000,0.1000,-0.2806,0.4030,0.4919,0.2047,-1,-1.0000,0,0,89692800.0000,FAIL,0,UNLEARNED,nan,nan,nan,nan,-1.0000,0.0300,45.0000,0.0000,0.0000,2.0000,0,0,0
cold#208,REACHABLE,ADAPTIVE_V1,32.0000,1.0000,1600000.0000,300.0000,15.0000,8.0000,10.0000,0.1000,-0.1140,0.1287,0.1404,0.0282,7495,7494.9000,0,0,90350400.0000,FAIL,63,QUALIFIED,-7.8385,7.4263,-0.3629,0.0887,7192.0000,0.0092,30.4263,40.8871,0.3187,0.3892,0,1,0
cold#212,REACHABLE,BASELINE_V4,32.0000,1.2000,1600000.0000,300.0000,60.0000,30.0000,10.0000,0.1000,-0.3121,0.5566,1.1003,0.9516,-1,-1.0000,0,0,84614400.0000,FAIL,0,UNLEARNED,nan,nan,nan,nan,-1.0000,0.0300,45.0000,0.0000,0.0000,2.0000,0,0,0
cold#212,REACHABLE,ADAPTIVE_V1,32.0000,1.2000,1600000.0000,300.0000,60.0000,30.0000,10.0000,0.1000,-0.3243,0.7052,0.9780,0.6019,-1,-1.0000,0,0,94151040.0000,FAIL,85,QUALIFIED,-15.2675,-13.1489,-2.6589,-0.3035,984.0000,0.0102,76.8511,31.7161,0.7765,0.2596,0,2,1
cold#216,REACHABLE,BASELINE_V4,32.0000,0.7000,180000.0000,120.0000,0.0000,3.0000,20.0000,0.1000,-0.1191,0.2638,0.3495,0.2306,-1,1720.8000,0,0,16900800.0000,FAIL,0,UNLEARNED,nan,nan,nan,nan,-1.0000,0.0300,45.0000,0.0000,0.0000,2.0000,0,0,0
cold#216,REACHABLE,ADAPTIVE_V1,32.0000,0.7000,180000.0000,120.0000,0.0000,3.0000,20.0000,0.1000,0.0569,0.0165,0.0368,0.0887,1770,1769.9000,0,0,17246880.0000,PASS,61,QUALIFIED,0.2922,4.5859,0.0466,0.6887,1932.0000,0.0624,7.5859,12.9038,0.8754,0.0070,10,1,0
cold#220,REACHABLE,BASELINE_V4,32.0000,1.0000,180000.0000,120.0000,15.0000,8.0000,20.0000,0.1000,-0.0262,0.2525,0.4128,0.3840,-1,2691.0000,0,0,17032000.0000,FAIL,0,UNLEARNED,nan,nan,nan,nan,-1.0000,0.0300,45.0000,0.0000,0.0000,2.0000,0,0,0
cold#220,REACHABLE,ADAPTIVE_V1,32.0000,1.0000,180000.0000,120.0000,15.0000,8.0000,20.0000,0.1000,0.0615,0.0367,0.0483,0.0541,1701,1619.9000,0,0,17384000.0000,PASS,66,QUALIFIED,-10.9309,4.4629,-0.0165,0.4825,1534.0000,0.0792,27.4629,8.9835,2.5269,0.0094,19,1,0
cold#224,SAFETY_LIMITED,BASELINE_V4,32.0000,1.2000,180000.0000,120.0000,60.0000,30.0000,20.0000,0.1000,0.0978,0.4484,0.7407,0.8663,-1,3121.6000,0,0,16884480.0000,FAIL,0,UNLEARNED,nan,nan,nan,nan,-1.0000,0.0300,45.0000,0.0000,0.0000,2.0000,0,0,0
cold#224,SAFETY_LIMITED,ADAPTIVE_V1,32.0000,1.2000,180000.0000,120.0000,60.0000,30.0000,20.0000,0.1000,0.0775,0.2370,0.4925,0.5886,-1,1189.4000,0,0,17291520.0000,FAIL,81,QUALIFIED,-35.6429,1.5945,-0.1727,-3.4468,960.0000,0.0686,91.5945,7.3273,6.1532,0.0812,0,1,0
cold#228,REACHABLE,BASELINE_V4,32.0000,0.7000,600000.0000,180.0000,0.0000,3.0000,20.0000,0.1000,-0.1335,0.1981,0.2304,0.0966,-1,3458.5000,0,0,28143360.0000,FAIL,0,UNLEARNED,nan,nan,nan,nan,-1.0000,0.0300,45.0000,0.0000,0.0000,2.0000,0,0,0
cold#228,REACHABLE,ADAPTIVE_V1,32.0000,0.7000,600000.0000,180.0000,0.0000,3.0000,20.0000,0.1000,0.0554,0.0247,0.0357,0.0240,1962,1961.8000,0,0,29057280.0000,PASS,91,QUALIFIED,-2.8841,5.1956,-0.0353,0.2082,1432.0000,0.0181,8.1956,19.2504,0.2642,0.0086,25,1,0
cold#232,REACHABLE,BASELINE_V4,32.0000,1.0000,600000.0000,180.0000,15.0000,8.0000,20.0000,0.1000,-0.0747,0.1854,0.2439,0.1705,-1,2613.0000,0,0,28736000.0000,FAIL,0,UNLEARNED,nan,nan,nan,nan,-1.0000,0.0300,45.0000,0.0000,0.0000,2.0000,0,0,0
cold#232,REACHABLE,ADAPTIVE_V1,32.0000,1.0000,600000.0000,180.0000,15.0000,8.0000,20.0000,0.1000,0.0651,0.0106,0.0133,0.0061,1314,1198.5000,0,0,29510400.0000,PASS,97,QUALIFIED,-7.1864,5.2536,0.0000,0.1942,732.0000,0.0248,28.2536,13.5000,0.8076,0.0007,18,1,0
cold#236,REACHABLE,BASELINE_V4,32.0000,1.2000,600000.0000,180.0000,60.0000,30.0000,20.0000,0.1000,-0.0017,0.3109,0.5916,0.5952,-1,3008.1000,0,0,28106880.0000,FAIL,0,UNLEARNED,nan,nan,nan,nan,-1.0000,0.0300,45.0000,0.0000,0.0000,2.0000,0,0,0
cold#236,REACHABLE,ADAPTIVE_V1,32.0000,1.2000,600000.0000,180.0000,60.0000,30.0000,20.0000,0.1000,0.1499,0.0702,0.0706,0.0011,4689,2494.5000,0,0,28884480.0000,PASS,90,QUALIFIED,-36.2955,-1.1314,-0.0628,-1.1028,1924.0000,0.0204,88.8686,11.1872,1.7772,0.0032,0,1,0
cold#240,REACHABLE,BASELINE_V4,32.0000,0.7000,1600000.0000,300.0000,0.0000,3.0000,20.0000,0.1000,-0.1433,0.2264,0.2671,0.1240,-1,5879.1000,0,0,48871200.0000,FAIL,0,UNLEARNED,nan,nan,nan,nan,-1.0000,0.0300,45.0000,0.0000,0.0000,2.0000,0,0,0
cold#240,REACHABLE,ADAPTIVE_V1,32.0000,0.7000,1600000.0000,300.0000,0.0000,3.0000,20.0000,0.1000,0.0516,0.0484,0.0496,0.0028,3734,3733.4000,0,0,51905280.0000,PASS,90,QUALIFIED,-6.4481,-3.0000,0.1072,0.0262,1956.0000,0.0065,0.0000,32.2501,0.0472,0.0037,0,2,0
cold#244,REACHABLE,BASELINE_V4,32.0000,1.0000,1600000.0000,300.0000,15.0000,8.0000,20.0000,0.1000,-0.1098,0.2208,0.2664,0.1599,-1,5518.9000,0,0,51291200.0000,FAIL,0,UNLEARNED,nan,nan,nan,nan,-1.0000,0.0300,45.0000,0.0000,0.0000,2.0000,0,0,0
cold#244,REACHABLE,ADAPTIVE_V1,32.0000,1.0000,1600000.0000,300.0000,15.0000,8.0000,20.0000,0.1000,0.0584,0.0312,0.0496,0.1054,2761,2760.6000,0,0,53758400.0000,PASS,94,QUALIFIED,-0.1810,4.0539,-0.0050,0.0849,1346.0000,0.0100,27.0539,22.4950,0.3149,0.0076,39,2,0
cold#248,REACHABLE,BASELINE_V4,32.0000,1.2000,1600000.0000,300.0000,60.0000,30.0000,20.0000,0.1000,-0.1084,0.2335,0.3348,0.2288,-1,5948.3000,0,0,49824000.0000,FAIL,0,UNLEARNED,nan,nan,nan,nan,-1.0000,0.0300,45.0000,0.0000,0.0000,2.0000,0,0,0
cold#248,REACHABLE,ADAPTIVE_V1,32.0000,1.2000,1600000.0000,300.0000,60.0000,30.0000,20.0000,0.1000,-0.2604,0.4986,0.5558,0.1529,-1,-1.0000,0,0,51062400.0000,FAIL,33,DEGRADED,4.1745,-4.2335,-1.5066,-0.0233,1822.0000,0.0125,85.7665,17.2434,1.0567,0.4794,0,2,2
cold#252,REACHABLE,BASELINE_V4,32.0000,0.7000,180000.0000,120.0000,0.0000,3.0000,25.0000,0.1000,-0.0349,0.1187,0.1704,0.1375,-1,1230.9000,0,0,9959040.0000,FAIL,0,UNLEARNED,nan,nan,nan,nan,-1.0000,0.0300,45.0000,0.0000,0.0000,2.0000,0,0,0
cold#252,REACHABLE,ADAPTIVE_V1,32.0000,0.7000,180000.0000,120.0000,0.0000,3.0000,25.0000,0.1000,0.0588,0.0270,0.0301,0.0088,1527,1230.9000,0,0,10086720.0000,PASS,63,QUALIFIED,-64.0448,92.0000,-0.0274,1.8872,2144.0000,0.0224,95.0000,7.4726,2.0739,0.0010,0,1,0
cold#256,REACHABLE,BASELINE_V4,32.0000,1.0000,180000.0000,120.0000,15.0000,8.0000,25.0000,0.1000,0.0208,0.1574,0.2789,0.2949,-1,936.7000,0,0,9977600.0000,FAIL,0,UNLEARNED,nan,nan,nan,nan,-1.0000,0.0300,45.0000,0.0000,0.0000,2.0000,0,0,0
cold#256,REACHABLE,ADAPTIVE_V1,32.0000,1.0000,180000.0000,120.0000,15.0000,8.0000,25.0000,0.1000,0.0208,0.1574,0.2789,0.2949,-1,936.7000,0,0,9977600.0000,FAIL,34,LEARNING,-85.0297,137.0000,-5.2500,-0.0324,-1.0000,0.0133,160.0000,0.0000,2.0120,1.3499,0,0,0
cold#260,SAFETY_LIMITED,BASELINE_V4,32.0000,1.2000,180000.0000,120.0000,60.0000,30.0000,25.0000,0.1000,0.3570,0.2786,0.4853,0.8634,-1,1094.3000,0,0,9893760.0000,FAIL,0,UNLEARNED,nan,nan,nan,nan,-1.0000,0.0300,45.0000,0.0000,0.0000,2.0000,0,0,0
cold#260,SAFETY_LIMITED,ADAPTIVE_V1,32.0000,1.2000,180000.0000,120.0000,60.0000,30.0000,25.0000,0.1000,0.3570,0.2786,0.4853,0.8634,-1,1094.3000,0,0,9893760.0000,FAIL,19,LEARNING,-92.7247,50.7555,-4.3750,-8.7305,-1.0000,0.0078,140.7555,0.0000,0.8695,3.4978,0,0,0
cold#264,REACHABLE,BASELINE_V4,32.0000,0.7000,600000.0000,180.0000,0.0000,3.0000,25.0000,0.1000,-0.1200,0.2026,0.2347,0.1148,-1,2494.7000,0,0,16504320.0000,FAIL,0,UNLEARNED,nan,nan,nan,nan,-1.0000,0.0300,45.0000,0.0000,0.0000,2.0000,0,0,0
cold#264,REACHABLE,ADAPTIVE_V1,32.0000,0.7000,600000.0000,180.0000,0.0000,3.0000,25.0000,0.1000,-0.0265,0.0962,0.0992,0.0078,2244,2243.2000,0,0,16793280.0000,PASS,61,QUALIFIED,-15.1099,4.0168,-0.1460,0.1582,2312.0000,0.0158,7.0168,11.1040,0.2142,0.0131,0,1,0
cold#268,REACHABLE,BASELINE_V4,32.0000,1.0000,600000.0000,180.0000,15.0000,8.0000,25.0000,0.1000,-0.1045,0.1458,0.1701,0.0649,-1,1720.4000,0,0,16832000.0000,FAIL,0,UNLEARNED,nan,nan,nan,nan,-1.0000,0.0300,45.0000,0.0000,0.0000,2.0000,0,0,0
cold#268,REACHABLE,ADAPTIVE_V1,32.0000,1.0000,600000.0000,180.0000,15.0000,8.0000,25.0000,0.1000,0.0623,0.0265,0.0547,0.1142,1533,1532.5000,0,0,17201600.0000,PASS,71,QUALIFIED,-23.9994,3.9106,0.5265,0.0234,1396.0000,0.0203,26.9106,8.4015,0.6368,0.0780,0,1,0
cold#272,REACHABLE,BASELINE_V4,32.0000,1.2000,600000.0000,180.0000,60.0000,30.0000,25.0000,0.1000,0.2603,0.1423,0.3014,0.5819,-1,1964.0000,0,0,16744320.0000,FAIL,0,UNLEARNED,nan,nan,nan,nan,-1.0000,0.0300,45.0000,0.0000,0.0000,2.0000,0,0,0
cold#272,REACHABLE,ADAPTIVE_V1,32.0000,1.2000,600000.0000,180.0000,60.0000,30.0000,25.0000,0.1000,0.3864,0.0530,0.1078,0.1362,4380,1757.2000,0,0,16974720.0000,FAIL,86,QUALIFIED,-34.5321,-0.3870,-0.3688,-1.7586,1630.0000,0.0209,89.6130,6.1937,1.1214,0.1318,0,2,0
cold#276,REACHABLE,BASELINE_V4,32.0000,0.7000,1600000.0000,300.0000,0.0000,3.0000,25.0000,0.1000,-0.1437,0.1659,0.1765,0.0321,-1,3976.8000,0,0,29910720.0000,FAIL,0,UNLEARNED,nan,nan,nan,nan,-1.0000,0.0300,45.0000,0.0000,0.0000,2.0000,0,0,0
cold#276,REACHABLE,ADAPTIVE_V1,32.0000,0.7000,1600000.0000,300.0000,0.0000,3.0000,25.0000,0.1000,0.0506,0.0219,0.0289,0.0161,2194,2193.8000,0,0,31590720.0000,PASS,88,QUALIFIED,-11.3692,-3.0000,-0.2303,0.0237,1206.0000,0.0062,0.0000,18.5197,0.0447,0.0114,4,1,0
cold#280,REACHABLE,BASELINE_V4,32.0000,1.0000,1600000.0000,300.0000,15.0000,8.0000,25.0000,0.1000,-0.1169,0.1613,0.1836,0.0625,-1,3494.2000,0,0,30619200.0000,FAIL,0,UNLEARNED,nan,nan,nan,nan,-1.0000,0.0300,45.0000,0.0000,0.0000,2.0000,0,0,0
cold#280,REACHABLE,ADAPTIVE_V1,32.0000,1.0000,1600000.0000,300.0000,15.0000,8.0000,25.0000,0.1000,-0.0258,0.0601,0.0821,0.0547,2021,2020.9000,0,0,31632000.0000,PASS,83,QUALIFIED,-11.8816,5.1792,-0.3370,0.0569,1522.0000,0.0088,28.1792,12.7880,0.2869,0.4637,0,1,0
cold#284,REACHABLE,BASELINE_V4,32.0000,1.2000,1600000.0000,300.0000,60.0000,30.0000,25.0000,0.1000,0.0023,0.1130,0.2148,0.2186,-1,3649.9000,0,0,30226560.0000,FAIL,0,UNLEARNED,nan,nan,nan,nan,-1.0000,0.0300,45.0000,0.0000,0.0000,2.0000,0,0,0
cold#284,REACHABLE,ADAPTIVE_V1,32.0000,1.2000,1600000.0000,300.0000,60.0000,30.0000,25.0000,0.1000,0.1707,0.0750,0.1166,0.1018,3234,2163.4000,0,0,31345920.0000,PASS,91,QUALIFIED,-27.5299,0.1236,-0.4148,-0.3120,1532.0000,0.0087,90.1236,10.5227,0.7680,0.3221,0,1,0
cold#288,REACHABLE,BASELINE_V4,32.0000,0.7000,180000.0000,120.0000,0.0000,3.0000,28.0000,0.1000,-0.0307,0.0800,0.1037,0.0688,842,796.2000,0,0,5708640.0000,PASS,0,UNLEARNED,nan,nan,nan,nan,-1.0000,0.0300,45.0000,0.0000,0.0000,2.0000,0,0,0
cold#288,REACHABLE,ADAPTIVE_V1,32.0000,0.7000,180000.0000,120.0000,0.0000,3.0000,28.0000,0.1000,-0.0307,0.0688,0.0849,0.0524,842,796.2000,0,0,5719840.0000,PASS,38,LEARNING,-51.7857,42.0000,-0.1235,1.2443,-1.0000,0.0300,45.0000,4.1622,1.4310,0.0484,0,0,0
cold#292,REACHABLE,BASELINE_V4,32.0000,1.0000,180000.0000,120.0000,15.0000,8.0000,28.0000,0.1000,-0.0292,0.1377,0.2148,0.1902,-1,597.0000,0,0,5640000.0000,FAIL,0,UNLEARNED,nan,nan,nan,nan,-1.0000,0.0300,45.0000,0.0000,0.0000,2.0000,0,0,0
cold#292,REACHABLE,ADAPTIVE_V1,32.0000,1.0000,180000.0000,120.0000,15.0000,8.0000,28.0000,0.1000,-0.0290,0.1341,0.2137,0.1906,-1,597.0000,0,0,5641600.0000,FAIL,38,LEARNING,-66.2500,22.0000,0.0171,-0.6134,-1.0000,0.0300,45.0000,3.0171,1.4310,0.1703,0,0,0
cold#296,SAFETY_LIMITED,BASELINE_V4,32.0000,1.2000,180000.0000,120.0000,60.0000,30.0000,28.0000,0.1000,0.3208,0.1618,0.2981,0.6022,-1,524.8000,0,0,5788800.0000,FAIL,0,UNLEARNED,nan,nan,nan,nan,-1.0000,0.0300,45.0000,0.0000,0.0000,2.0000,0,0,0
cold#296,SAFETY_LIMITED,ADAPTIVE_V1,32.0000,1.2000,180000.0000,120.0000,60.0000,30.0000,28.0000,0.1000,0.3912,0.1561,0.3028,0.6931,-1,524.8000,0,0,5748480.0000,FAIL,38,LEARNING,-71.8750,-45.0000,0.5660,-8.5846,-1.0000,0.0300,45.0000,3.0660,1.0154,0.5432,0,0,0
cold#300,REACHABLE,BASELINE_V4,32.0000,0.7000,600000.0000,180.0000,0.0000,3.0000,28.0000,0.1000,-0.0436,0.0715,0.0853,0.0419,1540,1539.4000,0,0,9605120.0000,PASS,0,UNLEARNED,nan,nan,nan,nan,-1.0000,0.0300,45.0000,0.0000,0.0000,2.0000,0,0,0
cold#300,REACHABLE,ADAPTIVE_V1,32.0000,0.7000,600000.0000,180.0000,0.0000,3.0000,28.0000,0.1000,0.0526,0.0177,0.0198,0.0055,1527,1526.3000,0,0,9810080.0000,PASS,65,QUALIFIED,-4.5540,5.4762,0.0181,0.2082,1880.0000,0.0178,8.4762,6.4467,0.2642,0.0050,0,1,0
cold#304,REACHABLE,BASELINE_V4,32.0000,1.0000,600000.0000,180.0000,15.0000,8.0000,28.0000,0.1000,-0.0154,0.0655,0.0972,0.0828,1246,1245.3000,0,0,9748800.0000,PASS,0,UNLEARNED,nan,nan,nan,nan,-1.0000,0.0300,45.0000,0.0000,0.0000,2.0000,0,0,0
cold#304,REACHABLE,ADAPTIVE_V1,32.0000,1.0000,600000.0000,180.0000,15.0000,8.0000,28.0000,0.1000,-0.0195,0.0559,0.0780,0.0593,1246,1245.3000,0,0,9736000.0000,PASS,39,LEARNING,12.5000,22.0000,0.2360,0.8177,-1.0000,0.0300,45.0000,4.7360,1.4310,0.1163,0,0,0
cold#308,REACHABLE,BASELINE_V4,32.0000,1.2000,600000.0000,180.0000,60.0000,30.0000,28.0000,0.1000,0.0395,0.0772,0.1586,0.1999,-1,1405.9000,0,0,9705600.0000,FAIL,0,UNLEARNED,nan,nan,nan,nan,-1.0000,0.0300,45.0000,0.0000,0.0000,2.0000,0,0,0
cold#308,REACHABLE,ADAPTIVE_V1,32.0000,1.2000,600000.0000,180.0000,60.0000,30.0000,28.0000,0.1000,0.2165,0.1036,0.1785,0.3518,-1,1357.9000,0,0,9947520.0000,FAIL,68,QUALIFIED,-6.2500,-90.0000,-0.6642,-2.7025,1624.0000,0.0300,0.0000,3.0858,0.1775,0.2840,0,1,0
cold#312,REACHABLE,BASELINE_V4,32.0000,0.7000,1600000.0000,300.0000,0.0000,3.0000,28.0000,0.1000,-0.0453,0.0755,0.0896,0.0442,2923,2671.3000,0,0,17441760.0000,PASS,0,UNLEARNED,nan,nan,nan,nan,-1.0000,0.0300,45.0000,0.0000,0.0000,2.0000,0,0,0
cold#312,REACHABLE,ADAPTIVE_V1,32.0000,0.7000,1600000.0000,300.0000,0.0000,3.0000,28.0000,0.1000,0.0507,0.0114,0.0144,0.0067,1358,1357.1000,0,0,18463200.0000,PASS,89,QUALIFIED,-4.1077,-3.0000,0.0352,0.0273,676.0000,0.0067,0.0000,10.7495,0.0483,0.0132,3,1,0
cold#316,REACHABLE,BASELINE_V4,32.0000,1.0000,1600000.0000,300.0000,15.0000,8.0000,28.0000,0.1000,-0.1296,0.1485,0.1569,0.0229,-1,2257.7000,0,0,17604800.0000,FAIL,0,UNLEARNED,nan,nan,nan,nan,-1.0000,0.0300,45.0000,0.0000,0.0000,2.0000,0,0,0
cold#316,REACHABLE,ADAPTIVE_V1,32.0000,1.0000,1600000.0000,300.0000,15.0000,8.0000,28.0000,0.1000,0.0522,0.0181,0.0210,0.0063,1410,1409.7000,0,0,18576000.0000,PASS,84,QUALIFIED,-16.1907,-4.5053,0.0000,-0.0302,966.0000,0.0084,18.4947,7.5000,0.1998,0.0000,0,1,0
cold#320,REACHABLE,BASELINE_V4,32.0000,1.2000,1600000.0000,300.0000,60.0000,30.0000,28.0000,0.1000,-0.0079,0.1275,0.2079,0.1834,-1,2683.0000,0,0,17579520.0000,FAIL,0,UNLEARNED,nan,nan,nan,nan,-1.0000,0.0300,45.0000,0.0000,0.0000,2.0000,0,0,0
cold#320,REACHABLE,ADAPTIVE_V1,32.0000,1.2000,1600000.0000,300.0000,60.0000,30.0000,28.0000,0.1000,-0.0221,0.1381,0.1625,0.0629,-1,1669.3000,0,0,17919360.0000,FAIL,88,QUALIFIED,-30.4227,-1.6175,-0.4651,-0.3557,886.0000,0.0083,88.3825,5.7849,0.7243,0.3504,48,1,0
cold#324,COOLING_REQUIRED,BASELINE_V4,32.0000,0.7000,180000.0000,120.0000,0.0000,3.0000,35.0000,0.1000,3.0000,3.0000,3.0000,0.0000,-1,0.0000,0,0,0.0000,FAIL,0,UNLEARNED,nan,nan,nan,nan,-1.0000,0.0300,45.0000,0.0000,0.0000,2.0000,0,0,0
cold#324,COOLING_REQUIRED,ADAPTIVE_V1,32.0000,0.7000,180000.0000,120.0000,0.0000,3.0000,35.0000,0.1000,3.0000,3.0000,3.0000,0.0000,-1,0.0000,0,0,0.0000,FAIL,18,LEARNING,-51.7857,42.0000,0.0000,1.2443,-1.0000,0.0300,45.0000,0.0000,1.4310,0.0000,0,0,0
cold#328,COOLING_REQUIRED,BASELINE_V4,32.0000,1.0000,180000.0000,120.0000,15.0000,8.0000,35.0000,0.1000,3.0000,3.0000,3.0000,0.0000,-1,0.0000,0,0,0.0000,FAIL,0,UNLEARNED,nan,nan,nan,nan,-1.0000,0.0300,45.0000,0.0000,0.0000,2.0000,0,0,0
cold#328,COOLING_REQUIRED,ADAPTIVE_V1,32.0000,1.0000,180000.0000,120.0000,15.0000,8.0000,35.0000,0.1000,3.0000,3.0000,3.0000,0.0000,-1,0.0000,0,0,0.0000,FAIL,18,LEARNING,-66.2500,22.0000,0.0000,-0.6134,-1.0000,0.0300,45.0000,0.0000,1.4310,0.0000,0,0,0
cold#332,COOLING_REQUIRED,BASELINE_V4,32.0000,1.2000,180000.0000,120.0000,60.0000,30.0000,35.0000,0.1000,3.0000,3.0000,3.0000,0.0000,-1,0.0000,0,0,0.0000,FAIL,0,UNLEARNED,nan,nan,nan,nan,-1.0000,0.0300,45.0000,0.0000,0.0000,2.0000,0,0,0
cold#332,COOLING_REQUIRED,ADAPTIVE_V1,32.0000,1.2000,180000.0000,120.0000,60.0000,30.0000,35.0000,0.1000,3.0000,3.0000,3.0000,0.0000,-1,0.0000,0,0,0.0000,FAIL,18,LEARNING,-71.8750,-45.0000,0.0000,-8.1690,-1.0000,0.0300,45.0000,0.0000,1.4310,0.0000,0,0,0
cold#336,COOLING_REQUIRED,BASELINE_V4,32.0000,0.7000,600000.0000,180.0000,0.0000,3.0000,35.0000,0.1000,3.0000,3.0000,3.0000,0.0000,-1,0.0000,0,0,0.0000,FAIL,0,UNLEARNED,nan,nan,nan,nan,-1.0000,0.0300,45.0000,0.0000,0.0000,2.0000,0,0,0
cold#336,COOLING_REQUIRED,ADAPTIVE_V1,32.0000,0.7000,600000.0000,180.0000,0.0000,3.0000,35.0000,0.1000,3.0000,3.0000,3.0000,0.0000,-1,0.0000,0,0,0.0000,FAIL,18,LEARNING,60.7143,42.0000,0.0000,1.3750,-1.0000,0.0300,45.0000,0.0000,1.4310,0.0000,0,0,0
cold#340,COOLING_REQUIRED,BASELINE_V4,32.0000,1.0000,600000.0000,180.0000,15.0000,8.0000,35.0000,0.1000,3.0000,3.0000,3.0000,0.0000,-1,0.0000,0,0,0.0000,FAIL,0,UNLEARNED,nan,nan,nan,nan,-1.0000,0.0300,45.0000,0.0000,0.0000,2.0000,0,0,0
cold#340,COOLING_REQUIRED,ADAPTIVE_V1,32.0000,1.0000,600000.0000,180.0000,15.0000,8.0000,35.0000,0.1000,3.0000,3.0000,3.0000,0.0000,-1,0.0000,0,0,0.0000,FAIL,18,LEARNING,12.5000,22.0000,0.0000,0.8177,-1.0000,0.0300,45.0000,0.0000,1.4310,0.0000,0,0,0
cold#344,COOLING_REQUIRED,BASELINE_V4,32.0000,1.2000,600000.0000,180.0000,60.0000,30.0000,35.0000,0.1000,3.0000,3.0000,3.0000,0.0000,-1,0.0000,0,0,0.0000,FAIL,0,UNLEARNED,nan,nan,nan,nan,-1.0000,0.0300,45.0000,0.0000,0.0000,2.0000,0,0,0
cold#344,COOLING_REQUIRED,ADAPTIVE_V1,32.0000,1.2000,600000.0000,180.0000,60.0000,30.0000,35.0000,0.1000,3.0000,3.0000,3.0000,0.0000,-1,0.0000,0,0,0.0000,FAIL,18,LEARNING,-6.2500,-45.0000,0.0000,-1.4490,-1.0000,0.0300,45.0000,0.0000,1.4310,0.0000,0,0,0
cold#348,COOLING_REQUIRED,BASELINE_V4,32.0000,0.7000,1600000.0000,300.0000,0.0000,3.0000,35.0000,0.1000,3.0000,3.0000,3.0000,0.0000,-1,0.0000,0,0,0.0000,FAIL,0,UNLEARNED,nan,nan,nan,nan,-1.0000,0.0300,45.0000,0.0000,0.0000,2.0000,0,0,0
cold#348,COOLING_REQUIRED,ADAPTIVE_V1,32.0000,0.7000,1600000.0000,300.0000,0.0000,3.0000,35.0000,0.1000,3.0000,3.0000,3.0000,0.0000,-1,0.0000,0,0,0.0000,FAIL,18,LEARNING,328.5714,42.0000,0.0000,1.4100,-1.0000,0.0300,45.0000,0.0000,1.4310,0.0000,0,0,0
cold#352,COOLING_REQUIRED,BASELINE_V4,32.0000,1.0000,1600000.0000,300.0000,15.0000,8.0000,35.0000,0.1000,3.0000,3.0000,3.0000,0.0000,-1,0.0000,0,0,0.0000,FAIL,0,UNLEARNED,nan,nan,nan,nan,-1.0000,0.0300,45.0000,0.0000,0.0000,2.0000,0,0,0
cold#352,COOLING_REQUIRED,ADAPTIVE_V1,32.0000,1.0000,1600000.0000,300.0000,15.0000,8.0000,35.0000,0.1000,3.0000,3.0000,3.0000,0.0000,-1,0.0000,0,0,0.0000,FAIL,18,LEARNING,200.0000,22.0000,0.0000,1.2010,-1.0000,0.0300,45.0000,0.0000,1.4310,0.0000,0,0,0
cold#356,COOLING_REQUIRED,BASELINE_V4,32.0000,1.2000,1600000.0000,300.0000,60.0000,30.0000,35.0000,0.1000,3.0000,3.0000,3.0000,0.0000,-1,0.0000,0,0,0.0000,FAIL,0,UNLEARNED,nan,nan,nan,nan,-1.0000,0.0300,45.0000,0.0000,0.0000,2.0000,0,0,0
cold#356,COOLING_REQUIRED,ADAPTIVE_V1,32.0000,1.2000,1600000.0000,300.0000,60.0000,30.0000,35.0000,0.1000,3.0000,3.0000,3.0000,0.0000,-1,0.0000,0,0,0.0000,FAIL,18,LEARNING,150.0000,-45.0000,0.0000,0.3510,-1.0000,0.0300,45.0000,0.0000,1.4310,0.0000,0,0,0
cold#360,REACHABLE,BASELINE_V4,35.0000,0.7000,180000.0000,120.0000,0.0000,3.0000,10.0000,0.1000,-0.2106,0.3909,0.5831,0.3928,-1,-1.0000,0,0,34162240.0000,FAIL,0,UNLEARNED,nan,nan,nan,nan,-1.0000,0.0300,45.0000,0.0000,0.0000,2.0000,0,0,0
cold#360,REACHABLE,ADAPTIVE_V1,35.0000,0.7000,180000.0000,120.0000,0.0000,3.0000,10.0000,0.1000,-0.0279,0.1139,0.1280,0.0502,3303,3303.0000,0,0,34810720.0000,FAIL,72,QUALIFIED,-0.2432,4.4712,-0.0495,0.6776,2378.0000,0.0621,7.4712,26.7362,0.8643,0.0097,1,1,0
cold#364,REACHABLE,BASELINE_V4,35.0000,1.0000,180000.0000,120.0000,15.0000,8.0000,10.0000,0.1000,-0.0541,0.3828,0.7324,0.7160,-1,3947.2000,0,0,35027200.0000,FAIL,0,UNLEARNED,nan,nan,nan,nan,-1.0000,0.0300,45.0000,0.0000,0.0000,2.0000,0,0,0
cold#364,REACHABLE,ADAPTIVE_V1,35.0000,1.0000,180000.0000,120.0000,15.0000,8.0000,10.0000,0.1000,0.0805,0.0024,0.0039,0.0037,1012,1011.4000,0,0,36124800.0000,PASS,88,QUALIFIED,-6.5665,3.8768,0.0000,0.5625,652.0000,0.0831,26.8768,18.7500,2.6069,0.0024,0,1,0
cold#368,SAFETY_LIMITED,BASELINE_V4,35.0000,1.2000,180000.0000,120.0000,60.0000,30.0000,10.0000,0.1000,-1.8132,2.2416,2.7597,1.0484,-1,-1.0000,0,0,33022080.0000,FAIL,0,UNLEARNED,nan,nan,nan,nan,-1.0000,0.0300,45.0000,0.0000,0.0000,2.0000,0,0,0
cold#368,SAFETY_LIMITED,ADAPTIVE_V1,35.0000,1.2000,180000.0000,120.0000,60.0000,30.0000,10.0000,0.1000,-0.0405,0.5368,1.0394,0.9895,-1,2392.5000,0,0,35445120.0000,FAIL,88,QUALIFIED,-22.7422,-0.3661,-0.5238,-2.3587,950.0000,0.0824,89.6339,15.1012,7.2413,0.0476,0,2,0
cold#372,REACHABLE,BASELINE_V4,35.0000,0.7000,600000.0000,180.0000,0.0000,3.0000,10.0000,0.1000,-0.2347,0.2783,0.2997,0.0662,-1,-1.0000,0,0,55681920.0000,FAIL,0,UNLEARNED,nan,nan,nan,nan,-1.0000,0.0300,45.0000,0.0000,0.0000,2.0000,0,0,0
cold#372,REACHABLE,ADAPTIVE_V1,35.0000,0.7000,600000.0000,180.0000,0.0000,3.0000,10.0000,0.1000,-0.0450,0.0561,0.0638,0.0226,6931,6394.4000,0,0,55940640.0000,PASS,58,LEARNING,-13.4237,6.4946,-0.1268,0.1985,6854.0000,0.0162,9.4946,40.0518,0.2545,0.0720,0,1,0
cold#376,REACHABLE,BASELINE_V4,35.0000,1.0000,600000.0000,180.0000,15.0000,8.0000,10.0000,0.1000,-0.1787,1.0723,1.9081,1.8751,-1,-1.0000,0,0,55977600.0000,FAIL,0,UNLEARNED,nan,nan,nan,nan,-1.0000,0.0300,45.0000,0.0000,0.0000,2.0000,0,0,0
cold#376,REACHABLE,ADAPTIVE_V1,35.0000,1.0000,600000.0000,180.0000,15.0000,8.0000,10.0000,0.1000,0.0647,0.0086,0.0126,0.0078,3572,3571.5000,0,0,58905600.0000,PASS,94,QUALIFIED,-5.9797,5.3473,0.0485,0.2068,2746.0000,0.0251,28.3473,28.1735,0.8202,0.0037,0,1,0
cold#380,REACHABLE,BASELINE_V4,35.0000,1.2000,600000.0000,180.0000,60.0000,30.0000,10.0000,0.1000,-1.9003,2.1608,2.4110,0.5221,-1,-1.0000,0,0,54441600.0000,FAIL,0,UNLEARNED,nan,nan,nan,nan,-1.0000,0.0300,45.0000,0.0000,0.0000,2.0000,0,0,0
cold#380,REACHABLE,ADAPTIVE_V1,35.0000,1.2000,600000.0000,180.0000,60.0000,30.0000,10.0000,0.1000,-0.0272,0.4850,1.1949,1.2016,-1,9353.6000,0,0,59112960.0000,FAIL,34,DEGRADED,-12.0686,-10.8922,-0.4500,-0.6749,1362.0000,0.0281,79.1078,22.9875,2.2051,0.0971,0,1,2
cold#384,REACHABLE,BASELINE_V4,35.0000,0.7000,1600000.0000,300.0000,0.0000,3.0000,10.0000,0.1000,-0.3434,0.4446,0.8859,0.6865,-1,-1.0000,0,0,94039680.0000,FAIL,0,UNLEARNED,nan,nan,nan,nan,-1.0000,0.0300,45.0000,0.0000,0.0000,2.0000,0,0,0
cold#384,REACHABLE,ADAPTIVE_V1,35.0000,0.7000,1600000.0000,300.0000,0.0000,3.0000,10.0000,0.1000,-0.3093,0.7231,1.3302,1.1221,-1,-1.0000,0,0,93821280.0000,FAIL,54,LEARNING,9.4680,-3.0000,5.2281,0.0342,10146.0000,0.0077,0.0000,72.1924,0.0552,0.5070,0,1,0
cold#388,REACHABLE,BASELINE_V4,35.0000,1.0000,1600000.0000,300.0000,15.0000,8.0000,10.0000,0.1000,-0.3891,0.4272,0.4438,0.0450,-1,-1.0000,0,0,100704000.0000,FAIL,0,UNLEARNED,nan,nan,nan,nan,-1.0000,0.0300,45.0000,0.0000,0.0000,2.0000,0,0,0
cold#388,REACHABLE,ADAPTIVE_V1,35.0000,1.0000,1600000.0000,300.0000,15.0000,8.0000,10.0000,0.1000,-0.1172,0.1378,0.1542,0.0376,-1,8514.1000,0,0,101390400.0000,FAIL,63,QUALIFIED,9.8198,7.5342,-0.3906,0.1509,8058.0000,0.0110,30.5342,46.4844,0.3809,0.3538,0,1,0
cold#392,REACHABLE,BASELINE_V4,35.0000,1.2000,1600000.0000,300.0000,60.0000,30.0000,10.0000,0.1000,-1.4124,2.5186,3.5697,2.1980,-1,-1.0000,0,0,91843200.0000,FAIL,0,UNLEARNED,nan,nan,nan,nan,-1.0000,0.0300,45.0000,0.0000,0.0000,2.0000,0,0,0
cold#392,REACHABLE,ADAPTIVE_V1,35.0000,1.2000,1600000.0000,300.0000,60.0000,30.0000,10.0000,0.1000,-0.3248,0.5702,0.7652,0.5056,-1,-1.0000,0,0,105824640.0000,FAIL,28,DEGRADED,-27.9031,1.1061,-2.6708,-0.3280,956.0000,0.0087,91.1061,36.3917,0.7520,1.1869,0,2,2
cold#396,REACHABLE,BASELINE_V4,35.0000,0.7000,180000.0000,120.0000,0.0000,3.0000,20.0000,0.1000,-0.1243,0.2684,0.3780,0.2794,-1,1943.9000,0,0,21166880.0000,FAIL,0,UNLEARNED,nan,nan,nan,nan,-1.0000,0.0300,45.0000,0.0000,0.0000,2.0000,0,0,0
cold#396,REACHABLE,ADAPTIVE_V1,35.0000,0.7000,180000.0000,120.0000,0.0000,3.0000,20.0000,0.1000,0.0521,0.0159,0.0394,0.0819,1837,1836.4000,0,0,21496160.0000,PASS,64,QUALIFIED,-0.1817,4.8423,-0.0677,0.6989,1694.0000,0.0621,7.8423,16.0037,0.8856,0.0080,2,1,0
cold#400,REACHABLE,BASELINE_V4,35.0000,1.0000,180000.0000,120.0000,15.0000,8.0000,20.0000,0.1000,-0.2074,0.3739,0.5054,0.3123,-1,-1.0000,0,0,21067200.0000,FAIL,0,UNLEARNED,nan,nan,nan,nan,-1.0000,0.0300,45.0000,0.0000,0.0000,2.0000,0,0,0
cold#400,REACHABLE,ADAPTIVE_V1,35.0000,1.0000,180000.0000,120.0000,15.0000,8.0000,20.0000,0.1000,0.0530,0.0306,0.0486,0.1091,3455,3454.2000,0,0,21532800.0000,PASS,68,QUALIFIED,-2.7977,4.4091,-0.1069,0.7090,3206.0000,0.0864,27.4091,11.1431,2.7535,0.0317,10,1,0
cold#404,SAFETY_LIMITED,BASELINE_V4,35.0000,1.2000,180000.0000,120.0000,60.0000,30.0000,20.0000,0.1000,-0.9040,1.2892,1.5759,0.7234,-1,-1.0000,0,0,20069760.0000,FAIL,0,UNLEARNED,nan,nan,nan,nan,-1.0000,0.0300,45.0000,0.0000,0.0000,2.0000,0,0,0
cold#404,SAFETY_LIMITED,ADAPTIVE_V1,35.0000,1.2000,180000.0000,120.0000,60.0000,30.0000,20.0000,0.1000,0.0404,0.2050,0.4117,0.4588,-1,1469.5000,0,0,21513600.0000,FAIL,91,QUALIFIED,-33.7617,1.3649,-0.2259,-3.2815,960.0000,0.0707,91.3649,9.1491,6.3185,0.0599,0,1,0
cold#408,REACHABLE,BASELINE_V4,35.0000,0.7000,600000.0000,180.0000,0.0000,3.0000,20.0000,0.1000,-0.1354,0.2288,0.2843,0.1506,-1,4392.8000,0,0,34245120.0000,FAIL,0,UNLEARNED,nan,nan,nan,nan,-1.0000,0.0300,45.0000,0.0000,0.0000,2.0000,0,0,0
cold#408,REACHABLE,ADAPTIVE_V1,35.0000,0.7000,600000.0000,180.0000,0.0000,3.0000,20.0000,0.1000,0.0544,0.0465,0.0493,0.0051,3013,2106.4000,0,0,36249920.0000,PASS,87,QUALIFIED,-5.1906,6.5387,0.1142,0.2234,746.0000,0.0177,9.5387,24.2214,0.2794,0.0111,10,1,1
cold#412,REACHABLE,BASELINE_V4,35.0000,1.0000,600000.0000,180.0000,15.0000,8.0000,20.0000,0.1000,-0.1089,0.2443,0.3314,0.2070,-1,3265.3000,0,0,35574400.0000,FAIL,0,UNLEARNED,nan,nan,nan,nan,-1.0000,0.0300,45.0000,0.0000,0.0000,2.0000,0,0,0
cold#412,REACHABLE,ADAPTIVE_V1,35.0000,1.0000,600000.0000,180.0000,15.0000,8.0000,20.0000,0.1000,0.0646,0.0089,0.0151,0.0314,1912,1613.3000,0,0,36638400.0000,PASS,95,QUALIFIED,-7.7785,4.5192,-0.0683,0.1728,824.0000,0.0246,27.5192,16.8067,0.7862,0.0030,23,1,0
cold#416,REACHABLE,BASELINE_V4,35.0000,1.2000,600000.0000,180.0000,60.0000,30.0000,20.0000,0.1000,-0.0072,0.3699,0.6906,0.6916,-1,4363.6000,0,0,35176320.0000,FAIL,0,UNLEARNED,nan,nan,nan,nan,-1.0000,0.0300,45.0000,0.0000,0.0000,2.0000,0,0,0
cold#416,REACHABLE,ADAPTIVE_V1,35.0000,1.2000,600000.0000,180.0000,60.0000,30.0000,20.0000,0.1000,0.2165,0.1096,0.1146,0.0112,6801,2854.4000,0,0,35846400.0000,FAIL,91,QUALIFIED,-34.8847,-1.0247,-0.1113,-1.0614,2674.0000,0.0208,88.9753,13.9512,1.8186,0.0032,24,2,0
cold#420,REACHABLE,BASELINE_V4,35.0000,0.7000,1600000.0000,300.0000,0.0000,3.0000,20.0000,0.1000,-0.2410,0.2600,0.2679,0.0238,-1,-1.0000,0,0,59787840.0000,FAIL,0,UNLEARNED,nan,nan,nan,nan,-1.0000,0.0300,45.0000,0.0000,0.0000,2.0000,0,0,0
cold#420,REACHABLE,ADAPTIVE_V1,35.0000,0.7000,1600000.0000,300.0000,0.0000,3.0000,20.0000,0.1000,0.0515,0.0477,0.0491,0.0044,4269,4268.5000,0,0,64331680.0000,PASS,89,QUALIFIED,-1.8749,7.3759,0.0746,0.0926,1756.0000,0.0069,10.3759,40.2531,0.1136,0.0075,0,2,0
cold#424,REACHABLE,BASELINE_V4,35.0000,1.0000,1600000.0000,300.0000,15.0000,8.0000,20.0000,0.1000,-0.2124,0.2576,0.2828,0.0696,-1,-1.0000,0,0,62585600.0000,FAIL,0,UNLEARNED,nan,nan,nan,nan,-1.0000,0.0300,45.0000,0.0000,0.0000,2.0000,0,0,0
cold#424,REACHABLE,ADAPTIVE_V1,35.0000,1.0000,1600000.0000,300.0000,15.0000,8.0000,20.0000,0.1000,0.0589,0.0367,0.0498,0.1080,2952,2951.7000,0,0,67104000.0000,PASS,88,QUALIFIED,-4.4071,3.9238,0.7058,0.0705,1022.0000,0.0096,26.9238,28.8308,0.3005,0.2563,22,2,0
cold#428,REACHABLE,BASELINE_V4,35.0000,1.2000,1600000.0000,300.0000,60.0000,30.0000,20.0000,0.1000,-0.2093,0.3234,0.4164,0.2105,-1,-1.0000,0,0,61032960.0000,FAIL,0,UNLEARNED,nan,nan,nan,nan,-1.0000,0.0300,45.0000,0.0000,0.0000,2.0000,0,0,0
cold#428,REACHABLE,ADAPTIVE_V1,35.0000,1.2000,1600000.0000,300.0000,60.0000,30.0000,20.0000,0.1000,0.0019,0.4077,0.6932,0.7045,-1,9751.2000,0,0,64500480.0000,FAIL,36,DEGRADED,-12.9697,-11.3170,-0.7287,-0.2666,1290.0000,0.0104,78.6830,22.7088,0.8134,0.2431,0,2,2
cold#432,REACHABLE,BASELINE_V4,35.0000,0.7000,180000.0000,120.0000,0.0000,3.0000,25.0000,0.1000,-0.0331,0.1549,0.2422,0.2119,-1,1561.8000,0,0,14181440.0000,FAIL,0,UNLEARNED,nan,nan,nan,nan,-1.0000,0.0300,45.0000,0.0000,0.0000,2.0000,0,0,0
cold#432,REACHABLE,ADAPTIVE_V1,35.0000,0.7000,180000.0000,120.0000,0.0000,3.0000,25.0000,0.1000,0.0567,0.0242,0.0494,0.1020,1630,1629.6000,0,0,14362880.0000,PASS,61,QUALIFIED,0.2312,4.7454,-0.0307,0.6971,1908.0000,0.0624,7.7454,10.6836,0.8838,0.0115,0,1,0
cold#436,REACHABLE,BASELINE_V4,35.0000,1.0000,180000.0000,120.0000,15.0000,8.0000,25.0000,0.1000,-0.0012,0.2074,0.3563,0.3617,-1,1804.2000,0,0,14288000.0000,FAIL,0,UNLEARNED,nan,nan,nan,nan,-1.0000,0.0300,45.0000,0.0000,0.0000,2.0000,0,0,0
cold#436,REACHABLE,ADAPTIVE_V1,35.0000,1.0000,180000.0000,120.0000,15.0000,8.0000,25.0000,0.1000,0.0936,0.0009,0.0020,0.0046,1695,1547.8000,0,0,14521600.0000,PASS,61,QUALIFIED,-47.5172,27.0000,0.0519,0.3908,1966.0000,0.0467,50.0000,7.5519,2.4352,0.0056,0,1,0
cold#440,SAFETY_LIMITED,BASELINE_V4,35.0000,1.2000,180000.0000,120.0000,60.0000,30.0000,25.0000,0.1000,0.1372,0.3807,0.6514,0.8197,-1,1459.0000,0,0,14052480.0000,FAIL,0,UNLEARNED,nan,nan,nan,nan,-1.0000,0.0300,45.0000,0.0000,0.0000,2.0000,0,0,0
cold#440,SAFETY_LIMITED,ADAPTIVE_V1,35.0000,1.2000,180000.0000,120.0000,60.0000,30.0000,25.0000,0.1000,0.1220,0.3311,0.6455,0.7740,-1,1459.0000,0,0,14042880.0000,FAIL,52,LEARNING,-30.4114,0.8601,-6.2500,-2.9957,-1.0000,0.0742,90.8601,0.0000,6.6043,0.0852,0,0,0
cold#444,REACHABLE,BASELINE_V4,35.0000,0.7000,600000.0000,180.0000,0.0000,3.0000,25.0000,0.1000,-0.2178,0.2535,0.2716,0.0551,-1,-1.0000,0,0,23425920.0000,FAIL,0,UNLEARNED,nan,nan,nan,nan,-1.0000,0.0300,45.0000,0.0000,0.0000,2.0000,0,0,0
cold#444,REACHABLE,ADAPTIVE_V1,35.0000,0.7000,600000.0000,180.0000,0.0000,3.0000,25.0000,0.1000,-0.0260,0.1049,0.1281,0.0559,1844,1843.3000,0,0,24084480.0000,FAIL,94,QUALIFIED,-0.0429,4.7644,-0.3212,0.2087,1222.0000,0.0187,7.7644,15.7502,0.2647,0.0012,36,1,0
cold#448,REACHABLE,BASELINE_V4,35.0000,1.0000,600000.0000,180.0000,15.0000,8.0000,25.0000,0.1000,-0.0870,0.1628,0.2081,0.1232,-1,2389.0000,0,0,24000000.0000,FAIL,0,UNLEARNED,nan,nan,nan,nan,-1.0000,0.0300,45.0000,0.0000,0.0000,2.0000,0,0,0
cold#448,REACHABLE,ADAPTIVE_V1,35.0000,1.0000,600000.0000,180.0000,15.0000,8.0000,25.0000,0.1000,0.1248,0.0251,0.0508,0.1070,5663,1235.9000,0,0,24540800.0000,PASS,71,QUALIFIED,8.5038,6.3543,0.2988,0.3594,642.0000,0.0289,29.3543,11.5488,0.9727,0.0206,0,1,1
cold#452,REACHABLE,BASELINE_V4,35.0000,1.2000,600000.0000,180.0000,60.0000,30.0000,25.0000,0.1000,0.1155,0.2139,0.4452,0.5413,-1,2498.0000,0,0,23779200.0000,FAIL,0,UNLEARNED,nan,nan,nan,nan,-1.0000,0.0300,45.0000,0.0000,0.0000,2.0000,0,0,0
cold#452,REACHABLE,ADAPTIVE_V1,35.0000,1.2000,600000.0000,180.0000,60.0000,30.0000,25.0000,0.1000,0.3201,0.0249,0.0618,0.1458,2683,1786.1000,0,0,24399360.0000,FAIL,91,QUALIFIED,-33.8122,-1.1062,-0.0124,-1.0330,1604.0000,0.0212,88.8938,9.3626,1.8470,0.0043,49,1,0
cold#456,REACHABLE,BASELINE_V4,35.0000,0.7000,1600000.0000,300.0000,0.0000,3.0000,25.0000,0.1000,-0.1421,0.2004,0.2295,0.0877,-1,5314.1000,0,0,41277600.0000,FAIL,0,UNLEARNED,nan,nan,nan,nan,-1.0000,0.0300,45.0000,0.0000,0.0000,2.0000,0,0,0
cold#456,REACHABLE,ADAPTIVE_V1,35.0000,0.7000,1600000.0000,300.0000,0.0000,3.0000,25.0000,0.1000,0.0522,0.0311,0.0378,0.0146,2869,2869.0000,0,0,44449440.0000,PASS,96,QUALIFIED,-0.3786,4.7683,-0.0356,0.0780,1162.0000,0.0070,7.7683,26.7501,0.0990,0.0082,16,2,0
cold#460,REACHABLE,BASELINE_V4,35.0000,1.0000,1600000.0000,300.0000,15.0000,8.0000,25.0000,0.1000,-0.1107,0.1865,0.2295,0.1188,-1,4706.6000,0,0,43225600.0000,FAIL,0,UNLEARNED,nan,nan,nan,nan,-1.0000,0.0300,45.0000,0.0000,0.0000,2.0000,0,0,0
cold#460,REACHABLE,ADAPTIVE_V1,35.0000,1.0000,1600000.0000,300.0000,15.0000,8.0000,25.0000,0.1000,0.0587,0.0270,0.0484,0.0453,2304,2303.8000,0,0,45361600.0000,PASS,98,QUALIFIED,-1.5585,4.5560,0.0049,0.0850,996.0000,0.0098,27.5560,18.7549,0.3150,0.0033,26,2,0
cold#464,REACHABLE,BASELINE_V4,35.0000,1.2000,1600000.0000,300.0000,60.0000,30.0000,25.0000,0.1000,-0.1166,0.2067,0.2860,0.1670,-1,5125.9000,0,0,42059520.0000,FAIL,0,UNLEARNED,nan,nan,nan,nan,-1.0000,0.0300,45.0000,0.0000,0.0000,2.0000,0,0,0
cold#464,REACHABLE,ADAPTIVE_V1,35.0000,1.2000,1600000.0000,300.0000,60.0000,30.0000,25.0000,0.1000,0.1780,0.0709,0.1196,0.1175,4114,3245.2000,0,0,43666560.0000,PASS,89,QUALIFIED,-26.6664,-4.3720,0.4120,-0.3385,2544.0000,0.0088,85.6280,16.0370,0.7415,0.2926,0,2,0
cold#468,REACHABLE,BASELINE_V4,35.0000,0.7000,180000.0000,120.0000,0.0000,3.0000,28.0000,0.1000,-0.0349,0.1187,0.1704,0.1375,-1,1230.9000,0,0,9959040.0000,FAIL,0,UNLEARNED,nan,nan,nan,nan,-1.0000,0.0300,45.0000,0.0000,0.0000,2.0000,0,0,0
cold#468,REACHABLE,ADAPTIVE_V1,35.0000,0.7000,180000.0000,120.0000,0.0000,3.0000,28.0000,0.1000,0.0588,0.0273,0.0483,0.0650,1527,1230.9000,0,0,10103520.0000,PASS,63,QUALIFIED,-64.0448,92.0000,0.0337,1.8872,2144.0000,0.0224,95.0000,7.5337,2.0739,0.0057,21,1,0
cold#472,REACHABLE,BASELINE_V4,35.0000,1.0000,180000.0000,120.0000,15.0000,8.0000,28.0000,0.1000,-0.0647,0.2404,0.3578,0.2967,-1,929.7000,0,0,9888000.0000,FAIL,0,UNLEARNED,nan,nan,nan,nan,-1.0000,0.0300,45.0000,0.0000,0.0000,2.0000,0,0,0
cold#472,REACHABLE,ADAPTIVE_V1,35.0000,1.0000,180000.0000,120.0000,15.0000,8.0000,28.0000,0.1000,-0.0647,0.2404,0.3578,0.2967,-1,929.7000,0,0,9888000.0000,FAIL,28,LEARNING,-66.2500,22.0000,-0.2868,-0.6134,-1.0000,0.0300,45.0000,4.9632,1.4310,0.4432,0,0,0
cold#476,SAFETY_LIMITED,BASELINE_V4,35.0000,1.2000,180000.0000,120.0000,60.0000,30.0000,28.0000,0.1000,0.3570,0.2786,0.4853,0.8634,-1,1094.3000,0,0,9893760.0000,FAIL,0,UNLEARNED,nan,nan,nan,nan,-1.0000,0.0300,45.0000,0.0000,0.0000,2.0000,0,0,0
cold#476,SAFETY_LIMITED,ADAPTIVE_V1,35.0000,1.2000,180000.0000,120.0000,60.0000,30.0000,28.0000,0.1000,0.3570,0.2786,0.4853,0.8634,-1,1094.3000,0,0,9893760.0000,FAIL,19,LEARNING,-92.7247,50.7555,-4.3750,-8.7305,-1.0000,0.0078,140.7555,0.0000,0.8695,3.4977,0,0,0
cold#480,REACHABLE,BASELINE_V4,35.0000,0.7000,600000.0000,180.0000,0.0000,3.0000,28.0000,0.1000,-0.0416,0.1280,0.1561,0.1150,-1,2217.3000,0,0,16698080.0000,FAIL,0,UNLEARNED,nan,nan,nan,nan,-1.0000,0.0300,45.0000,0.0000,0.0000,2.0000,0,0,0
cold#480,REACHABLE,ADAPTIVE_V1,35.0000,0.7000,600000.0000,180.0000,0.0000,3.0000,28.0000,0.1000,0.0536,0.0273,0.0493,0.0606,2090,2089.5000,0,0,16997120.0000,PASS,65,QUALIFIED,-4.4728,5.5810,0.2131,0.2101,2016.0000,0.0178,8.5810,11.4631,0.2661,0.0121,12,1,0
cold#484,REACHABLE,BASELINE_V4,35.0000,1.0000,600000.0000,180.0000,15.0000,8.0000,28.0000,0.1000,-0.1045,0.1458,0.1701,0.0649,-1,1720.4000,0,0,16832000.0000,FAIL,0,UNLEARNED,nan,nan,nan,nan,-1.0000,0.0300,45.0000,0.0000,0.0000,2.0000,0,0,0
cold#484,REACHABLE,ADAPTIVE_V1,35.0000,1.0000,600000.0000,180.0000,15.0000,8.0000,28.0000,0.1000,0.0624,0.0270,0.0559,0.1181,1534,1533.7000,0,0,17168000.0000,PASS,71,QUALIFIED,-24.2237,3.8476,-0.1027,0.0204,1396.0000,0.0202,26.8476,7.7723,0.6337,0.1841,0,1,0
cold#488,REACHABLE,BASELINE_V4,35.0000,1.2000,600000.0000,180.0000,60.0000,30.0000,28.0000,0.1000,0.2689,0.1453,0.3030,0.5527,-1,1964.0000,0,0,16988160.0000,FAIL,0,UNLEARNED,nan,nan,nan,nan,-1.0000,0.0300,45.0000,0.0000,0.0000,2.0000,0,0,0
cold#488,REACHABLE,ADAPTIVE_V1,35.0000,1.2000,600000.0000,180.0000,60.0000,30.0000,28.0000,0.1000,0.3865,0.0605,0.1185,0.1416,4203,1757.2000,0,0,16945920.0000,FAIL,84,QUALIFIED,-35.1726,-0.3792,0.1382,-1.7675,1630.0000,0.0207,89.6208,6.7007,1.1125,0.1506,0,2,0
cold#492,REACHABLE,BASELINE_V4,35.0000,0.7000,1600000.0000,300.0000,0.0000,3.0000,28.0000,0.1000,-0.1437,0.1659,0.1766,0.0322,-1,3976.8000,0,0,29905120.0000,FAIL,0,UNLEARNED,nan,nan,nan,nan,-1.0000,0.0300,45.0000,0.0000,0.0000,2.0000,0,0,0
cold#492,REACHABLE,ADAPTIVE_V1,35.0000,0.7000,1600000.0000,300.0000,0.0000,3.0000,28.0000,0.1000,0.0506,0.0327,0.0415,0.0205,2194,2193.8000,0,0,31562720.0000,PASS,88,QUALIFIED,-11.3590,-3.0000,-0.2500,0.0237,1206.0000,0.0062,0.0000,18.5000,0.0447,0.0090,4,1,0
cold#496,REACHABLE,BASELINE_V4,35.0000,1.0000,1600000.0000,300.0000,15.0000,8.0000,28.0000,0.1000,-0.1169,0.1613,0.1836,0.0625,-1,3494.2000,0,0,30619200.0000,FAIL,0,UNLEARNED,nan,nan,nan,nan,-1.0000,0.0300,45.0000,0.0000,0.0000,2.0000,0,0,0
cold#496,REACHABLE,ADAPTIVE_V1,35.0000,1.0000,1600000.0000,300.0000,15.0000,8.0000,28.0000,0.1000,-0.0258,0.0598,0.0818,0.0547,2021,2020.9000,0,0,31622400.0000,PASS,83,QUALIFIED,-11.8345,5.1783,-0.5192,0.0571,1522.0000,0.0088,28.1783,12.6058,0.2871,0.4693,0,1,0
cold#500,REACHABLE,BASELINE_V4,35.0000,1.2000,1600000.0000,300.0000,60.0000,30.0000,28.0000,0.1000,-0.0764,0.1934,0.2930,0.2184,-1,3946.3000,0,0,29852160.0000,FAIL,0,UNLEARNED,nan,nan,nan,nan,-1.0000,0.0300,45.0000,0.0000,0.0000,2.0000,0,0,0
cold#500,REACHABLE,ADAPTIVE_V1,35.0000,1.2000,1600000.0000,300.0000,60.0000,30.0000,28.0000,0.1000,0.0288,0.1539,0.1952,0.1025,-1,2160.7000,0,0,30977280.0000,FAIL,90,QUALIFIED,-32.2109,-3.2365,-0.0291,-0.3862,1500.0000,0.0081,86.7635,10.9084,0.6938,0.3967,24,1,0
cold#504,COOLING_REQUIRED,BASELINE_V4,35.0000,0.7000,180000.0000,120.0000,0.0000,3.0000,35.0000,0.1000,0.0000,0.0000,0.0000,0.0000,1,0.0000,0,0,0.0000,PASS,0,UNLEARNED,nan,nan,nan,nan,-1.0000,0.0300,45.0000,0.0000,0.0000,2.0000,0,0,0
cold#504,COOLING_REQUIRED,ADAPTIVE_V1,35.0000,0.7000,180000.0000,120.0000,0.0000,3.0000,35.0000,0.1000,0.0000,0.0000,0.0000,0.0000,1,0.0000,0,0,0.0000,PASS,38,LEARNING,-51.7857,42.0000,0.0000,1.2443,-1.0000,0.0300,45.0000,0.0000,1.4310,0.0000,0,0,0
cold#508,COOLING_REQUIRED,BASELINE_V4,35.0000,1.0000,180000.0000,120.0000,15.0000,8.0000,35.0000,0.1000,0.0000,0.0000,0.0000,0.0000,1,0.0000,0,0,0.0000,PASS,0,UNLEARNED,nan,nan,nan,nan,-1.0000,0.0300,45.0000,0.0000,0.0000,2.0000,0,0,0
cold#508,COOLING_REQUIRED,ADAPTIVE_V1,35.0000,1.0000,180000.0000,120.0000,15.0000,8.0000,35.0000,0.1000,0.0000,0.0000,0.0000,0.0000,1,0.0000,0,0,0.0000,PASS,38,LEARNING,-66.2500,22.0000,0.0000,-0.6134,-1.0000,0.0300,45.0000,0.0000,1.4310,0.0000,0,0,0
cold#512,COOLING_REQUIRED,BASELINE_V4,35.0000,1.2000,180000.0000,120.0000,60.0000,30.0000,35.0000,0.1000,0.0000,0.0000,0.0000,0.0000,1,0.0000,0,0,0.0000,PASS,0,UNLEARNED,nan,nan,nan,nan,-1.0000,0.0300,45.0000,0.0000,0.0000,2.0000,0,0,0
cold#512,COOLING_REQUIRED,ADAPTIVE_V1,35.0000,1.2000,180000.0000,120.0000,60.0000,30.0000,35.0000,0.1000,0.0000,0.0000,0.0000,0.0000,1,0.0000,0,0,0.0000,PASS,38,LEARNING,-71.8750,-45.0000,0.0000,-8.1690,-1.0000,0.0300,45.0000,0.0000,1.4310,0.0000,0,0,0
cold#516,COOLING_REQUIRED,BASELINE_V4,35.0000,0.7000,600000.0000,180.0000,0.0000,3.0000,35.0000,0.1000,0.0000,0.0000,0.0000,0.0000,1,0.0000,0,0,0.0000,PASS,0,UNLEARNED,nan,nan,nan,nan,-1.0000,0.0300,45.0000,0.0000,0.0000,2.0000,0,0,0
cold#516,COOLING_REQUIRED,ADAPTIVE_V1,35.0000,0.7000,600000.0000,180.0000,0.0000,3.0000,35.0000,0.1000,0.0000,0.0000,0.0000,0.0000,1,0.0000,0,0,0.0000,PASS,38,LEARNING,60.7143,42.0000,0.0000,1.3750,-1.0000,0.0300,45.0000,0.0000,1.4310,0.0000,0,0,0
cold#520,COOLING_REQUIRED,BASELINE_V4,35.0000,1.0000,600000.0000,180.0000,15.0000,8.0000,35.0000,0.1000,0.0000,0.0000,0.0000,0.0000,1,0.0000,0,0,0.0000,PASS,0,UNLEARNED,nan,nan,nan,nan,-1.0000,0.0300,45.0000,0.0000,0.0000,2.0000,0,0,0
cold#520,COOLING_REQUIRED,ADAPTIVE_V1,35.0000,1.0000,600000.0000,180.0000,15.0000,8.0000,35.0000,0.1000,0.0000,0.0000,0.0000,0.0000,1,0.0000,0,0,0.0000,PASS,38,LEARNING,12.5000,22.0000,0.0000,0.8177,-1.0000,0.0300,45.0000,0.0000,1.4310,0.0000,0,0,0
cold#524,COOLING_REQUIRED,BASELINE_V4,35.0000,1.2000,600000.0000,180.0000,60.0000,30.0000,35.0000,0.1000,0.0000,0.0000,0.0000,0.0000,1,0.0000,0,0,0.0000,PASS,0,UNLEARNED,nan,nan,nan,nan,-1.0000,0.0300,45.0000,0.0000,0.0000,2.0000,0,0,0
cold#524,COOLING_REQUIRED,ADAPTIVE_V1,35.0000,1.2000,600000.0000,180.0000,60.0000,30.0000,35.0000,0.1000,0.0000,0.0000,0.0000,0.0000,1,0.0000,0,0,0.0000,PASS,38,LEARNING,-6.2500,-45.0000,0.0000,-1.4490,-1.0000,0.0300,45.0000,0.0000,1.4310,0.0000,0,0,0
cold#528,COOLING_REQUIRED,BASELINE_V4,35.0000,0.7000,1600000.0000,300.0000,0.0000,3.0000,35.0000,0.1000,0.0000,0.0000,0.0000,0.0000,1,0.0000,0,0,0.0000,PASS,0,UNLEARNED,nan,nan,nan,nan,-1.0000,0.0300,45.0000,0.0000,0.0000,2.0000,0,0,0
cold#528,COOLING_REQUIRED,ADAPTIVE_V1,35.0000,0.7000,1600000.0000,300.0000,0.0000,3.0000,35.0000,0.1000,0.0000,0.0000,0.0000,0.0000,1,0.0000,0,0,0.0000,PASS,38,LEARNING,328.5714,42.0000,0.0000,1.4100,-1.0000,0.0300,45.0000,0.0000,1.4310,0.0000,0,0,0
cold#532,COOLING_REQUIRED,BASELINE_V4,35.0000,1.0000,1600000.0000,300.0000,15.0000,8.0000,35.0000,0.1000,0.0000,0.0000,0.0000,0.0000,1,0.0000,0,0,0.0000,PASS,0,UNLEARNED,nan,nan,nan,nan,-1.0000,0.0300,45.0000,0.0000,0.0000,2.0000,0,0,0
cold#532,COOLING_REQUIRED,ADAPTIVE_V1,35.0000,1.0000,1600000.0000,300.0000,15.0000,8.0000,35.0000,0.1000,0.0000,0.0000,0.0000,0.0000,1,0.0000,0,0,0.0000,PASS,38,LEARNING,200.0000,22.0000,0.0000,1.2010,-1.0000,0.0300,45.0000,0.0000,1.4310,0.0000,0,0,0
cold#536,COOLING_REQUIRED,BASELINE_V4,35.0000,1.2000,1600000.0000,300.0000,60.0000,30.0000,35.0000,0.1000,0.0000,0.0000,0.0000,0.0000,1,0.0000,0,0,0.0000,PASS,0,UNLEARNED,nan,nan,nan,nan,-1.0000,0.0300,45.0000,0.0000,0.0000,2.0000,0,0,0
cold#536,COOLING_REQUIRED,ADAPTIVE_V1,35.0000,1.2000,1600000.0000,300.0000,60.0000,30.0000,35.0000,0.1000,0.0000,0.0000,0.0000,0.0000,1,0.0000,0,0,0.0000,PASS,38,LEARNING,150.0000,-45.0000,0.0000,0.3510,-1.0000,0.0300,45.0000,0.0000,1.4310,0.0000,0,0,0
cold#540,REACHABLE,BASELINE_V4,37.5000,0.7000,180000.0000,120.0000,0.0000,3.0000,10.0000,0.1000,-0.2094,0.4000,0.6167,0.4309,-1,-1.0000,0,0,37447200.0000,FAIL,0,UNLEARNED,nan,nan,nan,nan,-1.0000,0.0300,45.0000,0.0000,0.0000,2.0000,0,0,0
cold#540,REACHABLE,ADAPTIVE_V1,37.5000,0.7000,180000.0000,120.0000,0.0000,3.0000,10.0000,0.1000,-0.0895,0.1279,0.1592,0.0765,-1,5197.0000,0,0,37716000.0000,FAIL,55,LEARNING,7.9169,4.1430,-0.3381,0.7285,-1.0000,0.0671,7.1430,29.1262,0.9151,0.0219,0,0,0
cold#544,REACHABLE,BASELINE_V4,37.5000,1.0000,180000.0000,120.0000,15.0000,8.0000,10.0000,0.1000,-0.0257,0.3988,0.8149,0.8012,-1,3915.1000,0,0,38574400.0000,FAIL,0,UNLEARNED,nan,nan,nan,nan,-1.0000,0.0300,45.0000,0.0000,0.0000,2.0000,0,0,0
cold#544,REACHABLE,ADAPTIVE_V1,37.5000,1.0000,180000.0000,120.0000,15.0000,8.0000,10.0000,0.1000,0.0643,0.0212,0.0394,0.0346,1182,1062.5000,0,0,39630400.0000,PASS,88,QUALIFIED,-9.1610,3.6465,-0.0456,0.4734,698.0000,0.0807,26.6465,20.5794,2.5178,0.0032,10,1,0
cold#548,SAFETY_LIMITED,BASELINE_V4,37.5000,1.2000,180000.0000,120.0000,60.0000,30.0000,10.0000,0.1000,-1.9566,2.3749,2.9244,1.0082,-1,-1.0000,0,0,36616320.0000,FAIL,0,UNLEARNED,nan,nan,nan,nan,-1.0000,0.0300,45.0000,0.0000,0.0000,2.0000,0,0,0
cold#548,SAFETY_LIMITED,ADAPTIVE_V1,37.5000,1.2000,180000.0000,120.0000,60.0000,30.0000,10.0000,0.1000,0.0177,0.1092,0.2513,0.3020,-1,2135.2000,0,0,39588480.0000,FAIL,89,QUALIFIED,-33.8067,-1.1130,-0.0798,-3.4433,968.0000,0.0706,88.8870,17.1077,6.1567,0.0504,0,1,0
cold#552,REACHABLE,BASELINE_V4,37.5000,0.7000,600000.0000,180.0000,0.0000,3.0000,10.0000,0.1000,-0.2327,0.3051,0.3415,0.1065,-1,-1.0000,0,0,60795840.0000,FAIL,0,UNLEARNED,nan,nan,nan,nan,-1.0000,0.0300,45.0000,0.0000,0.0000,2.0000,0,0,0
cold#552,REACHABLE,ADAPTIVE_V1,37.5000,0.7000,600000.0000,180.0000,0.0000,3.0000,10.0000,0.1000,-0.2327,0.2610,0.2730,0.0331,-1,-1.0000,0,0,60849600.0000,FAIL,38,LEARNING,60.7143,42.0000,-0.2687,1.3750,-1.0000,0.0300,45.0000,43.9278,1.4310,0.1834,0,0,0
cold#556,REACHABLE,BASELINE_V4,37.5000,1.0000,600000.0000,180.0000,15.0000,8.0000,10.0000,0.1000,-2.2077,2.8204,3.0581,0.5398,-1,-1.0000,0,0,59100800.0000,FAIL,0,UNLEARNED,nan,nan,nan,nan,-1.0000,0.0300,45.0000,0.0000,0.0000,2.0000,0,0,0
cold#556,REACHABLE,ADAPTIVE_V1,37.5000,1.0000,600000.0000,180.0000,15.0000,8.0000,10.0000,0.1000,0.0691,0.0107,0.0225,0.0314,6779,6778.8000,0,0,63200000.0000,PASS,92,QUALIFIED,-0.9501,4.1428,-0.0714,0.2221,5818.0000,0.0264,27.1428,30.8661,0.8354,0.0061,11,2,0
cold#560,REACHABLE,BASELINE_V4,37.5000,1.2000,600000.0000,180.0000,60.0000,30.0000,10.0000,0.1000,-3.6176,3.8172,4.0738,0.4910,-1,-1.0000,0,0,57847680.0000,FAIL,0,UNLEARNED,nan,nan,nan,nan,-1.0000,0.0300,45.0000,0.0000,0.0000,2.0000,0,0,0
cold#560,REACHABLE,ADAPTIVE_V1,37.5000,1.2000,600000.0000,180.0000,60.0000,30.0000,10.0000,0.1000,-0.0268,0.5377,1.3135,1.3227,-1,9923.4000,0,0,65026560.0000,FAIL,34,DEGRADED,-11.3635,-9.4670,-0.0232,-0.6216,1444.0000,0.0284,80.5330,25.7581,2.2584,0.1224,0,2,2
cold#564,HEAT_LIMITED,BASELINE_V4,37.5000,0.7000,1600000.0000,300.0000,0.0000,3.0000,10.0000,0.1000,-0.3440,1.0391,2.1348,1.9313,-1,-1.0000,0,0,101525760.0000,FAIL,0,UNLEARNED,nan,nan,nan,nan,-1.0000,0.0300,45.0000,0.0000,0.0000,2.0000,0,0,0
cold#564,HEAT_LIMITED,ADAPTIVE_V1,37.5000,0.7000,1600000.0000,300.0000,0.0000,3.0000,10.0000,0.1000,-1.5852,2.3071,3.0230,1.5256,-1,-1.0000,0,0,98175840.0000,FAIL,41,LEARNING,328.5714,42.0000,5.9797,1.4100,-1.0000,0.0300,45.0000,79.6404,1.4310,0.1235,0,0,0
cold#568,REACHABLE,BASELINE_V4,37.5000,1.0000,1600000.0000,300.0000,15.0000,8.0000,10.0000,0.1000,-0.3867,0.4355,0.4629,0.0749,-1,-1.0000,0,0,109675200.0000,FAIL,0,UNLEARNED,nan,nan,nan,nan,-1.0000,0.0300,45.0000,0.0000,0.0000,2.0000,0,0,0
cold#568,REACHABLE,ADAPTIVE_V1,37.5000,1.0000,1600000.0000,300.0000,15.0000,8.0000,10.0000,0.1000,-0.1211,0.1689,0.2281,0.1161,-1,9706.1000,0,0,110203200.0000,FAIL,63,QUALIFIED,45.5153,4.6617,0.1058,0.2370,8594.0000,0.0146,27.6617,51.6683,0.4670,0.2269,0,1,0
cold#572,REACHABLE,BASELINE_V4,37.5000,1.2000,1600000.0000,300.0000,60.0000,30.0000,10.0000,0.1000,-2.9525,3.8414,4.8201,1.9137,-1,-1.0000,0,0,97626240.0000,FAIL,0,UNLEARNED,nan,nan,nan,nan,-1.0000,0.0300,45.0000,0.0000,0.0000,2.0000,0,0,0
cold#572,REACHABLE,ADAPTIVE_V1,37.5000,1.2000,1600000.0000,300.0000,60.0000,30.0000,10.0000,0.1000,-0.3370,0.5968,0.6968,0.2317,-1,-1.0000,0,0,115384320.0000,FAIL,38,DEGRADED,-25.0754,-1.6985,-17.4623,-0.2979,868.0000,0.0090,88.3015,25.5064,0.7821,0.2009,0,1,1
cold#576,REACHABLE,BASELINE_V4,37.5000,0.7000,180000.0000,120.0000,0.0000,3.0000,20.0000,0.1000,-0.1226,0.2744,0.3955,0.2733,-1,2589.0000,0,0,24559360.0000,FAIL,0,UNLEARNED,nan,nan,nan,nan,-1.0000,0.0300,45.0000,0.0000,0.0000,2.0000,0,0,0
cold#576,REACHABLE,ADAPTIVE_V1,37.5000,0.7000,180000.0000,120.0000,0.0000,3.0000,20.0000,0.1000,0.0560,0.0085,0.0138,0.0118,1969,1968.8000,0,0,25049920.0000,PASS,77,QUALIFIED,-1.0491,5.0923,0.0000,0.7050,1364.0000,0.0616,8.0923,18.7500,0.8917,0.0025,3,1,0
cold#580,REACHABLE,BASELINE_V4,37.5000,1.0000,180000.0000,120.0000,15.0000,8.0000,20.0000,0.1000,-0.1133,0.3592,0.5568,0.4477,-1,6971.7000,0,0,24272000.0000,FAIL,0,UNLEARNED,nan,nan,nan,nan,-1.0000,0.0300,45.0000,0.0000,0.0000,2.0000,0,0,0
cold#580,REACHABLE,ADAPTIVE_V1,37.5000,1.0000,180000.0000,120.0000,15.0000,8.0000,20.0000,0.1000,0.0720,0.0266,0.0487,0.0563,1529,1528.7000,0,0,25340800.0000,PASS,78,QUALIFIED,-4.9026,4.5606,-0.0233,0.6609,1012.0000,0.0845,27.5606,13.1017,2.7054,0.0016,18,1,0
cold#584,SAFETY_LIMITED,BASELINE_V4,37.5000,1.2000,180000.0000,120.0000,60.0000,30.0000,20.0000,0.1000,-1.2437,1.7085,2.0148,0.6311,-1,-1.0000,0,0,23011200.0000,FAIL,0,UNLEARNED,nan,nan,nan,nan,-1.0000,0.0300,45.0000,0.0000,0.0000,2.0000,0,0,0
cold#584,SAFETY_LIMITED,ADAPTIVE_V1,37.5000,1.2000,180000.0000,120.0000,60.0000,30.0000,20.0000,0.1000,0.0073,0.0830,0.2101,0.2442,-1,3473.2000,0,0,25165440.0000,FAIL,91,QUALIFIED,-34.0514,0.9651,-0.0883,-3.3345,962.0000,0.0703,90.9651,10.8492,6.2655,0.0370,0,1,0
cold#588,REACHABLE,BASELINE_V4,37.5000,0.7000,600000.0000,180.0000,0.0000,3.0000,20.0000,0.1000,-0.1378,0.2550,0.3365,0.2012,-1,5648.8000,0,0,39617760.0000,FAIL,0,UNLEARNED,nan,nan,nan,nan,-1.0000,0.0300,45.0000,0.0000,0.0000,2.0000,0,0,0
cold#588,REACHABLE,ADAPTIVE_V1,37.5000,0.7000,600000.0000,180.0000,0.0000,3.0000,20.0000,0.1000,0.0532,0.0094,0.0135,0.0089,2298,2298.0000,0,0,42066080.0000,PASS,96,QUALIFIED,-1.1470,4.5932,-0.0114,0.2030,886.0000,0.0185,7.5932,28.1136,0.2590,0.0029,0,1,0
cold#592,REACHABLE,BASELINE_V4,37.5000,1.0000,600000.0000,180.0000,15.0000,8.0000,20.0000,0.1000,-0.0820,0.3172,0.4460,0.3201,-1,3840.5000,0,0,41174400.0000,FAIL,0,UNLEARNED,nan,nan,nan,nan,-1.0000,0.0300,45.0000,0.0000,0.0000,2.0000,0,0,0
cold#592,REACHABLE,ADAPTIVE_V1,37.5000,1.0000,600000.0000,180.0000,15.0000,8.0000,20.0000,0.1000,0.0638,0.0352,0.0365,0.0043,1954,1953.3000,0,0,42600000.0000,PASS,95,QUALIFIED,-4.1348,4.3331,0.0015,0.1996,846.0000,0.0256,27.3331,19.6890,0.8129,0.0055,0,1,0
cold#596,REACHABLE,BASELINE_V4,37.5000,1.2000,600000.0000,180.0000,60.0000,30.0000,20.0000,0.1000,-0.0265,0.4248,0.7737,0.7528,-1,5499.1000,0,0,40556160.0000,FAIL,0,UNLEARNED,nan,nan,nan,nan,-1.0000,0.0300,45.0000,0.0000,0.0000,2.0000,0,0,0
cold#596,REACHABLE,ADAPTIVE_V1,37.5000,1.2000,600000.0000,180.0000,60.0000,30.0000,20.0000,0.1000,0.0210,0.0715,0.1305,0.1377,4173,3417.1000,0,0,41662080.0000,PASS,89,QUALIFIED,-33.5236,-1.3407,-0.2420,-1.0294,3204.0000,0.0213,88.6593,16.1642,1.8506,0.1320,24,2,0
cold#600,REACHABLE,BASELINE_V4,37.5000,0.7000,1600000.0000,300.0000,0.0000,3.0000,20.0000,0.1000,-0.2429,0.2775,0.2959,0.0537,-1,-1.0000,0,0,68960640.0000,FAIL,0,UNLEARNED,nan,nan,nan,nan,-1.0000,0.0300,45.0000,0.0000,0.0000,2.0000,0,0,0
cold#600,REACHABLE,ADAPTIVE_V1,37.5000,0.7000,1600000.0000,300.0000,0.0000,3.0000,20.0000,0.1000,0.0517,0.0413,0.0500,0.0971,6179,6178.2000,0,0,73756480.0000,PASS,87,QUALIFIED,-15.9722,7.2325,0.2250,0.0755,1768.0000,0.0059,10.2325,47.1000,0.0965,0.0568,0,2,1
cold#604,REACHABLE,BASELINE_V4,37.5000,1.0000,1600000.0000,300.0000,15.0000,8.0000,20.0000,0.1000,-0.2065,0.2742,0.3132,0.1076,-1,-1.0000,0,0,70572800.0000,FAIL,0,UNLEARNED,nan,nan,nan,nan,-1.0000,0.0300,45.0000,0.0000,0.0000,2.0000,0,0,0
cold#604,REACHABLE,ADAPTIVE_V1,37.5000,1.0000,1600000.0000,300.0000,15.0000,8.0000,20.0000,0.1000,0.0591,0.0240,0.0242,0.0336,5423,3281.3000,0,0,77723200.0000,PASS,75,QUALIFIED,6.8490,2.0127,0.0419,0.0875,856.0000,0.0107,25.0127,32.8544,0.3175,0.0078,32,1,1
cold#608,REACHABLE,BASELINE_V4,37.5000,1.2000,1600000.0000,300.0000,60.0000,30.0000,20.0000,0.1000,-0.3112,0.4055,0.4860,0.1798,-1,-1.0000,0,0,69747840.0000,FAIL,0,UNLEARNED,nan,nan,nan,nan,-1.0000,0.0300,45.0000,0.0000,0.0000,2.0000,0,0,0
cold#608,REACHABLE,ADAPTIVE_V1,37.5000,1.2000,1600000.0000,300.0000,60.0000,30.0000,20.0000,0.1000,-0.0288,0.3882,0.7956,0.7775,-1,10065.7000,0,0,74768640.0000,FAIL,37,DEGRADED,-4.2289,-20.3732,-3.0820,-0.2768,1006.0000,0.0115,69.6268,24.2618,0.8032,0.2614,3,2,2
cold#612,REACHABLE,BASELINE_V4,37.5000,0.7000,180000.0000,120.0000,0.0000,3.0000,25.0000,0.1000,-0.1221,0.2581,0.3519,0.2368,-1,1815.9000,0,0,17636640.0000,FAIL,0,UNLEARNED,nan,nan,nan,nan,-1.0000,0.0300,45.0000,0.0000,0.0000,2.0000,0,0,0
cold#612,REACHABLE,ADAPTIVE_V1,37.5000,0.7000,180000.0000,120.0000,0.0000,3.0000,25.0000,0.1000,0.0571,0.0416,0.0492,0.0640,1857,1856.3000,0,0,17918880.0000,PASS,65,QUALIFIED,1.2222,4.5567,0.0894,0.6952,1990.0000,0.0630,7.5567,13.4822,0.8818,0.0124,0,1,0
cold#616,REACHABLE,BASELINE_V4,37.5000,1.0000,180000.0000,120.0000,15.0000,8.0000,25.0000,0.1000,-0.0371,0.2628,0.4266,0.3955,-1,4260.5000,0,0,17750400.0000,FAIL,0,UNLEARNED,nan,nan,nan,nan,-1.0000,0.0300,45.0000,0.0000,0.0000,2.0000,0,0,0
cold#616,REACHABLE,ADAPTIVE_V1,37.5000,1.0000,180000.0000,120.0000,15.0000,8.0000,25.0000,0.1000,0.0580,0.0215,0.0426,0.0816,2766,2765.7000,0,0,18038400.0000,PASS,67,QUALIFIED,-6.5481,4.1738,0.0243,0.5852,2748.0000,0.0831,27.1738,9.3993,2.6297,0.0048,15,1,0
cold#620,SAFETY_LIMITED,BASELINE_V4,37.5000,1.2000,180000.0000,120.0000,60.0000,30.0000,25.0000,0.1000,0.0074,0.5187,0.8133,0.7877,-1,3588.6000,0,0,17345280.0000,FAIL,0,UNLEARNED,nan,nan,nan,nan,-1.0000,0.0300,45.0000,0.0000,0.0000,2.0000,0,0,0
cold#620,SAFETY_LIMITED,ADAPTIVE_V1,37.5000,1.2000,180000.0000,120.0000,60.0000,30.0000,25.0000,0.1000,0.0842,0.0392,0.1040,0.1458,1121,1120.6000,0,0,18155520.0000,PASS,88,QUALIFIED,-35.8613,1.2646,0.0126,-3.4880,830.0000,0.0684,91.2646,7.8251,6.1120,0.0266,0,1,0
cold#624,REACHABLE,BASELINE_V4,37.5000,0.7000,600000.0000,180.0000,0.0000,3.0000,25.0000,0.1000,-0.2148,0.2841,0.3202,0.1067,-1,-1.0000,0,0,29117760.0000,FAIL,0,UNLEARNED,nan,nan,nan,nan,-1.0000,0.0300,45.0000,0.0000,0.0000,2.0000,0,0,0
cold#624,REACHABLE,ADAPTIVE_V1,37.5000,0.7000,600000.0000,180.0000,0.0000,3.0000,25.0000,0.1000,-0.0252,0.0514,0.0753,0.0486,2347,2346.3000,0,0,29991360.0000,PASS,98,QUALIFIED,-0.4970,4.2514,-0.0871,0.1990,1584.0000,0.0186,7.2514,20.0022,0.2550,0.0112,21,1,0
cold#628,REACHABLE,BASELINE_V4,37.5000,1.0000,600000.0000,180.0000,15.0000,8.0000,25.0000,0.1000,-0.0931,0.1937,0.2640,0.1739,-1,2751.0000,0,0,29820800.0000,FAIL,0,UNLEARNED,nan,nan,nan,nan,-1.0000,0.0300,45.0000,0.0000,0.0000,2.0000,0,0,0
cold#628,REACHABLE,ADAPTIVE_V1,37.5000,1.0000,600000.0000,180.0000,15.0000,8.0000,25.0000,0.1000,0.0652,0.0227,0.0494,0.1046,1355,1229.0000,0,0,30688000.0000,PASS,97,QUALIFIED,-6.1041,4.4760,-0.1495,0.1861,716.0000,0.0250,27.4760,13.9130,0.7995,0.0012,41,1,0
cold#632,REACHABLE,BASELINE_V4,37.5000,1.2000,600000.0000,180.0000,60.0000,30.0000,25.0000,0.1000,0.0703,0.2570,0.5287,0.6032,-1,3217.1000,0,0,29771520.0000,FAIL,0,UNLEARNED,nan,nan,nan,nan,-1.0000,0.0300,45.0000,0.0000,0.0000,2.0000,0,0,0
cold#632,REACHABLE,ADAPTIVE_V1,37.5000,1.2000,600000.0000,180.0000,60.0000,30.0000,25.0000,0.1000,0.4836,0.0312,0.0667,0.1535,4815,2657.6000,0,0,30088320.0000,FAIL,89,QUALIFIED,-35.7105,-1.5341,0.1289,-1.0939,2534.0000,0.0206,88.4659,11.8476,1.7861,0.0088,0,2,0
cold#636,REACHABLE,BASELINE_V4,37.5000,0.7000,1600000.0000,300.0000,0.0000,3.0000,25.0000,0.1000,-0.1439,0.2290,0.2757,0.1331,-1,6116.8000,0,0,50564640.0000,FAIL,0,UNLEARNED,nan,nan,nan,nan,-1.0000,0.0300,45.0000,0.0000,0.0000,2.0000,0,0,0
cold#636,REACHABLE,ADAPTIVE_V1,37.5000,0.7000,1600000.0000,300.0000,0.0000,3.0000,25.0000,0.1000,0.0515,0.0470,0.0476,0.0017,3883,3882.6000,0,0,53754400.0000,PASS,89,QUALIFIED,-3.8428,4.4708,0.0869,0.0727,1996.0000,0.0067,7.4708,33.5691,0.0937,0.0090,0,2,0
cold#640,REACHABLE,BASELINE_V4,37.5000,1.0000,1600000.0000,300.0000,15.0000,8.0000,25.0000,0.1000,-0.1094,0.2473,0.2609,0.0345,-1,5810.8000,0,0,53044800.0000,FAIL,0,UNLEARNED,nan,nan,nan,nan,-1.0000,0.0300,45.0000,0.0000,0.0000,2.0000,0,0,0
cold#640,REACHABLE,ADAPTIVE_V1,37.5000,1.0000,1600000.0000,300.0000,15.0000,8.0000,25.0000,0.1000,0.0591,0.0134,0.0264,0.0355,2886,2885.4000,0,0,55723200.0000,PASS,93,QUALIFIED,-5.5417,1.2350,-0.1929,0.0440,1462.0000,0.0094,24.2350,23.2446,0.2740,0.0022,19,2,0
cold#644,REACHABLE,BASELINE_V4,37.5000,1.2000,1600000.0000,300.0000,60.0000,30.0000,25.0000,0.1000,-0.1286,0.3058,0.3686,0.1425,-1,6388.9000,0,0,51569280.0000,FAIL,0,UNLEARNED,nan,nan,nan,nan,-1.0000,0.0300,45.0000,0.0000,0.0000,2.0000,0,0,0
cold#644,REACHABLE,ADAPTIVE_V1,37.5000,1.2000,1600000.0000,300.0000,60.0000,30.0000,25.0000,0.1000,-0.2486,0.5030,0.5872,0.1849,-1,-1.0000,0,0,53518080.0000,FAIL,38,DEGRADED,-13.5989,-5.2643,-0.1777,-0.2147,1464.0000,0.0104,84.7357,19.3535,0.8653,0.2602,7,2,2
cold#648,REACHABLE,BASELINE_V4,37.5000,0.7000,180000.0000,120.0000,0.0000,3.0000,28.0000,0.1000,-0.0319,0.1483,0.2268,0.1963,-1,1541.3000,0,0,13488160.0000,FAIL,0,UNLEARNED,nan,nan,nan,nan,-1.0000,0.0300,45.0000,0.0000,0.0000,2.0000,0,0,0
cold#648,REACHABLE,ADAPTIVE_V1,37.5000,0.7000,180000.0000,120.0000,0.0000,3.0000,28.0000,0.1000,0.0575,0.0299,0.0320,0.0064,1510,1509.5000,0,0,13700960.0000,PASS,57,LEARNING,-1.1621,4.7502,0.0566,0.6851,-1.0000,0.0615,7.7502,10.2352,0.8718,0.0061,3,0,0
cold#652,REACHABLE,BASELINE_V4,37.5000,1.0000,180000.0000,120.0000,15.0000,8.0000,28.0000,0.1000,-0.0137,0.2502,0.4227,0.4135,-1,1364.4000,0,0,13444800.0000,FAIL,0,UNLEARNED,nan,nan,nan,nan,-1.0000,0.0300,45.0000,0.0000,0.0000,2.0000,0,0,0
cold#652,REACHABLE,ADAPTIVE_V1,37.5000,1.0000,180000.0000,120.0000,15.0000,8.0000,28.0000,0.1000,-0.0530,0.2579,0.3358,0.2228,-1,1504.2000,0,0,13459200.0000,FAIL,44,LEARNING,-75.0560,109.4081,-0.6311,0.7574,-1.0000,0.0222,132.4081,6.4939,2.8019,0.6268,0,0,0
cold#656,SAFETY_LIMITED,BASELINE_V4,37.5000,1.2000,180000.0000,120.0000,60.0000,30.0000,28.0000,0.1000,0.2133,0.3730,0.6378,0.8273,-1,1282.8000,0,0,13296000.0000,FAIL,0,UNLEARNED,nan,nan,nan,nan,-1.0000,0.0300,45.0000,0.0000,0.0000,2.0000,0,0,0
cold#656,SAFETY_LIMITED,ADAPTIVE_V1,37.5000,1.2000,180000.0000,120.0000,60.0000,30.0000,28.0000,0.1000,0.1815,0.3153,0.6076,0.6915,-1,1282.8000,0,0,13386240.0000,FAIL,50,LEARNING,-29.0249,0.2397,-5.9375,-2.9092,-1.0000,0.0757,90.2397,0.0000,6.6908,0.0731,0,0,0
cold#660,REACHABLE,BASELINE_V4,37.5000,0.7000,600000.0000,180.0000,0.0000,3.0000,28.0000,0.1000,-0.1373,0.1699,0.1858,0.0484,-1,2752.0000,0,0,22516480.0000,FAIL,0,UNLEARNED,nan,nan,nan,nan,-1.0000,0.0300,45.0000,0.0000,0.0000,2.0000,0,0,0
cold#660,REACHABLE,ADAPTIVE_V1,37.5000,0.7000,600000.0000,180.0000,0.0000,3.0000,28.0000,0.1000,0.0546,0.0143,0.0209,0.0141,1896,1895.4000,0,0,23128000.0000,PASS,77,QUALIFIED,-10.4316,3.6199,-0.0178,0.1640,1422.0000,0.0167,6.6199,15.2500,0.2200,0.0094,0,1,0
cold#664,REACHABLE,BASELINE_V4,37.5000,1.0000,600000.0000,180.0000,15.0000,8.0000,28.0000,0.1000,-0.0785,0.1589,0.2001,0.1136,-1,2258.1000,0,0,22803200.0000,FAIL,0,UNLEARNED,nan,nan,nan,nan,-1.0000,0.0300,45.0000,0.0000,0.0000,2.0000,0,0,0
cold#664,REACHABLE,ADAPTIVE_V1,37.5000,1.0000,600000.0000,180.0000,15.0000,8.0000,28.0000,0.1000,0.0667,0.0351,0.0498,0.0198,1036,1035.9000,0,0,23529600.0000,PASS,97,QUALIFIED,-6.0031,4.4773,0.0545,0.1870,644.0000,0.0251,27.4773,10.7420,0.8003,0.0062,15,1,0
cold#668,REACHABLE,BASELINE_V4,37.5000,1.2000,600000.0000,180.0000,60.0000,30.0000,28.0000,0.1000,0.1805,0.2221,0.4293,0.5262,-1,2571.5000,0,0,22796160.0000,FAIL,0,UNLEARNED,nan,nan,nan,nan,-1.0000,0.0300,45.0000,0.0000,0.0000,2.0000,0,0,0
cold#668,REACHABLE,ADAPTIVE_V1,37.5000,1.2000,600000.0000,180.0000,60.0000,30.0000,28.0000,0.1000,0.3081,0.0336,0.0343,0.0018,2659,1856.6000,0,0,23120640.0000,FAIL,89,QUALIFIED,-36.7468,-1.4637,-0.0255,-1.1214,1466.0000,0.0202,88.5363,8.8808,1.7586,0.0046,0,1,0
cold#672,REACHABLE,BASELINE_V4,37.5000,0.7000,1600000.0000,300.0000,0.0000,3.0000,28.0000,0.1000,-0.1427,0.1943,0.2187,0.0772,-1,4950.2000,0,0,39404960.0000,FAIL,0,UNLEARNED,nan,nan,nan,nan,-1.0000,0.0300,45.0000,0.0000,0.0000,2.0000,0,0,0
cold#672,REACHABLE,ADAPTIVE_V1,37.5000,0.7000,1600000.0000,300.0000,0.0000,3.0000,28.0000,0.1000,0.0518,0.0437,0.0497,0.0101,3769,2796.6000,0,0,42332640.0000,PASS,92,QUALIFIED,-6.0084,5.8699,0.0543,0.0789,1064.0000,0.0066,8.8699,25.5007,0.0999,0.0033,27,2,1
cold#676,REACHABLE,BASELINE_V4,37.5000,1.0000,1600000.0000,300.0000,15.0000,8.0000,28.0000,0.1000,-0.1087,0.1820,0.2207,0.1082,-1,4388.9000,0,0,41123200.0000,FAIL,0,UNLEARNED,nan,nan,nan,nan,-1.0000,0.0300,45.0000,0.0000,0.0000,2.0000,0,0,0
cold#676,REACHABLE,ADAPTIVE_V1,37.5000,1.0000,1600000.0000,300.0000,15.0000,8.0000,28.0000,0.1000,0.0590,0.0362,0.0691,0.1277,3074,2243.3000,0,0,43065600.0000,PASS,86,QUALIFIED,3.6900,3.6362,-0.5417,0.0932,898.0000,0.0104,26.6362,17.2708,0.3232,0.2862,29,1,1
cold#680,REACHABLE,BASELINE_V4,37.5000,1.2000,1600000.0000,300.0000,60.0000,30.0000,28.0000,0.1000,-0.2003,0.2850,0.3541,0.1510,-1,-1.0000,0,0,39813120.0000,FAIL,0,UNLEARNED,nan,nan,nan,nan,-1.0000,0.0300,45.0000,0.0000,0.0000,2.0000,0,0,0
cold#680,REACHABLE,ADAPTIVE_V1,37.5000,1.2000,1600000.0000,300.0000,60.0000,30.0000,28.0000,0.1000,0.1400,0.5182,0.5468,0.0688,-1,2999.4000,0,0,39576960.0000,FAIL,27,DEGRADED,-27.0689,-19.2324,-0.3524,-0.7711,2222.0000,0.0088,70.7676,14.4914,0.3089,0.3971,0,2,2
cold#684,REACHABLE,BASELINE_V4,37.5000,0.7000,180000.0000,120.0000,0.0000,3.0000,35.0000,0.1000,-0.0368,0.0617,0.0749,0.0415,583,523.3000,0,0,3551520.0000,PASS,0,UNLEARNED,nan,nan,nan,nan,-1.0000,0.0300,45.0000,0.0000,0.0000,2.0000,0,0,0
cold#684,REACHABLE,ADAPTIVE_V1,37.5000,0.7000,180000.0000,120.0000,0.0000,3.0000,35.0000,0.1000,-0.0335,0.0617,0.0749,0.0415,583,523.3000,0,0,3551520.0000,PASS,38,LEARNING,-51.7857,42.0000,-0.0037,1.2443,-1.0000,0.0300,45.0000,2.6748,1.4310,0.1218,0,0,0
cold#688,REACHABLE,BASELINE_V4,37.5000,1.0000,180000.0000,120.0000,15.0000,8.0000,35.0000,0.1000,0.0457,0.0475,0.0981,0.1278,346,269.2000,0,0,3609600.0000,PASS,0,UNLEARNED,nan,nan,nan,nan,-1.0000,0.0300,45.0000,0.0000,0.0000,2.0000,0,0,0
cold#688,REACHABLE,ADAPTIVE_V1,37.5000,1.0000,180000.0000,120.0000,15.0000,8.0000,35.0000,0.1000,0.0457,0.0475,0.0981,0.1278,346,269.2000,0,0,3609600.0000,PASS,38,LEARNING,-66.2500,22.0000,-0.1515,-0.6134,-1.0000,0.0300,45.0000,1.7235,1.4310,0.2076,0,0,0
cold#692,SAFETY_LIMITED,BASELINE_V4,37.5000,1.2000,180000.0000,120.0000,60.0000,30.0000,35.0000,0.1000,0.1065,0.0894,0.1757,0.2865,-1,494.0000,0,0,3640320.0000,FAIL,0,UNLEARNED,nan,nan,nan,nan,-1.0000,0.0300,45.0000,0.0000,0.0000,2.0000,0,0,0
cold#692,SAFETY_LIMITED,ADAPTIVE_V1,37.5000,1.2000,180000.0000,120.0000,60.0000,30.0000,35.0000,0.1000,0.1065,0.0894,0.1757,0.2865,-1,494.0000,0,0,3640320.0000,FAIL,38,LEARNING,-71.8750,-45.0000,0.5101,-8.7345,-1.0000,0.0300,45.0000,2.0726,0.8655,0.2511,0,0,0
cold#696,REACHABLE,BASELINE_V4,37.5000,0.7000,600000.0000,180.0000,0.0000,3.0000,35.0000,0.1000,-0.0426,0.0574,0.0637,0.0190,1178,1177.2000,0,0,5997600.0000,PASS,0,UNLEARNED,nan,nan,nan,nan,-1.0000,0.0300,45.0000,0.0000,0.0000,2.0000,0,0,0
cold#696,REACHABLE,ADAPTIVE_V1,37.5000,0.7000,600000.0000,180.0000,0.0000,3.0000,35.0000,0.1000,-0.0426,0.0547,0.0596,0.0155,1178,1177.2000,0,0,5994240.0000,PASS,38,LEARNING,60.7143,42.0000,-0.0403,1.3750,-1.0000,0.0300,45.0000,3.9775,1.4310,0.0773,0,0,0
cold#700,REACHABLE,BASELINE_V4,37.5000,1.0000,600000.0000,180.0000,15.0000,8.0000,35.0000,0.1000,-0.0139,0.0510,0.0739,0.0551,979,978.4000,0,0,6092800.0000,PASS,0,UNLEARNED,nan,nan,nan,nan,-1.0000,0.0300,45.0000,0.0000,0.0000,2.0000,0,0,0
cold#700,REACHABLE,ADAPTIVE_V1,37.5000,1.0000,600000.0000,180.0000,15.0000,8.0000,35.0000,0.1000,-0.0139,0.0512,0.0740,0.0552,979,978.4000,0,0,6059200.0000,PASS,38,LEARNING,12.5000,22.0000,0.2060,0.8177,-1.0000,0.0300,45.0000,3.0185,1.4310,0.1825,0,0,0
cold#704,REACHABLE,BASELINE_V4,37.5000,1.2000,600000.0000,180.0000,60.0000,30.0000,35.0000,0.1000,0.1526,0.0628,0.1213,0.2590,5188,1035.2000,0,0,6122880.0000,FAIL,0,UNLEARNED,nan,nan,nan,nan,-1.0000,0.0300,45.0000,0.0000,0.0000,2.0000,0,0,0
cold#704,REACHABLE,ADAPTIVE_V1,37.5000,1.2000,600000.0000,180.0000,60.0000,30.0000,35.0000,0.1000,0.1310,0.0492,0.0960,0.1783,1036,1035.2000,0,0,6197760.0000,PASS,56,LEARNING,-37.1206,-90.0000,0.5440,-2.7576,-1.0000,0.0201,0.0000,2.8877,0.1224,0.1674,0,0,0
cold#708,REACHABLE,BASELINE_V4,37.5000,0.7000,1600000.0000,300.0000,0.0000,3.0000,35.0000,0.1000,-0.1251,0.1383,0.1433,0.0159,2253,2252.1000,0,0,10688160.0000,FAIL,0,UNLEARNED,nan,nan,nan,nan,-1.0000,0.0300,45.0000,0.0000,0.0000,2.0000,0,0,0
cold#708,REACHABLE,ADAPTIVE_V1,37.5000,0.7000,1600000.0000,300.0000,0.0000,3.0000,35.0000,0.1000,-0.0262,0.1268,0.1296,0.0088,2049,2048.6000,0,0,10852800.0000,FAIL,59,LEARNING,14.8570,8.2379,-0.3151,0.1182,-1.0000,0.0080,11.2379,6.3814,0.1392,0.0030,11,0,0
cold#712,REACHABLE,BASELINE_V4,37.5000,1.0000,1600000.0000,300.0000,15.0000,8.0000,35.0000,0.1000,-0.0211,0.0560,0.0683,0.0330,1701,1700.6000,0,0,11270400.0000,PASS,0,UNLEARNED,nan,nan,nan,nan,-1.0000,0.0300,45.0000,0.0000,0.0000,2.0000,0,0,0
cold#712,REACHABLE,ADAPTIVE_V1,37.5000,1.0000,1600000.0000,300.0000,15.0000,8.0000,35.0000,0.1000,-0.0232,0.0526,0.0609,0.0234,1680,1679.1000,0,0,11251200.0000,PASS,40,LEARNING,200.0000,22.0000,-0.2258,1.2010,-1.0000,0.0300,45.0000,4.4617,1.4310,0.1245,0,0,0
cold#716,REACHABLE,BASELINE_V4,37.5000,1.2000,1600000.0000,300.0000,60.0000,30.0000,35.0000,0.1000,0.0511,0.0452,0.0926,0.1452,1939,1938.4000,0,0,11230080.0000,PASS,0,UNLEARNED,nan,nan,nan,nan,-1.0000,0.0300,45.0000,0.0000,0.0000,2.0000,0,0,0
cold#716,REACHABLE,ADAPTIVE_V1,37.5000,1.2000,1600000.0000,300.0000,60.0000,30.0000,35.0000,0.1000,0.0858,0.0304,0.0672,0.1400,1825,1824.6000,0,0,11339520.0000,PASS,65,QUALIFIED,-39.2636,6.6524,-0.1303,-0.3935,2282.0000,0.0073,96.6524,3.7759,0.6865,0.4065,24,1,0
door1#720,REACHABLE,BASELINE_V4,37.5000,1.0000,180000.0000,120.0000,0.0000,30.0000,25.0000,0.0100,-0.0340,0.2145,0.3508,0.2958,-1,1454.8000,0,0,17961600.0000,FAIL,0,UNLEARNED,nan,nan,nan,nan,-1.0000,0.0300,45.0000,0.0000,0.0000,2.0000,0,0,0
door1#720,REACHABLE,ADAPTIVE_V1,37.5000,1.0000,180000.0000,120.0000,0.0000,30.0000,25.0000,0.0100,0.0302,0.0026,0.0050,0.0110,3836,981.6000,0,0,18292800.0000,PASS,84,QUALIFIED,-42.8072,-3.7359,-0.0809,-1.0989,766.0000,0.0508,26.2641,9.2941,1.5677,0.0048,15,1,0
door2#724,REACHABLE,BASELINE_V4,37.5000,1.0000,180000.0000,120.0000,0.0000,30.0000,25.0000,0.0100,-0.0340,0.2139,0.3508,0.2958,-1,1454.8000,0,0,18132800.0000,FAIL,0,UNLEARNED,nan,nan,nan,nan,-1.0000,0.0300,45.0000,0.0000,0.0000,2.0000,0,0,0
door2#724,REACHABLE,ADAPTIVE_V1,37.5000,1.0000,180000.0000,120.0000,0.0000,30.0000,25.0000,0.0100,0.0393,0.0023,0.0050,0.0110,3854,981.6000,0,0,18465600.0000,PASS,84,QUALIFIED,-42.9076,-3.6241,-0.0389,-1.0966,766.0000,0.0507,26.3759,9.3361,1.5701,0.0051,16,1,0
door5#728,REACHABLE,BASELINE_V4,37.5000,1.0000,180000.0000,120.0000,0.0000,30.0000,25.0000,0.0100,-0.0340,0.2142,0.3506,0.2959,-1,1454.8000,0,0,18641600.0000,FAIL,0,UNLEARNED,nan,nan,nan,nan,-1.0000,0.0300,45.0000,0.0000,0.0000,2.0000,0,0,0
door5#728,REACHABLE,ADAPTIVE_V1,37.5000,1.0000,180000.0000,120.0000,0.0000,30.0000,25.0000,0.0100,0.0302,0.0028,0.0046,0.0102,3975,981.6000,0,0,18972800.0000,PASS,85,QUALIFIED,-43.3515,-3.2376,0.0019,-1.0913,766.0000,0.0504,26.7624,9.3769,1.5754,0.0014,17,1,0
ambient_rise#732,REACHABLE,BASELINE_V4,37.5000,1.0000,180000.0000,120.0000,0.0000,30.0000,25.0000,0.0100,-0.0210,0.1726,0.2936,0.2609,-1,1454.8000,0,0,15259200.0000,FAIL,0,UNLEARNED,nan,nan,nan,nan,-1.0000,0.0300,45.0000,0.0000,0.0000,2.0000,0,0,0
ambient_rise#732,REACHABLE,ADAPTIVE_V1,37.5000,1.0000,180000.0000,120.0000,0.0000,30.0000,25.0000,0.0100,0.1090,0.0024,0.0050,0.0111,982,981.6000,0,0,15523200.0000,PASS,85,QUALIFIED,-42.7678,-3.8134,0.0297,-1.1014,766.0000,0.0509,26.1866,7.1547,1.5653,0.0040,0,1,0
loss_up#736,REACHABLE,BASELINE_V4,37.5000,1.0000,180000.0000,120.0000,0.0000,30.0000,25.0000,0.0100,-0.0340,0.3174,0.4886,0.3834,-1,1454.8000,0,0,24115200.0000,FAIL,0,UNLEARNED,nan,nan,nan,nan,-1.0000,0.0300,45.0000,0.0000,0.0000,2.0000,0,0,0
loss_up#736,REACHABLE,ADAPTIVE_V1,37.5000,1.0000,180000.0000,120.0000,0.0000,30.0000,25.0000,0.0100,0.0302,0.0002,0.0003,0.0004,3765,981.6000,0,0,24614400.0000,PASS,85,QUALIFIED,-42.7678,-3.8134,0.0000,-1.1014,766.0000,0.0509,26.1866,15.0000,1.5653,0.0000,52,2,0
loss_down#740,REACHABLE,BASELINE_V4,37.5000,1.0000,180000.0000,120.0000,0.0000,30.0000,25.0000,0.0100,0.0066,0.1468,0.2562,0.2414,-1,1454.8000,0,0,13636800.0000,FAIL,0,UNLEARNED,nan,nan,nan,nan,-1.0000,0.0300,45.0000,0.0000,0.0000,2.0000,0,0,0
loss_down#740,REACHABLE,ADAPTIVE_V1,37.5000,1.0000,180000.0000,120.0000,0.0000,30.0000,25.0000,0.0100,0.1843,0.0035,0.0047,0.0038,3737,981.6000,0,0,13785600.0000,PASS,85,QUALIFIED,-42.7678,-3.8134,0.0094,-1.1014,766.0000,0.0509,26.1866,5.6344,1.5653,0.0003,162,2,0
load_heavy#744,REACHABLE,BASELINE_V4,37.5000,1.0000,180000.0000,120.0000,0.0000,30.0000,25.0000,0.0100,-0.0036,0.0332,0.0623,0.0655,3829,1454.8000,0,0,18038400.0000,PASS,0,UNLEARNED,nan,nan,nan,nan,-1.0000,0.0300,45.0000,0.0000,0.0000,2.0000,0,0,0
load_heavy#744,REACHABLE,ADAPTIVE_V1,37.5000,1.0000,180000.0000,120.0000,0.0000,30.0000,25.0000,0.0100,0.0302,0.0028,0.0051,0.0110,982,981.6000,0,0,18120000.0000,PASS,85,QUALIFIED,14.4643,-3.8134,-0.0886,0.2319,766.0000,0.0509,26.1866,9.2864,1.5653,0.0046,0,1,0
load_light#748,REACHABLE,BASELINE_V4,37.5000,1.0000,180000.0000,120.0000,0.0000,30.0000,25.0000,0.0100,-0.0340,0.2586,0.4373,0.3860,-1,1454.8000,0,0,17777600.0000,FAIL,0,UNLEARNED,nan,nan,nan,nan,-1.0000,0.0300,45.0000,0.0000,0.0000,2.0000,0,0,0
load_light#748,REACHABLE,ADAPTIVE_V1,37.5000,1.0000,180000.0000,120.0000,0.0000,30.0000,25.0000,0.0100,0.0302,0.0029,0.0050,0.0112,982,981.6000,0,0,18121600.0000,PASS,85,QUALIFIED,-71.3839,-3.8134,-0.0677,-3.7681,766.0000,0.0509,26.1866,9.3073,1.5653,0.0015,0,1,0
vent#752,REACHABLE,BASELINE_V4,37.5000,1.0000,180000.0000,120.0000,0.0000,30.0000,25.0000,0.0100,-0.0082,0.2188,0.3514,0.2958,-1,1454.8000,0,0,19305600.0000,FAIL,0,UNLEARNED,nan,nan,nan,nan,-1.0000,0.0300,45.0000,0.0000,0.0000,2.0000,0,0,0
vent#752,REACHABLE,ADAPTIVE_V1,37.5000,1.0000,180000.0000,120.0000,0.0000,30.0000,25.0000,0.0100,0.0302,0.0025,0.0048,0.0090,4627,981.6000,0,0,19488000.0000,PASS,65,QUALIFIED,-40.4214,-4.2656,0.0599,-1.0588,766.0000,0.0530,25.7344,9.4349,1.6079,0.0006,41,2,1
sensor_loss#756,REACHABLE,BASELINE_V4,37.5000,1.0000,180000.0000,120.0000,0.0000,30.0000,25.0000,0.0100,-0.0340,0.5099,0.5420,0.0611,-1,1454.8000,0,0,16982400.0000,FAIL,0,UNLEARNED,nan,nan,nan,nan,-1.0000,0.0300,45.0000,0.0000,0.0000,2.0000,0,0,0
sensor_loss#756,REACHABLE,ADAPTIVE_V1,37.5000,1.0000,180000.0000,120.0000,0.0000,30.0000,25.0000,0.0100,0.0302,0.0021,0.0048,0.0108,3731,981.6000,0,0,18120000.0000,PASS,85,QUALIFIED,-42.7678,-3.8134,-0.0334,-1.1014,766.0000,0.0509,26.1866,9.3416,1.5653,0.0042,0,1,0
bad_sample#760,REACHABLE,BASELINE_V4,37.5000,1.0000,180000.0000,120.0000,0.0000,30.0000,25.0000,0.0100,-0.0340,0.5979,0.8971,0.5160,-1,1454.8000,0,0,16843200.0000,FAIL,0,UNLEARNED,nan,nan,nan,nan,-1.0000,0.0300,45.0000,0.0000,0.0000,2.0000,0,0,0
bad_sample#760,REACHABLE,ADAPTIVE_V1,37.5000,1.0000,180000.0000,120.0000,0.0000,30.0000,25.0000,0.0100,0.0302,0.0025,0.0049,0.0107,982,981.6000,0,0,18120000.0000,PASS,85,QUALIFIED,-42.7678,-3.8134,-0.0375,-1.1014,766.0000,0.0509,26.1866,9.3375,1.5653,0.0039,0,1,0
sensor_frozen#764,REACHABLE,BASELINE_V4,37.5000,1.0000,180000.0000,120.0000,0.0000,30.0000,25.0000,0.0100,-0.0340,0.3951,0.4519,0.1195,-1,1454.8000,0,0,17446400.0000,FAIL,0,UNLEARNED,nan,nan,nan,nan,-1.0000,0.0300,45.0000,0.0000,0.0000,2.0000,0,0,0
sensor_frozen#764,REACHABLE,ADAPTIVE_V1,37.5000,1.0000,180000.0000,120.0000,0.0000,30.0000,25.0000,0.0100,0.0302,0.0025,0.0049,0.0108,3764,981.6000,0,0,18115200.0000,PASS,85,QUALIFIED,-42.7678,-3.8134,0.0237,-1.1014,766.0000,0.0509,26.1866,9.3987,1.5653,0.0048,0,1,0
safety_cut#768,REACHABLE,BASELINE_V4,37.5000,1.0000,180000.0000,120.0000,0.0000,30.0000,25.0000,0.0100,-0.0340,0.4161,0.4783,0.1497,-1,1454.8000,0,0,17457600.0000,FAIL,0,UNLEARNED,nan,nan,nan,nan,-1.0000,0.0300,45.0000,0.0000,0.0000,2.0000,0,0,0
safety_cut#768,REACHABLE,ADAPTIVE_V1,37.5000,1.0000,180000.0000,120.0000,0.0000,30.0000,25.0000,0.0100,0.0302,0.0028,0.0050,0.0111,3907,981.6000,0,0,18113600.0000,PASS,85,QUALIFIED,-42.7883,-3.8033,-0.0615,-1.1015,766.0000,0.0509,26.1967,9.3135,1.5652,0.0025,16,1,0
power_recovery#772,REACHABLE,BASELINE_V4,37.5000,1.0000,180000.0000,120.0000,0.0000,30.0000,25.0000,0.0100,-0.0340,0.1944,0.2611,0.1630,-1,1454.8000,0,0,17726400.0000,FAIL,0,UNLEARNED,nan,nan,nan,nan,-1.0000,0.0300,45.0000,0.0000,0.0000,2.0000,0,0,0
power_recovery#772,REACHABLE,ADAPTIVE_V1,37.5000,1.0000,180000.0000,120.0000,0.0000,30.0000,25.0000,0.0100,0.0302,0.0027,0.0050,0.0111,3949,981.6000,0,0,18110400.0000,PASS,84,QUALIFIED,-42.8340,-3.7712,-0.0013,-1.1013,766.0000,0.0508,26.2288,9.3737,1.5654,0.0039,16,1,0
setpoint_step#776,REACHABLE,BASELINE_V4,37.5000,1.0000,180000.0000,120.0000,0.0000,30.0000,25.0000,0.0100,-0.0465,0.2118,0.3514,0.2958,-1,4144.3000,0,0,14774400.0000,FAIL,0,UNLEARNED,nan,nan,nan,nan,-1.0000,0.0300,45.0000,0.0000,0.0000,2.0000,0,0,0
setpoint_step#776,REACHABLE,ADAPTIVE_V1,37.5000,1.0000,180000.0000,120.0000,0.0000,30.0000,25.0000,0.0100,0.0193,0.0083,0.0154,0.0343,4930,4252.6000,0,0,14980800.0000,PASS,56,LEARNING,-81.5610,65.0000,0.0017,-1.1473,-1.0000,0.0164,95.0000,9.3767,1.5194,0.0810,0,0,0
noise#780,REACHABLE,BASELINE_V4,37.5000,1.0000,180000.0000,120.0000,0.0000,30.0000,25.0000,0.0100,-0.0247,0.2217,0.3383,0.3443,-1,1506.5000,0,0,17795200.0000,FAIL,0,UNLEARNED,nan,nan,nan,nan,-1.0000,0.0300,45.0000,0.0000,0.0000,2.0000,0,0,0
noise#780,REACHABLE,ADAPTIVE_V1,37.5000,1.0000,180000.0000,120.0000,0.0000,30.0000,25.0000,0.0100,-0.1460,0.1484,0.1498,0.0044,-1,1532.8000,0,0,17928000.0000,FAIL,78,QUALIFIED,-42.5797,-3.2433,-0.1233,-1.0701,810.0000,0.0510,26.7567,9.2517,1.5966,0.0520,0,1,0
jitter_drop#784,REACHABLE,BASELINE_V4,37.5000,1.0000,180000.0000,120.0000,0.0000,30.0000,25.0000,0.0100,-0.0108,0.2170,0.3517,0.2970,-1,1434.1000,0,0,17787200.0000,FAIL,0,UNLEARNED,nan,nan,nan,nan,-1.0000,0.0300,45.0000,0.0000,0.0000,2.0000,0,0,0
jitter_drop#784,REACHABLE,ADAPTIVE_V1,37.5000,1.0000,180000.0000,120.0000,0.0000,30.0000,25.0000,0.0100,0.0372,0.0038,0.0048,0.0103,979,978.4000,0,0,18118400.0000,PASS,87,QUALIFIED,-43.0537,-3.5341,-0.0535,-1.0965,760.0000,0.0506,26.4659,9.3215,1.5702,0.0041,0,1,0
cold#1,REACHABLE,BASELINE_V4,30.0000,1.0000,180000.0000,120.0000,0.0000,8.0000,10.0000,0.0100,-0.0311,0.0609,0.0929,0.0739,8470,1755.9000,0,0,28742400.0000,PASS,0,UNLEARNED,nan,nan,nan,nan,-1.0000,0.0300,45.0000,0.0000,0.0000,2.0000,0,0,0
cold#1,REACHABLE,ADAPTIVE_V1,30.0000,1.0000,180000.0000,120.0000,0.0000,8.0000,10.0000,0.0100,0.0102,0.0020,0.0038,0.0045,1753,1752.6000,0,0,28848000.0000,PASS,61,QUALIFIED,-0.9310,4.1690,0.0000,0.8874,2010.0000,0.0881,12.1690,15.0000,1.5985,0.0097,139,1,0
cold#5,SAFETY_LIMITED,BASELINE_V4,30.0000,1.2000,180000.0000,120.0000,15.0000,30.0000,10.0000,0.0100,-0.1025,0.3788,0.6100,0.5100,-1,2087.0000,0,0,28452480.0000,FAIL,0,UNLEARNED,nan,nan,nan,nan,-1.0000,0.0300,45.0000,0.0000,0.0000,2.0000,0,0,0
cold#5,SAFETY_LIMITED,ADAPTIVE_V1,30.0000,1.2000,180000.0000,120.0000,15.0000,30.0000,10.0000,0.0100,-0.0210,0.0636,0.1326,0.1139,1975,1420.4000,0,0,28896000.0000,PASS,38,DEGRADED,-40.0475,-4.8690,-0.2032,-2.0298,672.0000,0.0639,40.1310,12.2968,2.7702,0.0136,0,0,1
cold#9,SAFETY_LIMITED,BASELINE_V4,30.0000,0.7000,180000.0000,120.0000,60.0000,3.0000,10.0000,0.0100,-2.1475,2.6281,3.1752,1.0811,-1,-1.0000,0,0,24991680.0000,FAIL,0,UNLEARNED,nan,nan,nan,nan,-1.0000,0.0300,45.0000,0.0000,0.0000,2.0000,0,0,0
cold#9,SAFETY_LIMITED,ADAPTIVE_V1,30.0000,0.7000,180000.0000,120.0000,60.0000,3.0000,10.0000,0.0100,0.0061,0.0024,0.0049,0.0114,1741,1557.6000,0,0,28670880.0000,PASS,93,QUALIFIED,-2.5092,3.8518,-0.0076,0.1665,752.0000,0.0607,66.8518,21.4209,4.0865,0.0034,0,1,0
cold#13,REACHABLE,BASELINE_V4,30.0000,1.0000,600000.0000,180.0000,0.0000,8.0000,10.0000,0.0100,-0.0623,0.0712,0.0768,0.0147,4371,4370.5000,0,0,46766400.0000,PASS,0,UNLEARNED,nan,nan,nan,nan,-1.0000,0.0300,45.0000,0.0000,0.0000,2.0000,0,0,0
cold#13,REACHABLE,ADAPTIVE_V1,30.0000,1.0000,600000.0000,180.0000,0.0000,8.0000,10.0000,0.0100,0.0289,0.0012,0.0015,0.0009,2627,2626.9000,0,0,48163200.0000,PASS,90,QUALIFIED,-6.2102,4.2438,0.0000,0.2423,1192.0000,0.0250,12.2438,22.5000,0.4557,0.0033,0,1,0
cold#17,REACHABLE,BASELINE_V4,30.0000,1.2000,600000.0000,180.0000,15.0000,30.0000,10.0000,0.0100,-0.0483,0.3179,0.4968,0.4141,-1,3771.8000,0,0,47447040.0000,FAIL,0,UNLEARNED,nan,nan,nan,nan,-1.0000,0.0300,45.0000,0.0000,0.0000,2.0000,0,0,0
cold#17,REACHABLE,ADAPTIVE_V1,30.0000,1.2000,600000.0000,180.0000,15.0000,30.0000,10.0000,0.0100,-0.0528,0.0955,0.1404,0.0965,8538,2852.2000,0,0,48489600.0000,PASS,43,DEGRADED,-27.9862,-1.6110,-0.4140,-0.3742,1052.0000,0.0230,43.3890,18.3360,1.0658,0.0283,0,0,1
cold#21,REACHABLE,BASELINE_V4,30.0000,0.7000,600000.0000,180.0000,60.0000,3.0000,10.0000,0.0100,-3.3679,3.7299,4.0162,0.7185,-1,-1.0000,0,0,38320800.0000,FAIL,0,UNLEARNED,nan,nan,nan,nan,-1.0000,0.0300,45.0000,0.0000,0.0000,2.0000,0,0,0
cold#21,REACHABLE,ADAPTIVE_V1,30.0000,0.7000,600000.0000,180.0000,60.0000,3.0000,10.0000,0.0100,-0.0536,0.0769,0.0798,0.0081,3576,3465.6000,0,0,47584320.0000,PASS,99,QUALIFIED,-2.1364,4.1535,-0.0907,0.0596,844.0000,0.0183,67.1535,32.0521,1.2356,0.0098,0,1,0
cold#25,REACHABLE,BASELINE_V4,30.0000,1.0000,1600000.0000,300.0000,0.0000,8.0000,10.0000,0.0100,-0.1345,0.1367,0.1384,0.0041,6712,6711.2000,0,0,82987200.0000,FAIL,0,UNLEARNED,nan,nan,nan,nan,-1.0000,0.0300,45.0000,0.0000,0.0000,2.0000,0,0,0
cold#25,REACHABLE,ADAPTIVE_V1,30.0000,1.0000,1600000.0000,300.0000,0.0000,8.0000,10.0000,0.0100,-0.1346,0.1360,0.1372,0.0028,6712,6711.2000,0,0,82987200.0000,FAIL,39,LEARNING,200.0000,37.0000,-0.2276,1.3510,-1.0000,0.0300,45.0000,37.2724,1.4310,0.0196,0,0,0
cold#29,REACHABLE,BASELINE_V4,30.0000,1.2000,1600000.0000,300.0000,15.0000,30.0000,10.0000,0.0100,-0.1028,0.1105,0.1195,0.0171,6103,6102.9000,0,0,84816000.0000,FAIL,0,UNLEARNED,nan,nan,nan,nan,-1.0000,0.0300,45.0000,0.0000,0.0000,2.0000,0,0,0
cold#29,REACHABLE,ADAPTIVE_V1,30.0000,1.2000,1600000.0000,300.0000,15.0000,30.0000,10.0000,0.0100,-0.1027,0.1156,0.1305,0.0286,5660,5659.4000,0,0,85858560.0000,FAIL,34,DEGRADED,-29.5424,-1.7689,-0.3124,-0.1502,2912.0000,0.0085,43.2311,30.9376,0.3898,0.0329,0,1,1
cold#33,REACHABLE,BASELINE_V4,30.0000,0.7000,1600000.0000,300.0000,60.0000,3.0000,10.0000,0.0100,-0.2137,0.2447,0.2760,0.0673,-1,-1.0000,0,0,77031360.0000,FAIL,0,UNLEARNED,nan,nan,nan,nan,-1.0000,0.0300,45.0000,0.0000,0.0000,2.0000,0,0,0
cold#33,REACHABLE,ADAPTIVE_V1,30.0000,0.7000,1600000.0000,300.0000,60.0000,3.0000,10.0000,0.0100,0.0066,0.0292,0.0782,0.0940,8431,8430.6000,0,0,80206560.0000,PASS,80,QUALIFIED,-3.0354,4.3955,-0.5311,0.0196,2942.0000,0.0068,67.3955,53.0403,0.4606,0.0450,0,2,0
cold#37,REACHABLE,BASELINE_V4,30.0000,1.0000,180000.0000,120.0000,0.0000,8.0000,20.0000,0.0100,0.0061,0.0059,0.0178,0.0544,1163,1163.0000,0,0,14526400.0000,PASS,0,UNLEARNED,nan,nan,nan,nan,-1.0000,0.0300,45.0000,0.0000,0.0000,2.0000,0,0,0
cold#37,REACHABLE,ADAPTIVE_V1,30.0000,1.0000,180000.0000,120.0000,0.0000,8.0000,20.0000,0.0100,0.0074,0.0021,0.0043,0.0106,1163,1163.0000,0,0,14540800.0000,PASS,40,LEARNING,-66.2500,37.0000,0.0000,0.7199,-1.0000,0.0300,45.0000,7.5000,1.4310,0.0001,18,0,0
cold#41,SAFETY_LIMITED,BASELINE_V4,30.0000,1.2000,180000.0000,120.0000,15.0000,30.0000,20.0000,0.0100,0.1074,0.1908,0.3666,0.4780,-1,1102.4000,0,0,14302080.0000,FAIL,0,UNLEARNED,nan,nan,nan,nan,-1.0000,0.0300,45.0000,0.0000,0.0000,2.0000,0,0,0
cold#41,SAFETY_LIMITED,ADAPTIVE_V1,30.0000,1.2000,180000.0000,120.0000,15.0000,30.0000,20.0000,0.0100,0.1219,0.0331,0.0864,0.1605,1472,1089.6000,0,0,14578560.0000,PASS,70,QUALIFIED,-38.8615,-4.6603,0.0900,-1.9628,1390.0000,0.0652,40.3397,6.3400,2.8372,0.0252,0,1,0
cold#45,SAFETY_LIMITED,BASELINE_V4,30.0000,0.7000,180000.0000,120.0000,60.0000,3.0000,20.0000,0.0100,-1.1264,1.3520,1.5681,0.4622,-1,-1.0000,0,0,12529440.0000,FAIL,0,UNLEARNED,nan,nan,nan,nan,-1.0000,0.0300,45.0000,0.0000,0.0000,2.0000,0,0,0
cold#45,SAFETY_LIMITED,ADAPTIVE_V1,30.0000,0.7000,180000.0000,120.0000,60.0000,3.0000,20.0000,0.0100,0.0060,0.0029,0.0056,0.0134,2130,2118.9000,0,0,14384160.0000,PASS,93,QUALIFIED,-3.6309,4.6220,-0.0026,0.1611,730.0000,0.0600,67.6220,10.7117,4.0811,0.0092,0,1,0
cold#49,REACHABLE,BASELINE_V4,30.0000,1.0000,600000.0000,180.0000,0.0000,8.0000,20.0000,0.0100,-0.0926,0.1033,0.1101,0.0181,2072,2072.0000,0,0,24217600.0000,FAIL,0,UNLEARNED,nan,nan,nan,nan,-1.0000,0.0300,45.0000,0.0000,0.0000,2.0000,0,0,0
cold#49,REACHABLE,ADAPTIVE_V1,30.0000,1.0000,600000.0000,180.0000,0.0000,8.0000,20.0000,0.0100,-0.0522,0.0797,0.0844,0.0106,2066,2066.0000,0,0,24275200.0000,PASS,61,QUALIFIED,-13.5345,3.3900,-0.0319,0.1890,2316.0000,0.0231,11.3900,11.2181,0.4024,0.0069,0,1,0
cold#53,REACHABLE,BASELINE_V4,30.0000,1.2000,600000.0000,180.0000,15.0000,30.0000,20.0000,0.0100,-0.0081,0.1241,0.2238,0.2176,-1,2186.5000,0,0,24034560.0000,FAIL,0,UNLEARNED,nan,nan,nan,nan,-1.0000,0.0300,45.0000,0.0000,0.0000,2.0000,0,0,0
cold#53,REACHABLE,ADAPTIVE_V1,30.0000,1.2000,600000.0000,180.0000,15.0000,30.0000,20.0000,0.0100,0.0267,0.0032,0.0049,0.0050,1441,1440.1000,0,0,24589440.0000,PASS,93,QUALIFIED,-35.9013,-1.6817,0.0119,-0.4926,736.0000,0.0205,43.3183,9.3869,0.9474,0.0010,15,1,0
cold#57,REACHABLE,BASELINE_V4,30.0000,0.7000,600000.0000,180.0000,60.0000,3.0000,20.0000,0.0100,0.0211,0.2149,0.3701,0.3930,-1,4179.4000,0,0,22884960.0000,FAIL,0,UNLEARNED,nan,nan,nan,nan,-1.0000,0.0300,45.0000,0.0000,0.0000,2.0000,0,0,0
cold#57,REACHABLE,ADAPTIVE_V1,30.0000,0.7000,600000.0000,180.0000,60.0000,3.0000,20.0000,0.0100,0.0341,0.0025,0.0047,0.0054,1709,1708.9000,0,0,24245760.0000,PASS,96,QUALIFIED,-2.5512,4.1628,0.0006,0.0545,822.0000,0.0182,67.1628,16.0721,1.2305,0.0057,0,1,0
cold#61,REACHABLE,BASELINE_V4,30.0000,1.0000,1600000.0000,300.0000,0.0000,8.0000,20.0000,0.0100,-0.0441,0.0525,0.0559,0.0121,4089,4088.9000,0,0,44081600.0000,PASS,0,UNLEARNED,nan,nan,nan,nan,-1.0000,0.0300,45.0000,0.0000,0.0000,2.0000,0,0,0
cold#61,REACHABLE,ADAPTIVE_V1,30.0000,1.0000,1600000.0000,300.0000,0.0000,8.0000,20.0000,0.0100,-0.0441,0.0525,0.0560,0.0122,2753,2752.4000,0,0,45192000.0000,PASS,40,DEGRADED,-9.0915,4.6767,-0.2038,0.0892,976.0000,0.0091,12.6767,18.5462,0.1692,0.0444,0,0,1
cold#65,REACHABLE,BASELINE_V4,30.0000,1.2000,1600000.0000,300.0000,15.0000,30.0000,20.0000,0.0100,-0.0287,0.0443,0.0587,0.0307,4038,4037.5000,0,0,43856640.0000,PASS,0,UNLEARNED,nan,nan,nan,nan,-1.0000,0.0300,45.0000,0.0000,0.0000,2.0000,0,0,0
cold#65,REACHABLE,ADAPTIVE_V1,30.0000,1.2000,1600000.0000,300.0000,15.0000,30.0000,20.0000,0.0100,0.0199,0.0022,0.0047,0.0078,2875,2874.4000,0,0,45112320.0000,PASS,92,QUALIFIED,-37.2816,-2.9875,0.1508,-0.2012,1142.0000,0.0075,42.0125,15.7758,0.3388,0.0275,19,2,0
cold#69,REACHABLE,BASELINE_V4,30.0000,0.7000,1600000.0000,300.0000,60.0000,3.0000,20.0000,0.0100,-0.0887,0.1175,0.1452,0.0581,5988,5987.2000,0,0,40670560.0000,FAIL,0,UNLEARNED,nan,nan,nan,nan,-1.0000,0.0300,45.0000,0.0000,0.0000,2.0000,0,0,0
cold#69,REACHABLE,ADAPTIVE_V1,30.0000,0.7000,1600000.0000,300.0000,60.0000,3.0000,20.0000,0.0100,0.0356,0.0069,0.0130,0.0216,5559,4477.7000,0,0,43155840.0000,PASS,88,QUALIFIED,-1.9382,4.1462,-0.2213,0.0232,1526.0000,0.0069,67.1462,26.5644,0.4642,0.0496,0,2,1
cold#73,REACHABLE,BASELINE_V4,30.0000,1.0000,180000.0000,120.0000,0.0000,8.0000,25.0000,0.0100,0.0166,0.0027,0.0053,0.0072,612,611.5000,0,0,7299200.0000,PASS,0,UNLEARNED,nan,nan,nan,nan,-1.0000,0.0300,45.0000,0.0000,0.0000,2.0000,0,0,0
cold#73,REACHABLE,ADAPTIVE_V1,30.0000,1.0000,180000.0000,120.0000,0.0000,8.0000,25.0000,0.0100,0.0166,0.0027,0.0052,0.0072,612,611.5000,0,0,7299200.0000,PASS,38,LEARNING,-66.2500,37.0000,-0.0210,0.7199,-1.0000,0.0300,45.0000,3.7290,1.4310,0.0006,12,0,0
cold#77,SAFETY_LIMITED,BASELINE_V4,30.0000,1.2000,180000.0000,120.0000,15.0000,30.0000,25.0000,0.0100,0.0419,0.1502,0.2549,0.3040,-1,675.5000,0,0,7165440.0000,FAIL,0,UNLEARNED,nan,nan,nan,nan,-1.0000,0.0300,45.0000,0.0000,0.0000,2.0000,0,0,0
cold#77,SAFETY_LIMITED,ADAPTIVE_V1,30.0000,1.2000,180000.0000,120.0000,15.0000,30.0000,25.0000,0.0100,0.0286,0.1333,0.2434,0.2897,-1,675.5000,0,0,7102080.0000,FAIL,38,LEARNING,-71.8750,0.0000,0.0011,-3.3690,-1.0000,0.0300,45.0000,3.1261,1.4310,0.2588,0,0,0
cold#81,SAFETY_LIMITED,BASELINE_V4,30.0000,0.7000,180000.0000,120.0000,60.0000,3.0000,25.0000,0.0100,0.2074,0.1877,0.3505,0.5117,-1,1366.0000,0,0,7024640.0000,FAIL,0,UNLEARNED,nan,nan,nan,nan,-1.0000,0.0300,45.0000,0.0000,0.0000,2.0000,0,0,0
cold#81,SAFETY_LIMITED,ADAPTIVE_V1,30.0000,0.7000,180000.0000,120.0000,60.0000,3.0000,25.0000,0.0100,0.2194,0.1801,0.3472,0.4888,-1,1366.0000,0,0,7039200.0000,FAIL,51,LEARNING,-3.2689,3.1119,-5.3571,0.0946,-1.0000,0.0602,66.1119,0.0000,4.0146,0.0207,0,0,0
cold#85,REACHABLE,BASELINE_V4,30.0000,1.0000,600000.0000,180.0000,0.0000,8.0000,25.0000,0.0100,0.0058,0.0029,0.0057,0.0119,1383,1382.9000,0,0,12315200.0000,PASS,0,UNLEARNED,nan,nan,nan,nan,-1.0000,0.0300,45.0000,0.0000,0.0000,2.0000,0,0,0
cold#85,REACHABLE,ADAPTIVE_V1,30.0000,1.0000,600000.0000,180.0000,0.0000,8.0000,25.0000,0.0100,0.0058,0.0018,0.0030,0.0032,1383,1382.9000,0,0,12320000.0000,PASS,38,LEARNING,12.5000,37.0000,0.0167,1.2177,-1.0000,0.0300,45.0000,5.6417,1.4310,0.0004,1,0,0
cold#89,REACHABLE,BASELINE_V4,30.0000,1.2000,600000.0000,180.0000,15.0000,30.0000,25.0000,0.0100,0.0177,0.0595,0.1207,0.1390,1409,1408.8000,0,0,12124800.0000,PASS,0,UNLEARNED,nan,nan,nan,nan,-1.0000,0.0300,45.0000,0.0000,0.0000,2.0000,0,0,0
cold#89,REACHABLE,ADAPTIVE_V1,30.0000,1.2000,600000.0000,180.0000,15.0000,30.0000,25.0000,0.0100,0.0238,0.0023,0.0048,0.0084,1344,1106.4000,0,0,12360960.0000,PASS,92,QUALIFIED,-42.3757,-4.0002,0.0282,-0.6268,644.0000,0.0184,40.9998,4.7157,0.8132,0.0119,0,1,0
cold#93,REACHABLE,BASELINE_V4,30.0000,0.7000,600000.0000,180.0000,60.0000,3.0000,25.0000,0.0100,0.0321,0.1070,0.1864,0.2193,-1,2119.6000,0,0,11796960.0000,FAIL,0,UNLEARNED,nan,nan,nan,nan,-1.0000,0.0300,45.0000,0.0000,0.0000,2.0000,0,0,0
cold#93,REACHABLE,ADAPTIVE_V1,30.0000,0.7000,600000.0000,180.0000,60.0000,3.0000,25.0000,0.0100,0.0377,0.0027,0.0043,0.0045,1361,1350.4000,0,0,12213600.0000,PASS,95,QUALIFIED,-3.2562,4.2020,-0.0078,0.0463,720.0000,0.0181,67.2020,8.0279,1.2223,0.0114,0,1,0
cold#97,REACHABLE,BASELINE_V4,30.0000,1.0000,1600000.0000,300.0000,0.0000,8.0000,25.0000,0.0100,-0.0041,0.0153,0.0243,0.0203,2508,2507.2000,0,0,22651200.0000,PASS,0,UNLEARNED,nan,nan,nan,nan,-1.0000,0.0300,45.0000,0.0000,0.0000,2.0000,0,0,0
cold#97,REACHABLE,ADAPTIVE_V1,30.0000,1.0000,1600000.0000,300.0000,0.0000,8.0000,25.0000,0.0100,0.0164,0.0036,0.0050,0.0102,1745,1744.4000,0,0,23011200.0000,PASS,88,QUALIFIED,-7.3924,4.2253,0.0641,0.0886,1158.0000,0.0093,12.2253,9.4391,0.1686,0.0042,18,1,0
cold#101,REACHABLE,BASELINE_V4,30.0000,1.2000,1600000.0000,300.0000,15.0000,30.0000,25.0000,0.0100,-0.0015,0.0171,0.0405,0.0400,2399,2398.8000,0,0,22608000.0000,PASS,0,UNLEARNED,nan,nan,nan,nan,-1.0000,0.0300,45.0000,0.0000,0.0000,2.0000,0,0,0
cold#101,REACHABLE,ADAPTIVE_V1,30.0000,1.2000,1600000.0000,300.0000,15.0000,30.0000,25.0000,0.0100,0.0152,0.0019,0.0028,0.0023,1873,1872.2000,0,0,23028480.0000,PASS,99,QUALIFIED,-41.9521,-6.0529,0.0101,-0.2457,648.0000,0.0070,38.9471,7.8226,0.2943,0.0052,0,1,0
cold#105,REACHABLE,BASELINE_V4,30.0000,0.7000,1600000.0000,300.0000,60.0000,3.0000,25.0000,0.0100,-0.1041,0.1364,0.1612,0.0517,-1,3703.5000,0,0,21198240.0000,FAIL,0,UNLEARNED,nan,nan,nan,nan,-1.0000,0.0300,45.0000,0.0000,0.0000,2.0000,0,0,0
cold#105,REACHABLE,ADAPTIVE_V1,30.0000,0.7000,1600000.0000,300.0000,60.0000,3.0000,25.0000,0.0100,-0.0502,0.0812,0.0823,0.0025,2145,2144.2000,0,0,22411200.0000,PASS,99,QUALIFIED,-2.7356,3.8261,-0.2314,0.0175,818.0000,0.0068,66.8261,13.1614,0.4585,0.0021,0,1,0
cold#109,REACHABLE,BASELINE_V4,30.0000,1.0000,180000.0000,120.0000,0.0000,8.0000,28.0000,0.0100,0.0247,0.0023,0.0050,0.0132,340,292.9000,0,0,2923200.0000,PASS,0,UNLEARNED,nan,nan,nan,nan,-1.0000,0.0300,45.0000,0.0000,0.0000,2.0000,0,0,0
cold#109,REACHABLE,ADAPTIVE_V1,30.0000,1.0000,180000.0000,120.0000,0.0000,8.0000,28.0000,0.0100,0.0247,0.0023,0.0050,0.0132,340,292.9000,0,0,2923200.0000,PASS,38,LEARNING,-66.2500,37.0000,0.0285,0.7199,-1.0000,0.0300,45.0000,1.5285,1.4310,0.0043,14,0,0
cold#113,SAFETY_LIMITED,BASELINE_V4,30.0000,1.2000,180000.0000,120.0000,15.0000,30.0000,28.0000,0.0100,0.0720,0.0617,0.0765,0.0384,339,338.8000,0,0,2847360.0000,PASS,0,UNLEARNED,nan,nan,nan,nan,-1.0000,0.0300,45.0000,0.0000,0.0000,2.0000,0,0,0
cold#113,SAFETY_LIMITED,ADAPTIVE_V1,30.0000,1.2000,180000.0000,120.0000,15.0000,30.0000,28.0000,0.0100,0.0720,0.0617,0.0765,0.0384,339,338.8000,0,0,2847360.0000,PASS,38,LEARNING,-71.8750,0.0000,0.0030,-3.3690,-1.0000,0.0300,45.0000,1.2530,1.4310,0.0097,0,0,0
cold#117,SAFETY_LIMITED,BASELINE_V4,30.0000,0.7000,180000.0000,120.0000,60.0000,3.0000,28.0000,0.0100,0.2090,0.0778,0.1310,0.2505,3563,576.7000,0,0,2835840.0000,FAIL,0,UNLEARNED,nan,nan,nan,nan,-1.0000,0.0300,45.0000,0.0000,0.0000,2.0000,0,0,0
cold#117,SAFETY_LIMITED,ADAPTIVE_V1,30.0000,0.7000,180000.0000,120.0000,60.0000,3.0000,28.0000,0.0100,0.2090,0.0778,0.1310,0.2505,3563,576.7000,0,0,2835840.0000,FAIL,38,LEARNING,-51.7857,-18.0000,0.0022,-3.0979,-1.0000,0.0300,45.0000,2.1451,0.8221,0.2358,0,0,0
cold#121,REACHABLE,BASELINE_V4,30.0000,1.0000,600000.0000,180.0000,0.0000,8.0000,28.0000,0.0100,0.0100,0.0021,0.0046,0.0085,795,794.1000,0,0,4958400.0000,PASS,0,UNLEARNED,nan,nan,nan,nan,-1.0000,0.0300,45.0000,0.0000,0.0000,2.0000,0,0,0
cold#121,REACHABLE,ADAPTIVE_V1,30.0000,1.0000,600000.0000,180.0000,0.0000,8.0000,28.0000,0.0100,0.0100,0.0021,0.0046,0.0085,795,794.1000,0,0,4958400.0000,PASS,38,LEARNING,12.5000,37.0000,0.0048,1.2177,-1.0000,0.0300,45.0000,2.2548,1.4310,0.0011,3,0,0
cold#125,REACHABLE,BASELINE_V4,30.0000,1.2000,600000.0000,180.0000,15.0000,30.0000,28.0000,0.0100,0.0257,0.0270,0.0524,0.0788,845,844.9000,0,0,4907520.0000,PASS,0,UNLEARNED,nan,nan,nan,nan,-1.0000,0.0300,45.0000,0.0000,0.0000,2.0000,0,0,0
cold#125,REACHABLE,ADAPTIVE_V1,30.0000,1.2000,600000.0000,180.0000,15.0000,30.0000,28.0000,0.0100,0.0257,0.0270,0.0524,0.0788,845,844.9000,0,0,4907520.0000,PASS,38,LEARNING,-6.2500,0.0000,-0.3263,-0.6744,-1.0000,0.0300,45.0000,1.5487,0.7656,0.0241,0,0,0
cold#129,REACHABLE,BASELINE_V4,30.0000,0.7000,600000.0000,180.0000,60.0000,3.0000,28.0000,0.0100,0.0395,0.0395,0.0760,0.1099,1284,1284.0000,0,0,4781280.0000,PASS,0,UNLEARNED,nan,nan,nan,nan,-1.0000,0.0300,45.0000,0.0000,0.0000,2.0000,0,0,0
cold#129,REACHABLE,ADAPTIVE_V1,30.0000,0.7000,600000.0000,180.0000,60.0000,3.0000,28.0000,0.0100,0.0461,0.0397,0.0726,0.1196,1284,1284.0000,0,0,4875360.0000,PASS,63,QUALIFIED,-2.7905,3.8137,-0.3327,-0.4861,2046.0000,0.0181,66.8137,2.8815,0.6899,0.0146,0,1,0
cold#133,REACHABLE,BASELINE_V4,30.0000,1.0000,1600000.0000,300.0000,0.0000,8.0000,28.0000,0.0100,-0.5574,0.5619,0.5642,0.0080,-1,-1.0000,0,0,6345600.0000,FAIL,0,UNLEARNED,nan,nan,nan,nan,-1.0000,0.0300,45.0000,0.0000,0.0000,2.0000,0,0,0
cold#133,REACHABLE,ADAPTIVE_V1,30.0000,1.0000,1600000.0000,300.0000,0.0000,8.0000,28.0000,0.0100,-0.3228,0.3247,0.3257,0.0032,-1,-1.0000,0,0,7416000.0000,FAIL,55,LEARNING,-3.2815,5.6898,-0.6675,0.1088,-1.0000,0.0097,13.6898,3.0825,0.1888,0.0405,0,0,0
cold#137,REACHABLE,BASELINE_V4,30.0000,1.2000,1600000.0000,300.0000,15.0000,30.0000,28.0000,0.0100,0.0094,0.0181,0.0350,0.0455,1350,1349.6000,0,0,9198720.0000,PASS,0,UNLEARNED,nan,nan,nan,nan,-1.0000,0.0300,45.0000,0.0000,0.0000,2.0000,0,0,0
cold#137,REACHABLE,ADAPTIVE_V1,30.0000,1.2000,1600000.0000,300.0000,15.0000,30.0000,28.0000,0.0100,0.0576,0.0282,0.0463,0.0934,1350,1349.6000,0,0,9331200.0000,PASS,63,QUALIFIED,-39.5738,-0.2387,0.8838,-0.3678,1808.0000,0.0073,44.7613,4.0088,0.1722,0.0453,0,1,0
cold#141,REACHABLE,BASELINE_V4,30.0000,0.7000,1600000.0000,300.0000,60.0000,3.0000,28.0000,0.0100,-0.0036,0.0303,0.0510,0.0426,2209,2208.8000,0,0,8836800.0000,PASS,0,UNLEARNED,nan,nan,nan,nan,-1.0000,0.0300,45.0000,0.0000,0.0000,2.0000,0,0,0
cold#141,REACHABLE,ADAPTIVE_V1,30.0000,0.7000,1600000.0000,300.0000,60.0000,3.0000,28.0000,0.0100,0.0340,0.0255,0.0490,0.0847,2211,2210.1000,0,0,8981280.0000,PASS,57,LEARNING,-5.0485,2.6305,-0.9475,-0.0005,-1.0000,0.0066,65.6305,4.4096,0.4405,0.0356,0,0,0
cold#145,COOLING_REQUIRED,BASELINE_V4,30.0000,1.0000,180000.0000,120.0000,0.0000,8.0000,35.0000,0.0100,5.0000,5.0000,5.0000,0.0000,-1,0.0000,0,0,0.0000,FAIL,0,UNLEARNED,nan,nan,nan,nan,-1.0000,0.0300,45.0000,0.0000,0.0000,2.0000,0,0,0
cold#145,COOLING_REQUIRED,ADAPTIVE_V1,30.0000,1.0000,180000.0000,120.0000,0.0000,8.0000,35.0000,0.0100,5.0000,5.0000,5.0000,0.0000,-1,0.0000,0,0,0.0000,FAIL,18,LEARNING,-66.2500,37.0000,0.0000,0.7199,-1.0000,0.0300,45.0000,0.0000,1.4310,0.0000,0,0,0
cold#149,COOLING_REQUIRED,BASELINE_V4,30.0000,1.2000,180000.0000,120.0000,15.0000,30.0000,35.0000,0.0100,5.0000,5.0000,5.0000,0.0000,-1,0.0000,0,0,0.0000,FAIL,0,UNLEARNED,nan,nan,nan,nan,-1.0000,0.0300,45.0000,0.0000,0.0000,2.0000,0,0,0
cold#149,COOLING_REQUIRED,ADAPTIVE_V1,30.0000,1.2000,180000.0000,120.0000,15.0000,30.0000,35.0000,0.0100,5.0000,5.0000,5.0000,0.0000,-1,0.0000,0,0,0.0000,FAIL,18,LEARNING,-71.8750,0.0000,0.0000,-3.3690,-1.0000,0.0300,45.0000,0.0000,1.4310,0.0000,0,0,0
cold#153,COOLING_REQUIRED,BASELINE_V4,30.0000,0.7000,180000.0000,120.0000,60.0000,3.0000,35.0000,0.0100,5.0000,5.0000,5.0000,0.0000,-1,0.0000,0,0,0.0000,FAIL,0,UNLEARNED,nan,nan,nan,nan,-1.0000,0.0300,45.0000,0.0000,0.0000,2.0000,0,0,0
cold#153,COOLING_REQUIRED,ADAPTIVE_V1,30.0000,0.7000,180000.0000,120.0000,60.0000,3.0000,35.0000,0.0100,5.0000,5.0000,5.0000,0.0000,-1,0.0000,0,0,0.0000,FAIL,18,LEARNING,-51.7857,-18.0000,0.0000,-2.4890,-1.0000,0.0300,45.0000,0.0000,1.4310,0.0000,0,0,0
cold#157,COOLING_REQUIRED,BASELINE_V4,30.0000,1.0000,600000.0000,180.0000,0.0000,8.0000,35.0000,0.0100,5.0000,5.0000,5.0000,0.0000,-1,0.0000,0,0,0.0000,FAIL,0,UNLEARNED,nan,nan,nan,nan,-1.0000,0.0300,45.0000,0.0000,0.0000,2.0000,0,0,0
cold#157,COOLING_REQUIRED,ADAPTIVE_V1,30.0000,1.0000,600000.0000,180.0000,0.0000,8.0000,35.0000,0.0100,5.0000,5.0000,5.0000,0.0000,-1,0.0000,0,0,0.0000,FAIL,18,LEARNING,12.5000,37.0000,0.0000,1.2177,-1.0000,0.0300,45.0000,0.0000,1.4310,0.0000,0,0,0
cold#161,COOLING_REQUIRED,BASELINE_V4,30.0000,1.2000,600000.0000,180.0000,15.0000,30.0000,35.0000,0.0100,5.0000,5.0000,5.0000,0.0000,-1,0.0000,0,0,0.0000,FAIL,0,UNLEARNED,nan,nan,nan,nan,-1.0000,0.0300,45.0000,0.0000,0.0000,2.0000,0,0,0
cold#161,COOLING_REQUIRED,ADAPTIVE_V1,30.0000,1.2000,600000.0000,180.0000,15.0000,30.0000,35.0000,0.0100,5.0000,5.0000,5.0000,0.0000,-1,0.0000,0,0,0.0000,FAIL,18,LEARNING,-6.2500,0.0000,0.0000,-0.0090,-1.0000,0.0300,45.0000,0.0000,1.4310,0.0000,0,0,0
cold#165,COOLING_REQUIRED,BASELINE_V4,30.0000,0.7000,600000.0000,180.0000,60.0000,3.0000,35.0000,0.0100,5.0000,5.0000,5.0000,0.0000,-1,0.0000,0,0,0.0000,FAIL,0,UNLEARNED,nan,nan,nan,nan,-1.0000,0.0300,45.0000,0.0000,0.0000,2.0000,0,0,0
cold#165,COOLING_REQUIRED,ADAPTIVE_V1,30.0000,0.7000,600000.0000,180.0000,60.0000,3.0000,35.0000,0.0100,5.0000,5.0000,5.0000,0.0000,-1,0.0000,0,0,0.0000,FAIL,18,LEARNING,60.7143,-18.0000,0.0000,0.2550,-1.0000,0.0300,45.0000,0.0000,1.4310,0.0000,0,0,0
cold#169,COOLING_REQUIRED,BASELINE_V4,30.0000,1.0000,1600000.0000,300.0000,0.0000,8.0000,35.0000,0.0100,5.0000,5.0000,5.0000,0.0000,-1,0.0000,0,0,0.0000,FAIL,0,UNLEARNED,nan,nan,nan,nan,-1.0000,0.0300,45.0000,0.0000,0.0000,2.0000,0,0,0
cold#169,COOLING_REQUIRED,ADAPTIVE_V1,30.0000,1.0000,1600000.0000,300.0000,0.0000,8.0000,35.0000,0.0100,5.0000,5.0000,5.0000,0.0000,-1,0.0000,0,0,0.0000,FAIL,18,LEARNING,200.0000,37.0000,0.0000,1.3510,-1.0000,0.0300,45.0000,0.0000,1.4310,0.0000,0,0,0
cold#173,COOLING_REQUIRED,BASELINE_V4,30.0000,1.2000,1600000.0000,300.0000,15.0000,30.0000,35.0000,0.0100,5.0000,5.0000,5.0000,0.0000,-1,0.0000,0,0,0.0000,FAIL,0,UNLEARNED,nan,nan,nan,nan,-1.0000,0.0300,45.0000,0.0000,0.0000,2.0000,0,0,0
cold#173,COOLING_REQUIRED,ADAPTIVE_V1,30.0000,1.2000,1600000.0000,300.0000,15.0000,30.0000,35.0000,0.0100,5.0000,5.0000,5.0000,0.0000,-1,0.0000,0,0,0.0000,FAIL,18,LEARNING,150.0000,0.0000,0.0000,0.8910,-1.0000,0.0300,45.0000,0.0000,1.4310,0.0000,0,0,0
cold#177,COOLING_REQUIRED,BASELINE_V4,30.0000,0.7000,1600000.0000,300.0000,60.0000,3.0000,35.0000,0.0100,5.0000,5.0000,5.0000,0.0000,-1,0.0000,0,0,0.0000,FAIL,0,UNLEARNED,nan,nan,nan,nan,-1.0000,0.0300,45.0000,0.0000,0.0000,2.0000,0,0,0
cold#177,COOLING_REQUIRED,ADAPTIVE_V1,30.0000,0.7000,1600000.0000,300.0000,60.0000,3.0000,35.0000,0.0100,5.0000,5.0000,5.0000,0.0000,-1,0.0000,0,0,0.0000,FAIL,18,LEARNING,328.5714,-18.0000,0.0000,0.9900,-1.0000,0.0300,45.0000,0.0000,1.4310,0.0000,0,0,0
cold#181,REACHABLE,BASELINE_V4,32.0000,1.0000,180000.0000,120.0000,0.0000,8.0000,10.0000,0.0100,-0.0307,0.1026,0.1607,0.1405,-1,2467.4000,0,0,31441600.0000,FAIL,0,UNLEARNED,nan,nan,nan,nan,-1.0000,0.0300,45.0000,0.0000,0.0000,2.0000,0,0,0
cold#181,REACHABLE,ADAPTIVE_V1,32.0000,1.0000,180000.0000,120.0000,0.0000,8.0000,10.0000,0.0100,-0.0117,0.0184,0.0226,0.0130,1926,1925.7000,0,0,31622400.0000,PASS,69,QUALIFIED,-4.3892,4.2426,-0.0157,0.8372,1552.0000,0.0850,12.2426,16.4843,1.5483,0.0022,0,1,0
cold#185,SAFETY_LIMITED,BASELINE_V4,32.0000,1.2000,180000.0000,120.0000,15.0000,30.0000,10.0000,0.0100,-0.1169,0.4109,0.6538,0.5407,-1,2538.3000,0,0,31203840.0000,FAIL,0,UNLEARNED,nan,nan,nan,nan,-1.0000,0.0300,45.0000,0.0000,0.0000,2.0000,0,0,0
cold#185,SAFETY_LIMITED,ADAPTIVE_V1,32.0000,1.2000,180000.0000,120.0000,15.0000,30.0000,10.0000,0.0100,-0.0282,0.0630,0.0995,0.0737,1840,1839.4000,0,0,31779840.0000,PASS,41,DEGRADED,-41.5825,-5.0909,0.0493,-2.1132,688.0000,0.0623,39.9091,13.7993,2.6868,0.0153,0,0,1
cold#189,SAFETY_LIMITED,BASELINE_V4,32.0000,0.7000,180000.0000,120.0000,60.0000,3.0000,10.0000,0.0100,-2.3855,2.9174,3.5207,1.1822,-1,-1.0000,0,0,27478080.0000,FAIL,0,UNLEARNED,nan,nan,nan,nan,-1.0000,0.0300,45.0000,0.0000,0.0000,2.0000,0,0,0
cold#189,SAFETY_LIMITED,ADAPTIVE_V1,32.0000,0.7000,180000.0000,120.0000,60.0000,3.0000,10.0000,0.0100,0.0535,0.0530,0.1435,0.2060,-1,1860.3000,0,0,31403680.0000,FAIL,94,QUALIFIED,-2.5438,4.0031,0.1565,0.1733,856.0000,0.0606,67.0031,23.7280,4.0933,0.0136,0,1,0
cold#193,REACHABLE,BASELINE_V4,32.0000,1.0000,600000.0000,180.0000,0.0000,8.0000,10.0000,0.0100,-0.0726,0.0811,0.0868,0.0150,4205,4204.1000,0,0,51512000.0000,PASS,0,UNLEARNED,nan,nan,nan,nan,-1.0000,0.0300,45.0000,0.0000,0.0000,2.0000,0,0,0
cold#193,REACHABLE,ADAPTIVE_V1,32.0000,1.0000,600000.0000,180.0000,0.0000,8.0000,10.0000,0.0100,-0.0026,0.0048,0.0063,0.0040,4205,4204.1000,0,0,51646400.0000,PASS,62,QUALIFIED,-5.8783,3.2620,0.0137,0.2218,4610.0000,0.0251,11.2620,24.7637,0.4351,0.0163,0,1,0
cold#197,REACHABLE,BASELINE_V4,32.0000,1.2000,600000.0000,180.0000,15.0000,30.0000,10.0000,0.0100,-0.0641,0.3417,0.5355,0.4406,-1,4549.1000,0,0,51690240.0000,FAIL,0,UNLEARNED,nan,nan,nan,nan,-1.0000,0.0300,45.0000,0.0000,0.0000,2.0000,0,0,0
cold#197,REACHABLE,ADAPTIVE_V1,32.0000,1.2000,600000.0000,180.0000,15.0000,30.0000,10.0000,0.0100,-0.0618,0.1103,0.1465,0.0851,4939,3200.6000,0,0,53061120.0000,FAIL,36,DEGRADED,-23.1410,-0.9311,-0.1592,-0.2874,1224.0000,0.0246,44.0689,20.4658,1.1526,0.0238,0,0,1
cold#201,REACHABLE,BASELINE_V4,32.0000,0.7000,600000.0000,180.0000,60.0000,3.0000,10.0000,0.0100,-4.5328,4.7958,5.0462,0.5498,-1,-1.0000,0,0,40978560.0000,FAIL,0,UNLEARNED,nan,nan,nan,nan,-1.0000,0.0300,45.0000,0.0000,0.0000,2.0000,0,0,0
cold#201,REACHABLE,ADAPTIVE_V1,32.0000,0.7000,600000.0000,180.0000,60.0000,3.0000,10.0000,0.0100,-0.0553,0.0817,0.0903,0.0195,4502,4501.7000,0,0,51139200.0000,PASS,99,QUALIFIED,-3.1821,3.9963,-0.0928,0.0438,1764.0000,0.0181,66.9963,35.2644,1.2198,0.0100,2,2,0
cold#205,REACHABLE,BASELINE_V4,32.0000,1.0000,1600000.0000,300.0000,0.0000,8.0000,10.0000,0.0100,-0.1543,0.1562,0.1576,0.0034,-1,-1.0000,0,0,90816000.0000,FAIL,0,UNLEARNED,nan,nan,nan,nan,-1.0000,0.0300,45.0000,0.0000,0.0000,2.0000,0,0,0
cold#205,REACHABLE,ADAPTIVE_V1,32.0000,1.0000,1600000.0000,300.0000,0.0000,8.0000,10.0000,0.0100,-0.1544,0.1559,0.1571,0.0028,-1,-1.0000,0,0,90811200.0000,FAIL,38,LEARNING,200.0000,37.0000,-0.2667,1.3510,-1.0000,0.0300,45.0000,40.9833,1.4310,0.0337,0,0,0
cold#209,REACHABLE,BASELINE_V4,32.0000,1.2000,1600000.0000,300.0000,15.0000,30.0000,10.0000,0.0100,-0.1207,0.1256,0.1289,0.0085,6299,6298.6000,0,0,93110400.0000,FAIL,0,UNLEARNED,nan,nan,nan,nan,-1.0000,0.0300,45.0000,0.0000,0.0000,2.0000,0,0,0
cold#209,REACHABLE,ADAPTIVE_V1,32.0000,1.2000,1600000.0000,300.0000,15.0000,30.0000,10.0000,0.0100,-0.1210,0.1251,0.1279,0.0070,6299,6298.6000,0,0,93098880.0000,FAIL,39,LEARNING,150.0000,0.0000,-0.1371,0.8910,-1.0000,0.0300,45.0000,34.2379,1.4310,0.0284,0,0,0
cold#213,REACHABLE,BASELINE_V4,32.0000,0.7000,1600000.0000,300.0000,60.0000,3.0000,10.0000,0.0100,-0.2415,0.3239,0.6687,0.5289,-1,-1.0000,0,0,83912640.0000,FAIL,0,UNLEARNED,nan,nan,nan,nan,-1.0000,0.0300,45.0000,0.0000,0.0000,2.0000,0,0,0
cold#213,REACHABLE,ADAPTIVE_V1,32.0000,0.7000,1600000.0000,300.0000,60.0000,3.0000,10.0000,0.0100,-0.0441,0.1566,0.2400,0.2120,-1,10026.5000,0,0,85784160.0000,FAIL,76,QUALIFIED,-2.1402,4.4156,-4.2981,0.0240,4952.0000,0.0069,67.4156,54.6305,0.4650,0.0391,0,2,0
cold#217,REACHABLE,BASELINE_V4,32.0000,1.0000,180000.0000,120.0000,0.0000,8.0000,20.0000,0.0100,-0.0020,0.0284,0.0503,0.0612,1409,1408.6000,0,0,17371200.0000,PASS,0,UNLEARNED,nan,nan,nan,nan,-1.0000,0.0300,45.0000,0.0000,0.0000,2.0000,0,0,0
cold#217,REACHABLE,ADAPTIVE_V1,32.0000,1.0000,180000.0000,120.0000,0.0000,8.0000,20.0000,0.0100,0.0166,0.0023,0.0044,0.0066,1409,1408.6000,0,0,17414400.0000,PASS,66,QUALIFIED,-34.1511,55.9170,-0.0331,3.0774,1976.0000,0.0585,63.9170,8.9669,3.7885,0.0000,366,1,0
cold#221,SAFETY_LIMITED,BASELINE_V4,32.0000,1.2000,180000.0000,120.0000,15.0000,30.0000,20.0000,0.0100,0.0564,0.2214,0.4221,0.4224,-1,1293.6000,0,0,17191680.0000,FAIL,0,UNLEARNED,nan,nan,nan,nan,-1.0000,0.0300,45.0000,0.0000,0.0000,2.0000,0,0,0
cold#221,SAFETY_LIMITED,ADAPTIVE_V1,32.0000,1.2000,180000.0000,120.0000,15.0000,30.0000,20.0000,0.0100,0.0434,0.0013,0.0018,0.0015,1058,932.6000,0,0,17464320.0000,PASS,82,QUALIFIED,-37.8742,-2.0655,0.0076,-1.7622,806.0000,0.0663,42.9345,7.5076,3.0378,0.0000,0,1,0
cold#225,SAFETY_LIMITED,BASELINE_V4,32.0000,0.7000,180000.0000,120.0000,60.0000,3.0000,20.0000,0.0100,-0.0686,0.4465,0.7650,0.7009,-1,3003.9000,0,0,16439360.0000,FAIL,0,UNLEARNED,nan,nan,nan,nan,-1.0000,0.0300,45.0000,0.0000,0.0000,2.0000,0,0,0
cold#225,SAFETY_LIMITED,ADAPTIVE_V1,32.0000,0.7000,180000.0000,120.0000,60.0000,3.0000,20.0000,0.0100,0.0322,0.0028,0.0050,0.0063,1619,1217.4000,0,0,17293920.0000,PASS,92,QUALIFIED,-3.4255,4.2156,0.0143,0.1478,752.0000,0.0601,67.2156,12.8714,4.0678,0.0084,0,1,0
cold#229,REACHABLE,BASELINE_V4,32.0000,1.0000,600000.0000,180.0000,0.0000,8.0000,20.0000,0.0100,-0.1022,0.1115,0.1176,0.0160,2429,2428.4000,0,0,28977600.0000,FAIL,0,UNLEARNED,nan,nan,nan,nan,-1.0000,0.0300,45.0000,0.0000,0.0000,2.0000,0,0,0
cold#229,REACHABLE,ADAPTIVE_V1,32.0000,1.0000,600000.0000,180.0000,0.0000,8.0000,20.0000,0.0100,-0.0427,0.0827,0.0845,0.0046,2392,2391.6000,0,0,29078400.0000,PASS,70,QUALIFIED,-15.2720,4.8097,-0.0730,0.2098,2366.0000,0.0226,12.8097,13.4270,0.4232,0.0059,1,1,0
cold#233,REACHABLE,BASELINE_V4,32.0000,1.2000,600000.0000,180.0000,15.0000,30.0000,20.0000,0.0100,-0.0190,0.1609,0.2649,0.2479,-1,2428.3000,0,0,28932480.0000,FAIL,0,UNLEARNED,nan,nan,nan,nan,-1.0000,0.0300,45.0000,0.0000,0.0000,2.0000,0,0,0
cold#233,REACHABLE,ADAPTIVE_V1,32.0000,1.2000,600000.0000,180.0000,15.0000,30.0000,20.0000,0.0100,0.0190,0.0024,0.0029,0.0012,2033,1477.6000,0,0,29452800.0000,PASS,94,QUALIFIED,-35.6099,-2.5839,-0.0000,-0.5051,846.0000,0.0206,42.4161,11.2500,0.9349,0.0000,0,1,1
cold#237,REACHABLE,BASELINE_V4,32.0000,0.7000,600000.0000,180.0000,60.0000,3.0000,20.0000,0.0100,0.0144,0.2911,0.4962,0.5045,-1,5603.8000,0,0,26920320.0000,FAIL,0,UNLEARNED,nan,nan,nan,nan,-1.0000,0.0300,45.0000,0.0000,0.0000,2.0000,0,0,0
cold#237,REACHABLE,ADAPTIVE_V1,32.0000,0.7000,600000.0000,180.0000,60.0000,3.0000,20.0000,0.0100,0.0272,0.0027,0.0032,0.0021,2160,2159.2000,0,0,28881440.0000,PASS,94,QUALIFIED,-2.3095,4.0852,0.0088,0.0563,1014.0000,0.0182,67.0852,19.2945,1.2323,0.0121,0,1,0
cold#241,REACHABLE,BASELINE_V4,32.0000,1.0000,1600000.0000,300.0000,0.0000,8.0000,20.0000,0.0100,-0.0639,0.0682,0.0710,0.0071,4859,4859.0000,0,0,52267200.0000,PASS,0,UNLEARNED,nan,nan,nan,nan,-1.0000,0.0300,45.0000,0.0000,0.0000,2.0000,0,0,0
cold#241,REACHABLE,ADAPTIVE_V1,32.0000,1.0000,1600000.0000,300.0000,0.0000,8.0000,20.0000,0.0100,0.0333,0.0043,0.0046,0.0009,3624,3624.0000,0,0,53433600.0000,PASS,91,QUALIFIED,-7.8254,4.8757,0.0002,0.0932,1346.0000,0.0092,12.8757,22.5002,0.1732,0.0000,0,2,0
cold#245,REACHABLE,BASELINE_V4,32.0000,1.2000,1600000.0000,300.0000,15.0000,30.0000,20.0000,0.0100,-0.0415,0.0540,0.0582,0.0098,4693,4692.7000,0,0,52087680.0000,PASS,0,UNLEARNED,nan,nan,nan,nan,-1.0000,0.0300,45.0000,0.0000,0.0000,2.0000,0,0,0
cold#245,REACHABLE,ADAPTIVE_V1,32.0000,1.2000,1600000.0000,300.0000,15.0000,30.0000,20.0000,0.0100,0.0215,0.0022,0.0051,0.0128,3379,3378.6000,0,0,53573760.0000,PASS,89,QUALIFIED,-38.9238,-3.1281,-0.0174,-0.2110,1496.0000,0.0073,41.8719,18.7326,0.3290,0.0383,20,2,1
cold#249,REACHABLE,BASELINE_V4,32.0000,0.7000,1600000.0000,300.0000,60.0000,3.0000,20.0000,0.0100,-0.1074,0.1500,0.1919,0.0956,-1,6776.2000,0,0,47976320.0000,FAIL,0,UNLEARNED,nan,nan,nan,nan,-1.0000,0.0300,45.0000,0.0000,0.0000,2.0000,0,0,0
cold#249,REACHABLE,ADAPTIVE_V1,32.0000,0.7000,1600000.0000,300.0000,60.0000,3.0000,20.0000,0.0100,0.0279,0.0084,0.0189,0.0302,6070,4884.1000,0,0,51592800.0000,PASS,88,QUALIFIED,-2.2468,4.1554,0.0780,0.0218,1478.0000,0.0068,67.1554,32.2208,0.4628,0.0553,0,2,1
cold#253,REACHABLE,BASELINE_V4,32.0000,1.0000,180000.0000,120.0000,0.0000,8.0000,25.0000,0.0100,0.0085,0.0029,0.0056,0.0139,858,790.5000,0,0,10200000.0000,PASS,0,UNLEARNED,nan,nan,nan,nan,-1.0000,0.0300,45.0000,0.0000,0.0000,2.0000,0,0,0
cold#253,REACHABLE,ADAPTIVE_V1,32.0000,1.0000,180000.0000,120.0000,0.0000,8.0000,25.0000,0.0100,0.0085,0.0026,0.0054,0.0136,858,790.5000,0,0,10200000.0000,PASS,38,LEARNING,-66.2500,37.0000,-0.0144,0.7199,-1.0000,0.0300,45.0000,5.2356,1.4310,0.0077,6,0,0
cold#257,SAFETY_LIMITED,BASELINE_V4,32.0000,1.2000,180000.0000,120.0000,15.0000,30.0000,25.0000,0.0100,0.0525,0.2065,0.3648,0.4252,-1,744.4000,0,0,9936000.0000,FAIL,0,UNLEARNED,nan,nan,nan,nan,-1.0000,0.0300,45.0000,0.0000,0.0000,2.0000,0,0,0
cold#257,SAFETY_LIMITED,ADAPTIVE_V1,32.0000,1.2000,180000.0000,120.0000,15.0000,30.0000,25.0000,0.0100,0.0525,0.2065,0.3648,0.4252,-1,744.4000,0,0,9936000.0000,FAIL,34,LEARNING,-88.5163,78.5074,-4.3750,-3.3502,-1.0000,0.0122,123.5074,0.0000,1.4498,1.6905,0,0,0
cold#261,SAFETY_LIMITED,BASELINE_V4,32.0000,0.7000,180000.0000,120.0000,60.0000,3.0000,25.0000,0.0100,0.1596,0.2653,0.4740,0.6544,-1,2812.5000,0,0,9656640.0000,FAIL,0,UNLEARNED,nan,nan,nan,nan,-1.0000,0.0300,45.0000,0.0000,0.0000,2.0000,0,0,0
cold#261,SAFETY_LIMITED,ADAPTIVE_V1,32.0000,0.7000,180000.0000,120.0000,60.0000,3.0000,25.0000,0.0100,0.0320,0.0008,0.0017,0.0032,1369,1174.2000,0,0,10113600.0000,PASS,84,QUALIFIED,-3.7833,4.4296,0.0000,0.1442,876.0000,0.0599,67.4296,7.5000,4.0642,0.0000,0,1,0
cold#265,REACHABLE,BASELINE_V4,32.0000,1.0000,600000.0000,180.0000,0.0000,8.0000,25.0000,0.0100,-0.0036,0.0060,0.0074,0.0040,1694,1693.2000,0,0,17179200.0000,PASS,0,UNLEARNED,nan,nan,nan,nan,-1.0000,0.0300,45.0000,0.0000,0.0000,2.0000,0,0,0
cold#265,REACHABLE,ADAPTIVE_V1,32.0000,1.0000,600000.0000,180.0000,0.0000,8.0000,25.0000,0.0100,0.0056,0.0022,0.0035,0.0034,1694,1693.2000,0,0,17193600.0000,PASS,40,LEARNING,12.5000,37.0000,-0.0211,1.2177,-1.0000,0.0300,45.0000,7.8539,1.4310,0.0006,6,0,0
cold#269,REACHABLE,BASELINE_V4,32.0000,1.2000,600000.0000,180.0000,15.0000,30.0000,25.0000,0.0100,0.0086,0.0874,0.1636,0.1743,-1,1758.7000,0,0,16992000.0000,FAIL,0,UNLEARNED,nan,nan,nan,nan,-1.0000,0.0300,45.0000,0.0000,0.0000,2.0000,0,0,0
cold#269,REACHABLE,ADAPTIVE_V1,32.0000,1.2000,600000.0000,180.0000,15.0000,30.0000,25.0000,0.0100,0.0252,0.0019,0.0050,0.0122,1450,1158.0000,0,0,17262720.0000,PASS,90,QUALIFIED,-42.4755,-3.7324,0.0130,-0.6238,694.0000,0.0184,41.2676,6.5755,0.8162,0.0020,10,1,0
cold#273,REACHABLE,BASELINE_V4,32.0000,0.7000,600000.0000,180.0000,60.0000,3.0000,25.0000,0.0100,0.0269,0.1502,0.2599,0.2864,-1,2888.3000,0,0,16266880.0000,FAIL,0,UNLEARNED,nan,nan,nan,nan,-1.0000,0.0300,45.0000,0.0000,0.0000,2.0000,0,0,0
cold#273,REACHABLE,ADAPTIVE_V1,32.0000,0.7000,600000.0000,180.0000,60.0000,3.0000,25.0000,0.0100,0.0520,0.0031,0.0047,0.0058,1649,1648.3000,0,0,16974720.0000,PASS,98,QUALIFIED,-2.9227,4.3817,0.0331,0.0534,996.0000,0.0181,67.3817,11.2831,1.2294,0.0022,1,1,0
cold#277,REACHABLE,BASELINE_V4,32.0000,1.0000,1600000.0000,300.0000,0.0000,8.0000,25.0000,0.0100,-0.0237,0.0278,0.0301,0.0066,3133,3132.1000,0,0,31400000.0000,PASS,0,UNLEARNED,nan,nan,nan,nan,-1.0000,0.0300,45.0000,0.0000,0.0000,2.0000,0,0,0
cold#277,REACHABLE,ADAPTIVE_V1,32.0000,1.0000,1600000.0000,300.0000,0.0000,8.0000,25.0000,0.0100,0.0329,0.0015,0.0032,0.0037,2418,2417.7000,0,0,31904000.0000,PASS,77,QUALIFIED,-7.6861,4.2440,-0.0454,0.0882,1354.0000,0.0092,12.2440,13.0796,0.1682,0.0018,0,1,0
cold#281,REACHABLE,BASELINE_V4,32.0000,1.2000,1600000.0000,300.0000,15.0000,30.0000,25.0000,0.0100,-0.0201,0.0246,0.0276,0.0078,3104,3103.5000,0,0,31224960.0000,PASS,0,UNLEARNED,nan,nan,nan,nan,-1.0000,0.0300,45.0000,0.0000,0.0000,2.0000,0,0,0
cold#281,REACHABLE,ADAPTIVE_V1,32.0000,1.2000,1600000.0000,300.0000,15.0000,30.0000,25.0000,0.0100,0.0190,0.0025,0.0047,0.0044,2516,2220.5000,0,0,32067840.0000,PASS,92,QUALIFIED,-39.4914,-2.8752,0.0461,-0.2124,704.0000,0.0073,42.1248,10.9836,0.3276,0.0100,21,1,0
cold#285,REACHABLE,BASELINE_V4,32.0000,0.7000,1600000.0000,300.0000,60.0000,3.0000,25.0000,0.0100,-0.1354,0.1563,0.1686,0.0301,-1,4984.0000,0,0,29137920.0000,FAIL,0,UNLEARNED,nan,nan,nan,nan,-1.0000,0.0300,45.0000,0.0000,0.0000,2.0000,0,0,0
cold#285,REACHABLE,ADAPTIVE_V1,32.0000,0.7000,1600000.0000,300.0000,60.0000,3.0000,25.0000,0.0100,-0.0517,0.0778,0.0797,0.0077,5185,3822.1000,0,0,30915360.0000,PASS,98,QUALIFIED,-2.5234,4.0684,-0.2218,0.0200,666.0000,0.0068,67.0684,18.5282,0.4610,0.0095,0,2,1
cold#289,REACHABLE,BASELINE_V4,32.0000,1.0000,180000.0000,120.0000,0.0000,8.0000,28.0000,0.0100,0.0198,0.0024,0.0050,0.0124,519,518.5000,0,0,5843200.0000,PASS,0,UNLEARNED,nan,nan,nan,nan,-1.0000,0.0300,45.0000,0.0000,0.0000,2.0000,0,0,0
cold#289,REACHABLE,ADAPTIVE_V1,32.0000,1.0000,180000.0000,120.0000,0.0000,8.0000,28.0000,0.0100,0.0198,0.0024,0.0050,0.0124,519,518.5000,0,0,5843200.0000,PASS,38,LEARNING,-66.2500,37.0000,0.0478,0.7199,-1.0000,0.0300,45.0000,3.0478,1.4310,0.0020,0,0,0
cold#293,SAFETY_LIMITED,BASELINE_V4,32.0000,1.2000,180000.0000,120.0000,15.0000,30.0000,28.0000,0.0100,0.1071,0.0732,0.1426,0.2438,8538,478.0000,0,0,5832960.0000,PASS,0,UNLEARNED,nan,nan,nan,nan,-1.0000,0.0300,45.0000,0.0000,0.0000,2.0000,0,0,0
cold#293,SAFETY_LIMITED,ADAPTIVE_V1,32.0000,1.2000,180000.0000,120.0000,15.0000,30.0000,28.0000,0.0100,0.1081,0.0744,0.1440,0.2580,7835,478.0000,0,0,5815680.0000,FAIL,38,LEARNING,-71.8750,0.0000,0.3813,-3.3690,-1.0000,0.0300,45.0000,2.8813,1.4310,0.2543,0,0,0
cold#297,SAFETY_LIMITED,BASELINE_V4,32.0000,0.7000,180000.0000,120.0000,60.0000,3.0000,28.0000,0.0100,0.1868,0.1631,0.2877,0.4722,-1,1036.1000,0,0,5634720.0000,FAIL,0,UNLEARNED,nan,nan,nan,nan,-1.0000,0.0300,45.0000,0.0000,0.0000,2.0000,0,0,0
cold#297,SAFETY_LIMITED,ADAPTIVE_V1,32.0000,0.7000,180000.0000,120.0000,60.0000,3.0000,28.0000,0.0100,0.1868,0.1631,0.2877,0.4722,-1,1036.1000,0,0,5634720.0000,FAIL,43,LEARNING,-5.9414,3.8984,-4.2857,0.0251,-1.0000,0.0585,66.8984,0.0000,3.9451,0.0231,0,0,0
cold#301,REACHABLE,BASELINE_V4,32.0000,1.0000,600000.0000,180.0000,0.0000,8.0000,28.0000,0.0100,0.0105,0.0018,0.0041,0.0069,1165,1164.6000,0,0,9883200.0000,PASS,0,UNLEARNED,nan,nan,nan,nan,-1.0000,0.0300,45.0000,0.0000,0.0000,2.0000,0,0,0
cold#301,REACHABLE,ADAPTIVE_V1,32.0000,1.0000,600000.0000,180.0000,0.0000,8.0000,28.0000,0.0100,0.0105,0.0022,0.0047,0.0078,1165,1164.6000,0,0,9883200.0000,PASS,38,LEARNING,12.5000,37.0000,-0.0017,1.2177,-1.0000,0.0300,45.0000,4.4983,1.4310,0.0014,4,0,0
cold#305,REACHABLE,BASELINE_V4,32.0000,1.2000,600000.0000,180.0000,15.0000,30.0000,28.0000,0.0100,0.0222,0.0496,0.0982,0.1215,1214,1213.2000,0,0,9784320.0000,PASS,0,UNLEARNED,nan,nan,nan,nan,-1.0000,0.0300,45.0000,0.0000,0.0000,2.0000,0,0,0
cold#305,REACHABLE,ADAPTIVE_V1,32.0000,1.2000,600000.0000,180.0000,15.0000,30.0000,28.0000,0.0100,0.0565,0.0390,0.0725,0.1295,1214,1213.2000,0,0,9813120.0000,PASS,71,QUALIFIED,-42.2782,-3.5079,-0.5956,-0.6173,1444.0000,0.0185,41.4921,3.1544,0.8227,0.0438,0,1,0
cold#309,REACHABLE,BASELINE_V4,32.0000,0.7000,600000.0000,180.0000,60.0000,3.0000,28.0000,0.0100,0.0323,0.0839,0.1497,0.1826,-1,1772.2000,0,0,9525600.0000,FAIL,0,UNLEARNED,nan,nan,nan,nan,-1.0000,0.0300,45.0000,0.0000,0.0000,2.0000,0,0,0
cold#309,REACHABLE,ADAPTIVE_V1,32.0000,0.7000,600000.0000,180.0000,60.0000,3.0000,28.0000,0.0100,0.0371,0.0022,0.0030,0.0026,1462,1461.3000,0,0,9770880.0000,PASS,96,QUALIFIED,-3.3937,4.1563,0.0014,0.0438,664.0000,0.0180,67.1563,6.4300,1.2198,0.0028,0,1,0
cold#313,REACHABLE,BASELINE_V4,32.0000,1.0000,1600000.0000,300.0000,0.0000,8.0000,28.0000,0.0100,-0.0784,0.0792,0.0798,0.0016,2123,2122.7000,0,0,17921600.0000,PASS,0,UNLEARNED,nan,nan,nan,nan,-1.0000,0.0300,45.0000,0.0000,0.0000,2.0000,0,0,0
cold#313,REACHABLE,ADAPTIVE_V1,32.0000,1.0000,1600000.0000,300.0000,0.0000,8.0000,28.0000,0.0100,-0.0388,0.0774,0.0803,0.0058,1807,1806.5000,0,0,18048000.0000,PASS,74,QUALIFIED,-7.3413,4.8695,-0.1693,0.0940,1040.0000,0.0093,12.8695,7.3307,0.1740,0.0141,0,1,0
cold#317,REACHABLE,BASELINE_V4,32.0000,1.2000,1600000.0000,300.0000,15.0000,30.0000,28.0000,0.0100,0.0003,0.0112,0.0198,0.0190,2036,2036.0000,0,0,18218880.0000,PASS,0,UNLEARNED,nan,nan,nan,nan,-1.0000,0.0300,45.0000,0.0000,0.0000,2.0000,0,0,0
cold#317,REACHABLE,ADAPTIVE_V1,32.0000,1.2000,1600000.0000,300.0000,15.0000,30.0000,28.0000,0.0100,0.0114,0.0021,0.0024,0.0009,1616,1615.7000,0,0,18501120.0000,PASS,99,QUALIFIED,-41.9754,-5.7935,0.0000,-0.2442,670.0000,0.0070,39.2065,6.2500,0.2958,0.0048,49,1,0
cold#321,REACHABLE,BASELINE_V4,32.0000,0.7000,1600000.0000,300.0000,60.0000,3.0000,28.0000,0.0100,-0.0208,0.0397,0.0465,0.0149,2875,2874.2000,0,0,17468640.0000,PASS,0,UNLEARNED,nan,nan,nan,nan,-1.0000,0.0300,45.0000,0.0000,0.0000,2.0000,0,0,0
cold#321,REACHABLE,ADAPTIVE_V1,32.0000,0.7000,1600000.0000,300.0000,60.0000,3.0000,28.0000,0.0100,0.0184,0.0035,0.0049,0.0066,2324,2323.3000,0,0,18093600.0000,PASS,97,QUALIFIED,-2.9185,4.0962,0.0367,0.0183,702.0000,0.0068,67.0962,10.7509,0.4593,0.0104,0,1,0
cold#325,COOLING_REQUIRED,BASELINE_V4,32.0000,1.0000,180000.0000,120.0000,0.0000,8.0000,35.0000,0.0100,3.0000,3.0000,3.0000,0.0000,-1,0.0000,0,0,0.0000,FAIL,0,UNLEARNED,nan,nan,nan,nan,-1.0000,0.0300,45.0000,0.0000,0.0000,2.0000,0,0,0
cold#325,COOLING_REQUIRED,ADAPTIVE_V1,32.0000,1.0000,180000.0000,120.0000,0.0000,8.0000,35.0000,0.0100,3.0000,3.0000,3.0000,0.0000,-1,0.0000,0,0,0.0000,FAIL,18,LEARNING,-66.2500,37.0000,0.0000,0.7199,-1.0000,0.0300,45.0000,0.0000,1.4310,0.0000,0,0,0
cold#329,COOLING_REQUIRED,BASELINE_V4,32.0000,1.2000,180000.0000,120.0000,15.0000,30.0000,35.0000,0.0100,3.0000,3.0000,3.0000,0.0000,-1,0.0000,0,0,0.0000,FAIL,0,UNLEARNED,nan,nan,nan,nan,-1.0000,0.0300,45.0000,0.0000,0.0000,2.0000,0,0,0
cold#329,COOLING_REQUIRED,ADAPTIVE_V1,32.0000,1.2000,180000.0000,120.0000,15.0000,30.0000,35.0000,0.0100,3.0000,3.0000,3.0000,0.0000,-1,0.0000,0,0,0.0000,FAIL,18,LEARNING,-71.8750,0.0000,0.0000,-3.3690,-1.0000,0.0300,45.0000,0.0000,1.4310,0.0000,0,0,0
cold#333,COOLING_REQUIRED,BASELINE_V4,32.0000,0.7000,180000.0000,120.0000,60.0000,3.0000,35.0000,0.0100,3.0000,3.0000,3.0000,0.0000,-1,0.0000,0,0,0.0000,FAIL,0,UNLEARNED,nan,nan,nan,nan,-1.0000,0.0300,45.0000,0.0000,0.0000,2.0000,0,0,0
cold#333,COOLING_REQUIRED,ADAPTIVE_V1,32.0000,0.7000,180000.0000,120.0000,60.0000,3.0000,35.0000,0.0100,3.0000,3.0000,3.0000,0.0000,-1,0.0000,0,0,0.0000,FAIL,18,LEARNING,-51.7857,-18.0000,0.0000,-2.4890,-1.0000,0.0300,45.0000,0.0000,1.4310,0.0000,0,0,0
cold#337,COOLING_REQUIRED,BASELINE_V4,32.0000,1.0000,600000.0000,180.0000,0.0000,8.0000,35.0000,0.0100,3.0000,3.0000,3.0000,0.0000,-1,0.0000,0,0,0.0000,FAIL,0,UNLEARNED,nan,nan,nan,nan,-1.0000,0.0300,45.0000,0.0000,0.0000,2.0000,0,0,0
cold#337,COOLING_REQUIRED,ADAPTIVE_V1,32.0000,1.0000,600000.0000,180.0000,0.0000,8.0000,35.0000,0.0100,3.0000,3.0000,3.0000,0.0000,-1,0.0000,0,0,0.0000,FAIL,18,LEARNING,12.5000,37.0000,0.0000,1.2177,-1.0000,0.0300,45.0000,0.0000,1.4310,0.0000,0,0,0
cold#341,COOLING_REQUIRED,BASELINE_V4,32.0000,1.2000,600000.0000,180.0000,15.0000,30.0000,35.0000,0.0100,3.0000,3.0000,3.0000,0.0000,-1,0.0000,0,0,0.0000,FAIL,0,UNLEARNED,nan,nan,nan,nan,-1.0000,0.0300,45.0000,0.0000,0.0000,2.0000,0,0,0
cold#341,COOLING_REQUIRED,ADAPTIVE_V1,32.0000,1.2000,600000.0000,180.0000,15.0000,30.0000,35.0000,0.0100,3.0000,3.0000,3.0000,0.0000,-1,0.0000,0,0,0.0000,FAIL,18,LEARNING,-6.2500,0.0000,0.0000,-0.0090,-1.0000,0.0300,45.0000,0.0000,1.4310,0.0000,0,0,0
cold#345,COOLING_REQUIRED,BASELINE_V4,32.0000,0.7000,600000.0000,180.0000,60.0000,3.0000,35.0000,0.0100,3.0000,3.0000,3.0000,0.0000,-1,0.0000,0,0,0.0000,FAIL,0,UNLEARNED,nan,nan,nan,nan,-1.0000,0.0300,45.0000,0.0000,0.0000,2.0000,0,0,0
cold#345,COOLING_REQUIRED,ADAPTIVE_V1,32.0000,0.7000,600000.0000,180.0000,60.0000,3.0000,35.0000,0.0100,3.0000,3.0000,3.0000,0.0000,-1,0.0000,0,0,0.0000,FAIL,18,LEARNING,60.7143,-18.0000,0.0000,0.2550,-1.0000,0.0300,45.0000,0.0000,1.4310,0.0000,0,0,0
cold#349,COOLING_REQUIRED,BASELINE_V4,32.0000,1.0000,1600000.0000,300.0000,0.0000,8.0000,35.0000,0.0100,3.0000,3.0000,3.0000,0.0000,-1,0.0000,0,0,0.0000,FAIL,0,UNLEARNED,nan,nan,nan,nan,-1.0000,0.0300,45.0000,0.0000,0.0000,2.0000,0,0,0
cold#349,COOLING_REQUIRED,ADAPTIVE_V1,32.0000,1.0000,1600000.0000,300.0000,0.0000,8.0000,35.0000,0.0100,3.0000,3.0000,3.0000,0.0000,-1,0.0000,0,0,0.0000,FAIL,18,LEARNING,200.0000,37.0000,0.0000,1.3510,-1.0000,0.0300,45.0000,0.0000,1.4310,0.0000,0,0,0
cold#353,COOLING_REQUIRED,BASELINE_V4,32.0000,1.2000,1600000.0000,300.0000,15.0000,30.0000,35.0000,0.0100,3.0000,3.0000,3.0000,0.0000,-1,0.0000,0,0,0.0000,FAIL,0,UNLEARNED,nan,nan,nan,nan,-1.0000,0.0300,45.0000,0.0000,0.0000,2.0000,0,0,0
cold#353,COOLING_REQUIRED,ADAPTIVE_V1,32.0000,1.2000,1600000.0000,300.0000,15.0000,30.0000,35.0000,0.0100,3.0000,3.0000,3.0000,0.0000,-1,0.0000,0,0,0.0000,FAIL,18,LEARNING,150.0000,0.0000,0.0000,0.8910,-1.0000,0.0300,45.0000,0.0000,1.4310,0.0000,0,0,0
cold#357,COOLING_REQUIRED,BASELINE_V4,32.0000,0.7000,1600000.0000,300.0000,60.0000,3.0000,35.0000,0.0100,3.0000,3.0000,3.0000,0.0000,-1,0.0000,0,0,0.0000,FAIL,0,UNLEARNED,nan,nan,nan,nan,-1.0000,0.0300,45.0000,0.0000,0.0000,2.0000,0,0,0
cold#357,COOLING_REQUIRED,ADAPTIVE_V1,32.0000,0.7000,1600000.0000,300.0000,60.0000,3.0000,35.0000,0.0100,3.0000,3.0000,3.0000,0.0000,-1,0.0000,0,0,0.0000,FAIL,18,LEARNING,328.5714,-18.0000,0.0000,0.9900,-1.0000,0.0300,45.0000,0.0000,1.4310,0.0000,0,0,0
cold#361,REACHABLE,BASELINE_V4,35.0000,1.0000,180000.0000,120.0000,0.0000,8.0000,10.0000,0.0100,-0.0408,0.1007,0.1586,0.1362,-1,2189.8000,0,0,35760000.0000,FAIL,0,UNLEARNED,nan,nan,nan,nan,-1.0000,0.0300,45.0000,0.0000,0.0000,2.0000,0,0,0
cold#361,REACHABLE,ADAPTIVE_V1,35.0000,1.0000,180000.0000,120.0000,0.0000,8.0000,10.0000,0.0100,0.0085,0.0026,0.0052,0.0117,1761,1760.1000,0,0,35964800.0000,PASS,72,QUALIFIED,-8.2976,3.9420,0.0138,0.7519,1284.0000,0.0815,11.9420,18.7638,1.4630,0.0035,0,1,0
cold#365,SAFETY_LIMITED,BASELINE_V4,35.0000,1.2000,180000.0000,120.0000,15.0000,30.0000,10.0000,0.0100,-0.0781,0.4605,0.7139,0.5858,-1,3303.8000,0,0,35243520.0000,FAIL,0,UNLEARNED,nan,nan,nan,nan,-1.0000,0.0300,45.0000,0.0000,0.0000,2.0000,0,0,0
cold#365,SAFETY_LIMITED,ADAPTIVE_V1,35.0000,1.2000,180000.0000,120.0000,15.0000,30.0000,10.0000,0.0100,-0.0373,0.0825,0.1468,0.1182,-1,2370.0000,0,0,35980800.0000,FAIL,38,DEGRADED,-39.4611,-5.3696,-0.0600,-2.0319,644.0000,0.0646,39.6304,15.5650,2.7681,0.0127,0,0,1
cold#369,SAFETY_LIMITED,BASELINE_V4,35.0000,0.7000,180000.0000,120.0000,60.0000,3.0000,10.0000,0.0100,-2.7400,3.3461,4.0292,1.3484,-1,-1.0000,0,0,31227840.0000,FAIL,0,UNLEARNED,nan,nan,nan,nan,-1.0000,0.0300,45.0000,0.0000,0.0000,2.0000,0,0,0
cold#369,SAFETY_LIMITED,ADAPTIVE_V1,35.0000,0.7000,180000.0000,120.0000,60.0000,3.0000,10.0000,0.0100,0.0077,0.0027,0.0055,0.0130,1962,1783.9000,0,0,35669760.0000,PASS,95,QUALIFIED,-2.1804,4.0644,-0.0146,0.1920,898.0000,0.0609,67.0644,26.7711,4.1120,0.0101,0,1,0
cold#373,REACHABLE,BASELINE_V4,35.0000,1.0000,600000.0000,180.0000,0.0000,8.0000,10.0000,0.0100,-0.0916,0.0964,0.0995,0.0083,4586,4585.3000,0,0,58348800.0000,PASS,0,UNLEARNED,nan,nan,nan,nan,-1.0000,0.0300,45.0000,0.0000,0.0000,2.0000,0,0,0
cold#373,REACHABLE,ADAPTIVE_V1,35.0000,1.0000,600000.0000,180.0000,0.0000,8.0000,10.0000,0.0100,-0.0916,0.0945,0.0966,0.0053,4586,4585.3000,0,0,58353600.0000,PASS,41,LEARNING,12.5000,37.0000,-0.1668,1.2177,-1.0000,0.0300,45.0000,27.9582,1.4310,0.0080,0,0,0
cold#377,REACHABLE,BASELINE_V4,35.0000,1.2000,600000.0000,180.0000,15.0000,30.0000,10.0000,0.0100,-0.0760,0.3780,0.5914,0.4708,-1,4736.8000,0,0,58446720.0000,FAIL,0,UNLEARNED,nan,nan,nan,nan,-1.0000,0.0300,45.0000,0.0000,0.0000,2.0000,0,0,0
cold#377,REACHABLE,ADAPTIVE_V1,35.0000,1.2000,600000.0000,180.0000,15.0000,30.0000,10.0000,0.0100,0.0367,0.0032,0.0081,0.0152,3576,3575.1000,0,0,59650560.0000,PASS,82,QUALIFIED,-31.6677,-3.3194,-0.0736,-0.4623,2480.0000,0.0219,41.6806,23.3639,0.9777,0.0134,0,2,0
cold#381,REACHABLE,BASELINE_V4,35.0000,0.7000,600000.0000,180.0000,60.0000,3.0000,10.0000,0.0100,-5.1790,5.4855,5.7561,0.5892,-1,-1.0000,0,0,46445280.0000,FAIL,0,UNLEARNED,nan,nan,nan,nan,-1.0000,0.0300,45.0000,0.0000,0.0000,2.0000,0,0,0
cold#381,REACHABLE,ADAPTIVE_V1,35.0000,0.7000,600000.0000,180.0000,60.0000,3.0000,10.0000,0.0100,-0.0591,0.0828,0.0906,0.0222,4893,4892.1000,0,0,57785280.0000,PASS,98,QUALIFIED,-3.3972,4.1940,-0.0915,0.0443,1912.0000,0.0180,67.1940,40.0871,1.2203,0.0192,0,2,0
cold#385,REACHABLE,BASELINE_V4,35.0000,1.0000,1600000.0000,300.0000,0.0000,8.0000,10.0000,0.0100,-0.1840,0.1855,0.1865,0.0027,-1,-1.0000,0,0,102038400.0000,FAIL,0,UNLEARNED,nan,nan,nan,nan,-1.0000,0.0300,45.0000,0.0000,0.0000,2.0000,0,0,0
cold#385,REACHABLE,ADAPTIVE_V1,35.0000,1.0000,1600000.0000,300.0000,0.0000,8.0000,10.0000,0.0100,-0.1841,0.1855,0.1865,0.0027,-1,-1.0000,0,0,102043200.0000,FAIL,38,LEARNING,200.0000,37.0000,-0.3103,1.3510,-1.0000,0.0300,45.0000,46.5647,1.4310,0.0122,0,0,0
cold#389,REACHABLE,BASELINE_V4,35.0000,1.2000,1600000.0000,300.0000,15.0000,30.0000,10.0000,0.0100,-0.1420,0.1483,0.1527,0.0110,-1,6908.9000,0,0,104941440.0000,FAIL,0,UNLEARNED,nan,nan,nan,nan,-1.0000,0.0300,45.0000,0.0000,0.0000,2.0000,0,0,0
cold#389,REACHABLE,ADAPTIVE_V1,35.0000,1.2000,1600000.0000,300.0000,15.0000,30.0000,10.0000,0.0100,-0.1421,0.1477,0.1516,0.0098,-1,6908.9000,0,0,104929920.0000,FAIL,38,LEARNING,150.0000,0.0000,-0.2575,0.8910,-1.0000,0.0300,45.0000,38.8050,1.4310,0.0552,0,0,0
cold#393,REACHABLE,BASELINE_V4,35.0000,0.7000,1600000.0000,300.0000,60.0000,3.0000,10.0000,0.0100,-0.2808,0.6219,1.3998,1.2331,-1,-1.0000,0,0,93777600.0000,FAIL,0,UNLEARNED,nan,nan,nan,nan,-1.0000,0.0300,45.0000,0.0000,0.0000,2.0000,0,0,0
cold#393,REACHABLE,ADAPTIVE_V1,35.0000,0.7000,1600000.0000,300.0000,60.0000,3.0000,10.0000,0.0100,-0.0494,0.5108,0.9934,1.0422,-1,10533.3000,0,0,95249280.0000,FAIL,74,QUALIFIED,-2.2168,3.7742,5.4536,0.0196,9618.0000,0.0068,66.7742,72.4179,0.4606,0.0331,0,1,0
cold#397,REACHABLE,BASELINE_V4,35.0000,1.0000,180000.0000,120.0000,0.0000,8.0000,20.0000,0.0100,-0.0111,0.0438,0.0718,0.0602,1577,1473.6000,0,0,21635200.0000,PASS,0,UNLEARNED,nan,nan,nan,nan,-1.0000,0.0300,45.0000,0.0000,0.0000,2.0000,0,0,0
cold#397,REACHABLE,ADAPTIVE_V1,35.0000,1.0000,180000.0000,120.0000,0.0000,8.0000,20.0000,0.0100,0.0089,0.0021,0.0045,0.0113,1568,1473.6000,0,0,21697600.0000,PASS,56,LEARNING,-2.0344,3.8462,0.0160,0.8443,-1.0000,0.0871,11.8462,11.2660,1.5554,0.0000,643,0,0
cold#401,SAFETY_LIMITED,BASELINE_V4,35.0000,1.2000,180000.0000,120.0000,15.0000,30.0000,20.0000,0.0100,0.0102,0.2843,0.4943,0.4460,-1,1753.9000,0,0,21386880.0000,FAIL,0,UNLEARNED,nan,nan,nan,nan,-1.0000,0.0300,45.0000,0.0000,0.0000,2.0000,0,0,0
cold#401,SAFETY_LIMITED,ADAPTIVE_V1,35.0000,1.2000,180000.0000,120.0000,15.0000,30.0000,20.0000,0.0100,0.0072,0.0024,0.0048,0.0106,1139,974.4000,0,0,21809280.0000,PASS,93,QUALIFIED,-40.9120,-3.3636,0.0324,-1.9844,694.0000,0.0630,41.6364,9.4074,2.8156,0.0026,0,1,0
cold#405,SAFETY_LIMITED,BASELINE_V4,35.0000,0.7000,180000.0000,120.0000,60.0000,3.0000,20.0000,0.0100,-1.6443,2.0454,2.4250,0.8143,-1,-1.0000,0,0,18842880.0000,FAIL,0,UNLEARNED,nan,nan,nan,nan,-1.0000,0.0300,45.0000,0.0000,0.0000,2.0000,0,0,0
cold#405,SAFETY_LIMITED,ADAPTIVE_V1,35.0000,0.7000,180000.0000,120.0000,60.0000,3.0000,20.0000,0.0100,-0.6137,0.6163,0.6179,0.0054,-1,-1.0000,0,0,20748000.0000,FAIL,92,QUALIFIED,-2.9999,3.9798,-8.6910,0.1529,644.0000,0.0604,66.9798,7.3805,4.0729,0.0043,0,1,0
cold#409,REACHABLE,BASELINE_V4,35.0000,1.0000,600000.0000,180.0000,0.0000,8.0000,20.0000,0.0100,-0.1128,0.1266,0.1405,0.0289,2920,2919.9000,0,0,36032000.0000,FAIL,0,UNLEARNED,nan,nan,nan,nan,-1.0000,0.0300,45.0000,0.0000,0.0000,2.0000,0,0,0
cold#409,REACHABLE,ADAPTIVE_V1,35.0000,1.0000,600000.0000,180.0000,0.0000,8.0000,20.0000,0.0100,-0.0588,0.0791,0.0845,0.0108,2166,2165.7000,0,0,36504000.0000,PASS,70,QUALIFIED,-9.6904,4.6990,-0.1442,0.2353,720.0000,0.0241,12.6990,16.7308,0.4486,0.0114,0,1,1
cold#413,REACHABLE,BASELINE_V4,35.0000,1.2000,600000.0000,180.0000,15.0000,30.0000,20.0000,0.0100,-0.0350,0.2015,0.3259,0.2931,-1,2831.4000,0,0,35953920.0000,FAIL,0,UNLEARNED,nan,nan,nan,nan,-1.0000,0.0300,45.0000,0.0000,0.0000,2.0000,0,0,0
cold#413,REACHABLE,ADAPTIVE_V1,35.0000,1.2000,600000.0000,180.0000,15.0000,30.0000,20.0000,0.0100,-0.0296,0.0916,0.1439,0.1209,-1,2333.5000,0,0,36433920.0000,FAIL,36,DEGRADED,-35.6809,-3.1192,0.3311,-0.5160,976.0000,0.0206,41.8808,14.3936,0.9240,0.0488,0,1,2
cold#417,REACHABLE,BASELINE_V4,35.0000,0.7000,600000.0000,180.0000,60.0000,3.0000,20.0000,0.0100,-0.0117,0.3649,0.5999,0.5931,-1,7688.6000,0,0,32457600.0000,FAIL,0,UNLEARNED,nan,nan,nan,nan,-1.0000,0.0300,45.0000,0.0000,0.0000,2.0000,0,0,0
cold#417,REACHABLE,ADAPTIVE_V1,35.0000,0.7000,600000.0000,180.0000,60.0000,3.0000,20.0000,0.0100,0.0230,0.0014,0.0029,0.0099,2922,2921.8000,0,0,35696640.0000,PASS,91,QUALIFIED,-2.3111,4.1066,0.0176,0.0566,1340.0000,0.0182,67.1066,24.1248,1.2326,0.0082,0,1,0
cold#421,REACHABLE,BASELINE_V4,35.0000,1.0000,1600000.0000,300.0000,0.0000,8.0000,20.0000,0.0100,-0.0937,0.0959,0.0973,0.0038,5832,5831.5000,0,0,64089600.0000,PASS,0,UNLEARNED,nan,nan,nan,nan,-1.0000,0.0300,45.0000,0.0000,0.0000,2.0000,0,0,0
cold#421,REACHABLE,ADAPTIVE_V1,35.0000,1.0000,1600000.0000,300.0000,0.0000,8.0000,20.0000,0.0100,0.0381,0.0038,0.0049,0.0034,4149,4148.5000,0,0,66192000.0000,PASS,91,QUALIFIED,-8.6832,4.9955,-0.0189,0.0926,1488.0000,0.0091,12.9955,28.1061,0.1726,0.0030,0,2,0
cold#425,REACHABLE,BASELINE_V4,35.0000,1.2000,1600000.0000,300.0000,15.0000,30.0000,20.0000,0.0100,-0.0692,0.0743,0.0780,0.0087,5394,5393.9000,0,0,64368000.0000,PASS,0,UNLEARNED,nan,nan,nan,nan,-1.0000,0.0300,45.0000,0.0000,0.0000,2.0000,0,0,0
cold#425,REACHABLE,ADAPTIVE_V1,35.0000,1.2000,1600000.0000,300.0000,15.0000,30.0000,20.0000,0.0100,-0.0689,0.0785,0.0854,0.0169,4322,4321.3000,0,0,65904000.0000,PASS,45,DEGRADED,-36.2169,-2.4056,0.0803,-0.1915,1904.0000,0.0077,42.5944,23.5178,0.3485,0.0409,0,1,1
cold#429,REACHABLE,BASELINE_V4,35.0000,0.7000,1600000.0000,300.0000,60.0000,3.0000,20.0000,0.0100,-0.1474,0.1782,0.2048,0.0617,-1,8049.8000,0,0,58984800.0000,FAIL,0,UNLEARNED,nan,nan,nan,nan,-1.0000,0.0300,45.0000,0.0000,0.0000,2.0000,0,0,0
cold#429,REACHABLE,ADAPTIVE_V1,35.0000,0.7000,1600000.0000,300.0000,60.0000,3.0000,20.0000,0.0100,0.0308,0.0178,0.0275,0.0443,5702,5702.0000,0,0,63863520.0000,PASS,88,QUALIFIED,-2.6412,4.2625,-0.5155,0.0206,1328.0000,0.0068,67.2625,39.6630,0.4616,0.0588,0,2,0
cold#433,REACHABLE,BASELINE_V4,35.0000,1.0000,180000.0000,120.0000,0.0000,8.0000,25.0000,0.0100,0.0061,0.0456,0.1132,0.1399,1163,1163.0000,0,0,14516800.0000,PASS,0,UNLEARNED,nan,nan,nan,nan,-1.0000,0.0300,45.0000,0.0000,0.0000,2.0000,0,0,0
cold#433,REACHABLE,ADAPTIVE_V1,35.0000,1.0000,180000.0000,120.0000,0.0000,8.0000,25.0000,0.0100,0.0074,0.0035,0.0048,0.0120,1163,1163.0000,0,0,14540800.0000,PASS,40,LEARNING,-66.2500,37.0000,0.0007,0.7199,-1.0000,0.0300,45.0000,7.5007,1.4310,0.0000,29,0,0
cold#437,SAFETY_LIMITED,BASELINE_V4,35.0000,1.2000,180000.0000,120.0000,15.0000,30.0000,25.0000,0.0100,0.0351,0.2434,0.4524,0.4327,-1,1106.5000,0,0,14184960.0000,FAIL,0,UNLEARNED,nan,nan,nan,nan,-1.0000,0.0300,45.0000,0.0000,0.0000,2.0000,0,0,0
cold#437,SAFETY_LIMITED,ADAPTIVE_V1,35.0000,1.2000,180000.0000,120.0000,15.0000,30.0000,25.0000,0.0100,0.0340,0.0814,0.1297,0.1110,8018,1107.0000,0,0,14463360.0000,PASS,69,QUALIFIED,-39.1935,-4.7770,0.0396,-1.9850,1392.0000,0.0649,40.2230,6.2896,2.8150,0.0227,0,1,0
cold#441,SAFETY_LIMITED,BASELINE_V4,35.0000,0.7000,180000.0000,120.0000,60.0000,3.0000,25.0000,0.0100,-1.1264,1.3520,1.5681,0.4622,-1,-1.0000,0,0,12529440.0000,FAIL,0,UNLEARNED,nan,nan,nan,nan,-1.0000,0.0300,45.0000,0.0000,0.0000,2.0000,0,0,0
cold#441,SAFETY_LIMITED,ADAPTIVE_V1,35.0000,0.7000,180000.0000,120.0000,60.0000,3.0000,25.0000,0.0100,0.0060,0.0025,0.0050,0.0122,2130,2118.9000,0,0,14381920.0000,PASS,93,QUALIFIED,-3.6309,4.6220,-0.0230,0.1611,730.0000,0.0600,67.6220,10.6913,4.0811,0.0131,0,1,0
cold#445,REACHABLE,BASELINE_V4,35.0000,1.0000,600000.0000,180.0000,0.0000,8.0000,25.0000,0.0100,-0.0127,0.0241,0.0315,0.0192,2082,2082.0000,0,0,24398400.0000,PASS,0,UNLEARNED,nan,nan,nan,nan,-1.0000,0.0300,45.0000,0.0000,0.0000,2.0000,0,0,0
cold#445,REACHABLE,ADAPTIVE_V1,35.0000,1.0000,600000.0000,180.0000,0.0000,8.0000,25.0000,0.0100,0.0357,0.0026,0.0047,0.0055,2063,2062.5000,0,0,24460800.0000,PASS,63,QUALIFIED,-11.1874,3.8075,0.0021,0.2089,2234.0000,0.0237,11.8075,11.2521,0.4222,0.0012,2,1,0
cold#449,REACHABLE,BASELINE_V4,35.0000,1.2000,600000.0000,180.0000,15.0000,30.0000,25.0000,0.0100,-0.0081,0.1241,0.2238,0.2176,-1,2186.5000,0,0,24034560.0000,FAIL,0,UNLEARNED,nan,nan,nan,nan,-1.0000,0.0300,45.0000,0.0000,0.0000,2.0000,0,0,0
cold#449,REACHABLE,ADAPTIVE_V1,35.0000,1.2000,600000.0000,180.0000,15.0000,30.0000,25.0000,0.0100,0.0246,0.0011,0.0034,0.0048,1436,1435.9000,0,0,24589440.0000,PASS,93,QUALIFIED,-35.8604,-1.7041,0.0261,-0.4925,736.0000,0.0205,43.2959,9.4011,0.9475,0.0009,14,1,0
cold#453,REACHABLE,BASELINE_V4,35.0000,0.7000,600000.0000,180.0000,60.0000,3.0000,25.0000,0.0100,0.0211,0.2149,0.3701,0.3930,-1,4179.4000,0,0,22884960.0000,FAIL,0,UNLEARNED,nan,nan,nan,nan,-1.0000,0.0300,45.0000,0.0000,0.0000,2.0000,0,0,0
cold#453,REACHABLE,ADAPTIVE_V1,35.0000,0.7000,600000.0000,180.0000,60.0000,3.0000,25.0000,0.0100,0.0360,0.0014,0.0019,0.0017,1715,1713.4000,0,0,24245760.0000,PASS,96,QUALIFIED,-2.5442,4.1648,0.0023,0.0546,822.0000,0.0182,67.1648,16.0738,1.2306,0.0025,0,1,0
cold#457,REACHABLE,BASELINE_V4,35.0000,1.0000,1600000.0000,300.0000,0.0000,8.0000,25.0000,0.0100,-0.0441,0.0525,0.0559,0.0121,4129,4128.8000,0,0,44067200.0000,PASS,0,UNLEARNED,nan,nan,nan,nan,-1.0000,0.0300,45.0000,0.0000,0.0000,2.0000,0,0,0
cold#457,REACHABLE,ADAPTIVE_V1,35.0000,1.0000,1600000.0000,300.0000,0.0000,8.0000,25.0000,0.0100,-0.0441,0.0524,0.0559,0.0122,2753,2752.5000,0,0,45201600.0000,PASS,40,DEGRADED,-9.1817,4.6806,-0.1398,0.0890,976.0000,0.0091,12.6806,18.6102,0.1690,0.0464,0,0,1
cold#461,REACHABLE,BASELINE_V4,35.0000,1.2000,1600000.0000,300.0000,15.0000,30.0000,25.0000,0.0100,-0.0287,0.0443,0.0587,0.0307,4038,4037.5000,0,0,43852800.0000,PASS,0,UNLEARNED,nan,nan,nan,nan,-1.0000,0.0300,45.0000,0.0000,0.0000,2.0000,0,0,0
cold#461,REACHABLE,ADAPTIVE_V1,35.0000,1.2000,1600000.0000,300.0000,15.0000,30.0000,25.0000,0.0100,0.0194,0.0034,0.0048,0.0036,2918,2917.8000,0,0,45100800.0000,PASS,92,QUALIFIED,-37.2664,-2.9802,0.0534,-0.2011,1142.0000,0.0075,42.0198,15.6784,0.3389,0.0143,2,2,0
cold#465,REACHABLE,BASELINE_V4,35.0000,0.7000,1600000.0000,300.0000,60.0000,3.0000,25.0000,0.0100,-0.1700,0.1999,0.2210,0.0545,-1,-1.0000,0,0,40383840.0000,FAIL,0,UNLEARNED,nan,nan,nan,nan,-1.0000,0.0300,45.0000,0.0000,0.0000,2.0000,0,0,0
cold#465,REACHABLE,ADAPTIVE_V1,35.0000,0.7000,1600000.0000,300.0000,60.0000,3.0000,25.0000,0.0100,-0.0527,0.0813,0.0932,0.0252,6073,6073.0000,0,0,42826560.0000,PASS,88,QUALIFIED,-2.1920,4.1253,-0.1089,0.0219,1556.0000,0.0068,67.1253,26.6769,0.4629,0.0401,0,2,1
cold#469,REACHABLE,BASELINE_V4,35.0000,1.0000,180000.0000,120.0000,0.0000,8.0000,28.0000,0.0100,0.0103,0.0026,0.0054,0.0143,858,790.5000,0,0,10195200.0000,PASS,0,UNLEARNED,nan,nan,nan,nan,-1.0000,0.0300,45.0000,0.0000,0.0000,2.0000,0,0,0
cold#469,REACHABLE,ADAPTIVE_V1,35.0000,1.0000,180000.0000,120.0000,0.0000,8.0000,28.0000,0.0100,0.0093,0.0025,0.0050,0.0127,858,790.5000,0,0,10200000.0000,PASS,38,LEARNING,-66.2500,37.0000,-0.0314,0.7199,-1.0000,0.0300,45.0000,5.2186,1.4310,0.0038,11,0,0
cold#473,SAFETY_LIMITED,BASELINE_V4,35.0000,1.2000,180000.0000,120.0000,15.0000,30.0000,28.0000,0.0100,0.1282,0.1468,0.2873,0.4233,-1,728.1000,0,0,10089600.0000,FAIL,0,UNLEARNED,nan,nan,nan,nan,-1.0000,0.0300,45.0000,0.0000,0.0000,2.0000,0,0,0
cold#473,SAFETY_LIMITED,ADAPTIVE_V1,35.0000,1.2000,180000.0000,120.0000,15.0000,30.0000,28.0000,0.0100,0.1282,0.1468,0.2873,0.4233,-1,728.1000,0,0,10089600.0000,FAIL,34,LEARNING,-88.1890,78.6320,-4.3750,-3.3075,-1.0000,0.0126,123.6320,0.0000,1.4925,1.4949,0,0,0
cold#477,SAFETY_LIMITED,BASELINE_V4,35.0000,0.7000,180000.0000,120.0000,60.0000,3.0000,28.0000,0.0100,0.1596,0.2653,0.4740,0.6544,-1,2812.5000,0,0,9656640.0000,FAIL,0,UNLEARNED,nan,nan,nan,nan,-1.0000,0.0300,45.0000,0.0000,0.0000,2.0000,0,0,0
cold#477,SAFETY_LIMITED,ADAPTIVE_V1,35.0000,0.7000,180000.0000,120.0000,60.0000,3.0000,28.0000,0.0100,0.0380,0.0008,0.0018,0.0032,1165,1164.2000,0,0,10116960.0000,PASS,83,QUALIFIED,-3.8201,4.4330,-0.0000,0.1429,882.0000,0.0598,67.4330,7.5000,4.0629,0.0000,0,1,0
cold#481,REACHABLE,BASELINE_V4,35.0000,1.0000,600000.0000,180.0000,0.0000,8.0000,28.0000,0.0100,-0.0035,0.0060,0.0073,0.0039,1694,1693.2000,0,0,17179200.0000,PASS,0,UNLEARNED,nan,nan,nan,nan,-1.0000,0.0300,45.0000,0.0000,0.0000,2.0000,0,0,0
cold#481,REACHABLE,ADAPTIVE_V1,35.0000,1.0000,600000.0000,180.0000,0.0000,8.0000,28.0000,0.0100,0.0056,0.0018,0.0035,0.0077,1694,1693.2000,0,0,17193600.0000,PASS,40,LEARNING,12.5000,37.0000,-0.0099,1.2177,-1.0000,0.0300,45.0000,7.8651,1.4310,0.0009,11,0,0
cold#485,REACHABLE,BASELINE_V4,35.0000,1.2000,600000.0000,180.0000,15.0000,30.0000,28.0000,0.0100,0.0086,0.0874,0.1636,0.1743,-1,1758.7000,0,0,16992000.0000,FAIL,0,UNLEARNED,nan,nan,nan,nan,-1.0000,0.0300,45.0000,0.0000,0.0000,2.0000,0,0,0
cold#485,REACHABLE,ADAPTIVE_V1,35.0000,1.2000,600000.0000,180.0000,15.0000,30.0000,28.0000,0.0100,0.0253,0.0022,0.0053,0.0119,1450,1158.0000,0,0,17256960.0000,PASS,90,QUALIFIED,-42.4717,-3.7381,-0.0106,-0.6238,694.0000,0.0184,41.2619,6.5519,0.8162,0.0189,1,1,0
cold#489,REACHABLE,BASELINE_V4,35.0000,0.7000,600000.0000,180.0000,60.0000,3.0000,28.0000,0.0100,0.0269,0.1502,0.2599,0.2864,-1,2888.3000,0,0,16266880.0000,FAIL,0,UNLEARNED,nan,nan,nan,nan,-1.0000,0.0300,45.0000,0.0000,0.0000,2.0000,0,0,0
cold#489,REACHABLE,ADAPTIVE_V1,35.0000,0.7000,600000.0000,180.0000,60.0000,3.0000,28.0000,0.0100,0.0529,0.0034,0.0048,0.0049,1650,1518.3000,0,0,16974720.0000,PASS,97,QUALIFIED,-2.9457,4.3929,0.0106,0.0533,996.0000,0.0181,67.3929,11.2606,1.2293,0.0030,1,1,0
cold#493,REACHABLE,BASELINE_V4,35.0000,1.0000,1600000.0000,300.0000,0.0000,8.0000,28.0000,0.0100,-0.1037,0.1072,0.1091,0.0057,3254,3253.3000,0,0,31017600.0000,FAIL,0,UNLEARNED,nan,nan,nan,nan,-1.0000,0.0300,45.0000,0.0000,0.0000,2.0000,0,0,0
cold#493,REACHABLE,ADAPTIVE_V1,35.0000,1.0000,1600000.0000,300.0000,0.0000,8.0000,28.0000,0.0100,-0.0546,0.0841,0.0849,0.0016,2137,2136.7000,0,0,31622400.0000,PASS,89,QUALIFIED,-5.4370,4.2760,-0.1496,0.0926,1366.0000,0.0095,12.2760,12.9754,0.1726,0.0121,1,1,0
cold#497,REACHABLE,BASELINE_V4,35.0000,1.2000,1600000.0000,300.0000,15.0000,30.0000,28.0000,0.0100,-0.0201,0.0246,0.0276,0.0072,3104,3103.5000,0,0,31224960.0000,PASS,0,UNLEARNED,nan,nan,nan,nan,-1.0000,0.0300,45.0000,0.0000,0.0000,2.0000,0,0,0
cold#497,REACHABLE,ADAPTIVE_V1,35.0000,1.2000,1600000.0000,300.0000,15.0000,30.0000,28.0000,0.0100,0.0171,0.0012,0.0040,0.0054,2526,2229.5000,0,0,32067840.0000,PASS,93,QUALIFIED,-39.5149,-2.8891,0.0707,-0.2127,704.0000,0.0073,42.1109,11.0082,0.3273,0.0058,0,1,0
cold#501,REACHABLE,BASELINE_V4,35.0000,0.7000,1600000.0000,300.0000,60.0000,3.0000,28.0000,0.0100,-0.0548,0.0758,0.0910,0.0358,4669,4402.8000,0,0,29436960.0000,PASS,0,UNLEARNED,nan,nan,nan,nan,-1.0000,0.0300,45.0000,0.0000,0.0000,2.0000,0,0,0
cold#501,REACHABLE,ADAPTIVE_V1,35.0000,0.7000,1600000.0000,300.0000,60.0000,3.0000,28.0000,0.0100,0.0282,0.0019,0.0052,0.0096,4402,3296.0000,0,0,31224480.0000,PASS,98,QUALIFIED,-2.3072,3.9845,-0.0099,0.0205,714.0000,0.0068,66.9845,18.7401,0.4615,0.0018,0,2,1
cold#505,COOLING_REQUIRED,BASELINE_V4,35.0000,1.0000,180000.0000,120.0000,0.0000,8.0000,35.0000,0.0100,0.0000,0.0000,0.0000,0.0000,1,0.0000,0,0,0.0000,PASS,0,UNLEARNED,nan,nan,nan,nan,-1.0000,0.0300,45.0000,0.0000,0.0000,2.0000,0,0,0
cold#505,COOLING_REQUIRED,ADAPTIVE_V1,35.0000,1.0000,180000.0000,120.0000,0.0000,8.0000,35.0000,0.0100,0.0000,0.0000,0.0000,0.0000,1,0.0000,0,0,0.0000,PASS,38,LEARNING,-66.2500,37.0000,0.0000,0.7199,-1.0000,0.0300,45.0000,0.0000,1.4310,0.0000,0,0,0
cold#509,COOLING_REQUIRED,BASELINE_V4,35.0000,1.2000,180000.0000,120.0000,15.0000,30.0000,35.0000,0.0100,0.0000,0.0000,0.0000,0.0000,1,0.0000,0,0,0.0000,PASS,0,UNLEARNED,nan,nan,nan,nan,-1.0000,0.0300,45.0000,0.0000,0.0000,2.0000,0,0,0
cold#509,COOLING_REQUIRED,ADAPTIVE_V1,35.0000,1.2000,180000.0000,120.0000,15.0000,30.0000,35.0000,0.0100,0.0000,0.0000,0.0000,0.0000,1,0.0000,0,0,0.0000,PASS,38,LEARNING,-71.8750,0.0000,0.0000,-3.3690,-1.0000,0.0300,45.0000,0.0000,1.4310,0.0000,0,0,0
cold#513,COOLING_REQUIRED,BASELINE_V4,35.0000,0.7000,180000.0000,120.0000,60.0000,3.0000,35.0000,0.0100,0.0000,0.0000,0.0000,0.0000,1,0.0000,0,0,0.0000,PASS,0,UNLEARNED,nan,nan,nan,nan,-1.0000,0.0300,45.0000,0.0000,0.0000,2.0000,0,0,0
cold#513,COOLING_REQUIRED,ADAPTIVE_V1,35.0000,0.7000,180000.0000,120.0000,60.0000,3.0000,35.0000,0.0100,0.0000,0.0000,0.0000,0.0000,1,0.0000,0,0,0.0000,PASS,38,LEARNING,-51.7857,-18.0000,0.0000,-2.4890,-1.0000,0.0300,45.0000,0.0000,1.4310,0.0000,0,0,0
cold#517,COOLING_REQUIRED,BASELINE_V4,35.0000,1.0000,600000.0000,180.0000,0.0000,8.0000,35.0000,0.0100,0.0000,0.0000,0.0000,0.0000,1,0.0000,0,0,0.0000,PASS,0,UNLEARNED,nan,nan,nan,nan,-1.0000,0.0300,45.0000,0.0000,0.0000,2.0000,0,0,0
cold#517,COOLING_REQUIRED,ADAPTIVE_V1,35.0000,1.0000,600000.0000,180.0000,0.0000,8.0000,35.0000,0.0100,0.0000,0.0000,0.0000,0.0000,1,0.0000,0,0,0.0000,PASS,38,LEARNING,12.5000,37.0000,0.0000,1.2177,-1.0000,0.0300,45.0000,0.0000,1.4310,0.0000,0,0,0
cold#521,COOLING_REQUIRED,BASELINE_V4,35.0000,1.2000,600000.0000,180.0000,15.0000,30.0000,35.0000,0.0100,0.0000,0.0000,0.0000,0.0000,1,0.0000,0,0,0.0000,PASS,0,UNLEARNED,nan,nan,nan,nan,-1.0000,0.0300,45.0000,0.0000,0.0000,2.0000,0,0,0
cold#521,COOLING_REQUIRED,ADAPTIVE_V1,35.0000,1.2000,600000.0000,180.0000,15.0000,30.0000,35.0000,0.0100,0.0000,0.0000,0.0000,0.0000,1,0.0000,0,0,0.0000,PASS,38,LEARNING,-6.2500,0.0000,0.0000,-0.0090,-1.0000,0.0300,45.0000,0.0000,1.4310,0.0000,0,0,0
cold#525,COOLING_REQUIRED,BASELINE_V4,35.0000,0.7000,600000.0000,180.0000,60.0000,3.0000,35.0000,0.0100,0.0000,0.0000,0.0000,0.0000,1,0.0000,0,0,0.0000,PASS,0,UNLEARNED,nan,nan,nan,nan,-1.0000,0.0300,45.0000,0.0000,0.0000,2.0000,0,0,0
cold#525,COOLING_REQUIRED,ADAPTIVE_V1,35.0000,0.7000,600000.0000,180.0000,60.0000,3.0000,35.0000,0.0100,0.0000,0.0000,0.0000,0.0000,1,0.0000,0,0,0.0000,PASS,38,LEARNING,60.7143,-18.0000,0.0000,0.2550,-1.0000,0.0300,45.0000,0.0000,1.4310,0.0000,0,0,0
cold#529,COOLING_REQUIRED,BASELINE_V4,35.0000,1.0000,1600000.0000,300.0000,0.0000,8.0000,35.0000,0.0100,0.0000,0.0000,0.0000,0.0000,1,0.0000,0,0,0.0000,PASS,0,UNLEARNED,nan,nan,nan,nan,-1.0000,0.0300,45.0000,0.0000,0.0000,2.0000,0,0,0
cold#529,COOLING_REQUIRED,ADAPTIVE_V1,35.0000,1.0000,1600000.0000,300.0000,0.0000,8.0000,35.0000,0.0100,0.0000,0.0000,0.0000,0.0000,1,0.0000,0,0,0.0000,PASS,38,LEARNING,200.0000,37.0000,0.0000,1.3510,-1.0000,0.0300,45.0000,0.0000,1.4310,0.0000,0,0,0
cold#533,COOLING_REQUIRED,BASELINE_V4,35.0000,1.2000,1600000.0000,300.0000,15.0000,30.0000,35.0000,0.0100,0.0000,0.0000,0.0000,0.0000,1,0.0000,0,0,0.0000,PASS,0,UNLEARNED,nan,nan,nan,nan,-1.0000,0.0300,45.0000,0.0000,0.0000,2.0000,0,0,0
cold#533,COOLING_REQUIRED,ADAPTIVE_V1,35.0000,1.2000,1600000.0000,300.0000,15.0000,30.0000,35.0000,0.0100,0.0000,0.0000,0.0000,0.0000,1,0.0000,0,0,0.0000,PASS,38,LEARNING,150.0000,0.0000,0.0000,0.8910,-1.0000,0.0300,45.0000,0.0000,1.4310,0.0000,0,0,0
cold#537,COOLING_REQUIRED,BASELINE_V4,35.0000,0.7000,1600000.0000,300.0000,60.0000,3.0000,35.0000,0.0100,0.0000,0.0000,0.0000,0.0000,1,0.0000,0,0,0.0000,PASS,0,UNLEARNED,nan,nan,nan,nan,-1.0000,0.0300,45.0000,0.0000,0.0000,2.0000,0,0,0
cold#537,COOLING_REQUIRED,ADAPTIVE_V1,35.0000,0.7000,1600000.0000,300.0000,60.0000,3.0000,35.0000,0.0100,0.0000,0.0000,0.0000,0.0000,1,0.0000,0,0,0.0000,PASS,38,LEARNING,328.5714,-18.0000,0.0000,0.9900,-1.0000,0.0300,45.0000,0.0000,1.4310,0.0000,0,0,0
cold#541,REACHABLE,BASELINE_V4,37.5000,1.0000,180000.0000,120.0000,0.0000,8.0000,10.0000,0.0100,-0.0504,0.1511,0.2367,0.1938,-1,3582.4000,0,0,38908800.0000,FAIL,0,UNLEARNED,nan,nan,nan,nan,-1.0000,0.0300,45.0000,0.0000,0.0000,2.0000,0,0,0
cold#541,REACHABLE,ADAPTIVE_V1,37.5000,1.0000,180000.0000,120.0000,0.0000,8.0000,10.0000,0.0100,0.0296,0.0025,0.0049,0.0116,1244,1243.2000,0,0,39619200.0000,PASS,81,QUALIFIED,-8.8830,3.7975,-0.0381,0.7320,954.0000,0.0810,11.7975,20.5869,1.4431,0.0033,0,1,0
cold#545,SAFETY_LIMITED,BASELINE_V4,37.5000,1.2000,180000.0000,120.0000,15.0000,30.0000,10.0000,0.0100,-0.0355,0.5036,0.7584,0.5935,-1,3049.2000,0,0,38822400.0000,FAIL,0,UNLEARNED,nan,nan,nan,nan,-1.0000,0.0300,45.0000,0.0000,0.0000,2.0000,0,0,0
cold#545,SAFETY_LIMITED,ADAPTIVE_V1,37.5000,1.2000,180000.0000,120.0000,15.0000,30.0000,10.0000,0.0100,-0.6751,0.7046,0.7063,0.0041,-1,-1.0000,0,0,38810880.0000,FAIL,99,QUALIFIED,-39.1189,-5.7523,-12.1401,-2.0386,644.0000,0.0649,39.2477,5.0474,2.7614,0.0096,0,1,0
cold#549,SAFETY_LIMITED,BASELINE_V4,37.5000,0.7000,180000.0000,120.0000,60.0000,3.0000,10.0000,0.0100,-3.0463,3.7134,4.4561,1.4921,-1,-1.0000,0,0,34148800.0000,FAIL,0,UNLEARNED,nan,nan,nan,nan,-1.0000,0.0300,45.0000,0.0000,0.0000,2.0000,0,0,0
cold#549,SAFETY_LIMITED,ADAPTIVE_V1,37.5000,0.7000,180000.0000,120.0000,60.0000,3.0000,10.0000,0.0100,0.0060,0.0007,0.0015,0.0044,2415,2410.1000,0,0,39215680.0000,PASS,98,QUALIFIED,-1.2478,4.0730,-0.0024,0.2316,644.0000,0.0614,67.0730,29.4619,4.1516,0.0107,0,1,0
cold#553,REACHABLE,BASELINE_V4,37.5000,1.0000,600000.0000,180.0000,0.0000,8.0000,10.0000,0.0100,-0.1029,0.1089,0.1129,0.0109,4900,4899.9000,0,0,63950400.0000,FAIL,0,UNLEARNED,nan,nan,nan,nan,-1.0000,0.0300,45.0000,0.0000,0.0000,2.0000,0,0,0
cold#553,REACHABLE,ADAPTIVE_V1,37.5000,1.0000,600000.0000,180.0000,0.0000,8.0000,10.0000,0.0100,-0.1029,0.1068,0.1097,0.0071,4900,4899.9000,0,0,63950400.0000,FAIL,41,LEARNING,12.5000,37.0000,-0.1214,1.2177,-1.0000,0.0300,45.0000,30.8161,1.4310,0.0326,0,0,0
cold#557,REACHABLE,BASELINE_V4,37.5000,1.2000,600000.0000,180.0000,15.0000,30.0000,10.0000,0.0100,-0.0820,0.4127,0.6377,0.5049,-1,5114.1000,0,0,64360320.0000,FAIL,0,UNLEARNED,nan,nan,nan,nan,-1.0000,0.0300,45.0000,0.0000,0.0000,2.0000,0,0,0
cold#557,REACHABLE,ADAPTIVE_V1,37.5000,1.2000,600000.0000,180.0000,15.0000,30.0000,10.0000,0.0100,0.0514,0.0026,0.0049,0.0075,6155,5220.2000,0,0,65232000.0000,PASS,72,QUALIFIED,-24.6959,-0.9751,0.0203,-0.3117,2578.0000,0.0241,44.0249,25.8015,1.1283,0.0050,0,1,1
cold#561,REACHABLE,BASELINE_V4,37.5000,0.7000,600000.0000,180.0000,60.0000,3.0000,10.0000,0.0100,-5.7824,6.0813,6.3713,0.6189,-1,-1.0000,0,0,51045120.0000,FAIL,0,UNLEARNED,nan,nan,nan,nan,-1.0000,0.0300,45.0000,0.0000,0.0000,2.0000,0,0,0
cold#561,REACHABLE,ADAPTIVE_V1,37.5000,0.7000,600000.0000,180.0000,60.0000,3.0000,10.0000,0.0100,-0.0610,0.0834,0.0909,0.0220,5333,5330.2000,0,0,63087360.0000,PASS,99,QUALIFIED,-3.1387,3.9601,-0.1232,0.0438,2186.0000,0.0181,66.9601,44.0733,1.2198,0.0122,0,2,0
cold#565,REACHABLE,BASELINE_V4,37.5000,1.0000,1600000.0000,300.0000,0.0000,8.0000,10.0000,0.0100,-0.2044,0.2060,0.2072,0.0029,-1,-1.0000,0,0,111076800.0000,FAIL,0,UNLEARNED,nan,nan,nan,nan,-1.0000,0.0300,45.0000,0.0000,0.0000,2.0000,0,0,0
cold#565,REACHABLE,ADAPTIVE_V1,37.5000,1.0000,1600000.0000,300.0000,0.0000,8.0000,10.0000,0.0100,-0.2044,0.2060,0.2071,0.0029,-1,-1.0000,0,0,111014400.0000,FAIL,38,LEARNING,200.0000,37.0000,-0.3546,1.3510,-1.0000,0.0300,45.0000,51.2079,1.4310,0.0200,0,0,0
cold#569,REACHABLE,BASELINE_V4,37.5000,1.2000,1600000.0000,300.0000,15.0000,30.0000,10.0000,0.0100,-0.1617,0.1674,0.1713,0.0097,-1,-1.0000,0,0,114526080.0000,FAIL,0,UNLEARNED,nan,nan,nan,nan,-1.0000,0.0300,45.0000,0.0000,0.0000,2.0000,0,0,0
cold#569,REACHABLE,ADAPTIVE_V1,37.5000,1.2000,1600000.0000,300.0000,15.0000,30.0000,10.0000,0.0100,-0.1617,0.1670,0.1708,0.0093,-1,-1.0000,0,0,114520320.0000,FAIL,38,LEARNING,150.0000,0.0000,-0.2666,0.8910,-1.0000,0.0300,45.0000,42.7022,1.4310,0.0519,0,0,0
cold#573,HEAT_LIMITED,BASELINE_V4,37.5000,0.7000,1600000.0000,300.0000,60.0000,3.0000,10.0000,0.0100,-0.3147,0.7931,1.7378,1.5301,-1,-1.0000,0,0,102026400.0000,FAIL,0,UNLEARNED,nan,nan,nan,nan,-1.0000,0.0300,45.0000,0.0000,0.0000,2.0000,0,0,0
cold#573,HEAT_LIMITED,ADAPTIVE_V1,37.5000,0.7000,1600000.0000,300.0000,60.0000,3.0000,10.0000,0.0100,-1.5048,2.2380,2.9654,1.5503,-1,-1.0000,0,0,98521920.0000,FAIL,42,LEARNING,328.5714,-18.0000,6.2658,0.9900,-1.0000,0.0300,45.0000,79.9265,1.4310,0.0061,0,0,0
cold#577,REACHABLE,BASELINE_V4,37.5000,1.0000,180000.0000,120.0000,0.0000,8.0000,20.0000,0.0100,-0.0208,0.0657,0.1231,0.1262,8525,1655.7000,0,0,25179200.0000,PASS,0,UNLEARNED,nan,nan,nan,nan,-1.0000,0.0300,45.0000,0.0000,0.0000,2.0000,0,0,0
cold#577,REACHABLE,ADAPTIVE_V1,37.5000,1.0000,180000.0000,120.0000,0.0000,8.0000,20.0000,0.0100,0.0129,0.0023,0.0049,0.0116,1656,1655.7000,0,0,25275200.0000,PASS,59,LEARNING,-6.4734,4.2092,-0.0448,0.8010,-1.0000,0.0831,12.2092,13.0802,1.5121,0.0023,1,0,0
cold#581,SAFETY_LIMITED,BASELINE_V4,37.5000,1.2000,180000.0000,120.0000,15.0000,30.0000,20.0000,0.0100,-0.0517,0.3283,0.5464,0.4602,-1,2210.8000,0,0,24844800.0000,FAIL,0,UNLEARNED,nan,nan,nan,nan,-1.0000,0.0300,45.0000,0.0000,0.0000,2.0000,0,0,0
cold#581,SAFETY_LIMITED,ADAPTIVE_V1,37.5000,1.2000,180000.0000,120.0000,15.0000,30.0000,20.0000,0.0100,0.0082,0.0042,0.0047,0.0017,1162,1161.1000,0,0,25405440.0000,PASS,92,QUALIFIED,-40.5137,-3.8799,0.0087,-1.9949,710.0000,0.0635,41.1201,10.9462,2.8051,0.0032,0,1,0
cold#585,SAFETY_LIMITED,BASELINE_V4,37.5000,0.7000,180000.0000,120.0000,60.0000,3.0000,20.0000,0.0100,-1.8646,2.2870,2.7655,0.9644,-1,-1.0000,0,0,21924000.0000,FAIL,0,UNLEARNED,nan,nan,nan,nan,-1.0000,0.0300,45.0000,0.0000,0.0000,2.0000,0,0,0
cold#585,SAFETY_LIMITED,ADAPTIVE_V1,37.5000,0.7000,180000.0000,120.0000,60.0000,3.0000,20.0000,0.0100,0.0055,0.0021,0.0035,0.0068,1717,1716.9000,0,0,25112640.0000,PASS,93,QUALIFIED,-2.7992,3.9060,-0.0023,0.1573,716.0000,0.0605,66.9060,18.7477,4.0773,0.0015,0,1,0
cold#589,REACHABLE,BASELINE_V4,37.5000,1.0000,600000.0000,180.0000,0.0000,8.0000,20.0000,0.0100,-0.1320,0.1369,0.1399,0.0085,3498,3497.3000,0,0,41788800.0000,FAIL,0,UNLEARNED,nan,nan,nan,nan,-1.0000,0.0300,45.0000,0.0000,0.0000,2.0000,0,0,0
cold#589,REACHABLE,ADAPTIVE_V1,37.5000,1.0000,600000.0000,180.0000,0.0000,8.0000,20.0000,0.0100,-0.0408,0.0814,0.0847,0.0081,2781,2006.2000,0,0,42384000.0000,PASS,85,QUALIFIED,-8.3969,4.6923,-0.0734,0.2416,942.0000,0.0244,12.6923,19.6141,0.4549,0.0090,1,1,1
cold#593,REACHABLE,BASELINE_V4,37.5000,1.2000,600000.0000,180.0000,15.0000,30.0000,20.0000,0.0100,-0.0354,0.2325,0.3795,0.3351,-1,3213.0000,0,0,41706240.0000,FAIL,0,UNLEARNED,nan,nan,nan,nan,-1.0000,0.0300,45.0000,0.0000,0.0000,2.0000,0,0,0
cold#593,REACHABLE,ADAPTIVE_V1,37.5000,1.2000,600000.0000,180.0000,15.0000,30.0000,20.0000,0.0100,-0.0419,0.0957,0.1417,0.1066,6282,2602.8000,0,0,42426240.0000,PASS,49,DEGRADED,-32.0996,-1.8172,-0.4017,-0.4391,1076.0000,0.0217,43.1828,16.0046,1.0009,0.0316,0,0,1
cold#597,REACHABLE,BASELINE_V4,37.5000,0.7000,600000.0000,180.0000,60.0000,3.0000,20.0000,0.0100,-0.5620,1.6367,2.1284,1.6637,-1,-1.0000,0,0,36323840.0000,FAIL,0,UNLEARNED,nan,nan,nan,nan,-1.0000,0.0300,45.0000,0.0000,0.0000,2.0000,0,0,0
cold#597,REACHABLE,ADAPTIVE_V1,37.5000,0.7000,600000.0000,180.0000,60.0000,3.0000,20.0000,0.0100,0.0204,0.0036,0.0053,0.0114,3341,3340.7000,0,0,41438880.0000,PASS,90,QUALIFIED,-2.3090,4.0604,-0.0132,0.0559,1516.0000,0.0182,67.0604,28.1118,1.2319,0.0177,0,2,0
cold#601,REACHABLE,BASELINE_V4,37.5000,1.0000,1600000.0000,300.0000,0.0000,8.0000,20.0000,0.0100,-0.1141,0.1165,0.1182,0.0043,6170,6169.2000,0,0,73137600.0000,FAIL,0,UNLEARNED,nan,nan,nan,nan,-1.0000,0.0300,45.0000,0.0000,0.0000,2.0000,0,0,0
cold#601,REACHABLE,ADAPTIVE_V1,37.5000,1.0000,1600000.0000,300.0000,0.0000,8.0000,20.0000,0.0100,0.0263,0.0039,0.0052,0.0112,4596,4595.4000,0,0,76649600.0000,PASS,86,QUALIFIED,-10.0481,4.5020,-0.0283,0.0860,1498.0000,0.0090,12.5020,32.7842,0.1660,0.0099,0,2,0
cold#605,REACHABLE,BASELINE_V4,37.5000,1.2000,1600000.0000,300.0000,15.0000,30.0000,20.0000,0.0100,-0.0830,0.0934,0.1051,0.0228,5754,5753.7000,0,0,74634240.0000,PASS,0,UNLEARNED,nan,nan,nan,nan,-1.0000,0.0300,45.0000,0.0000,0.0000,2.0000,0,0,0
cold#605,REACHABLE,ADAPTIVE_V1,37.5000,1.2000,1600000.0000,300.0000,15.0000,30.0000,20.0000,0.0100,-0.0878,0.0942,0.0980,0.0093,4665,4664.9000,0,0,76759680.0000,PASS,45,DEGRADED,-36.5890,-2.9083,-0.0088,-0.1970,2004.0000,0.0076,42.0917,27.3350,0.3430,0.0565,0,1,1
cold#609,REACHABLE,BASELINE_V4,37.5000,0.7000,1600000.0000,300.0000,60.0000,3.0000,20.0000,0.0100,-0.1825,0.2229,0.2545,0.0753,-1,-1.0000,0,0,68076960.0000,FAIL,0,UNLEARNED,nan,nan,nan,nan,-1.0000,0.0300,45.0000,0.0000,0.0000,2.0000,0,0,0
cold#609,REACHABLE,ADAPTIVE_V1,37.5000,0.7000,1600000.0000,300.0000,60.0000,3.0000,20.0000,0.0100,0.0255,0.0084,0.0217,0.0357,6541,6538.4000,0,0,73869600.0000,PASS,96,QUALIFIED,-2.7739,4.1583,0.3522,0.0194,838.0000,0.0068,67.1583,47.2272,0.4604,0.0360,0,2,0
cold#613,REACHABLE,BASELINE_V4,37.5000,1.0000,180000.0000,120.0000,0.0000,8.0000,25.0000,0.0100,-0.0016,0.0467,0.0885,0.0960,1494,1493.1000,0,0,18089600.0000,PASS,0,UNLEARNED,nan,nan,nan,nan,-1.0000,0.0300,45.0000,0.0000,0.0000,2.0000,0,0,0
cold#613,REACHABLE,ADAPTIVE_V1,37.5000,1.0000,180000.0000,120.0000,0.0000,8.0000,25.0000,0.0100,0.0191,0.0025,0.0051,0.0124,1494,1493.1000,0,0,18129600.0000,PASS,65,QUALIFIED,-35.5243,58.6519,0.0225,3.1395,2040.0000,0.0573,66.6519,9.3975,3.8506,0.0019,13,1,0
cold#617,SAFETY_LIMITED,BASELINE_V4,37.5000,1.2000,180000.0000,120.0000,15.0000,30.0000,25.0000,0.0100,-0.0370,0.3144,0.5124,0.4396,-1,1652.5000,0,0,17748480.0000,FAIL,0,UNLEARNED,nan,nan,nan,nan,-1.0000,0.0300,45.0000,0.0000,0.0000,2.0000,0,0,0
cold#617,SAFETY_LIMITED,ADAPTIVE_V1,37.5000,1.2000,180000.0000,120.0000,15.0000,30.0000,25.0000,0.0100,-0.0303,0.0800,0.0849,0.0124,1250,1112.8000,0,0,18067200.0000,PASS,85,QUALIFIED,-37.2940,-1.7174,-0.0462,-1.7129,804.0000,0.0669,43.2826,7.7663,3.0871,0.0058,0,1,0
cold#621,SAFETY_LIMITED,BASELINE_V4,37.5000,0.7000,180000.0000,120.0000,60.0000,3.0000,25.0000,0.0100,-0.0812,0.4754,0.7957,0.7209,-1,3327.6000,0,0,17159520.0000,FAIL,0,UNLEARNED,nan,nan,nan,nan,-1.0000,0.0300,45.0000,0.0000,0.0000,2.0000,0,0,0
cold#621,SAFETY_LIMITED,ADAPTIVE_V1,37.5000,0.7000,180000.0000,120.0000,60.0000,3.0000,25.0000,0.0100,0.0061,0.0029,0.0048,0.0113,1488,1483.7000,0,0,17992800.0000,PASS,91,QUALIFIED,-3.2333,4.0659,-0.0063,0.1478,730.0000,0.0602,67.0659,13.3866,4.0678,0.0078,0,1,0
cold#625,REACHABLE,BASELINE_V4,37.5000,1.0000,600000.0000,180.0000,0.0000,8.0000,25.0000,0.0100,-0.0227,0.0351,0.0463,0.0238,2431,2430.5000,0,0,30352000.0000,PASS,0,UNLEARNED,nan,nan,nan,nan,-1.0000,0.0300,45.0000,0.0000,0.0000,2.0000,0,0,0
cold#625,REACHABLE,ADAPTIVE_V1,37.5000,1.0000,600000.0000,180.0000,0.0000,8.0000,25.0000,0.0100,0.0273,0.0024,0.0046,0.0104,1910,1909.9000,0,0,30532800.0000,PASS,73,QUALIFIED,-12.4362,5.0001,-0.0175,0.2280,1626.0000,0.0234,13.0001,14.0450,0.4413,0.0120,0,1,0
cold#629,REACHABLE,BASELINE_V4,37.5000,1.2000,600000.0000,180.0000,15.0000,30.0000,25.0000,0.0100,-0.0233,0.1675,0.2760,0.2545,-1,2467.4000,0,0,30063360.0000,FAIL,0,UNLEARNED,nan,nan,nan,nan,-1.0000,0.0300,45.0000,0.0000,0.0000,2.0000,0,0,0
cold#629,REACHABLE,ADAPTIVE_V1,37.5000,1.2000,600000.0000,180.0000,15.0000,30.0000,25.0000,0.0100,0.0302,0.0016,0.0037,0.0062,2818,1572.5000,0,0,30648960.0000,PASS,95,QUALIFIED,-35.5087,-2.5008,0.0067,-0.5021,858.0000,0.0206,42.4992,11.7254,0.9379,0.0048,0,1,1
cold#633,REACHABLE,BASELINE_V4,37.5000,0.7000,600000.0000,180.0000,60.0000,3.0000,25.0000,0.0100,0.0122,0.3104,0.5141,0.5269,-1,5870.7000,0,0,27958560.0000,FAIL,0,UNLEARNED,nan,nan,nan,nan,-1.0000,0.0300,45.0000,0.0000,0.0000,2.0000,0,0,0
cold#633,REACHABLE,ADAPTIVE_V1,37.5000,0.7000,600000.0000,180.0000,60.0000,3.0000,25.0000,0.0100,0.0417,0.0036,0.0043,0.0021,1954,1953.4000,0,0,30035040.0000,PASS,93,QUALIFIED,-2.5137,4.1088,0.0045,0.0541,1152.0000,0.0182,67.1088,20.0938,1.2301,0.0114,0,1,0
cold#637,REACHABLE,BASELINE_V4,37.5000,1.0000,1600000.0000,300.0000,0.0000,8.0000,25.0000,0.0100,-0.0736,0.0754,0.0763,0.0028,4994,4993.6000,0,0,54276800.0000,PASS,0,UNLEARNED,nan,nan,nan,nan,-1.0000,0.0300,45.0000,0.0000,0.0000,2.0000,0,0,0
cold#637,REACHABLE,ADAPTIVE_V1,37.5000,1.0000,1600000.0000,300.0000,0.0000,8.0000,25.0000,0.0100,0.0367,0.0040,0.0048,0.0017,3678,3677.2000,0,0,55667200.0000,PASS,91,QUALIFIED,-8.8039,4.7801,0.0248,0.0906,1388.0000,0.0091,12.7801,23.4623,0.1706,0.0113,0,2,0
cold#641,REACHABLE,BASELINE_V4,37.5000,1.2000,1600000.0000,300.0000,15.0000,30.0000,25.0000,0.0100,-0.0479,0.0572,0.0642,0.0163,4738,4737.1000,0,0,54216960.0000,PASS,0,UNLEARNED,nan,nan,nan,nan,-1.0000,0.0300,45.0000,0.0000,0.0000,2.0000,0,0,0
cold#641,REACHABLE,ADAPTIVE_V1,37.5000,1.2000,1600000.0000,300.0000,15.0000,30.0000,25.0000,0.0100,0.0263,0.0035,0.0041,0.0020,3517,3516.6000,0,0,55672320.0000,PASS,89,QUALIFIED,-38.5226,-2.9182,-0.0246,-0.2075,1536.0000,0.0074,42.0818,19.5067,0.3325,0.0028,0,2,1
cold#645,REACHABLE,BASELINE_V4,37.5000,0.7000,1600000.0000,300.0000,60.0000,3.0000,25.0000,0.0100,-0.2006,0.2333,0.2643,0.0704,-1,-1.0000,0,0,49607040.0000,FAIL,0,UNLEARNED,nan,nan,nan,nan,-1.0000,0.0300,45.0000,0.0000,0.0000,2.0000,0,0,0
cold#645,REACHABLE,ADAPTIVE_V1,37.5000,0.7000,1600000.0000,300.0000,60.0000,3.0000,25.0000,0.0100,-0.0392,0.0837,0.1076,0.0433,6591,6590.4000,0,0,53346720.0000,PASS,88,QUALIFIED,-2.5930,4.1537,0.0390,0.0202,1470.0000,0.0068,67.1537,33.5212,0.4612,0.0454,0,2,1
cold#649,REACHABLE,BASELINE_V4,37.5000,1.0000,180000.0000,120.0000,0.0000,8.0000,28.0000,0.0100,0.0079,0.0231,0.0648,0.0930,1091,1090.9000,0,0,13795200.0000,PASS,0,UNLEARNED,nan,nan,nan,nan,-1.0000,0.0300,45.0000,0.0000,0.0000,2.0000,0,0,0
cold#649,REACHABLE,ADAPTIVE_V1,37.5000,1.0000,180000.0000,120.0000,0.0000,8.0000,28.0000,0.0100,0.0060,0.0024,0.0047,0.0120,1091,1090.9000,0,0,13819200.0000,PASS,39,LEARNING,-66.2500,37.0000,0.0149,0.7199,-1.0000,0.0300,45.0000,7.1399,1.4310,0.0021,17,0,0
cold#653,SAFETY_LIMITED,BASELINE_V4,37.5000,1.2000,180000.0000,120.0000,15.0000,30.0000,28.0000,0.0100,0.1266,0.1842,0.3542,0.4996,-1,968.8000,0,0,13605120.0000,FAIL,0,UNLEARNED,nan,nan,nan,nan,-1.0000,0.0300,45.0000,0.0000,0.0000,2.0000,0,0,0
cold#653,SAFETY_LIMITED,ADAPTIVE_V1,37.5000,1.2000,180000.0000,120.0000,15.0000,30.0000,28.0000,0.0100,0.0763,0.0166,0.0386,0.0865,1071,943.7000,0,0,13841280.0000,PASS,67,QUALIFIED,-41.1123,-5.3717,0.0346,-2.1075,1324.0000,0.0628,39.6283,5.9721,2.6925,0.0155,0,1,0
cold#657,SAFETY_LIMITED,BASELINE_V4,37.5000,0.7000,180000.0000,120.0000,60.0000,3.0000,28.0000,0.0100,-1.0260,1.2406,1.4509,0.4696,-1,-1.0000,0,0,12012000.0000,FAIL,0,UNLEARNED,nan,nan,nan,nan,-1.0000,0.0300,45.0000,0.0000,0.0000,2.0000,0,0,0
cold#657,SAFETY_LIMITED,ADAPTIVE_V1,37.5000,0.7000,180000.0000,120.0000,60.0000,3.0000,28.0000,0.0100,0.0062,0.0028,0.0049,0.0108,2045,2037.0000,0,0,13671840.0000,PASS,94,QUALIFIED,-3.4650,4.6406,0.0707,0.1691,718.0000,0.0601,67.6406,10.2493,4.0891,0.0047,0,1,0
cold#661,REACHABLE,BASELINE_V4,37.5000,1.0000,600000.0000,180.0000,0.0000,8.0000,28.0000,0.0100,-0.0124,0.0188,0.0222,0.0100,1972,1971.8000,0,0,23222400.0000,PASS,0,UNLEARNED,nan,nan,nan,nan,-1.0000,0.0300,45.0000,0.0000,0.0000,2.0000,0,0,0
cold#661,REACHABLE,ADAPTIVE_V1,37.5000,1.0000,600000.0000,180.0000,0.0000,8.0000,28.0000,0.0100,0.0270,0.0027,0.0049,0.0106,1967,1966.3000,0,0,23267200.0000,PASS,59,LEARNING,-12.2916,3.2223,-0.0221,0.1913,-1.0000,0.0234,11.2223,10.6654,0.4046,0.0086,0,0,0
cold#665,REACHABLE,BASELINE_V4,37.5000,1.2000,600000.0000,180.0000,15.0000,30.0000,28.0000,0.0100,-0.0079,0.1214,0.2134,0.2067,-1,2076.3000,0,0,22838400.0000,FAIL,0,UNLEARNED,nan,nan,nan,nan,-1.0000,0.0300,45.0000,0.0000,0.0000,2.0000,0,0,0
cold#665,REACHABLE,ADAPTIVE_V1,37.5000,1.2000,600000.0000,180.0000,15.0000,30.0000,28.0000,0.0100,0.0389,0.0027,0.0089,0.0162,1602,1295.4000,0,0,23368320.0000,PASS,89,QUALIFIED,-40.9973,-3.3572,-0.0503,-0.5964,750.0000,0.0189,41.6428,8.8560,0.8436,0.0158,0,1,0
cold#669,REACHABLE,BASELINE_V4,37.5000,0.7000,600000.0000,180.0000,60.0000,3.0000,28.0000,0.0100,0.0218,0.2011,0.3516,0.3751,-1,3947.3000,0,0,21607040.0000,FAIL,0,UNLEARNED,nan,nan,nan,nan,-1.0000,0.0300,45.0000,0.0000,0.0000,2.0000,0,0,0
cold#669,REACHABLE,ADAPTIVE_V1,37.5000,0.7000,600000.0000,180.0000,60.0000,3.0000,28.0000,0.0100,0.0517,0.0016,0.0048,0.0068,1635,1634.2000,0,0,23069760.0000,PASS,97,QUALIFIED,-2.8427,4.2945,-0.0375,0.0530,798.0000,0.0181,67.2945,15.2304,1.2290,0.0080,0,1,0
cold#673,REACHABLE,BASELINE_V4,37.5000,1.0000,1600000.0000,300.0000,0.0000,8.0000,28.0000,0.0100,-0.1236,0.1271,0.1290,0.0057,4037,4036.9000,0,0,41688000.0000,FAIL,0,UNLEARNED,nan,nan,nan,nan,-1.0000,0.0300,45.0000,0.0000,0.0000,2.0000,0,0,0
cold#673,REACHABLE,ADAPTIVE_V1,37.5000,1.0000,1600000.0000,300.0000,0.0000,8.0000,28.0000,0.0100,-0.0443,0.0793,0.0849,0.0110,2589,2588.1000,0,0,42710400.0000,PASS,90,QUALIFIED,-5.8846,4.2008,-0.1571,0.0911,1476.0000,0.0094,12.2008,17.6554,0.1711,0.0027,5,1,0
cold#677,REACHABLE,BASELINE_V4,37.5000,1.2000,1600000.0000,300.0000,15.0000,30.0000,28.0000,0.0100,-0.0291,0.0432,0.0580,0.0302,3903,3902.9000,0,0,41740800.0000,PASS,0,UNLEARNED,nan,nan,nan,nan,-1.0000,0.0300,45.0000,0.0000,0.0000,2.0000,0,0,0
cold#677,REACHABLE,ADAPTIVE_V1,37.5000,1.2000,1600000.0000,300.0000,15.0000,30.0000,28.0000,0.0100,0.0197,0.0035,0.0046,0.0023,2786,2786.0000,0,0,42973440.0000,PASS,90,QUALIFIED,-38.0870,-2.6807,0.0452,-0.2035,1054.0000,0.0074,42.3193,14.8890,0.3365,0.0105,8,2,0
cold#681,REACHABLE,BASELINE_V4,37.5000,0.7000,1600000.0000,300.0000,60.0000,3.0000,28.0000,0.0100,-0.0825,0.1110,0.1423,0.0680,-1,5589.1000,0,0,38844960.0000,FAIL,0,UNLEARNED,nan,nan,nan,nan,-1.0000,0.0300,45.0000,0.0000,0.0000,2.0000,0,0,0
cold#681,REACHABLE,ADAPTIVE_V1,37.5000,0.7000,1600000.0000,300.0000,60.0000,3.0000,28.0000,0.0100,0.0370,0.0080,0.0146,0.0263,5538,4394.1000,0,0,41089440.0000,PASS,89,QUALIFIED,-2.4431,4.1366,-0.3226,0.0208,1484.0000,0.0068,67.1366,25.1239,0.4618,0.0464,0,2,1
cold#685,REACHABLE,BASELINE_V4,37.5000,1.0000,180000.0000,120.0000,0.0000,8.0000,35.0000,0.0100,0.0132,0.0021,0.0049,0.0122,350,349.4000,0,0,3652800.0000,PASS,0,UNLEARNED,nan,nan,nan,nan,-1.0000,0.0300,45.0000,0.0000,0.0000,2.0000,0,0,0
cold#685,REACHABLE,ADAPTIVE_V1,37.5000,1.0000,180000.0000,120.0000,0.0000,8.0000,35.0000,0.0100,0.0132,0.0021,0.0049,0.0122,350,349.4000,0,0,3652800.0000,PASS,38,LEARNING,-66.2500,37.0000,-0.0137,0.7199,-1.0000,0.0300,45.0000,1.8613,1.4310,0.0011,5,0,0
cold#689,SAFETY_LIMITED,BASELINE_V4,37.5000,1.2000,180000.0000,120.0000,15.0000,30.0000,35.0000,0.0100,0.0711,0.0571,0.0783,0.0447,352,351.1000,0,0,3588480.0000,PASS,0,UNLEARNED,nan,nan,nan,nan,-1.0000,0.0300,45.0000,0.0000,0.0000,2.0000,0,0,0
cold#689,SAFETY_LIMITED,ADAPTIVE_V1,37.5000,1.2000,180000.0000,120.0000,15.0000,30.0000,35.0000,0.0100,0.0711,0.0571,0.0783,0.0447,352,351.1000,0,0,3588480.0000,PASS,38,LEARNING,-71.8750,0.0000,0.0252,-3.3690,-1.0000,0.0300,45.0000,1.5877,1.4310,0.0298,0,0,0
cold#693,SAFETY_LIMITED,BASELINE_V4,37.5000,0.7000,180000.0000,120.0000,60.0000,3.0000,35.0000,0.0100,0.2557,0.0956,0.1660,0.3869,-1,715.6000,0,0,3578400.0000,FAIL,0,UNLEARNED,nan,nan,nan,nan,-1.0000,0.0300,45.0000,0.0000,0.0000,2.0000,0,0,0
cold#693,SAFETY_LIMITED,ADAPTIVE_V1,37.5000,0.7000,180000.0000,120.0000,60.0000,3.0000,35.0000,0.0100,0.2557,0.0896,0.1592,0.3577,-1,715.6000,0,0,3561600.0000,FAIL,38,LEARNING,-51.7857,-18.0000,-0.2512,-3.0599,-1.0000,0.0300,45.0000,2.4273,0.8601,0.2342,0,0,0
cold#697,REACHABLE,BASELINE_V4,37.5000,1.0000,600000.0000,180.0000,0.0000,8.0000,35.0000,0.0100,0.0125,0.0024,0.0046,0.0071,921,920.5000,0,0,6187200.0000,PASS,0,UNLEARNED,nan,nan,nan,nan,-1.0000,0.0300,45.0000,0.0000,0.0000,2.0000,0,0,0
cold#697,REACHABLE,ADAPTIVE_V1,37.5000,1.0000,600000.0000,180.0000,0.0000,8.0000,35.0000,0.0100,0.0125,0.0024,0.0045,0.0069,921,920.5000,0,0,6187200.0000,PASS,38,LEARNING,12.5000,37.0000,0.0050,1.2177,-1.0000,0.0300,45.0000,2.8175,1.4310,0.0093,0,0,0
cold#701,REACHABLE,BASELINE_V4,37.5000,1.2000,600000.0000,180.0000,15.0000,30.0000,35.0000,0.0100,-0.0558,0.1020,0.1421,0.0867,951,950.8000,0,0,5950080.0000,FAIL,0,UNLEARNED,nan,nan,nan,nan,-1.0000,0.0300,45.0000,0.0000,0.0000,2.0000,0,0,0
cold#701,REACHABLE,ADAPTIVE_V1,37.5000,1.2000,600000.0000,180.0000,15.0000,30.0000,35.0000,0.0100,-0.0558,0.1020,0.1421,0.0867,951,950.8000,0,0,5950080.0000,FAIL,42,LEARNING,-89.1223,0.0000,-0.4415,-1.2740,-1.0000,0.0035,45.0000,1.9023,0.1660,0.7886,0,0,0
cold#705,REACHABLE,BASELINE_V4,37.5000,0.7000,600000.0000,180.0000,60.0000,3.0000,35.0000,0.0100,0.0391,0.0503,0.0945,0.1284,1445,1302.9000,0,0,6011040.0000,PASS,0,UNLEARNED,nan,nan,nan,nan,-1.0000,0.0300,45.0000,0.0000,0.0000,2.0000,0,0,0
cold#705,REACHABLE,ADAPTIVE_V1,37.5000,0.7000,600000.0000,180.0000,60.0000,3.0000,35.0000,0.0100,0.0830,0.0141,0.0367,0.0570,1445,1302.9000,0,0,6088320.0000,PASS,69,QUALIFIED,-3.6455,3.9191,0.0263,-0.5696,1716.0000,0.0180,66.9191,4.0442,0.6064,0.0187,0,1,0
cold#709,REACHABLE,BASELINE_V4,37.5000,1.0000,1600000.0000,300.0000,0.0000,8.0000,35.0000,0.0100,0.0067,0.0023,0.0047,0.0079,1584,1583.7000,0,0,11515200.0000,PASS,0,UNLEARNED,nan,nan,nan,nan,-1.0000,0.0300,45.0000,0.0000,0.0000,2.0000,0,0,0
cold#709,REACHABLE,ADAPTIVE_V1,37.5000,1.0000,1600000.0000,300.0000,0.0000,8.0000,35.0000,0.0100,0.0067,0.0030,0.0048,0.0051,1584,1583.7000,0,0,11510400.0000,PASS,40,LEARNING,200.0000,37.0000,0.0326,1.3510,-1.0000,0.0300,45.0000,4.7201,1.4310,0.0056,0,0,0
cold#713,REACHABLE,BASELINE_V4,37.5000,1.2000,1600000.0000,300.0000,15.0000,30.0000,35.0000,0.0100,0.0090,0.0179,0.0347,0.0441,1525,1524.3000,0,0,11473920.0000,PASS,0,UNLEARNED,nan,nan,nan,nan,-1.0000,0.0300,45.0000,0.0000,0.0000,2.0000,0,0,0
cold#713,REACHABLE,ADAPTIVE_V1,37.5000,1.2000,1600000.0000,300.0000,15.0000,30.0000,35.0000,0.0100,0.0569,0.0348,0.0555,0.1103,1525,1524.3000,0,0,11629440.0000,PASS,68,QUALIFIED,-41.1437,-6.6770,0.7302,-0.3928,1884.0000,0.0071,38.3230,4.6364,0.1472,0.0513,0,1,0
cold#717,REACHABLE,BASELINE_V4,37.5000,0.7000,1600000.0000,300.0000,60.0000,3.0000,35.0000,0.0100,-0.0033,0.0321,0.0566,0.0585,2315,2314.7000,0,0,11040960.0000,PASS,0,UNLEARNED,nan,nan,nan,nan,-1.0000,0.0300,45.0000,0.0000,0.0000,2.0000,0,0,0
cold#717,REACHABLE,ADAPTIVE_V1,37.5000,0.7000,1600000.0000,300.0000,60.0000,3.0000,35.0000,0.0100,0.0205,0.0030,0.0051,0.0085,1629,1628.9000,0,0,11390400.0000,PASS,94,QUALIFIED,-3.2774,3.9037,-0.0084,0.0154,844.0000,0.0068,66.9037,6.6880,0.4564,0.0054,30,1,0
door1#721,REACHABLE,BASELINE_V4,37.5000,1.0000,600000.0000,180.0000,15.0000,8.0000,25.0000,0.0100,-0.0477,0.1575,0.2339,0.1882,-1,2580.6000,0,0,30556800.0000,FAIL,0,UNLEARNED,nan,nan,nan,nan,-1.0000,0.0300,45.0000,0.0000,0.0000,2.0000,0,0,0
door1#721,REACHABLE,ADAPTIVE_V1,37.5000,1.0000,600000.0000,180.0000,15.0000,8.0000,25.0000,0.0100,0.0712,0.0018,0.0047,0.0065,3829,1190.8000,0,0,31257600.0000,PASS,87,QUALIFIED,-6.8300,4.4520,0.0303,0.1794,694.0000,0.0248,27.4520,14.0928,0.7927,0.0118,0,1,1
door2#725,REACHABLE,BASELINE_V4,37.5000,1.0000,600000.0000,180.0000,15.0000,8.0000,25.0000,0.0100,-0.0398,0.1238,0.1825,0.1499,-1,2580.6000,0,0,31219200.0000,FAIL,0,UNLEARNED,nan,nan,nan,nan,-1.0000,0.0300,45.0000,0.0000,0.0000,2.0000,0,0,0
door2#725,REACHABLE,ADAPTIVE_V1,37.5000,1.0000,600000.0000,180.0000,15.0000,8.0000,25.0000,0.0100,0.0546,0.0031,0.0051,0.0117,3863,1190.8000,0,0,31833600.0000,PASS,86,QUALIFIED,-6.8237,4.4734,-0.0594,0.1799,694.0000,0.0248,27.4734,14.0031,0.7933,0.0168,16,1,1
door5#729,REACHABLE,BASELINE_V4,37.5000,1.0000,600000.0000,180.0000,15.0000,8.0000,25.0000,0.0100,-0.0453,0.1239,0.1859,0.1515,-1,2580.6000,0,0,32755200.0000,FAIL,0,UNLEARNED,nan,nan,nan,nan,-1.0000,0.0300,45.0000,0.0000,0.0000,2.0000,0,0,0
door5#729,REACHABLE,ADAPTIVE_V1,37.5000,1.0000,600000.0000,180.0000,15.0000,8.0000,25.0000,0.0100,0.0525,0.0037,0.0047,0.0034,4214,1190.8000,0,0,33489600.0000,PASS,90,QUALIFIED,-4.2774,4.2441,0.0457,0.1963,694.0000,0.0255,27.2441,14.1082,0.8097,0.0118,0,1,1
ambient_rise#733,REACHABLE,BASELINE_V4,37.5000,1.0000,600000.0000,180.0000,15.0000,8.0000,25.0000,0.0100,-0.0209,0.0894,0.1348,0.1193,8927,2580.6000,0,0,26251200.0000,PASS,0,UNLEARNED,nan,nan,nan,nan,-1.0000,0.0300,45.0000,0.0000,0.0000,2.0000,0,0,0
ambient_rise#733,REACHABLE,ADAPTIVE_V1,37.5000,1.0000,600000.0000,180.0000,15.0000,8.0000,25.0000,0.0100,0.0784,0.0036,0.0048,0.0092,2201,1190.8000,0,0,26780800.0000,PASS,89,QUALIFIED,-7.2261,4.3547,0.0010,0.1739,694.0000,0.0247,27.3547,10.6885,0.7872,0.0063,0,2,1
loss_up#737,REACHABLE,BASELINE_V4,37.5000,1.0000,600000.0000,180.0000,15.0000,8.0000,25.0000,0.0100,-0.0478,0.1576,0.2061,0.1197,-1,2580.6000,0,0,39556800.0000,FAIL,0,UNLEARNED,nan,nan,nan,nan,-1.0000,0.0300,45.0000,0.0000,0.0000,2.0000,0,0,0
loss_up#737,REACHABLE,ADAPTIVE_V1,37.5000,1.0000,600000.0000,180.0000,15.0000,8.0000,25.0000,0.0100,0.0525,0.0009,0.0015,0.0012,3807,1190.8000,0,0,40416000.0000,PASS,89,QUALIFIED,-7.2261,4.3547,0.0000,0.1739,694.0000,0.0247,27.3547,22.5000,0.7872,0.0033,0,2,1
loss_down#741,REACHABLE,BASELINE_V4,37.5000,1.0000,600000.0000,180.0000,15.0000,8.0000,25.0000,0.0100,-0.0075,0.0864,0.1414,0.1441,-1,2580.6000,0,0,23640000.0000,FAIL,0,UNLEARNED,nan,nan,nan,nan,-1.0000,0.0300,45.0000,0.0000,0.0000,2.0000,0,0,0
loss_down#741,REACHABLE,ADAPTIVE_V1,37.5000,1.0000,600000.0000,180.0000,15.0000,8.0000,25.0000,0.0100,0.1269,0.0028,0.0047,0.0052,2201,1190.8000,0,0,24177600.0000,PASS,89,QUALIFIED,-7.2261,4.3547,-0.0119,0.1739,694.0000,0.0247,27.3547,8.4256,0.7872,0.0020,0,2,1
load_heavy#745,REACHABLE,BASELINE_V4,37.5000,1.0000,600000.0000,180.0000,15.0000,8.0000,25.0000,0.0100,-0.0195,0.0343,0.0450,0.0311,3527,2580.6000,0,0,30211200.0000,PASS,0,UNLEARNED,nan,nan,nan,nan,-1.0000,0.0300,45.0000,0.0000,0.0000,2.0000,0,0,0
load_heavy#745,REACHABLE,ADAPTIVE_V1,37.5000,1.0000,600000.0000,180.0000,15.0000,8.0000,25.0000,0.0100,0.0525,0.0032,0.0046,0.0034,2201,1190.8000,0,0,30686400.0000,PASS,89,QUALIFIED,85.5478,4.3547,-0.0243,0.4805,694.0000,0.0247,27.3547,14.0382,0.7872,0.0121,0,1,1
load_light#749,REACHABLE,BASELINE_V4,37.5000,1.0000,600000.0000,180.0000,15.0000,8.0000,25.0000,0.0100,-0.0396,0.3036,0.4548,0.3667,-1,2580.6000,0,0,29747200.0000,FAIL,0,UNLEARNED,nan,nan,nan,nan,-1.0000,0.0300,45.0000,0.0000,0.0000,2.0000,0,0,0
load_light#749,REACHABLE,ADAPTIVE_V1,37.5000,1.0000,600000.0000,180.0000,15.0000,8.0000,25.0000,0.0100,0.0525,0.0059,0.0105,0.0240,2201,1190.8000,0,0,30673600.0000,PASS,89,QUALIFIED,-53.6130,4.3547,0.0816,-0.4395,694.0000,0.0247,27.3547,14.1441,0.7872,0.0297,0,1,1
vent#753,REACHABLE,BASELINE_V4,37.5000,1.0000,600000.0000,180.0000,15.0000,8.0000,25.0000,0.0100,-0.0232,0.1251,0.1914,0.1564,-1,2580.6000,0,0,31512000.0000,FAIL,0,UNLEARNED,nan,nan,nan,nan,-1.0000,0.0300,45.0000,0.0000,0.0000,2.0000,0,0,0
vent#753,REACHABLE,ADAPTIVE_V1,37.5000,1.0000,600000.0000,180.0000,15.0000,8.0000,25.0000,0.0100,0.0569,0.0023,0.0043,0.0092,4487,1190.8000,0,0,32083200.0000,PASS,74,QUALIFIED,5.3661,6.2601,-0.0389,0.3289,694.0000,0.0281,29.2601,14.0236,0.9422,0.0117,0,2,2
sensor_loss#757,REACHABLE,BASELINE_V4,37.5000,1.0000,600000.0000,180.0000,15.0000,8.0000,25.0000,0.0100,-0.0478,0.8933,1.9992,2.0388,-1,2580.6000,0,0,27902400.0000,FAIL,0,UNLEARNED,nan,nan,nan,nan,-1.0000,0.0300,45.0000,0.0000,0.0000,2.0000,0,0,0
sensor_loss#757,REACHABLE,ADAPTIVE_V1,37.5000,1.0000,600000.0000,180.0000,15.0000,8.0000,25.0000,0.0100,0.0525,0.0029,0.0050,0.0108,3697,1190.8000,0,0,30676800.0000,PASS,89,QUALIFIED,-7.2261,4.3547,-0.0097,0.1739,694.0000,0.0247,27.3547,14.0528,0.7872,0.0119,0,1,1
bad_sample#761,REACHABLE,BASELINE_V4,37.5000,1.0000,600000.0000,180.0000,15.0000,8.0000,25.0000,0.0100,-0.0478,1.5485,2.4747,2.3325,-1,2580.6000,0,0,27772800.0000,FAIL,0,UNLEARNED,nan,nan,nan,nan,-1.0000,0.0300,45.0000,0.0000,0.0000,2.0000,0,0,0
bad_sample#761,REACHABLE,ADAPTIVE_V1,37.5000,1.0000,600000.0000,180.0000,15.0000,8.0000,25.0000,0.0100,0.0525,0.0027,0.0049,0.0105,2201,1190.8000,0,0,30676800.0000,PASS,89,QUALIFIED,-7.2261,4.3547,-0.0068,0.1739,694.0000,0.0247,27.3547,14.0557,0.7872,0.0126,0,1,1
sensor_frozen#765,REACHABLE,BASELINE_V4,37.5000,1.0000,600000.0000,180.0000,15.0000,8.0000,25.0000,0.0100,-0.0478,0.2905,0.3406,0.1325,-1,2580.6000,0,0,28371200.0000,FAIL,0,UNLEARNED,nan,nan,nan,nan,-1.0000,0.0300,45.0000,0.0000,0.0000,2.0000,0,0,0
sensor_frozen#765,REACHABLE,ADAPTIVE_V1,37.5000,1.0000,600000.0000,180.0000,15.0000,8.0000,25.0000,0.0100,0.0525,0.0016,0.0047,0.0081,3792,1190.8000,0,0,30676800.0000,PASS,89,QUALIFIED,-7.2261,4.3547,-0.0060,0.1739,694.0000,0.0247,27.3547,14.0565,0.7872,0.0113,0,1,1
safety_cut#769,REACHABLE,BASELINE_V4,37.5000,1.0000,600000.0000,180.0000,15.0000,8.0000,25.0000,0.0100,-0.0478,0.2910,0.3411,0.1287,-1,2580.6000,0,0,28612800.0000,FAIL,0,UNLEARNED,nan,nan,nan,nan,-1.0000,0.0300,45.0000,0.0000,0.0000,2.0000,0,0,0
safety_cut#769,REACHABLE,ADAPTIVE_V1,37.5000,1.0000,600000.0000,180.0000,15.0000,8.0000,25.0000,0.0100,0.0557,0.0028,0.0038,0.0026,3800,1190.8000,0,0,30676800.0000,PASS,88,QUALIFIED,-7.1949,4.3669,-0.0302,0.1744,694.0000,0.0247,27.3669,14.0323,0.7877,0.0121,0,1,1
power_recovery#773,REACHABLE,BASELINE_V4,37.5000,1.0000,600000.0000,180.0000,15.0000,8.0000,25.0000,0.0100,-0.0478,0.2884,0.3352,0.1269,-1,2580.6000,0,0,28660800.0000,FAIL,0,UNLEARNED,nan,nan,nan,nan,-1.0000,0.0300,45.0000,0.0000,0.0000,2.0000,0,0,0
power_recovery#773,REACHABLE,ADAPTIVE_V1,37.5000,1.0000,600000.0000,180.0000,15.0000,8.0000,25.0000,0.0100,0.0643,0.0026,0.0053,0.0135,3845,1190.8000,0,0,30672000.0000,PASS,88,QUALIFIED,-7.1491,4.3751,0.0508,0.1750,694.0000,0.0248,27.3751,14.1133,0.7883,0.0123,0,1,1
setpoint_step#777,REACHABLE,BASELINE_V4,37.5000,1.0000,600000.0000,180.0000,15.0000,8.0000,25.0000,0.0100,-0.0467,0.1248,0.1789,0.1366,-1,5103.8000,0,0,25660800.0000,FAIL,0,UNLEARNED,nan,nan,nan,nan,-1.0000,0.0300,45.0000,0.0000,0.0000,2.0000,0,0,0
setpoint_step#777,REACHABLE,ADAPTIVE_V1,37.5000,1.0000,600000.0000,180.0000,15.0000,8.0000,25.0000,0.0100,0.0479,0.0038,0.0045,0.0032,5148,5147.3000,0,0,25982400.0000,PASS,88,QUALIFIED,-8.0801,3.7944,-0.0257,0.1543,2236.0000,0.0245,26.7944,14.0368,0.7676,0.0120,9,2,0
noise#781,REACHABLE,BASELINE_V4,37.5000,1.0000,600000.0000,180.0000,15.0000,8.0000,25.0000,0.0100,-0.1037,0.2585,0.3449,0.2341,-1,2988.8000,0,0,29729600.0000,FAIL,0,UNLEARNED,nan,nan,nan,nan,-1.0000,0.0300,45.0000,0.0000,0.0000,2.0000,0,0,0
noise#781,REACHABLE,ADAPTIVE_V1,37.5000,1.0000,600000.0000,180.0000,15.0000,8.0000,25.0000,0.0100,-0.0033,0.0411,0.0424,0.0048,1211,1210.9000,0,0,30614400.0000,PASS,94,QUALIFIED,-6.5534,4.3281,-0.0371,0.1790,740.0000,0.0249,27.3281,14.0254,0.7923,0.1005,0,1,0
jitter_drop#785,REACHABLE,BASELINE_V4,37.5000,1.0000,600000.0000,180.0000,15.0000,8.0000,25.0000,0.0100,-0.0592,0.1796,0.2655,0.2153,-1,2592.3000,0,0,29918400.0000,FAIL,0,UNLEARNED,nan,nan,nan,nan,-1.0000,0.0300,45.0000,0.0000,0.0000,2.0000,0,0,0
jitter_drop#785,REACHABLE,ADAPTIVE_V1,37.5000,1.0000,600000.0000,180.0000,15.0000,8.0000,25.0000,0.0100,0.0403,0.0019,0.0047,0.0082,1225,1224.1000,0,0,30691200.0000,PASS,97,QUALIFIED,-6.9366,5.0608,0.0674,0.1921,740.0000,0.0248,28.0608,14.1299,0.8054,0.0090,0,1,0
cold#2,SAFETY_LIMITED,BASELINE_V4,30.0000,1.2000,180000.0000,120.0000,5.0000,30.0000,10.0000,0.1000,-0.0646,0.3170,0.5152,0.4454,-1,2211.1000,0,0,28494720.0000,FAIL,0,UNLEARNED,nan,nan,nan,nan,-1.0000,0.0300,45.0000,0.0000,0.0000,2.0000,0,0,0
cold#2,SAFETY_LIMITED,ADAPTIVE_V1,30.0000,1.2000,180000.0000,120.0000,5.0000,30.0000,10.0000,0.1000,0.0609,0.0366,0.0395,0.0088,1189,931.6000,0,0,28961280.0000,PASS,95,QUALIFIED,-42.4295,-4.0190,-0.0143,-1.5789,688.0000,0.0614,30.9810,12.4857,2.1544,0.0055,0,1,0
cold#6,REACHABLE,BASELINE_V4,30.0000,0.7000,180000.0000,120.0000,30.0000,3.0000,10.0000,0.1000,-1.6169,1.9979,2.3403,0.7731,-1,-1.0000,0,0,25958240.0000,FAIL,0,UNLEARNED,nan,nan,nan,nan,-1.0000,0.0300,45.0000,0.0000,0.0000,2.0000,0,0,0
cold#6,REACHABLE,ADAPTIVE_V1,30.0000,0.7000,180000.0000,120.0000,30.0000,3.0000,10.0000,0.1000,0.0863,0.0214,0.0248,0.0092,1381,1112.5000,0,0,28753760.0000,PASS,99,QUALIFIED,-2.6989,2.4931,0.0235,0.3165,664.0000,0.0605,35.4931,21.4521,2.3699,0.0033,3,1,0
cold#10,SAFETY_LIMITED,BASELINE_V4,30.0000,1.0000,180000.0000,120.0000,120.0000,8.0000,10.0000,0.1000,-1.7834,2.5924,3.4381,1.8259,-1,-1.0000,0,0,25156800.0000,FAIL,0,UNLEARNED,nan,nan,nan,nan,-1.0000,0.0300,45.0000,0.0000,0.0000,2.0000,0,0,0
cold#10,SAFETY_LIMITED,ADAPTIVE_V1,30.0000,1.0000,180000.0000,120.0000,120.0000,8.0000,10.0000,0.1000,-0.0741,0.7896,1.4656,1.2598,-1,3259.0000,0,0,27776000.0000,FAIL,98,QUALIFIED,-3.0120,1.2545,-0.4864,-0.7282,812.0000,0.0862,129.2545,14.5136,10.6496,0.0262,0,1,0
cold#14,REACHABLE,BASELINE_V4,30.0000,1.2000,600000.0000,180.0000,5.0000,30.0000,10.0000,0.1000,-0.2044,0.3878,0.5388,0.3338,-1,-1.0000,0,0,47262720.0000,FAIL,0,UNLEARNED,nan,nan,nan,nan,-1.0000,0.0300,45.0000,0.0000,0.0000,2.0000,0,0,0
cold#14,REACHABLE,ADAPTIVE_V1,30.0000,1.2000,600000.0000,180.0000,5.0000,30.0000,10.0000,0.1000,-0.2054,0.4562,0.6411,0.4349,-1,-1.0000,0,0,47669760.0000,FAIL,40,DEGRADED,-15.7713,-0.0000,-0.9593,-0.0737,1012.0000,0.0270,35.0000,17.7907,1.0463,0.1260,0,1,2
cold#18,REACHABLE,BASELINE_V4,30.0000,0.7000,600000.0000,180.0000,30.0000,3.0000,10.0000,0.1000,-1.7361,2.1932,2.6247,0.9500,-1,-1.0000,0,0,41210400.0000,FAIL,0,UNLEARNED,nan,nan,nan,nan,-1.0000,0.0300,45.0000,0.0000,0.0000,2.0000,0,0,0
cold#18,REACHABLE,ADAPTIVE_V1,30.0000,0.7000,600000.0000,180.0000,30.0000,3.0000,10.0000,0.1000,0.0663,0.0309,0.0418,0.0251,2674,2673.3000,0,0,47416320.0000,PASS,95,QUALIFIED,-2.8221,1.9753,-0.1414,0.0856,1216.0000,0.0181,34.9753,32.0015,0.7016,0.0068,15,1,0
cold#22,SAFETY_LIMITED,BASELINE_V4,30.0000,1.0000,600000.0000,180.0000,120.0000,8.0000,10.0000,0.1000,-3.2141,3.5811,3.9464,0.8246,-1,-1.0000,0,0,38934400.0000,FAIL,0,UNLEARNED,nan,nan,nan,nan,-1.0000,0.0300,45.0000,0.0000,0.0000,2.0000,0,0,0
cold#22,SAFETY_LIMITED,ADAPTIVE_V1,30.0000,1.0000,600000.0000,180.0000,120.0000,8.0000,10.0000,0.1000,0.0880,0.0427,0.1343,0.2413,-1,4672.6000,0,0,46984000.0000,FAIL,91,QUALIFIED,-4.8636,1.2116,0.4345,-0.2804,1810.0000,0.0254,129.2116,22.9345,3.1329,0.1968,0,2,0
cold#26,REACHABLE,BASELINE_V4,30.0000,1.2000,1600000.0000,300.0000,5.0000,30.0000,10.0000,0.1000,-0.1195,0.2534,0.2745,0.0494,-1,6264.2000,0,0,84295680.0000,FAIL,0,UNLEARNED,nan,nan,nan,nan,-1.0000,0.0300,45.0000,0.0000,0.0000,2.0000,0,0,0
cold#26,REACHABLE,ADAPTIVE_V1,30.0000,1.2000,1600000.0000,300.0000,5.0000,30.0000,10.0000,0.1000,-0.0354,0.0472,0.0547,0.0173,6081,6080.1000,0,0,85006080.0000,PASS,58,LEARNING,-22.1776,-5.7910,-0.4304,-0.1073,-1.0000,0.0093,29.2090,30.8196,0.3127,0.3850,0,0,0
cold#30,REACHABLE,BASELINE_V4,30.0000,0.7000,1600000.0000,300.0000,30.0000,3.0000,10.0000,0.1000,-0.2729,0.3713,0.4263,0.1541,-1,-1.0000,0,0,77528640.0000,FAIL,0,UNLEARNED,nan,nan,nan,nan,-1.0000,0.0300,45.0000,0.0000,0.0000,2.0000,0,0,0
cold#30,REACHABLE,ADAPTIVE_V1,30.0000,0.7000,1600000.0000,300.0000,30.0000,3.0000,10.0000,0.1000,-0.0299,0.0595,0.0798,0.0536,8655,8654.3000,0,0,78345120.0000,PASS,63,QUALIFIED,-23.6906,9.7026,0.3514,0.0128,8238.0000,0.0053,42.7026,53.9228,0.2438,0.9560,0,1,0
cold#34,REACHABLE,BASELINE_V4,30.0000,1.0000,1600000.0000,300.0000,120.0000,8.0000,10.0000,0.1000,-2.8030,3.4842,4.0735,1.4992,-1,-1.0000,0,0,66944000.0000,FAIL,0,UNLEARNED,nan,nan,nan,nan,-1.0000,0.0300,45.0000,0.0000,0.0000,2.0000,0,0,0
cold#34,REACHABLE,ADAPTIVE_V1,30.0000,1.0000,1600000.0000,300.0000,120.0000,8.0000,10.0000,0.1000,0.0225,0.0485,0.0987,0.1338,8701,7729.7000,0,0,79785600.0000,PASS,84,QUALIFIED,-5.1920,1.4591,0.0599,-0.1070,3724.0000,0.0095,129.4591,37.5599,1.1730,0.4189,0,2,0
cold#38,SAFETY_LIMITED,BASELINE_V4,30.0000,1.2000,180000.0000,120.0000,5.0000,30.0000,20.0000,0.1000,0.0580,0.1666,0.3354,0.3944,-1,1030.6000,0,0,14371200.0000,FAIL,0,UNLEARNED,nan,nan,nan,nan,-1.0000,0.0300,45.0000,0.0000,0.0000,2.0000,0,0,0
cold#38,SAFETY_LIMITED,ADAPTIVE_V1,30.0000,1.2000,180000.0000,120.0000,5.0000,30.0000,20.0000,0.1000,0.0671,0.0095,0.0269,0.0408,1035,1034.4000,0,0,14563200.0000,PASS,64,QUALIFIED,-34.2367,-0.0000,0.0502,-1.0186,1604.0000,0.0701,35.0000,6.3002,2.7147,0.0066,8,1,0
cold#42,REACHABLE,BASELINE_V4,30.0000,0.7000,180000.0000,120.0000,30.0000,3.0000,20.0000,0.1000,-0.0861,0.3609,0.5438,0.4652,-1,5331.8000,0,0,13852160.0000,FAIL,0,UNLEARNED,nan,nan,nan,nan,-1.0000,0.0300,45.0000,0.0000,0.0000,2.0000,0,0,0
cold#42,REACHABLE,ADAPTIVE_V1,30.0000,0.7000,180000.0000,120.0000,30.0000,3.0000,20.0000,0.1000,-0.0096,0.1105,0.1122,0.0052,3122,2834.3000,0,0,14124320.0000,FAIL,70,QUALIFIED,-0.3160,3.4331,-0.1698,0.4271,2594.0000,0.0620,36.4331,10.5445,2.4804,0.0040,0,1,0
cold#46,SAFETY_LIMITED,BASELINE_V4,30.0000,1.0000,180000.0000,120.0000,120.0000,8.0000,20.0000,0.1000,-0.4675,1.0466,1.5048,1.1237,-1,-1.0000,0,0,13075200.0000,FAIL,0,UNLEARNED,nan,nan,nan,nan,-1.0000,0.0300,45.0000,0.0000,0.0000,2.0000,0,0,0
cold#46,SAFETY_LIMITED,ADAPTIVE_V1,30.0000,1.0000,180000.0000,120.0000,120.0000,8.0000,20.0000,0.1000,-0.0094,0.2191,0.4712,0.5503,-1,1886.0000,0,0,14102400.0000,FAIL,96,QUALIFIED,1.2060,4.3784,-0.1885,-0.0121,880.0000,0.0900,132.3784,7.3115,11.3657,0.0327,0,1,0
cold#50,REACHABLE,BASELINE_V4,30.0000,1.2000,600000.0000,180.0000,5.0000,30.0000,20.0000,0.1000,-0.1098,0.1447,0.1682,0.0532,-1,2118.3000,0,0,24069120.0000,FAIL,0,UNLEARNED,nan,nan,nan,nan,-1.0000,0.0300,45.0000,0.0000,0.0000,2.0000,0,0,0
cold#50,REACHABLE,ADAPTIVE_V1,30.0000,1.2000,600000.0000,180.0000,5.0000,30.0000,20.0000,0.1000,0.0631,0.0163,0.0309,0.0602,1570,1144.6000,0,0,24716160.0000,PASS,94,QUALIFIED,-34.0310,-2.8368,-0.1130,-0.3569,644.0000,0.0211,32.1632,9.2620,0.7631,0.0050,31,1,0
cold#54,REACHABLE,BASELINE_V4,30.0000,0.7000,600000.0000,180.0000,30.0000,3.0000,20.0000,0.1000,-0.1642,0.2860,0.3701,0.1985,-1,-1.0000,0,0,23069760.0000,FAIL,0,UNLEARNED,nan,nan,nan,nan,-1.0000,0.0300,45.0000,0.0000,0.0000,2.0000,0,0,0
cold#54,REACHABLE,ADAPTIVE_V1,30.0000,0.7000,600000.0000,180.0000,30.0000,3.0000,20.0000,0.1000,0.0693,0.0260,0.0301,0.0105,1650,1495.6000,0,0,24318560.0000,PASS,99,QUALIFIED,-4.5159,3.7961,-0.0714,0.1026,726.0000,0.0178,36.7961,16.0000,0.7186,0.0091,0,1,0
cold#58,SAFETY_LIMITED,BASELINE_V4,30.0000,1.0000,600000.0000,180.0000,120.0000,8.0000,20.0000,0.1000,0.0310,0.2633,0.4528,0.5258,-1,4056.6000,0,0,22795200.0000,FAIL,0,UNLEARNED,nan,nan,nan,nan,-1.0000,0.0300,45.0000,0.0000,0.0000,2.0000,0,0,0
cold#58,SAFETY_LIMITED,ADAPTIVE_V1,30.0000,1.0000,600000.0000,180.0000,120.0000,8.0000,20.0000,0.1000,0.0857,0.0062,0.0117,0.0136,3060,2692.9000,0,0,24102400.0000,PASS,97,QUALIFIED,-4.3314,1.2284,0.0319,-0.2625,986.0000,0.0255,129.2284,11.2819,3.1508,0.0018,0,1,0
cold#62,REACHABLE,BASELINE_V4,30.0000,1.2000,1600000.0000,300.0000,5.0000,30.0000,20.0000,0.1000,-0.1213,0.1689,0.2018,0.0810,-1,3943.6000,0,0,43695360.0000,FAIL,0,UNLEARNED,nan,nan,nan,nan,-1.0000,0.0300,45.0000,0.0000,0.0000,2.0000,0,0,0
cold#62,REACHABLE,ADAPTIVE_V1,30.0000,1.2000,1600000.0000,300.0000,5.0000,30.0000,20.0000,0.1000,-0.0301,0.0580,0.0781,0.0483,2270,2270.0000,0,0,45296640.0000,PASS,80,QUALIFIED,-30.1695,-2.2877,-0.7786,-0.1130,1040.0000,0.0084,32.7123,14.8464,0.3070,0.6025,0,2,0
cold#66,REACHABLE,BASELINE_V4,30.0000,0.7000,1600000.0000,300.0000,30.0000,3.0000,20.0000,0.1000,-0.1916,0.2660,0.3027,0.1127,-1,-1.0000,0,0,40574240.0000,FAIL,0,UNLEARNED,nan,nan,nan,nan,-1.0000,0.0300,45.0000,0.0000,0.0000,2.0000,0,0,0
cold#66,REACHABLE,ADAPTIVE_V1,30.0000,0.7000,1600000.0000,300.0000,30.0000,3.0000,20.0000,0.1000,0.0620,0.0367,0.0498,0.0277,7605,3180.5000,0,0,43822240.0000,PASS,91,QUALIFIED,50.9808,3.4017,-0.0962,0.1913,1362.0000,0.0106,36.4017,26.6895,0.4223,0.0071,0,2,1
cold#70,REACHABLE,BASELINE_V4,30.0000,1.0000,1600000.0000,300.0000,120.0000,8.0000,20.0000,0.1000,-0.1979,0.3594,0.4651,0.2634,-1,-1.0000,0,0,40028800.0000,FAIL,0,UNLEARNED,nan,nan,nan,nan,-1.0000,0.0300,45.0000,0.0000,0.0000,2.0000,0,0,0
cold#70,REACHABLE,ADAPTIVE_V1,30.0000,1.0000,1600000.0000,300.0000,120.0000,8.0000,20.0000,0.1000,-0.0584,0.1118,0.1545,0.1052,-1,5814.1000,0,0,43065600.0000,FAIL,87,QUALIFIED,-3.4446,1.9368,-0.3337,-0.0810,1800.0000,0.0097,129.9368,18.4163,1.1990,0.3991,0,2,0
cold#74,SAFETY_LIMITED,BASELINE_V4,30.0000,1.2000,180000.0000,120.0000,5.0000,30.0000,25.0000,0.1000,0.0507,0.0743,0.1516,0.2060,-1,599.9000,0,0,7234560.0000,FAIL,0,UNLEARNED,nan,nan,nan,nan,-1.0000,0.0300,45.0000,0.0000,0.0000,2.0000,0,0,0
cold#74,SAFETY_LIMITED,ADAPTIVE_V1,30.0000,1.2000,180000.0000,120.0000,5.0000,30.0000,25.0000,0.1000,0.0522,0.0653,0.1458,0.2032,-1,599.9000,0,0,7234560.0000,FAIL,38,LEARNING,-71.8750,10.0000,0.0390,-2.3023,-1.0000,0.0300,45.0000,3.1640,1.4310,0.1613,0,0,0
cold#78,REACHABLE,BASELINE_V4,30.0000,0.7000,180000.0000,120.0000,30.0000,3.0000,25.0000,0.1000,-0.0120,0.1730,0.2794,0.2718,-1,1039.3000,0,0,7041440.0000,FAIL,0,UNLEARNED,nan,nan,nan,nan,-1.0000,0.0300,45.0000,0.0000,0.0000,2.0000,0,0,0
cold#78,REACHABLE,ADAPTIVE_V1,30.0000,0.7000,180000.0000,120.0000,30.0000,3.0000,25.0000,0.1000,-0.0120,0.1730,0.2794,0.2718,-1,1039.3000,0,0,7041440.0000,FAIL,42,LEARNING,-65.1159,127.0000,-5.3571,1.2286,-1.0000,0.0217,160.0000,0.0000,3.2819,0.9167,0,0,0
cold#82,SAFETY_LIMITED,BASELINE_V4,30.0000,1.0000,180000.0000,120.0000,120.0000,8.0000,25.0000,0.1000,-0.1022,0.4012,0.6167,0.5848,-1,10392.4000,0,0,6608000.0000,FAIL,0,UNLEARNED,nan,nan,nan,nan,-1.0000,0.0300,45.0000,0.0000,0.0000,2.0000,0,0,0
cold#82,SAFETY_LIMITED,ADAPTIVE_V1,30.0000,1.0000,180000.0000,120.0000,120.0000,8.0000,25.0000,0.1000,-0.1063,0.3789,0.5951,0.5505,-1,9396.1000,0,0,6547200.0000,FAIL,46,LEARNING,-65.4428,32.0000,-3.7500,-6.7333,-1.0000,0.0307,160.0000,0.0000,4.6445,0.3166,0,0,0
cold#86,REACHABLE,BASELINE_V4,30.0000,1.2000,600000.0000,180.0000,5.0000,30.0000,25.0000,0.1000,-0.0118,0.0662,0.1095,0.0991,1319,1318.7000,0,0,12170880.0000,PASS,0,UNLEARNED,nan,nan,nan,nan,-1.0000,0.0300,45.0000,0.0000,0.0000,2.0000,0,0,0
cold#86,REACHABLE,ADAPTIVE_V1,30.0000,1.2000,600000.0000,180.0000,5.0000,30.0000,25.0000,0.1000,0.0631,0.0312,0.0319,0.0019,1319,1318.7000,0,0,12407040.0000,PASS,71,QUALIFIED,-55.2660,-3.6132,0.0274,-0.6126,1512.0000,0.0143,31.3868,4.7149,0.5074,0.0055,0,1,0
cold#90,REACHABLE,BASELINE_V4,30.0000,0.7000,600000.0000,180.0000,30.0000,3.0000,25.0000,0.1000,0.0165,0.1395,0.1609,0.0648,-1,2143.5000,0,0,11829440.0000,FAIL,0,UNLEARNED,nan,nan,nan,nan,-1.0000,0.0300,45.0000,0.0000,0.0000,2.0000,0,0,0
cold#90,REACHABLE,ADAPTIVE_V1,30.0000,0.7000,600000.0000,180.0000,30.0000,3.0000,25.0000,0.1000,0.0785,0.0612,0.0961,0.0904,1571,1570.4000,0,0,12071360.0000,PASS,76,QUALIFIED,-18.3393,2.6158,-0.2325,-0.0176,1304.0000,0.0152,35.6158,7.8032,0.5984,0.2412,20,1,0
cold#94,SAFETY_LIMITED,BASELINE_V4,30.0000,1.0000,600000.0000,180.0000,120.0000,8.0000,25.0000,0.1000,0.0731,0.1311,0.2662,0.3397,-1,2469.7000,0,0,11683200.0000,FAIL,0,UNLEARNED,nan,nan,nan,nan,-1.0000,0.0300,45.0000,0.0000,0.0000,2.0000,0,0,0
cold#94,SAFETY_LIMITED,ADAPTIVE_V1,30.0000,1.0000,600000.0000,180.0000,120.0000,8.0000,25.0000,0.1000,0.0359,0.0434,0.0836,0.1229,2797,2423.4000,0,0,12067200.0000,PASS,96,QUALIFIED,-12.5145,0.9191,0.1795,-0.5385,762.0000,0.0233,128.9191,5.8045,2.8748,0.1291,0,1,0
cold#98,REACHABLE,BASELINE_V4,30.0000,1.2000,1600000.0000,300.0000,5.0000,30.0000,25.0000,0.1000,-0.2188,0.2288,0.2360,0.0170,-1,-1.0000,0,0,21888000.0000,FAIL,0,UNLEARNED,nan,nan,nan,nan,-1.0000,0.0300,45.0000,0.0000,0.0000,2.0000,0,0,0
cold#98,REACHABLE,ADAPTIVE_V1,30.0000,1.2000,1600000.0000,300.0000,5.0000,30.0000,25.0000,0.1000,-0.0250,0.0827,0.1034,0.0485,2418,2026.5000,0,0,22609920.0000,PASS,86,QUALIFIED,-33.0034,-7.3123,-0.3231,-0.1618,1188.0000,0.0080,27.6877,7.4894,0.2582,0.0009,17,1,0
cold#102,REACHABLE,BASELINE_V4,30.0000,0.7000,1600000.0000,300.0000,30.0000,3.0000,25.0000,0.1000,-0.0966,0.1553,0.1744,0.0576,-1,3500.3000,0,0,21378560.0000,FAIL,0,UNLEARNED,nan,nan,nan,nan,-1.0000,0.0300,45.0000,0.0000,0.0000,2.0000,0,0,0
cold#102,REACHABLE,ADAPTIVE_V1,30.0000,0.7000,1600000.0000,300.0000,30.0000,3.0000,25.0000,0.1000,0.0654,0.0103,0.0218,0.0295,5293,1727.3000,0,0,22688960.0000,PASS,75,QUALIFIED,68.0926,0.8960,-0.2628,0.2127,896.0000,0.0118,33.8960,13.1301,0.4437,0.0012,0,2,1
cold#106,REACHABLE,BASELINE_V4,30.0000,1.0000,1600000.0000,300.0000,120.0000,8.0000,25.0000,0.1000,0.0891,0.1058,0.2052,0.2958,-1,3555.4000,0,0,21710400.0000,FAIL,0,UNLEARNED,nan,nan,nan,nan,-1.0000,0.0300,45.0000,0.0000,0.0000,2.0000,0,0,0
cold#106,REACHABLE,ADAPTIVE_V1,30.0000,1.0000,1600000.0000,300.0000,120.0000,8.0000,25.0000,0.1000,-0.0006,0.0703,0.1047,0.0928,3851,2402.8000,0,0,22449600.0000,PASS,97,QUALIFIED,-5.0034,-0.0984,-0.5285,-0.1181,938.0000,0.0095,127.9016,8.8465,1.1619,0.1143,0,1,0
cold#110,SAFETY_LIMITED,BASELINE_V4,30.0000,1.2000,180000.0000,120.0000,5.0000,30.0000,28.0000,0.1000,0.0122,0.0353,0.0781,0.0901,343,342.2000,0,0,2897280.0000,PASS,0,UNLEARNED,nan,nan,nan,nan,-1.0000,0.0300,45.0000,0.0000,0.0000,2.0000,0,0,0
cold#110,SAFETY_LIMITED,ADAPTIVE_V1,30.0000,1.2000,180000.0000,120.0000,5.0000,30.0000,28.0000,0.1000,0.0122,0.0353,0.0781,0.0901,343,342.2000,0,0,2897280.0000,PASS,38,LEARNING,-71.8750,10.0000,-0.1697,-2.3023,-1.0000,0.0300,45.0000,1.0803,1.4310,0.1532,0,0,0
cold#114,REACHABLE,BASELINE_V4,30.0000,0.7000,180000.0000,120.0000,30.0000,3.0000,28.0000,0.1000,0.0741,0.0517,0.1036,0.1736,483,482.4000,0,0,2866080.0000,PASS,0,UNLEARNED,nan,nan,nan,nan,-1.0000,0.0300,45.0000,0.0000,0.0000,2.0000,0,0,0
cold#114,REACHABLE,ADAPTIVE_V1,30.0000,0.7000,180000.0000,120.0000,30.0000,3.0000,28.0000,0.1000,0.0741,0.0517,0.1036,0.1736,483,482.4000,0,0,2866080.0000,PASS,38,LEARNING,-51.7857,12.0000,-0.0254,-0.6223,-1.0000,0.0300,45.0000,2.1175,1.4310,0.1645,0,0,0
cold#118,SAFETY_LIMITED,BASELINE_V4,30.0000,1.0000,180000.0000,120.0000,120.0000,8.0000,28.0000,0.1000,0.0904,0.1417,0.2629,0.3845,-1,929.6000,0,0,2758400.0000,FAIL,0,UNLEARNED,nan,nan,nan,nan,-1.0000,0.0300,45.0000,0.0000,0.0000,2.0000,0,0,0
cold#118,SAFETY_LIMITED,ADAPTIVE_V1,30.0000,1.0000,180000.0000,120.0000,120.0000,8.0000,28.0000,0.1000,0.0904,0.1417,0.2629,0.3845,-1,929.6000,0,0,2758400.0000,FAIL,38,LEARNING,-66.2500,-83.0000,0.1576,-10.5623,-1.0000,0.0300,45.0000,1.6576,0.8155,0.2831,0,0,0
cold#122,REACHABLE,BASELINE_V4,30.0000,1.2000,600000.0000,180.0000,5.0000,30.0000,28.0000,0.1000,-0.0112,0.0455,0.0650,0.0394,802,801.9000,0,0,4855680.0000,PASS,0,UNLEARNED,nan,nan,nan,nan,-1.0000,0.0300,45.0000,0.0000,0.0000,2.0000,0,0,0
cold#122,REACHABLE,ADAPTIVE_V1,30.0000,1.2000,600000.0000,180.0000,5.0000,30.0000,28.0000,0.1000,-0.0112,0.0455,0.0650,0.0394,802,801.9000,0,0,4855680.0000,PASS,38,LEARNING,-6.2500,10.0000,0.0385,0.3110,-1.0000,0.0300,45.0000,1.9135,1.4310,0.1640,0,0,0
cold#126,REACHABLE,BASELINE_V4,30.0000,0.7000,600000.0000,180.0000,30.0000,3.0000,28.0000,0.1000,-0.0825,0.1293,0.1550,0.0655,-1,1273.2000,0,0,4567360.0000,FAIL,0,UNLEARNED,nan,nan,nan,nan,-1.0000,0.0300,45.0000,0.0000,0.0000,2.0000,0,0,0
cold#126,REACHABLE,ADAPTIVE_V1,30.0000,0.7000,600000.0000,180.0000,30.0000,3.0000,28.0000,0.1000,-0.0825,0.1279,0.1543,0.0640,-1,1273.2000,0,0,4576320.0000,FAIL,38,LEARNING,60.7143,12.0000,-0.0084,0.8150,-1.0000,0.0300,45.0000,3.2059,1.4310,0.1010,0,0,0
cold#130,SAFETY_LIMITED,BASELINE_V4,30.0000,1.0000,600000.0000,180.0000,120.0000,8.0000,28.0000,0.1000,0.0682,0.0592,0.1261,0.1972,1668,1667.7000,0,0,4708800.0000,PASS,0,UNLEARNED,nan,nan,nan,nan,-1.0000,0.0300,45.0000,0.0000,0.0000,2.0000,0,0,0
cold#130,SAFETY_LIMITED,ADAPTIVE_V1,30.0000,1.0000,600000.0000,180.0000,120.0000,8.0000,28.0000,0.1000,0.0138,0.0385,0.0895,0.1063,1668,1667.7000,0,0,4776000.0000,PASS,65,QUALIFIED,-4.1172,-2.4498,0.1010,-1.8267,2536.0000,0.0256,125.5502,2.3510,1.5866,0.0858,0,1,0
cold#134,REACHABLE,BASELINE_V4,30.0000,1.2000,1600000.0000,300.0000,5.0000,30.0000,28.0000,0.1000,-0.0297,0.0512,0.0614,0.0230,1395,1394.2000,0,0,9004800.0000,PASS,0,UNLEARNED,nan,nan,nan,nan,-1.0000,0.0300,45.0000,0.0000,0.0000,2.0000,0,0,0
cold#134,REACHABLE,ADAPTIVE_V1,30.0000,1.2000,1600000.0000,300.0000,5.0000,30.0000,28.0000,0.1000,0.0520,0.0375,0.0519,0.0712,1392,1391.1000,0,0,9244800.0000,PASS,50,LEARNING,150.0000,60.0000,0.2037,2.3610,-1.0000,0.0300,95.0000,3.3287,2.7810,0.0117,22,0,0
cold#138,REACHABLE,BASELINE_V4,30.0000,0.7000,1600000.0000,300.0000,30.0000,3.0000,28.0000,0.1000,-0.0161,0.0551,0.0696,0.0399,1955,1954.9000,0,0,8785280.0000,PASS,0,UNLEARNED,nan,nan,nan,nan,-1.0000,0.0300,45.0000,0.0000,0.0000,2.0000,0,0,0
cold#138,REACHABLE,ADAPTIVE_V1,30.0000,0.7000,1600000.0000,300.0000,30.0000,3.0000,28.0000,0.1000,0.0667,0.0383,0.0517,0.1091,1898,1897.3000,0,0,8964480.0000,PASS,52,LEARNING,4.2245,-17.3415,-0.1085,-0.0757,-1.0000,0.0073,15.6585,5.2486,0.1553,0.4318,82,0,0
cold#142,REACHABLE,BASELINE_V4,30.0000,1.0000,1600000.0000,300.0000,120.0000,8.0000,28.0000,0.1000,0.0876,0.0499,0.0999,0.1522,1999,1998.4000,0,0,8856000.0000,PASS,0,UNLEARNED,nan,nan,nan,nan,-1.0000,0.0300,45.0000,0.0000,0.0000,2.0000,0,0,0
cold#142,REACHABLE,ADAPTIVE_V1,30.0000,1.0000,1600000.0000,300.0000,120.0000,8.0000,28.0000,0.1000,0.0766,0.0296,0.0690,0.1360,2045,1928.8000,0,0,9100800.0000,PASS,65,QUALIFIED,-7.3680,8.0067,0.1957,-0.0794,2206.0000,0.0093,136.0067,3.9457,1.2006,0.0400,35,1,0
cold#146,COOLING_REQUIRED,BASELINE_V4,30.0000,1.2000,180000.0000,120.0000,5.0000,30.0000,35.0000,0.1000,5.0000,5.0000,5.0000,0.0000,-1,0.0000,0,0,0.0000,FAIL,0,UNLEARNED,nan,nan,nan,nan,-1.0000,0.0300,45.0000,0.0000,0.0000,2.0000,0,0,0
cold#146,COOLING_REQUIRED,ADAPTIVE_V1,30.0000,1.2000,180000.0000,120.0000,5.0000,30.0000,35.0000,0.1000,5.0000,5.0000,5.0000,0.0000,-1,0.0000,0,0,0.0000,FAIL,18,LEARNING,-71.8750,10.0000,0.0000,-2.3023,-1.0000,0.0300,45.0000,0.0000,1.4310,0.0000,0,0,0
cold#150,COOLING_REQUIRED,BASELINE_V4,30.0000,0.7000,180000.0000,120.0000,30.0000,3.0000,35.0000,0.1000,5.0000,5.0000,5.0000,0.0000,-1,0.0000,0,0,0.0000,FAIL,0,UNLEARNED,nan,nan,nan,nan,-1.0000,0.0300,45.0000,0.0000,0.0000,2.0000,0,0,0
cold#150,COOLING_REQUIRED,ADAPTIVE_V1,30.0000,0.7000,180000.0000,120.0000,30.0000,3.0000,35.0000,0.1000,5.0000,5.0000,5.0000,0.0000,-1,0.0000,0,0,0.0000,FAIL,18,LEARNING,-51.7857,12.0000,0.0000,-0.6223,-1.0000,0.0300,45.0000,0.0000,1.4310,0.0000,0,0,0
cold#154,COOLING_REQUIRED,BASELINE_V4,30.0000,1.0000,180000.0000,120.0000,120.0000,8.0000,35.0000,0.1000,5.0000,5.0000,5.0000,0.0000,-1,0.0000,0,0,0.0000,FAIL,0,UNLEARNED,nan,nan,nan,nan,-1.0000,0.0300,45.0000,0.0000,0.0000,2.0000,0,0,0
cold#154,COOLING_REQUIRED,ADAPTIVE_V1,30.0000,1.0000,180000.0000,120.0000,120.0000,8.0000,35.0000,0.1000,5.0000,5.0000,5.0000,0.0000,-1,0.0000,0,0,0.0000,FAIL,18,LEARNING,-66.2500,-83.0000,0.0000,-9.9468,-1.0000,0.0300,45.0000,0.0000,1.4310,0.0000,0,0,0
cold#158,COOLING_REQUIRED,BASELINE_V4,30.0000,1.2000,600000.0000,180.0000,5.0000,30.0000,35.0000,0.1000,5.0000,5.0000,5.0000,0.0000,-1,0.0000,0,0,0.0000,FAIL,0,UNLEARNED,nan,nan,nan,nan,-1.0000,0.0300,45.0000,0.0000,0.0000,2.0000,0,0,0
cold#158,COOLING_REQUIRED,ADAPTIVE_V1,30.0000,1.2000,600000.0000,180.0000,5.0000,30.0000,35.0000,0.1000,5.0000,5.0000,5.0000,0.0000,-1,0.0000,0,0,0.0000,FAIL,18,LEARNING,-6.2500,10.0000,0.0000,0.3110,-1.0000,0.0300,45.0000,0.0000,1.4310,0.0000,0,0,0
cold#162,COOLING_REQUIRED,BASELINE_V4,30.0000,0.7000,600000.0000,180.0000,30.0000,3.0000,35.0000,0.1000,5.0000,5.0000,5.0000,0.0000,-1,0.0000,0,0,0.0000,FAIL,0,UNLEARNED,nan,nan,nan,nan,-1.0000,0.0300,45.0000,0.0000,0.0000,2.0000,0,0,0
cold#162,COOLING_REQUIRED,ADAPTIVE_V1,30.0000,0.7000,600000.0000,180.0000,30.0000,3.0000,35.0000,0.1000,5.0000,5.0000,5.0000,0.0000,-1,0.0000,0,0,0.0000,FAIL,18,LEARNING,60.7143,12.0000,0.0000,0.8150,-1.0000,0.0300,45.0000,0.0000,1.4310,0.0000,0,0,0
cold#166,COOLING_REQUIRED,BASELINE_V4,30.0000,1.0000,600000.0000,180.0000,120.0000,8.0000,35.0000,0.1000,5.0000,5.0000,5.0000,0.0000,-1,0.0000,0,0,0.0000,FAIL,0,UNLEARNED,nan,nan,nan,nan,-1.0000,0.0300,45.0000,0.0000,0.0000,2.0000,0,0,0
cold#166,COOLING_REQUIRED,ADAPTIVE_V1,30.0000,1.0000,600000.0000,180.0000,120.0000,8.0000,35.0000,0.1000,5.0000,5.0000,5.0000,0.0000,-1,0.0000,0,0,0.0000,FAIL,18,LEARNING,12.5000,-83.0000,0.0000,-1.9823,-1.0000,0.0300,45.0000,0.0000,1.4310,0.0000,0,0,0
cold#170,COOLING_REQUIRED,BASELINE_V4,30.0000,1.2000,1600000.0000,300.0000,5.0000,30.0000,35.0000,0.1000,5.0000,5.0000,5.0000,0.0000,-1,0.0000,0,0,0.0000,FAIL,0,UNLEARNED,nan,nan,nan,nan,-1.0000,0.0300,45.0000,0.0000,0.0000,2.0000,0,0,0
cold#170,COOLING_REQUIRED,ADAPTIVE_V1,30.0000,1.2000,1600000.0000,300.0000,5.0000,30.0000,35.0000,0.1000,5.0000,5.0000,5.0000,0.0000,-1,0.0000,0,0,0.0000,FAIL,18,LEARNING,150.0000,10.0000,0.0000,1.0110,-1.0000,0.0300,45.0000,0.0000,1.4310,0.0000,0,0,0
cold#174,COOLING_REQUIRED,BASELINE_V4,30.0000,0.7000,1600000.0000,300.0000,30.0000,3.0000,35.0000,0.1000,5.0000,5.0000,5.0000,0.0000,-1,0.0000,0,0,0.0000,FAIL,0,UNLEARNED,nan,nan,nan,nan,-1.0000,0.0300,45.0000,0.0000,0.0000,2.0000,0,0,0
cold#174,COOLING_REQUIRED,ADAPTIVE_V1,30.0000,0.7000,1600000.0000,300.0000,30.0000,3.0000,35.0000,0.1000,5.0000,5.0000,5.0000,0.0000,-1,0.0000,0,0,0.0000,FAIL,18,LEARNING,328.5714,12.0000,0.0000,1.2000,-1.0000,0.0300,45.0000,0.0000,1.4310,0.0000,0,0,0
cold#178,COOLING_REQUIRED,BASELINE_V4,30.0000,1.0000,1600000.0000,300.0000,120.0000,8.0000,35.0000,0.1000,5.0000,5.0000,5.0000,0.0000,-1,0.0000,0,0,0.0000,FAIL,0,UNLEARNED,nan,nan,nan,nan,-1.0000,0.0300,45.0000,0.0000,0.0000,2.0000,0,0,0
cold#178,COOLING_REQUIRED,ADAPTIVE_V1,30.0000,1.0000,1600000.0000,300.0000,120.0000,8.0000,35.0000,0.1000,5.0000,5.0000,5.0000,0.0000,-1,0.0000,0,0,0.0000,FAIL,18,LEARNING,200.0000,-83.0000,0.0000,0.1510,-1.0000,0.0300,45.0000,0.0000,1.4310,0.0000,0,0,0
cold#182,SAFETY_LIMITED,BASELINE_V4,32.0000,1.2000,180000.0000,120.0000,5.0000,30.0000,10.0000,0.1000,-0.0876,0.3415,0.5551,0.4816,-1,2352.4000,0,0,31328640.0000,FAIL,0,UNLEARNED,nan,nan,nan,nan,-1.0000,0.0300,45.0000,0.0000,0.0000,2.0000,0,0,0
cold#182,SAFETY_LIMITED,ADAPTIVE_V1,32.0000,1.2000,180000.0000,120.0000,5.0000,30.0000,10.0000,0.1000,-0.1135,0.3200,0.5570,0.5091,-1,2166.4000,0,0,31420800.0000,FAIL,29,DEGRADED,-23.7682,-0.0000,0.1136,-0.5856,650.0000,0.0813,35.0000,13.8636,3.1477,0.0675,0,1,2
cold#186,REACHABLE,BASELINE_V4,32.0000,0.7000,180000.0000,120.0000,30.0000,3.0000,10.0000,0.1000,-1.6968,2.0835,2.4116,0.7176,-1,-1.0000,0,0,28647360.0000,FAIL,0,UNLEARNED,nan,nan,nan,nan,-1.0000,0.0300,45.0000,0.0000,0.0000,2.0000,0,0,0
cold#186,REACHABLE,ADAPTIVE_V1,32.0000,0.7000,180000.0000,120.0000,30.0000,3.0000,10.0000,0.1000,0.0782,0.0271,0.0588,0.1226,1438,1437.6000,0,0,31513440.0000,PASS,97,QUALIFIED,-2.7257,2.2217,0.0185,0.3011,726.0000,0.0605,35.2217,23.5900,2.3544,0.0465,0,1,0
cold#190,SAFETY_LIMITED,BASELINE_V4,32.0000,1.0000,180000.0000,120.0000,120.0000,8.0000,10.0000,0.1000,-2.0620,2.9157,3.8658,1.9320,-1,-1.0000,0,0,27811200.0000,FAIL,0,UNLEARNED,nan,nan,nan,nan,-1.0000,0.0300,45.0000,0.0000,0.0000,2.0000,0,0,0
cold#190,SAFETY_LIMITED,ADAPTIVE_V1,32.0000,1.0000,180000.0000,120.0000,120.0000,8.0000,10.0000,0.1000,-0.0682,0.9399,1.6162,1.4415,-1,3772.6000,0,0,30697600.0000,FAIL,98,QUALIFIED,-2.9283,1.4154,-0.3191,-0.7099,840.0000,0.0863,129.4154,16.1809,10.6679,0.0562,0,2,0
cold#194,REACHABLE,BASELINE_V4,32.0000,1.2000,600000.0000,180.0000,5.0000,30.0000,10.0000,0.1000,-0.2027,0.4046,0.5710,0.3662,-1,-1.0000,0,0,51313920.0000,FAIL,0,UNLEARNED,nan,nan,nan,nan,-1.0000,0.0300,45.0000,0.0000,0.0000,2.0000,0,0,0
cold#194,REACHABLE,ADAPTIVE_V1,32.0000,1.2000,600000.0000,180.0000,5.0000,30.0000,10.0000,0.1000,-0.1148,0.4852,0.6950,0.4778,-1,7907.0000,0,0,52162560.0000,FAIL,42,DEGRADED,-17.2287,-0.0000,-1.4882,-0.0940,1270.0000,0.0265,35.0000,19.1368,1.0260,0.1445,0,1,2
cold#198,REACHABLE,BASELINE_V4,32.0000,0.7000,600000.0000,180.0000,30.0000,3.0000,10.0000,0.1000,-1.9067,2.5386,2.8866,1.1275,-1,-1.0000,0,0,44578240.0000,FAIL,0,UNLEARNED,nan,nan,nan,nan,-1.0000,0.0300,45.0000,0.0000,0.0000,2.0000,0,0,0
cold#198,REACHABLE,ADAPTIVE_V1,32.0000,0.7000,600000.0000,180.0000,30.0000,3.0000,10.0000,0.1000,0.0655,0.0097,0.0199,0.0341,5009,5008.1000,0,0,49583520.0000,PASS,78,QUALIFIED,-6.0239,1.6207,-0.1072,0.0569,3934.0000,0.0175,34.6207,35.2499,0.6729,0.0037,0,2,0
cold#202,SAFETY_LIMITED,BASELINE_V4,32.0000,1.0000,600000.0000,180.0000,120.0000,8.0000,10.0000,0.1000,-4.5026,4.8043,5.1670,0.6866,-1,-1.0000,0,0,41460800.0000,FAIL,0,UNLEARNED,nan,nan,nan,nan,-1.0000,0.0300,45.0000,0.0000,0.0000,2.0000,0,0,0
cold#202,SAFETY_LIMITED,ADAPTIVE_V1,32.0000,1.0000,600000.0000,180.0000,120.0000,8.0000,10.0000,0.1000,0.0471,0.0393,0.0736,0.1241,6010,5641.7000,0,0,51315200.0000,PASS,90,QUALIFIED,-4.7395,1.2166,-0.0409,-0.2762,1990.0000,0.0254,129.2166,24.7091,3.1371,0.2065,0,2,0
cold#206,REACHABLE,BASELINE_V4,32.0000,1.2000,1600000.0000,300.0000,5.0000,30.0000,10.0000,0.1000,-0.2148,0.2604,0.2928,0.0772,-1,-1.0000,0,0,92361600.0000,FAIL,0,UNLEARNED,nan,nan,nan,nan,-1.0000,0.0300,45.0000,0.0000,0.0000,2.0000,0,0,0
cold#206,REACHABLE,ADAPTIVE_V1,32.0000,1.2000,1600000.0000,300.0000,5.0000,30.0000,10.0000,0.1000,-0.0421,0.0626,0.0775,0.0364,6508,6507.9000,0,0,92937600.0000,PASS,53,LEARNING,-12.5335,-0.0000,0.3127,-0.0138,-1.0000,0.0105,35.0000,34.6877,0.4062,0.2902,0,0,0
cold#210,REACHABLE,BASELINE_V4,32.0000,0.7000,1600000.0000,300.0000,30.0000,3.0000,10.0000,0.1000,-0.2751,0.4033,0.4716,0.1969,-1,-1.0000,0,0,84349440.0000,FAIL,0,UNLEARNED,nan,nan,nan,nan,-1.0000,0.0300,45.0000,0.0000,0.0000,2.0000,0,0,0
cold#210,REACHABLE,ADAPTIVE_V1,32.0000,0.7000,1600000.0000,300.0000,30.0000,3.0000,10.0000,0.1000,-0.1341,0.1825,0.3102,0.2058,-1,9487.3000,0,0,84870240.0000,FAIL,63,QUALIFIED,39.4717,15.2767,-0.3347,0.2635,8988.0000,0.0098,48.2767,58.5938,0.4945,0.2600,0,1,0
cold#214,REACHABLE,BASELINE_V4,32.0000,1.0000,1600000.0000,300.0000,120.0000,8.0000,10.0000,0.1000,-4.1259,4.8007,5.3846,1.5004,-1,-1.0000,0,0,70536000.0000,FAIL,0,UNLEARNED,nan,nan,nan,nan,-1.0000,0.0300,45.0000,0.0000,0.0000,2.0000,0,0,0
cold#214,REACHABLE,ADAPTIVE_V1,32.0000,1.0000,1600000.0000,300.0000,120.0000,8.0000,10.0000,0.1000,0.0198,0.0446,0.0885,0.1175,7581,6623.6000,0,0,92740800.0000,PASS,84,QUALIFIED,-5.3524,1.9057,-0.5376,-0.1053,1674.0000,0.0095,129.9057,40.7124,1.1747,0.3360,0,2,0
cold#218,SAFETY_LIMITED,BASELINE_V4,32.0000,1.2000,180000.0000,120.0000,5.0000,30.0000,20.0000,0.1000,0.0090,0.1916,0.3718,0.3872,-1,1341.9000,0,0,17159040.0000,FAIL,0,UNLEARNED,nan,nan,nan,nan,-1.0000,0.0300,45.0000,0.0000,0.0000,2.0000,0,0,0
cold#218,SAFETY_LIMITED,ADAPTIVE_V1,32.0000,1.2000,180000.0000,120.0000,5.0000,30.0000,20.0000,0.1000,0.0509,0.0240,0.0469,0.0904,897,896.4000,0,0,17464320.0000,PASS,77,QUALIFIED,-42.3716,-3.6684,-0.0199,-1.5574,826.0000,0.0615,31.3316,7.4801,2.1760,0.0043,84,1,0
cold#222,REACHABLE,BASELINE_V4,32.0000,0.7000,180000.0000,120.0000,30.0000,3.0000,20.0000,0.1000,-0.1701,0.4321,0.6286,0.4664,-1,-1.0000,0,0,16527840.0000,FAIL,0,UNLEARNED,nan,nan,nan,nan,-1.0000,0.0300,45.0000,0.0000,0.0000,2.0000,0,0,0
cold#222,REACHABLE,ADAPTIVE_V1,32.0000,0.7000,180000.0000,120.0000,30.0000,3.0000,20.0000,0.1000,-0.0021,0.1007,0.1020,0.0037,1371,1234.8000,0,0,17174080.0000,FAIL,82,QUALIFIED,-2.0151,2.7713,-0.1071,0.3485,776.0000,0.0610,35.7713,12.7500,2.4018,0.0011,0,1,0
cold#226,SAFETY_LIMITED,BASELINE_V4,32.0000,1.0000,180000.0000,120.0000,120.0000,8.0000,20.0000,0.1000,-1.1313,1.5620,2.0233,0.9396,-1,-1.0000,0,0,15224000.0000,FAIL,0,UNLEARNED,nan,nan,nan,nan,-1.0000,0.0300,45.0000,0.0000,0.0000,2.0000,0,0,0
cold#226,SAFETY_LIMITED,ADAPTIVE_V1,32.0000,1.0000,180000.0000,120.0000,120.0000,8.0000,20.0000,0.1000,-0.1046,0.3559,0.6524,0.5711,-1,4197.7000,0,0,16747200.0000,FAIL,95,QUALIFIED,1.7603,3.6284,-0.2940,-0.0109,756.0000,0.0905,131.6284,8.7060,11.3669,0.0306,0,1,0
cold#230,REACHABLE,BASELINE_V4,32.0000,1.2000,600000.0000,180.0000,5.0000,30.0000,20.0000,0.1000,-0.1023,0.1521,0.1900,0.0906,-1,2402.3000,0,0,28897920.0000,FAIL,0,UNLEARNED,nan,nan,nan,nan,-1.0000,0.0300,45.0000,0.0000,0.0000,2.0000,0,0,0
cold#230,REACHABLE,ADAPTIVE_V1,32.0000,1.2000,600000.0000,180.0000,5.0000,30.0000,20.0000,0.1000,0.0651,0.0134,0.0168,0.0075,3351,1399.7000,0,0,29496960.0000,PASS,80,QUALIFIED,-26.2234,-2.3814,0.0000,-0.2569,692.0000,0.0236,32.6186,11.2500,0.8631,0.0024,0,1,1
cold#234,REACHABLE,BASELINE_V4,32.0000,0.7000,600000.0000,180.0000,30.0000,3.0000,20.0000,0.1000,-0.1147,0.2681,0.3592,0.2489,-1,4451.7000,0,0,27582240.0000,FAIL,0,UNLEARNED,nan,nan,nan,nan,-1.0000,0.0300,45.0000,0.0000,0.0000,2.0000,0,0,0
cold#234,REACHABLE,ADAPTIVE_V1,32.0000,0.7000,600000.0000,180.0000,30.0000,3.0000,20.0000,0.1000,-0.0119,0.0550,0.0895,0.0806,2842,1910.6000,0,0,28899360.0000,PASS,93,QUALIFIED,-3.8064,2.5088,0.2553,0.0871,830.0000,0.0180,35.5088,19.5410,0.7031,0.2637,0,1,1
cold#238,SAFETY_LIMITED,BASELINE_V4,32.0000,1.0000,600000.0000,180.0000,120.0000,8.0000,20.0000,0.1000,-0.0509,0.3472,0.5258,0.3882,-1,5161.9000,0,0,26912000.0000,FAIL,0,UNLEARNED,nan,nan,nan,nan,-1.0000,0.0300,45.0000,0.0000,0.0000,2.0000,0,0,0
cold#238,SAFETY_LIMITED,ADAPTIVE_V1,32.0000,1.0000,600000.0000,180.0000,120.0000,8.0000,20.0000,0.1000,0.0842,0.0329,0.0694,0.1494,3873,3517.2000,0,0,28694400.0000,PASS,93,QUALIFIED,-4.2620,1.5365,0.7346,-0.2531,1244.0000,0.0255,129.5365,14.2346,3.1602,0.1058,0,1,0
cold#242,REACHABLE,BASELINE_V4,32.0000,1.2000,1600000.0000,300.0000,5.0000,30.0000,20.0000,0.1000,-0.1153,0.1842,0.2333,0.1197,-1,4517.7000,0,0,52053120.0000,FAIL,0,UNLEARNED,nan,nan,nan,nan,-1.0000,0.0300,45.0000,0.0000,0.0000,2.0000,0,0,0
cold#242,REACHABLE,ADAPTIVE_V1,32.0000,1.2000,1600000.0000,300.0000,5.0000,30.0000,20.0000,0.1000,0.0751,0.0242,0.0490,0.1023,7005,2673.8000,0,0,53986560.0000,PASS,71,QUALIFIED,-2.5121,-1.8184,0.9491,0.0136,1316.0000,0.0117,33.1816,19.6991,0.4336,0.0725,28,2,2
cold#246,REACHABLE,BASELINE_V4,32.0000,0.7000,1600000.0000,300.0000,30.0000,3.0000,20.0000,0.1000,-0.1792,0.2858,0.3368,0.1602,-1,-1.0000,0,0,47611200.0000,FAIL,0,UNLEARNED,nan,nan,nan,nan,-1.0000,0.0300,45.0000,0.0000,0.0000,2.0000,0,0,0
cold#246,REACHABLE,ADAPTIVE_V1,32.0000,0.7000,1600000.0000,300.0000,30.0000,3.0000,20.0000,0.1000,-0.0165,0.1633,0.4057,0.3945,-1,3804.7000,0,0,51330720.0000,FAIL,29,DEGRADED,77.6244,1.5944,-1.0842,0.2391,1872.0000,0.0124,34.5944,31.0586,0.4701,0.9752,0,2,3
cold#250,REACHABLE,BASELINE_V4,32.0000,1.0000,1600000.0000,300.0000,120.0000,8.0000,20.0000,0.1000,-0.2966,0.4491,0.5562,0.2564,-1,-1.0000,0,0,46880000.0000,FAIL,0,UNLEARNED,nan,nan,nan,nan,-1.0000,0.0300,45.0000,0.0000,0.0000,2.0000,0,0,0
cold#250,REACHABLE,ADAPTIVE_V1,32.0000,1.0000,1600000.0000,300.0000,120.0000,8.0000,20.0000,0.1000,-0.2883,0.7813,0.9001,0.2918,-1,-1.0000,0,0,48731200.0000,FAIL,92,QUALIFIED,-8.0741,1.2540,-4.6480,-0.1441,1902.0000,0.0092,129.2540,17.8520,1.1359,0.2882,0,2,1
cold#254,SAFETY_LIMITED,BASELINE_V4,32.0000,1.2000,180000.0000,120.0000,5.0000,30.0000,25.0000,0.1000,-0.0102,0.1525,0.2647,0.2554,-1,713.9000,0,0,9993600.0000,FAIL,0,UNLEARNED,nan,nan,nan,nan,-1.0000,0.0300,45.0000,0.0000,0.0000,2.0000,0,0,0
cold#254,SAFETY_LIMITED,ADAPTIVE_V1,32.0000,1.2000,180000.0000,120.0000,5.0000,30.0000,25.0000,0.1000,0.0768,0.0287,0.0520,0.1189,1371,713.9000,0,0,10212480.0000,PASS,59,LEARNING,-79.0114,90.1595,-0.0133,-1.0503,-1.0000,0.0224,125.1595,4.3617,2.6830,0.0152,22,0,0
cold#258,REACHABLE,BASELINE_V4,32.0000,0.7000,180000.0000,120.0000,30.0000,3.0000,25.0000,0.1000,0.0610,0.2010,0.3500,0.4192,-1,1662.2000,0,0,9858240.0000,FAIL,0,UNLEARNED,nan,nan,nan,nan,-1.0000,0.0300,45.0000,0.0000,0.0000,2.0000,0,0,0
cold#258,REACHABLE,ADAPTIVE_V1,32.0000,0.7000,180000.0000,120.0000,30.0000,3.0000,25.0000,0.1000,0.0844,0.0252,0.0575,0.1286,1793,1792.7000,0,0,10086720.0000,PASS,63,QUALIFIED,-30.4073,17.0000,-0.1167,0.2070,1754.0000,0.0433,50.0000,7.3833,2.2604,0.0686,0,1,0
cold#262,SAFETY_LIMITED,BASELINE_V4,32.0000,1.0000,180000.0000,120.0000,120.0000,8.0000,25.0000,0.1000,0.1436,0.3862,0.7107,0.8356,-1,2341.2000,0,0,9547200.0000,FAIL,0,UNLEARNED,nan,nan,nan,nan,-1.0000,0.0300,45.0000,0.0000,0.0000,2.0000,0,0,0
cold#262,SAFETY_LIMITED,ADAPTIVE_V1,32.0000,1.0000,180000.0000,120.0000,120.0000,8.0000,25.0000,0.1000,-0.2805,0.5966,0.9003,0.6446,-1,-1.0000,0,0,9360000.0000,FAIL,54,LEARNING,-2.0600,2.8035,-5.2500,-0.5022,-1.0000,0.0871,130.8035,0.0000,10.8755,0.0372,0,0,0
cold#266,REACHABLE,BASELINE_V4,32.0000,1.2000,600000.0000,180.0000,5.0000,30.0000,25.0000,0.1000,-0.0053,0.0895,0.1508,0.1488,-1,1655.7000,0,0,16963200.0000,FAIL,0,UNLEARNED,nan,nan,nan,nan,-1.0000,0.0300,45.0000,0.0000,0.0000,2.0000,0,0,0
cold#266,REACHABLE,ADAPTIVE_V1,32.0000,1.2000,600000.0000,180.0000,5.0000,30.0000,25.0000,0.1000,-0.0088,0.0528,0.0809,0.0737,1218,1023.7000,0,0,17193600.0000,PASS,88,QUALIFIED,-37.3010,-3.5995,-0.3457,-0.4085,650.0000,0.0201,31.4005,6.2168,0.7115,0.2619,0,1,0
cold#270,REACHABLE,BASELINE_V4,32.0000,0.7000,600000.0000,180.0000,30.0000,3.0000,25.0000,0.1000,-0.0735,0.1488,0.1900,0.1170,-1,2627.1000,0,0,16464000.0000,FAIL,0,UNLEARNED,nan,nan,nan,nan,-1.0000,0.0300,45.0000,0.0000,0.0000,2.0000,0,0,0
cold#270,REACHABLE,ADAPTIVE_V1,32.0000,0.7000,600000.0000,180.0000,30.0000,3.0000,25.0000,0.1000,0.0697,0.0320,0.0332,0.0034,2069,1447.6000,0,0,17062080.0000,PASS,99,QUALIFIED,-6.2955,3.6609,-0.0941,0.0871,658.0000,0.0175,36.6609,11.1559,0.7031,0.0035,16,1,0
cold#274,SAFETY_LIMITED,BASELINE_V4,32.0000,1.0000,600000.0000,180.0000,120.0000,8.0000,25.0000,0.1000,0.0329,0.1903,0.3617,0.3837,-1,2871.8000,0,0,16371200.0000,FAIL,0,UNLEARNED,nan,nan,nan,nan,-1.0000,0.0300,45.0000,0.0000,0.0000,2.0000,0,0,0
cold#274,SAFETY_LIMITED,ADAPTIVE_V1,32.0000,1.0000,600000.0000,180.0000,120.0000,8.0000,25.0000,0.1000,0.0863,0.0199,0.0227,0.0090,3409,3047.2000,0,0,16948800.0000,PASS,99,QUALIFIED,-7.3281,0.2661,0.0312,-0.3826,806.0000,0.0247,128.2661,7.9062,3.0307,0.0020,0,1,0
cold#278,REACHABLE,BASELINE_V4,32.0000,1.2000,1600000.0000,300.0000,5.0000,30.0000,25.0000,0.1000,-0.2129,0.2332,0.2484,0.0365,-1,-1.0000,0,0,30576000.0000,FAIL,0,UNLEARNED,nan,nan,nan,nan,-1.0000,0.0300,45.0000,0.0000,0.0000,2.0000,0,0,0
cold#278,REACHABLE,ADAPTIVE_V1,32.0000,1.2000,1600000.0000,300.0000,5.0000,30.0000,25.0000,0.1000,-0.1122,0.1374,0.1546,0.0428,-1,2033.5000,0,0,31766400.0000,FAIL,80,QUALIFIED,-35.2751,-3.8536,-0.5606,-0.1464,788.0000,0.0078,31.1464,10.3769,0.2736,0.6278,0,1,0
cold#282,REACHABLE,BASELINE_V4,32.0000,0.7000,1600000.0000,300.0000,30.0000,3.0000,25.0000,0.1000,-0.2006,0.2479,0.2666,0.0555,-1,-1.0000,0,0,29198400.0000,FAIL,0,UNLEARNED,nan,nan,nan,nan,-1.0000,0.0300,45.0000,0.0000,0.0000,2.0000,0,0,0
cold#282,REACHABLE,ADAPTIVE_V1,32.0000,0.7000,1600000.0000,300.0000,30.0000,3.0000,25.0000,0.1000,0.0616,0.0323,0.0522,0.1132,8845,2168.6000,0,0,31631040.0000,PASS,79,QUALIFIED,46.5939,1.7869,0.0822,0.1642,666.0000,0.0103,34.7869,18.8322,0.3952,0.0067,0,2,2
cold#286,REACHABLE,BASELINE_V4,32.0000,1.0000,1600000.0000,300.0000,120.0000,8.0000,25.0000,0.1000,0.0901,0.1605,0.2695,0.3756,-1,4399.2000,0,0,29608000.0000,FAIL,0,UNLEARNED,nan,nan,nan,nan,-1.0000,0.0300,45.0000,0.0000,0.0000,2.0000,0,0,0
cold#286,REACHABLE,ADAPTIVE_V1,32.0000,1.0000,1600000.0000,300.0000,120.0000,8.0000,25.0000,0.1000,-0.0039,0.0719,0.1141,0.1022,3765,2998.7000,0,0,31161600.0000,PASS,93,QUALIFIED,-4.6625,2.0471,0.3740,-0.0955,1044.0000,0.0095,130.0471,13.4990,1.1845,0.2688,0,2,0
cold#290,SAFETY_LIMITED,BASELINE_V4,32.0000,1.2000,180000.0000,120.0000,5.0000,30.0000,28.0000,0.1000,0.0454,0.0593,0.1225,0.1590,575,464.9000,0,0,5806080.0000,PASS,0,UNLEARNED,nan,nan,nan,nan,-1.0000,0.0300,45.0000,0.0000,0.0000,2.0000,0,0,0
cold#290,SAFETY_LIMITED,ADAPTIVE_V1,32.0000,1.2000,180000.0000,120.0000,5.0000,30.0000,28.0000,0.1000,0.0454,0.0593,0.1225,0.1590,575,464.9000,0,0,5806080.0000,PASS,38,LEARNING,-71.8750,10.0000,-0.1969,-2.3023,-1.0000,0.0300,45.0000,2.3031,1.4310,0.1564,0,0,0
cold#294,REACHABLE,BASELINE_V4,32.0000,0.7000,180000.0000,120.0000,30.0000,3.0000,28.0000,0.1000,0.0651,0.1444,0.2324,0.3031,-1,949.0000,0,0,5638080.0000,FAIL,0,UNLEARNED,nan,nan,nan,nan,-1.0000,0.0300,45.0000,0.0000,0.0000,2.0000,0,0,0
cold#294,REACHABLE,ADAPTIVE_V1,32.0000,0.7000,180000.0000,120.0000,30.0000,3.0000,28.0000,0.1000,0.0924,0.0806,0.1435,0.2409,6662,949.0000,0,0,5725440.0000,PASS,38,LEARNING,-51.7857,12.0000,-0.2990,-0.6223,-1.0000,0.0300,45.0000,3.9867,1.4310,0.1660,0,0,0
cold#298,SAFETY_LIMITED,BASELINE_V4,32.0000,1.0000,180000.0000,120.0000,120.0000,8.0000,28.0000,0.1000,0.1531,0.2294,0.4122,0.5782,-1,7748.0000,0,0,5307200.0000,FAIL,0,UNLEARNED,nan,nan,nan,nan,-1.0000,0.0300,45.0000,0.0000,0.0000,2.0000,0,0,0
cold#298,SAFETY_LIMITED,ADAPTIVE_V1,32.0000,1.0000,180000.0000,120.0000,120.0000,8.0000,28.0000,0.1000,0.1473,0.1911,0.4080,0.5728,-1,7748.0000,0,0,5331200.0000,FAIL,53,LEARNING,-83.2609,32.0000,-0.3000,-10.0499,-1.0000,0.0149,160.0000,2.7000,1.3278,0.8721,0,0,0
cold#302,REACHABLE,BASELINE_V4,32.0000,1.2000,600000.0000,180.0000,5.0000,30.0000,28.0000,0.1000,-0.0189,0.0574,0.0906,0.0735,1154,1153.2000,0,0,9738240.0000,PASS,0,UNLEARNED,nan,nan,nan,nan,-1.0000,0.0300,45.0000,0.0000,0.0000,2.0000,0,0,0
cold#302,REACHABLE,ADAPTIVE_V1,32.0000,1.2000,600000.0000,180.0000,5.0000,30.0000,28.0000,0.1000,0.0680,0.0258,0.0480,0.1031,1154,1153.2000,0,0,9870720.0000,PASS,64,QUALIFIED,-40.8152,-3.9517,0.0099,-0.4544,1698.0000,0.0189,31.0483,3.7599,0.6656,0.0313,79,1,0
cold#306,REACHABLE,BASELINE_V4,32.0000,0.7000,600000.0000,180.0000,30.0000,3.0000,28.0000,0.1000,-0.0655,0.1514,0.1978,0.1296,-1,1890.7000,0,0,9397920.0000,FAIL,0,UNLEARNED,nan,nan,nan,nan,-1.0000,0.0300,45.0000,0.0000,0.0000,2.0000,0,0,0
cold#306,REACHABLE,ADAPTIVE_V1,32.0000,0.7000,600000.0000,180.0000,30.0000,3.0000,28.0000,0.1000,0.0063,0.0969,0.1285,0.1154,1914,1913.9000,0,0,9508800.0000,PASS,73,QUALIFIED,-7.5549,1.5470,-0.2067,0.0448,1894.0000,0.0173,34.5470,6.2219,0.6608,0.0405,35,1,0
cold#310,SAFETY_LIMITED,BASELINE_V4,32.0000,1.0000,600000.0000,180.0000,120.0000,8.0000,28.0000,0.1000,0.0656,0.1054,0.2163,0.2840,-1,2403.0000,0,0,9350400.0000,FAIL,0,UNLEARNED,nan,nan,nan,nan,-1.0000,0.0300,45.0000,0.0000,0.0000,2.0000,0,0,0
cold#310,SAFETY_LIMITED,ADAPTIVE_V1,32.0000,1.0000,600000.0000,180.0000,120.0000,8.0000,28.0000,0.1000,0.0109,0.0596,0.1060,0.1188,3023,2073.3000,0,0,9595200.0000,PASS,94,QUALIFIED,-15.1235,-0.1747,0.1846,-0.6465,880.0000,0.0226,127.8253,4.6846,2.7668,0.1013,0,1,0
cold#314,REACHABLE,BASELINE_V4,32.0000,1.2000,1600000.0000,300.0000,5.0000,30.0000,28.0000,0.1000,-0.0219,0.0638,0.0860,0.0533,3030,1950.1000,0,0,18051840.0000,PASS,0,UNLEARNED,nan,nan,nan,nan,-1.0000,0.0300,45.0000,0.0000,0.0000,2.0000,0,0,0
cold#314,REACHABLE,ADAPTIVE_V1,32.0000,1.2000,1600000.0000,300.0000,5.0000,30.0000,28.0000,0.1000,0.0693,0.0183,0.0354,0.0766,1815,1814.2000,0,0,18385920.0000,PASS,75,QUALIFIED,-41.8725,-4.2951,-0.4000,-0.1770,1896.0000,0.0070,30.7049,5.8500,0.2430,0.0036,46,1,0
cold#318,REACHABLE,BASELINE_V4,32.0000,0.7000,1600000.0000,300.0000,30.0000,3.0000,28.0000,0.1000,-0.0124,0.0808,0.1113,0.0941,2934,2933.4000,0,0,17530240.0000,PASS,0,UNLEARNED,nan,nan,nan,nan,-1.0000,0.0300,45.0000,0.0000,0.0000,2.0000,0,0,0
cold#318,REACHABLE,ADAPTIVE_V1,32.0000,0.7000,1600000.0000,300.0000,30.0000,3.0000,28.0000,0.1000,0.0691,0.0292,0.0500,0.1062,1540,1539.7000,0,0,18261600.0000,PASS,72,QUALIFIED,68.4875,0.5613,-0.5128,0.2102,886.0000,0.0118,33.5613,10.2015,0.4412,0.0108,36,1,1
cold#322,REACHABLE,BASELINE_V4,32.0000,1.0000,1600000.0000,300.0000,120.0000,8.0000,28.0000,0.1000,0.0481,0.0850,0.1657,0.2155,-1,2949.8000,0,0,17252800.0000,FAIL,0,UNLEARNED,nan,nan,nan,nan,-1.0000,0.0300,45.0000,0.0000,0.0000,2.0000,0,0,0
cold#322,REACHABLE,ADAPTIVE_V1,32.0000,1.0000,1600000.0000,300.0000,120.0000,8.0000,28.0000,0.1000,0.1614,0.0626,0.0888,0.0740,2672,1558.1000,0,0,18324800.0000,PASS,96,QUALIFIED,-3.8451,-2.4544,-0.4001,-0.1243,784.0000,0.0096,125.5456,7.0999,1.1557,0.1549,24,1,0
cold#326,COOLING_REQUIRED,BASELINE_V4,32.0000,1.2000,180000.0000,120.0000,5.0000,30.0000,35.0000,0.1000,3.0000,3.0000,3.0000,0.0000,-1,0.0000,0,0,0.0000,FAIL,0,UNLEARNED,nan,nan,nan,nan,-1.0000,0.0300,45.0000,0.0000,0.0000,2.0000,0,0,0
cold#326,COOLING_REQUIRED,ADAPTIVE_V1,32.0000,1.2000,180000.0000,120.0000,5.0000,30.0000,35.0000,0.1000,3.0000,3.0000,3.0000,0.0000,-1,0.0000,0,0,0.0000,FAIL,18,LEARNING,-71.8750,10.0000,0.0000,-2.3023,-1.0000,0.0300,45.0000,0.0000,1.4310,0.0000,0,0,0
cold#330,COOLING_REQUIRED,BASELINE_V4,32.0000,0.7000,180000.0000,120.0000,30.0000,3.0000,35.0000,0.1000,3.0000,3.0000,3.0000,0.0000,-1,0.0000,0,0,0.0000,FAIL,0,UNLEARNED,nan,nan,nan,nan,-1.0000,0.0300,45.0000,0.0000,0.0000,2.0000,0,0,0
cold#330,COOLING_REQUIRED,ADAPTIVE_V1,32.0000,0.7000,180000.0000,120.0000,30.0000,3.0000,35.0000,0.1000,3.0000,3.0000,3.0000,0.0000,-1,0.0000,0,0,0.0000,FAIL,18,LEARNING,-51.7857,12.0000,0.0000,-0.6223,-1.0000,0.0300,45.0000,0.0000,1.4310,0.0000,0,0,0
cold#334,COOLING_REQUIRED,BASELINE_V4,32.0000,1.0000,180000.0000,120.0000,120.0000,8.0000,35.0000,0.1000,3.0000,3.0000,3.0000,0.0000,-1,0.0000,0,0,0.0000,FAIL,0,UNLEARNED,nan,nan,nan,nan,-1.0000,0.0300,45.0000,0.0000,0.0000,2.0000,0,0,0
cold#334,COOLING_REQUIRED,ADAPTIVE_V1,32.0000,1.0000,180000.0000,120.0000,120.0000,8.0000,35.0000,0.1000,3.0000,3.0000,3.0000,0.0000,-1,0.0000,0,0,0.0000,FAIL,18,LEARNING,-66.2500,-83.0000,0.0000,-9.9468,-1.0000,0.0300,45.0000,0.0000,1.4310,0.0000,0,0,0
cold#338,COOLING_REQUIRED,BASELINE_V4,32.0000,1.2000,600000.0000,180.0000,5.0000,30.0000,35.0000,0.1000,3.0000,3.0000,3.0000,0.0000,-1,0.0000,0,0,0.0000,FAIL,0,UNLEARNED,nan,nan,nan,nan,-1.0000,0.0300,45.0000,0.0000,0.0000,2.0000,0,0,0
cold#338,COOLING_REQUIRED,ADAPTIVE_V1,32.0000,1.2000,600000.0000,180.0000,5.0000,30.0000,35.0000,0.1000,3.0000,3.0000,3.0000,0.0000,-1,0.0000,0,0,0.0000,FAIL,18,LEARNING,-6.2500,10.0000,0.0000,0.3110,-1.0000,0.0300,45.0000,0.0000,1.4310,0.0000,0,0,0
cold#342,COOLING_REQUIRED,BASELINE_V4,32.0000,0.7000,600000.0000,180.0000,30.0000,3.0000,35.0000,0.1000,3.0000,3.0000,3.0000,0.0000,-1,0.0000,0,0,0.0000,FAIL,0,UNLEARNED,nan,nan,nan,nan,-1.0000,0.0300,45.0000,0.0000,0.0000,2.0000,0,0,0
cold#342,COOLING_REQUIRED,ADAPTIVE_V1,32.0000,0.7000,600000.0000,180.0000,30.0000,3.0000,35.0000,0.1000,3.0000,3.0000,3.0000,0.0000,-1,0.0000,0,0,0.0000,FAIL,18,LEARNING,60.7143,12.0000,0.0000,0.8150,-1.0000,0.0300,45.0000,0.0000,1.4310,0.0000,0,0,0
cold#346,COOLING_REQUIRED,BASELINE_V4,32.0000,1.0000,600000.0000,180.0000,120.0000,8.0000,35.0000,0.1000,3.0000,3.0000,3.0000,0.0000,-1,0.0000,0,0,0.0000,FAIL,0,UNLEARNED,nan,nan,nan,nan,-1.0000,0.0300,45.0000,0.0000,0.0000,2.0000,0,0,0
cold#346,COOLING_REQUIRED,ADAPTIVE_V1,32.0000,1.0000,600000.0000,180.0000,120.0000,8.0000,35.0000,0.1000,3.0000,3.0000,3.0000,0.0000,-1,0.0000,0,0,0.0000,FAIL,18,LEARNING,12.5000,-83.0000,0.0000,-1.9823,-1.0000,0.0300,45.0000,0.0000,1.4310,0.0000,0,0,0
cold#350,COOLING_REQUIRED,BASELINE_V4,32.0000,1.2000,1600000.0000,300.0000,5.0000,30.0000,35.0000,0.1000,3.0000,3.0000,3.0000,0.0000,-1,0.0000,0,0,0.0000,FAIL,0,UNLEARNED,nan,nan,nan,nan,-1.0000,0.0300,45.0000,0.0000,0.0000,2.0000,0,0,0
cold#350,COOLING_REQUIRED,ADAPTIVE_V1,32.0000,1.2000,1600000.0000,300.0000,5.0000,30.0000,35.0000,0.1000,3.0000,3.0000,3.0000,0.0000,-1,0.0000,0,0,0.0000,FAIL,18,LEARNING,150.0000,10.0000,0.0000,1.0110,-1.0000,0.0300,45.0000,0.0000,1.4310,0.0000,0,0,0
cold#354,COOLING_REQUIRED,BASELINE_V4,32.0000,0.7000,1600000.0000,300.0000,30.0000,3.0000,35.0000,0.1000,3.0000,3.0000,3.0000,0.0000,-1,0.0000,0,0,0.0000,FAIL,0,UNLEARNED,nan,nan,nan,nan,-1.0000,0.0300,45.0000,0.0000,0.0000,2.0000,0,0,0
cold#354,COOLING_REQUIRED,ADAPTIVE_V1,32.0000,0.7000,1600000.0000,300.0000,30.0000,3.0000,35.0000,0.1000,3.0000,3.0000,3.0000,0.0000,-1,0.0000,0,0,0.0000,FAIL,18,LEARNING,328.5714,12.0000,0.0000,1.2000,-1.0000,0.0300,45.0000,0.0000,1.4310,0.0000,0,0,0
cold#358,COOLING_REQUIRED,BASELINE_V4,32.0000,1.0000,1600000.0000,300.0000,120.0000,8.0000,35.0000,0.1000,3.0000,3.0000,3.0000,0.0000,-1,0.0000,0,0,0.0000,FAIL,0,UNLEARNED,nan,nan,nan,nan,-1.0000,0.0300,45.0000,0.0000,0.0000,2.0000,0,0,0
cold#358,COOLING_REQUIRED,ADAPTIVE_V1,32.0000,1.0000,1600000.0000,300.0000,120.0000,8.0000,35.0000,0.1000,3.0000,3.0000,3.0000,0.0000,-1,0.0000,0,0,0.0000,FAIL,18,LEARNING,200.0000,-83.0000,0.0000,0.1510,-1.0000,0.0300,45.0000,0.0000,1.4310,0.0000,0,0,0
cold#362,SAFETY_LIMITED,BASELINE_V4,35.0000,1.2000,180000.0000,120.0000,5.0000,30.0000,10.0000,0.1000,-0.0862,0.3722,0.6105,0.5012,-1,2357.8000,0,0,35500800.0000,FAIL,0,UNLEARNED,nan,nan,nan,nan,-1.0000,0.0300,45.0000,0.0000,0.0000,2.0000,0,0,0
cold#362,SAFETY_LIMITED,ADAPTIVE_V1,35.0000,1.2000,180000.0000,120.0000,5.0000,30.0000,10.0000,0.1000,-0.0293,0.3633,0.6602,0.5737,-1,2203.0000,0,0,35733120.0000,FAIL,31,DEGRADED,-24.1740,-0.0000,0.1834,-0.5993,660.0000,0.0809,35.0000,15.8084,3.1340,0.0529,0,1,2
cold#366,REACHABLE,BASELINE_V4,35.0000,0.7000,180000.0000,120.0000,30.0000,3.0000,10.0000,0.1000,-1.8666,2.2840,2.6692,0.8387,-1,-1.0000,0,0,32578560.0000,FAIL,0,UNLEARNED,nan,nan,nan,nan,-1.0000,0.0300,45.0000,0.0000,0.0000,2.0000,0,0,0
cold#366,REACHABLE,ADAPTIVE_V1,35.0000,0.7000,180000.0000,120.0000,30.0000,3.0000,10.0000,0.1000,0.0578,0.0330,0.0339,0.0025,2082,1940.5000,0,0,35562240.0000,PASS,94,QUALIFIED,-1.2245,1.8472,-0.0357,0.3167,918.0000,0.0615,34.8472,26.7500,2.3701,0.0058,0,1,0
cold#370,SAFETY_LIMITED,BASELINE_V4,35.0000,1.0000,180000.0000,120.0000,120.0000,8.0000,10.0000,0.1000,-2.4546,3.3777,4.4357,2.1403,-1,-1.0000,0,0,31408000.0000,FAIL,0,UNLEARNED,nan,nan,nan,nan,-1.0000,0.0300,45.0000,0.0000,0.0000,2.0000,0,0,0
cold#370,SAFETY_LIMITED,ADAPTIVE_V1,35.0000,1.0000,180000.0000,120.0000,120.0000,8.0000,10.0000,0.1000,-0.0865,0.9995,1.8063,1.5472,-1,4583.3000,0,0,34684800.0000,FAIL,99,QUALIFIED,-2.9362,0.9198,-0.3042,-0.7443,878.0000,0.0863,128.9198,18.4458,10.6334,0.0334,0,2,0
cold#374,REACHABLE,BASELINE_V4,35.0000,1.2000,600000.0000,180.0000,5.0000,30.0000,10.0000,0.1000,-0.1933,0.3935,0.6029,0.4253,-1,-1.0000,0,0,58521600.0000,FAIL,0,UNLEARNED,nan,nan,nan,nan,-1.0000,0.0300,45.0000,0.0000,0.0000,2.0000,0,0,0
cold#374,REACHABLE,ADAPTIVE_V1,35.0000,1.2000,600000.0000,180.0000,5.0000,30.0000,10.0000,0.1000,-0.0265,0.0677,0.1041,0.0933,5075,4315.0000,0,0,59114880.0000,PASS,57,LEARNING,-10.8520,-3.7486,0.2096,-0.1122,-1.0000,0.0285,31.2514,23.6471,1.0078,0.0459,0,0,0
cold#378,REACHABLE,BASELINE_V4,35.0000,0.7000,600000.0000,180.0000,30.0000,3.0000,10.0000,0.1000,-3.5319,3.7148,3.8892,0.3837,-1,-1.0000,0,0,49337120.0000,FAIL,0,UNLEARNED,nan,nan,nan,nan,-1.0000,0.0300,45.0000,0.0000,0.0000,2.0000,0,0,0
cold#378,REACHABLE,ADAPTIVE_V1,35.0000,0.7000,600000.0000,180.0000,30.0000,3.0000,10.0000,0.1000,0.0673,0.0322,0.0396,0.0154,6331,6330.6000,0,0,55196960.0000,PASS,90,QUALIFIED,-4.2448,1.7411,0.0822,0.0716,5212.0000,0.0179,34.7411,40.2608,0.6876,0.0047,0,2,0
cold#382,SAFETY_LIMITED,BASELINE_V4,35.0000,1.0000,600000.0000,180.0000,120.0000,8.0000,10.0000,0.1000,-5.2298,5.5563,5.9689,0.7687,-1,-1.0000,0,0,46752000.0000,FAIL,0,UNLEARNED,nan,nan,nan,nan,-1.0000,0.0300,45.0000,0.0000,0.0000,2.0000,0,0,0
cold#382,SAFETY_LIMITED,ADAPTIVE_V1,35.0000,1.0000,600000.0000,180.0000,120.0000,8.0000,10.0000,0.1000,0.0560,0.0541,0.1138,0.1865,7361,5998.6000,0,0,58078400.0000,PASS,93,QUALIFIED,-5.5050,1.1247,-0.4627,-0.3035,2060.0000,0.0252,129.1247,27.6623,3.1098,0.1257,0,2,0
cold#386,REACHABLE,BASELINE_V4,35.0000,1.2000,1600000.0000,300.0000,5.0000,30.0000,10.0000,0.1000,-0.2054,0.2786,0.3284,0.1246,-1,-1.0000,0,0,104031360.0000,FAIL,0,UNLEARNED,nan,nan,nan,nan,-1.0000,0.0300,45.0000,0.0000,0.0000,2.0000,0,0,0
cold#386,REACHABLE,ADAPTIVE_V1,35.0000,1.2000,1600000.0000,300.0000,5.0000,30.0000,10.0000,0.1000,-0.0416,0.0582,0.0700,0.0293,7227,7137.8000,0,0,104711040.0000,PASS,58,LEARNING,-41.9275,-7.2633,-0.3786,-0.1959,7494.0000,0.0070,27.7367,38.6839,0.2241,0.5748,0,1,0
cold#390,REACHABLE,BASELINE_V4,35.0000,0.7000,1600000.0000,300.0000,30.0000,3.0000,10.0000,0.1000,-0.3822,0.5198,0.9433,0.7052,-1,-1.0000,0,0,93854880.0000,FAIL,0,UNLEARNED,nan,nan,nan,nan,-1.0000,0.0300,45.0000,0.0000,0.0000,2.0000,0,0,0
cold#390,REACHABLE,ADAPTIVE_V1,35.0000,0.7000,1600000.0000,300.0000,30.0000,3.0000,10.0000,0.1000,-0.3217,0.7447,1.3657,1.1467,-1,-1.0000,0,0,93811200.0000,FAIL,53,LEARNING,-35.2460,5.7430,8.6002,-0.0402,-1.0000,0.0045,38.7430,75.5645,0.1908,1.0079,0,0,0
cold#394,REACHABLE,BASELINE_V4,35.0000,1.0000,1600000.0000,300.0000,120.0000,8.0000,10.0000,0.1000,-5.9084,6.5304,7.0556,1.3749,-1,-1.0000,0,0,76670400.0000,FAIL,0,UNLEARNED,nan,nan,nan,nan,-1.0000,0.0300,45.0000,0.0000,0.0000,2.0000,0,0,0
cold#394,REACHABLE,ADAPTIVE_V1,35.0000,1.0000,1600000.0000,300.0000,120.0000,8.0000,10.0000,0.1000,0.0231,0.0439,0.0886,0.1237,7849,6875.2000,0,0,105913600.0000,PASS,93,QUALIFIED,-9.0175,1.4861,-0.4891,-0.1542,984.0000,0.0091,129.4861,46.3859,1.1258,0.2740,0,2,0
cold#398,SAFETY_LIMITED,BASELINE_V4,35.0000,1.2000,180000.0000,120.0000,5.0000,30.0000,20.0000,0.1000,-0.0192,0.2372,0.4285,0.4136,-1,1657.6000,0,0,21400320.0000,FAIL,0,UNLEARNED,nan,nan,nan,nan,-1.0000,0.0300,45.0000,0.0000,0.0000,2.0000,0,0,0
cold#398,SAFETY_LIMITED,ADAPTIVE_V1,35.0000,1.2000,180000.0000,120.0000,5.0000,30.0000,20.0000,0.1000,0.0706,0.0243,0.0463,0.0580,1076,967.2000,0,0,21820800.0000,PASS,90,QUALIFIED,-43.6635,-2.8807,0.0380,-1.5636,644.0000,0.0601,32.1193,9.4130,2.1698,0.0026,66,1,0
cold#402,REACHABLE,BASELINE_V4,35.0000,0.7000,180000.0000,120.0000,30.0000,3.0000,20.0000,0.1000,-0.1756,0.5043,0.7254,0.5328,-1,-1.0000,0,0,20689760.0000,FAIL,0,UNLEARNED,nan,nan,nan,nan,-1.0000,0.0300,45.0000,0.0000,0.0000,2.0000,0,0,0
cold#402,REACHABLE,ADAPTIVE_V1,35.0000,0.7000,180000.0000,120.0000,30.0000,3.0000,20.0000,0.1000,0.0049,0.0682,0.0794,0.0743,1573,1264.0000,0,0,21536480.0000,PASS,98,QUALIFIED,-2.8999,2.2165,-0.0718,0.2966,644.0000,0.0604,35.2165,15.9997,2.3499,0.0077,0,1,0
cold#406,SAFETY_LIMITED,BASELINE_V4,35.0000,1.0000,180000.0000,120.0000,120.0000,8.0000,20.0000,0.1000,-1.1673,2.0449,2.6514,1.2142,-1,-1.0000,0,0,18988800.0000,FAIL,0,UNLEARNED,nan,nan,nan,nan,-1.0000,0.0300,45.0000,0.0000,0.0000,2.0000,0,0,0
cold#406,SAFETY_LIMITED,ADAPTIVE_V1,35.0000,1.0000,180000.0000,120.0000,120.0000,8.0000,20.0000,0.1000,-0.1157,0.3322,0.5610,0.5128,-1,8379.3000,0,0,21081600.0000,FAIL,97,QUALIFIED,-1.5146,2.0135,-0.2701,-0.5039,942.0000,0.0875,130.0135,10.9799,10.8739,0.0271,0,1,0
cold#410,REACHABLE,BASELINE_V4,35.0000,1.2000,600000.0000,180.0000,5.0000,30.0000,20.0000,0.1000,-0.0963,0.2510,0.3798,0.2856,-1,2846.0000,0,0,35898240.0000,FAIL,0,UNLEARNED,nan,nan,nan,nan,-1.0000,0.0300,45.0000,0.0000,0.0000,2.0000,0,0,0
cold#410,REACHABLE,ADAPTIVE_V1,35.0000,1.2000,600000.0000,180.0000,5.0000,30.0000,20.0000,0.1000,0.0716,0.0394,0.0461,0.0148,3586,1604.1000,0,0,36733440.0000,PASS,87,QUALIFIED,-26.3783,-1.4787,0.0477,-0.2396,842.0000,0.0236,33.5213,14.1102,0.8804,0.0083,0,1,1
cold#414,REACHABLE,BASELINE_V4,35.0000,0.7000,600000.0000,180.0000,30.0000,3.0000,20.0000,0.1000,-0.1819,0.3180,0.4087,0.2232,-1,-1.0000,0,0,33790400.0000,FAIL,0,UNLEARNED,nan,nan,nan,nan,-1.0000,0.0300,45.0000,0.0000,0.0000,2.0000,0,0,0
cold#414,REACHABLE,ADAPTIVE_V1,35.0000,0.7000,600000.0000,180.0000,30.0000,3.0000,20.0000,0.1000,0.0690,0.0434,0.0486,0.0130,2546,2545.2000,0,0,35831040.0000,PASS,94,QUALIFIED,-1.4140,2.6146,-0.1071,0.1064,1156.0000,0.0184,35.6146,24.0000,0.7224,0.0020,0,1,0
cold#418,SAFETY_LIMITED,BASELINE_V4,35.0000,1.0000,600000.0000,180.0000,120.0000,8.0000,20.0000,0.1000,-0.2199,0.5207,0.7234,0.4156,-1,-1.0000,0,0,32547200.0000,FAIL,0,UNLEARNED,nan,nan,nan,nan,-1.0000,0.0300,45.0000,0.0000,0.0000,2.0000,0,0,0
cold#418,SAFETY_LIMITED,ADAPTIVE_V1,35.0000,1.0000,600000.0000,180.0000,120.0000,8.0000,20.0000,0.1000,0.0832,0.0355,0.0909,0.1852,4121,4120.1000,0,0,35582400.0000,PASS,92,QUALIFIED,-5.2110,1.6253,0.7079,-0.2824,1520.0000,0.0253,129.6253,17.5829,3.1309,0.1096,0,1,0
cold#422,REACHABLE,BASELINE_V4,35.0000,1.2000,1600000.0000,300.0000,5.0000,30.0000,20.0000,0.1000,-0.1183,0.2183,0.2933,0.1683,-1,5510.1000,0,0,64327680.0000,FAIL,0,UNLEARNED,nan,nan,nan,nan,-1.0000,0.0300,45.0000,0.0000,0.0000,2.0000,0,0,0
cold#422,REACHABLE,ADAPTIVE_V1,35.0000,1.2000,1600000.0000,300.0000,5.0000,30.0000,20.0000,0.1000,0.0576,0.0455,0.0498,0.0185,7317,3276.9000,0,0,66568320.0000,PASS,84,QUALIFIED,-2.7894,-3.4874,0.0752,-0.0052,1808.0000,0.0117,31.5126,23.5127,0.4148,0.0129,0,2,2
cold#426,REACHABLE,BASELINE_V4,35.0000,0.7000,1600000.0000,300.0000,30.0000,3.0000,20.0000,0.1000,-0.2920,0.3444,0.3668,0.0633,-1,-1.0000,0,0,57889440.0000,FAIL,0,UNLEARNED,nan,nan,nan,nan,-1.0000,0.0300,45.0000,0.0000,0.0000,2.0000,0,0,0
cold#426,REACHABLE,ADAPTIVE_V1,35.0000,0.7000,1600000.0000,300.0000,30.0000,3.0000,20.0000,0.1000,-0.0289,0.0667,0.1581,0.1982,-1,4635.6000,0,0,63225120.0000,FAIL,76,QUALIFIED,50.6562,3.0420,-1.1428,0.1868,2060.0000,0.0105,36.0420,39.0358,0.4178,0.4651,0,2,2
cold#430,REACHABLE,BASELINE_V4,35.0000,1.0000,1600000.0000,300.0000,120.0000,8.0000,20.0000,0.1000,-0.4039,0.5855,0.7137,0.3305,-1,-1.0000,0,0,56328000.0000,FAIL,0,UNLEARNED,nan,nan,nan,nan,-1.0000,0.0300,45.0000,0.0000,0.0000,2.0000,0,0,0
cold#430,REACHABLE,ADAPTIVE_V1,35.0000,1.0000,1600000.0000,300.0000,120.0000,8.0000,20.0000,0.1000,-0.2843,0.8776,1.0153,0.3810,-1,-1.0000,0,0,59160000.0000,FAIL,45,DEGRADED,-7.2133,2.0875,-6.4662,-0.1269,2926.0000,0.0093,130.0875,21.6588,1.1531,0.2494,0,1,1
cold#434,SAFETY_LIMITED,BASELINE_V4,35.0000,1.2000,180000.0000,120.0000,5.0000,30.0000,25.0000,0.1000,0.0580,0.1666,0.3354,0.3944,-1,1030.6000,0,0,14371200.0000,FAIL,0,UNLEARNED,nan,nan,nan,nan,-1.0000,0.0300,45.0000,0.0000,0.0000,2.0000,0,0,0
cold#434,SAFETY_LIMITED,ADAPTIVE_V1,35.0000,1.2000,180000.0000,120.0000,5.0000,30.0000,25.0000,0.1000,0.0676,0.0220,0.0456,0.1044,1036,1035.4000,0,0,14545920.0000,PASS,64,QUALIFIED,-34.2497,-0.0000,-0.0846,-1.0192,1606.0000,0.0701,35.0000,6.1654,2.7142,0.0301,6,1,0
cold#438,REACHABLE,BASELINE_V4,35.0000,0.7000,180000.0000,120.0000,30.0000,3.0000,25.0000,0.1000,-0.0065,0.2843,0.4679,0.4440,-1,3284.2000,0,0,13936160.0000,FAIL,0,UNLEARNED,nan,nan,nan,nan,-1.0000,0.0300,45.0000,0.0000,0.0000,2.0000,0,0,0
cold#438,REACHABLE,ADAPTIVE_V1,35.0000,0.7000,180000.0000,120.0000,30.0000,3.0000,25.0000,0.1000,0.0952,0.0249,0.0492,0.1154,4498,3718.7000,0,0,14166880.0000,PASS,71,QUALIFIED,-2.5612,2.8302,-0.1273,0.3383,4338.0000,0.0606,35.8302,10.5870,2.3916,0.0488,8,1,0
cold#442,SAFETY_LIMITED,BASELINE_V4,35.0000,1.0000,180000.0000,120.0000,120.0000,8.0000,25.0000,0.1000,-0.4675,1.0444,1.4996,1.1019,-1,-1.0000,0,0,13065600.0000,FAIL,0,UNLEARNED,nan,nan,nan,nan,-1.0000,0.0300,45.0000,0.0000,0.0000,2.0000,0,0,0
cold#442,SAFETY_LIMITED,ADAPTIVE_V1,35.0000,1.0000,180000.0000,120.0000,120.0000,8.0000,25.0000,0.1000,-0.0082,0.1457,0.2993,0.3055,-1,3258.0000,0,0,14184000.0000,FAIL,96,QUALIFIED,1.2060,4.3784,0.0509,-0.0121,880.0000,0.0900,132.3784,7.5509,11.3657,0.0180,0,1,0
cold#446,REACHABLE,BASELINE_V4,35.0000,1.2000,600000.0000,180.0000,5.0000,30.0000,25.0000,0.1000,-0.1098,0.1450,0.1681,0.0534,-1,2118.3000,0,0,24069120.0000,FAIL,0,UNLEARNED,nan,nan,nan,nan,-1.0000,0.0300,45.0000,0.0000,0.0000,2.0000,0,0,0
cold#446,REACHABLE,ADAPTIVE_V1,35.0000,1.2000,600000.0000,180.0000,5.0000,30.0000,25.0000,0.1000,0.0622,0.0144,0.0336,0.0481,1575,1156.7000,0,0,24681600.0000,PASS,94,QUALIFIED,-34.0296,-2.8394,-0.1228,-0.3570,644.0000,0.0211,32.1606,9.2522,0.7630,0.0048,34,1,0
cold#450,REACHABLE,BASELINE_V4,35.0000,0.7000,600000.0000,180.0000,30.0000,3.0000,25.0000,0.1000,-0.1642,0.2860,0.3701,0.1985,-1,-1.0000,0,0,23069760.0000,FAIL,0,UNLEARNED,nan,nan,nan,nan,-1.0000,0.0300,45.0000,0.0000,0.0000,2.0000,0,0,0
cold#450,REACHABLE,ADAPTIVE_V1,35.0000,0.7000,600000.0000,180.0000,30.0000,3.0000,25.0000,0.1000,-0.0114,0.0534,0.0891,0.0825,2541,1519.5000,0,0,24181920.0000,PASS,92,QUALIFIED,-4.7101,3.5651,0.3268,0.0974,728.0000,0.0178,36.5651,16.3982,0.7134,0.2760,0,1,1
cold#454,SAFETY_LIMITED,BASELINE_V4,35.0000,1.0000,600000.0000,180.0000,120.0000,8.0000,25.0000,0.1000,0.0310,0.2633,0.4528,0.5258,-1,4056.6000,0,0,22795200.0000,FAIL,0,UNLEARNED,nan,nan,nan,nan,-1.0000,0.0300,45.0000,0.0000,0.0000,2.0000,0,0,0
cold#454,SAFETY_LIMITED,ADAPTIVE_V1,35.0000,1.0000,600000.0000,180.0000,120.0000,8.0000,25.0000,0.1000,0.0857,0.0121,0.0190,0.0162,3057,2684.9000,0,0,24110400.0000,PASS,97,QUALIFIED,-4.2214,1.2232,0.0494,-0.2590,986.0000,0.0255,129.2232,11.2994,3.1543,0.0024,0,1,0
cold#458,REACHABLE,BASELINE_V4,35.0000,1.2000,1600000.0000,300.0000,5.0000,30.0000,25.0000,0.1000,-0.2024,0.2494,0.2815,0.0799,-1,-1.0000,0,0,43342080.0000,FAIL,0,UNLEARNED,nan,nan,nan,nan,-1.0000,0.0300,45.0000,0.0000,0.0000,2.0000,0,0,0
cold#458,REACHABLE,ADAPTIVE_V1,35.0000,1.2000,1600000.0000,300.0000,5.0000,30.0000,25.0000,0.1000,-0.1100,0.1386,0.1588,0.0492,-1,3003.0000,0,0,44928000.0000,FAIL,81,QUALIFIED,-30.0772,-2.2011,-0.3438,-0.1119,958.0000,0.0084,32.7989,15.2812,0.3081,0.6106,0,2,0
cold#462,REACHABLE,BASELINE_V4,35.0000,0.7000,1600000.0000,300.0000,30.0000,3.0000,25.0000,0.1000,-0.1916,0.2660,0.3027,0.1127,-1,-1.0000,0,0,40574240.0000,FAIL,0,UNLEARNED,nan,nan,nan,nan,-1.0000,0.0300,45.0000,0.0000,0.0000,2.0000,0,0,0
cold#462,REACHABLE,ADAPTIVE_V1,35.0000,0.7000,1600000.0000,300.0000,30.0000,3.0000,25.0000,0.1000,0.0619,0.0412,0.0499,0.0280,7623,3179.4000,0,0,43825600.0000,PASS,91,QUALIFIED,47.5968,3.6770,-0.2908,0.1844,1362.0000,0.0103,36.6770,26.4950,0.4154,0.0743,16,2,1
cold#466,REACHABLE,BASELINE_V4,35.0000,1.0000,1600000.0000,300.0000,120.0000,8.0000,25.0000,0.1000,-0.1199,0.2806,0.3885,0.2658,-1,6711.9000,0,0,40412800.0000,FAIL,0,UNLEARNED,nan,nan,nan,nan,-1.0000,0.0300,45.0000,0.0000,0.0000,2.0000,0,0,0
cold#466,REACHABLE,ADAPTIVE_V1,35.0000,1.0000,1600000.0000,300.0000,120.0000,8.0000,25.0000,0.1000,-0.2022,0.6250,0.6840,0.2818,-1,-1.0000,0,0,41731200.0000,FAIL,81,QUALIFIED,-16.4002,-0.1544,-5.0476,-0.2579,1788.0000,0.0084,127.8456,13.7024,1.0221,0.4875,0,2,1
cold#470,SAFETY_LIMITED,BASELINE_V4,35.0000,1.2000,180000.0000,120.0000,5.0000,30.0000,28.0000,0.1000,-0.0102,0.1525,0.2647,0.2554,-1,713.9000,0,0,9993600.0000,FAIL,0,UNLEARNED,nan,nan,nan,nan,-1.0000,0.0300,45.0000,0.0000,0.0000,2.0000,0,0,0
cold#470,SAFETY_LIMITED,ADAPTIVE_V1,35.0000,1.2000,180000.0000,120.0000,5.0000,30.0000,28.0000,0.1000,0.0771,0.0238,0.0455,0.0536,1371,713.9000,0,0,10212480.0000,PASS,59,LEARNING,-79.0102,90.1667,0.0340,-1.0500,-1.0000,0.0224,125.1667,4.4090,2.6833,0.0050,8,0,0
cold#474,REACHABLE,BASELINE_V4,35.0000,0.7000,180000.0000,120.0000,30.0000,3.0000,28.0000,0.1000,0.0610,0.2010,0.3500,0.4192,-1,1662.2000,0,0,9858240.0000,FAIL,0,UNLEARNED,nan,nan,nan,nan,-1.0000,0.0300,45.0000,0.0000,0.0000,2.0000,0,0,0
cold#474,REACHABLE,ADAPTIVE_V1,35.0000,0.7000,180000.0000,120.0000,30.0000,3.0000,28.0000,0.1000,0.0830,0.0155,0.0183,0.0076,1787,1786.4000,0,0,10080000.0000,PASS,63,QUALIFIED,-30.4074,17.0000,0.0290,0.2070,1832.0000,0.0433,50.0000,7.5290,2.2604,0.0002,67,1,0
cold#478,SAFETY_LIMITED,BASELINE_V4,35.0000,1.0000,180000.0000,120.0000,120.0000,8.0000,28.0000,0.1000,0.1436,0.3891,0.7166,0.8778,-1,2341.2000,0,0,9552000.0000,FAIL,0,UNLEARNED,nan,nan,nan,nan,-1.0000,0.0300,45.0000,0.0000,0.0000,2.0000,0,0,0
cold#478,SAFETY_LIMITED,ADAPTIVE_V1,35.0000,1.0000,180000.0000,120.0000,120.0000,8.0000,28.0000,0.1000,-0.2866,0.6041,0.9092,0.6555,-1,-1.0000,0,0,9225600.0000,FAIL,53,LEARNING,-2.0601,2.8035,-5.2500,-0.5023,-1.0000,0.0871,130.8035,0.0000,10.8755,0.0603,0,0,0
cold#482,REACHABLE,BASELINE_V4,35.0000,1.2000,600000.0000,180.0000,5.0000,30.0000,28.0000,0.1000,-0.0053,0.0895,0.1508,0.1488,-1,1655.7000,0,0,16963200.0000,FAIL,0,UNLEARNED,nan,nan,nan,nan,-1.0000,0.0300,45.0000,0.0000,0.0000,2.0000,0,0,0
cold#482,REACHABLE,ADAPTIVE_V1,35.0000,1.2000,600000.0000,180.0000,5.0000,30.0000,28.0000,0.1000,-0.0095,0.0536,0.0810,0.0694,1218,1023.8000,0,0,17210880.0000,PASS,88,QUALIFIED,-37.5030,-3.5880,-0.5249,-0.4106,650.0000,0.0200,31.4120,6.0376,0.7094,0.2653,0,1,0
cold#486,REACHABLE,BASELINE_V4,35.0000,0.7000,600000.0000,180.0000,30.0000,3.0000,28.0000,0.1000,-0.1598,0.2306,0.2709,0.1116,-1,-1.0000,0,0,16293760.0000,FAIL,0,UNLEARNED,nan,nan,nan,nan,-1.0000,0.0300,45.0000,0.0000,0.0000,2.0000,0,0,0
cold#486,REACHABLE,ADAPTIVE_V1,35.0000,0.7000,600000.0000,180.0000,30.0000,3.0000,28.0000,0.1000,-0.0093,0.0457,0.0475,0.0045,4051,1670.2000,0,0,16871680.0000,PASS,84,QUALIFIED,-6.4331,1.9934,-0.0713,0.0598,1154.0000,0.0175,34.9934,11.1787,0.6758,0.0031,0,1,0
cold#490,SAFETY_LIMITED,BASELINE_V4,35.0000,1.0000,600000.0000,180.0000,120.0000,8.0000,28.0000,0.1000,0.0331,0.1878,0.3615,0.3854,-1,2871.8000,0,0,16344000.0000,FAIL,0,UNLEARNED,nan,nan,nan,nan,-1.0000,0.0300,45.0000,0.0000,0.0000,2.0000,0,0,0
cold#490,SAFETY_LIMITED,ADAPTIVE_V1,35.0000,1.0000,600000.0000,180.0000,120.0000,8.0000,28.0000,0.1000,0.0862,0.0379,0.0505,0.0932,3430,3066.0000,0,0,16910400.0000,PASS,96,QUALIFIED,-6.9158,0.2393,0.1137,-0.3697,806.0000,0.0248,128.2393,7.9887,3.0436,0.1239,24,1,0
cold#494,REACHABLE,BASELINE_V4,35.0000,1.2000,1600000.0000,300.0000,5.0000,30.0000,28.0000,0.1000,-0.1307,0.1527,0.1685,0.0369,-1,2887.8000,0,0,31038720.0000,FAIL,0,UNLEARNED,nan,nan,nan,nan,-1.0000,0.0300,45.0000,0.0000,0.0000,2.0000,0,0,0
cold#494,REACHABLE,ADAPTIVE_V1,35.0000,1.2000,1600000.0000,300.0000,5.0000,30.0000,28.0000,0.1000,-0.0320,0.0575,0.0748,0.0432,1812,1811.5000,0,0,32088960.0000,PASS,80,QUALIFIED,-32.3429,-3.5830,-0.6488,-0.1320,752.0000,0.0081,31.4170,10.2887,0.2880,0.6029,0,1,0
cold#498,REACHABLE,BASELINE_V4,35.0000,0.7000,1600000.0000,300.0000,30.0000,3.0000,28.0000,0.1000,-0.2006,0.2479,0.2666,0.0555,-1,-1.0000,0,0,29198400.0000,FAIL,0,UNLEARNED,nan,nan,nan,nan,-1.0000,0.0300,45.0000,0.0000,0.0000,2.0000,0,0,0
cold#498,REACHABLE,ADAPTIVE_V1,35.0000,0.7000,1600000.0000,300.0000,30.0000,3.0000,28.0000,0.1000,0.0662,0.0569,0.2276,0.3173,-1,2169.3000,0,0,31612000.0000,FAIL,77,QUALIFIED,43.4691,0.6096,-0.1422,0.1451,666.0000,0.0100,33.6096,18.6078,0.3761,0.0320,0,2,2
cold#502,REACHABLE,BASELINE_V4,35.0000,1.0000,1600000.0000,300.0000,120.0000,8.0000,28.0000,0.1000,0.0918,0.1598,0.2702,0.3761,-1,4399.2000,0,0,29577600.0000,FAIL,0,UNLEARNED,nan,nan,nan,nan,-1.0000,0.0300,45.0000,0.0000,0.0000,2.0000,0,0,0
cold#502,REACHABLE,ADAPTIVE_V1,35.0000,1.0000,1600000.0000,300.0000,120.0000,8.0000,28.0000,0.1000,-0.0031,0.0732,0.1161,0.1101,3775,3003.3000,0,0,31254400.0000,PASS,96,QUALIFIED,-4.7518,2.0122,-0.5389,-0.0969,1044.0000,0.0095,130.0122,12.5861,1.1831,0.1567,0,2,0
cold#506,COOLING_REQUIRED,BASELINE_V4,35.0000,1.2000,180000.0000,120.0000,5.0000,30.0000,35.0000,0.1000,0.0000,0.0000,0.0000,0.0000,1,0.0000,0,0,0.0000,PASS,0,UNLEARNED,nan,nan,nan,nan,-1.0000,0.0300,45.0000,0.0000,0.0000,2.0000,0,0,0
cold#506,COOLING_REQUIRED,ADAPTIVE_V1,35.0000,1.2000,180000.0000,120.0000,5.0000,30.0000,35.0000,0.1000,0.0000,0.0000,0.0000,0.0000,1,0.0000,0,0,0.0000,PASS,38,LEARNING,-71.8750,10.0000,0.0000,-2.3023,-1.0000,0.0300,45.0000,0.0000,1.4310,0.0000,0,0,0
cold#510,COOLING_REQUIRED,BASELINE_V4,35.0000,0.7000,180000.0000,120.0000,30.0000,3.0000,35.0000,0.1000,0.0000,0.0000,0.0000,0.0000,1,0.0000,0,0,0.0000,PASS,0,UNLEARNED,nan,nan,nan,nan,-1.0000,0.0300,45.0000,0.0000,0.0000,2.0000,0,0,0
cold#510,COOLING_REQUIRED,ADAPTIVE_V1,35.0000,0.7000,180000.0000,120.0000,30.0000,3.0000,35.0000,0.1000,0.0000,0.0000,0.0000,0.0000,1,0.0000,0,0,0.0000,PASS,38,LEARNING,-51.7857,12.0000,0.0000,-0.6223,-1.0000,0.0300,45.0000,0.0000,1.4310,0.0000,0,0,0
cold#514,COOLING_REQUIRED,BASELINE_V4,35.0000,1.0000,180000.0000,120.0000,120.0000,8.0000,35.0000,0.1000,0.0000,0.0000,0.0000,0.0000,1,0.0000,0,0,0.0000,PASS,0,UNLEARNED,nan,nan,nan,nan,-1.0000,0.0300,45.0000,0.0000,0.0000,2.0000,0,0,0
cold#514,COOLING_REQUIRED,ADAPTIVE_V1,35.0000,1.0000,180000.0000,120.0000,120.0000,8.0000,35.0000,0.1000,0.0000,0.0000,0.0000,0.0000,1,0.0000,0,0,0.0000,PASS,38,LEARNING,-66.2500,-83.0000,0.0000,-9.9468,-1.0000,0.0300,45.0000,0.0000,1.4310,0.0000,0,0,0
cold#518,COOLING_REQUIRED,BASELINE_V4,35.0000,1.2000,600000.0000,180.0000,5.0000,30.0000,35.0000,0.1000,0.0000,0.0000,0.0000,0.0000,1,0.0000,0,0,0.0000,PASS,0,UNLEARNED,nan,nan,nan,nan,-1.0000,0.0300,45.0000,0.0000,0.0000,2.0000,0,0,0
cold#518,COOLING_REQUIRED,ADAPTIVE_V1,35.0000,1.2000,600000.0000,180.0000,5.0000,30.0000,35.0000,0.1000,0.0000,0.0000,0.0000,0.0000,1,0.0000,0,0,0.0000,PASS,38,LEARNING,-6.2500,10.0000,0.0000,0.3110,-1.0000,0.0300,45.0000,0.0000,1.4310,0.0000,0,0,0
cold#522,COOLING_REQUIRED,BASELINE_V4,35.0000,0.7000,600000.0000,180.0000,30.0000,3.0000,35.0000,0.1000,0.0000,0.0000,0.0000,0.0000,1,0.0000,0,0,0.0000,PASS,0,UNLEARNED,nan,nan,nan,nan,-1.0000,0.0300,45.0000,0.0000,0.0000,2.0000,0,0,0
cold#522,COOLING_REQUIRED,ADAPTIVE_V1,35.0000,0.7000,600000.0000,180.0000,30.0000,3.0000,35.0000,0.1000,0.0000,0.0000,0.0000,0.0000,1,0.0000,0,0,0.0000,PASS,38,LEARNING,60.7143,12.0000,0.0000,0.8150,-1.0000,0.0300,45.0000,0.0000,1.4310,0.0000,0,0,0
cold#526,COOLING_REQUIRED,BASELINE_V4,35.0000,1.0000,600000.0000,180.0000,120.0000,8.0000,35.0000,0.1000,0.0000,0.0000,0.0000,0.0000,1,0.0000,0,0,0.0000,PASS,0,UNLEARNED,nan,nan,nan,nan,-1.0000,0.0300,45.0000,0.0000,0.0000,2.0000,0,0,0
cold#526,COOLING_REQUIRED,ADAPTIVE_V1,35.0000,1.0000,600000.0000,180.0000,120.0000,8.0000,35.0000,0.1000,0.0000,0.0000,0.0000,0.0000,1,0.0000,0,0,0.0000,PASS,38,LEARNING,12.5000,-83.0000,0.0000,-1.9823,-1.0000,0.0300,45.0000,0.0000,1.4310,0.0000,0,0,0
cold#530,COOLING_REQUIRED,BASELINE_V4,35.0000,1.2000,1600000.0000,300.0000,5.0000,30.0000,35.0000,0.1000,0.0000,0.0000,0.0000,0.0000,1,0.0000,0,0,0.0000,PASS,0,UNLEARNED,nan,nan,nan,nan,-1.0000,0.0300,45.0000,0.0000,0.0000,2.0000,0,0,0
cold#530,COOLING_REQUIRED,ADAPTIVE_V1,35.0000,1.2000,1600000.0000,300.0000,5.0000,30.0000,35.0000,0.1000,0.0000,0.0000,0.0000,0.0000,1,0.0000,0,0,0.0000,PASS,38,LEARNING,150.0000,10.0000,0.0000,1.0110,-1.0000,0.0300,45.0000,0.0000,1.4310,0.0000,0,0,0
cold#534,COOLING_REQUIRED,BASELINE_V4,35.0000,0.7000,1600000.0000,300.0000,30.0000,3.0000,35.0000,0.1000,0.0000,0.0000,0.0000,0.0000,1,0.0000,0,0,0.0000,PASS,0,UNLEARNED,nan,nan,nan,nan,-1.0000,0.0300,45.0000,0.0000,0.0000,2.0000,0,0,0
cold#534,COOLING_REQUIRED,ADAPTIVE_V1,35.0000,0.7000,1600000.0000,300.0000,30.0000,3.0000,35.0000,0.1000,0.0000,0.0000,0.0000,0.0000,1,0.0000,0,0,0.0000,PASS,38,LEARNING,328.5714,12.0000,0.0000,1.2000,-1.0000,0.0300,45.0000,0.0000,1.4310,0.0000,0,0,0
cold#538,COOLING_REQUIRED,BASELINE_V4,35.0000,1.0000,1600000.0000,300.0000,120.0000,8.0000,35.0000,0.1000,0.0000,0.0000,0.0000,0.0000,1,0.0000,0,0,0.0000,PASS,0,UNLEARNED,nan,nan,nan,nan,-1.0000,0.0300,45.0000,0.0000,0.0000,2.0000,0,0,0
cold#538,COOLING_REQUIRED,ADAPTIVE_V1,35.0000,1.0000,1600000.0000,300.0000,120.0000,8.0000,35.0000,0.1000,0.0000,0.0000,0.0000,0.0000,1,0.0000,0,0,0.0000,PASS,38,LEARNING,200.0000,-83.0000,0.0000,0.1510,-1.0000,0.0300,45.0000,0.0000,1.4310,0.0000,0,0,0
cold#542,SAFETY_LIMITED,BASELINE_V4,37.5000,1.2000,180000.0000,120.0000,5.0000,30.0000,10.0000,0.1000,-0.0801,0.3636,0.6710,0.6131,-1,2514.0000,0,0,38966400.0000,FAIL,0,UNLEARNED,nan,nan,nan,nan,-1.0000,0.0300,45.0000,0.0000,0.0000,2.0000,0,0,0
cold#542,SAFETY_LIMITED,ADAPTIVE_V1,37.5000,1.2000,180000.0000,120.0000,5.0000,30.0000,10.0000,0.1000,-0.0342,0.3917,0.6812,0.6850,-1,2282.7000,0,0,39168000.0000,FAIL,30,DEGRADED,-24.1498,-0.0000,0.4100,-0.6022,644.0000,0.0809,35.0000,17.5975,3.1312,0.0443,0,1,2
cold#546,REACHABLE,BASELINE_V4,37.5000,0.7000,180000.0000,120.0000,30.0000,3.0000,10.0000,0.1000,-2.0608,2.5108,2.9350,0.9094,-1,-1.0000,0,0,35693280.0000,FAIL,0,UNLEARNED,nan,nan,nan,nan,-1.0000,0.0300,45.0000,0.0000,0.0000,2.0000,0,0,0
cold#546,REACHABLE,ADAPTIVE_V1,37.5000,0.7000,180000.0000,120.0000,30.0000,3.0000,10.0000,0.1000,0.0852,0.0365,0.0834,0.1721,1699,1698.9000,0,0,39029760.0000,PASS,94,QUALIFIED,-3.3132,2.1260,-0.3638,0.2817,1324.0000,0.0602,35.1260,29.1005,2.3350,0.0571,0,1,0
cold#550,SAFETY_LIMITED,BASELINE_V4,37.5000,1.0000,180000.0000,120.0000,120.0000,8.0000,10.0000,0.1000,-2.7813,3.7276,4.8558,2.3320,-1,-1.0000,0,0,34385600.0000,FAIL,0,UNLEARNED,nan,nan,nan,nan,-1.0000,0.0300,45.0000,0.0000,0.0000,2.0000,0,0,0
cold#550,SAFETY_LIMITED,ADAPTIVE_V1,37.5000,1.0000,180000.0000,120.0000,120.0000,8.0000,10.0000,0.1000,-0.6077,0.6419,0.6567,0.0507,-1,-1.0000,0,0,38443200.0000,FAIL,93,QUALIFIED,-4.2796,0.5381,-3.2631,-0.9222,1074.0000,0.0851,128.5381,17.3619,10.4556,0.0352,8,1,0
cold#554,REACHABLE,BASELINE_V4,37.5000,1.2000,600000.0000,180.0000,5.0000,30.0000,10.0000,0.1000,-0.2087,0.4254,0.5980,0.4352,-1,-1.0000,0,0,64356480.0000,FAIL,0,UNLEARNED,nan,nan,nan,nan,-1.0000,0.0300,45.0000,0.0000,0.0000,2.0000,0,0,0
cold#554,REACHABLE,ADAPTIVE_V1,37.5000,1.2000,600000.0000,180.0000,5.0000,30.0000,10.0000,0.1000,-0.0275,0.0901,0.1238,0.1048,5430,4766.2000,0,0,64857600.0000,PASS,58,LEARNING,-9.5775,-3.3687,-0.3066,-0.0879,-1.0000,0.0289,31.6313,25.4746,1.0321,0.0652,0,0,0
cold#558,REACHABLE,BASELINE_V4,37.5000,0.7000,600000.0000,180.0000,30.0000,3.0000,10.0000,0.1000,-4.0542,4.2578,4.4444,0.4257,-1,-1.0000,0,0,53887680.0000,FAIL,0,UNLEARNED,nan,nan,nan,nan,-1.0000,0.0300,45.0000,0.0000,0.0000,2.0000,0,0,0
cold#558,REACHABLE,ADAPTIVE_V1,37.5000,0.7000,600000.0000,180.0000,30.0000,3.0000,10.0000,0.1000,0.0668,0.0234,0.0467,0.0589,6735,6733.8000,0,0,60352320.0000,PASS,91,QUALIFIED,-4.9687,2.9062,0.0261,0.0850,5524.0000,0.0177,35.9062,44.2226,0.7010,0.0020,0,2,0
cold#562,SAFETY_LIMITED,BASELINE_V4,37.5000,1.0000,600000.0000,180.0000,120.0000,8.0000,10.0000,0.1000,-5.7588,6.1233,6.5767,0.8533,-1,-1.0000,0,0,51168000.0000,FAIL,0,UNLEARNED,nan,nan,nan,nan,-1.0000,0.0300,45.0000,0.0000,0.0000,2.0000,0,0,0
cold#562,SAFETY_LIMITED,ADAPTIVE_V1,37.5000,1.0000,600000.0000,180.0000,120.0000,8.0000,10.0000,0.1000,0.0292,0.0647,0.1335,0.1715,7982,6569.5000,0,0,63584000.0000,PASS,91,QUALIFIED,-4.2840,1.1693,-0.0271,-0.2623,2068.0000,0.0255,129.1693,30.9104,3.1510,0.1160,8,2,0
cold#566,REACHABLE,BASELINE_V4,37.5000,1.2000,1600000.0000,300.0000,5.0000,30.0000,10.0000,0.1000,-0.2264,0.3104,0.3859,0.1625,-1,-1.0000,0,0,113414400.0000,FAIL,0,UNLEARNED,nan,nan,nan,nan,-1.0000,0.0300,45.0000,0.0000,0.0000,2.0000,0,0,0
cold#566,REACHABLE,ADAPTIVE_V1,37.5000,1.2000,1600000.0000,300.0000,5.0000,30.0000,10.0000,0.1000,-0.0436,0.0617,0.0740,0.0319,7747,7655.2000,0,0,114226560.0000,PASS,60,QUALIFIED,-7.6591,-4.0533,0.4884,-0.0316,7762.0000,0.0111,30.9467,43.4571,0.3884,0.2956,0,1,0
cold#570,HEAT_LIMITED,BASELINE_V4,37.5000,0.7000,1600000.0000,300.0000,30.0000,3.0000,10.0000,0.1000,-0.3832,1.1074,2.2002,1.9522,-1,-1.0000,0,0,101340960.0000,FAIL,0,UNLEARNED,nan,nan,nan,nan,-1.0000,0.0300,45.0000,0.0000,0.0000,2.0000,0,0,0
cold#570,HEAT_LIMITED,ADAPTIVE_V1,37.5000,0.7000,1600000.0000,300.0000,30.0000,3.0000,10.0000,0.1000,-1.6091,2.3338,3.0527,1.5320,-1,-1.0000,0,0,98172480.0000,FAIL,41,LEARNING,328.5714,12.0000,5.9823,1.2000,-1.0000,0.0300,45.0000,79.6430,1.4310,0.1166,0,0,0
cold#574,REACHABLE,BASELINE_V4,37.5000,1.0000,1600000.0000,300.0000,120.0000,8.0000,10.0000,0.1000,-7.3156,7.9248,8.4092,1.3015,-1,-1.0000,0,0,82022400.0000,FAIL,0,UNLEARNED,nan,nan,nan,nan,-1.0000,0.0300,45.0000,0.0000,0.0000,2.0000,0,0,0
cold#574,REACHABLE,ADAPTIVE_V1,37.5000,1.0000,1600000.0000,300.0000,120.0000,8.0000,10.0000,0.1000,0.0139,0.0596,0.1120,0.1320,8672,7914.1000,0,0,114827200.0000,PASS,89,QUALIFIED,-9.1442,2.4655,-0.6503,-0.1478,826.0000,0.0091,130.4655,50.9122,1.1322,0.2220,0,2,0
cold#578,SAFETY_LIMITED,BASELINE_V4,37.5000,1.2000,180000.0000,120.0000,5.0000,30.0000,20.0000,0.1000,-0.0370,0.2774,0.4736,0.4400,-1,1758.8000,0,0,25025280.0000,FAIL,0,UNLEARNED,nan,nan,nan,nan,-1.0000,0.0300,45.0000,0.0000,0.0000,2.0000,0,0,0
cold#578,SAFETY_LIMITED,ADAPTIVE_V1,37.5000,1.2000,180000.0000,120.0000,5.0000,30.0000,20.0000,0.1000,0.0619,0.0398,0.0495,0.0439,1210,1118.3000,0,0,25413120.0000,PASS,93,QUALIFIED,-44.5128,-4.0622,0.0191,-1.6592,646.0000,0.0592,30.9378,10.9566,2.0741,0.0054,14,1,0
cold#582,REACHABLE,BASELINE_V4,37.5000,0.7000,180000.0000,120.0000,30.0000,3.0000,20.0000,0.1000,-0.2463,0.5653,0.8047,0.5861,-1,-1.0000,0,0,23756320.0000,FAIL,0,UNLEARNED,nan,nan,nan,nan,-1.0000,0.0300,45.0000,0.0000,0.0000,2.0000,0,0,0
cold#582,REACHABLE,ADAPTIVE_V1,37.5000,0.7000,180000.0000,120.0000,30.0000,3.0000,20.0000,0.1000,-0.0113,0.0878,0.1286,0.1174,1581,1297.9000,0,0,25092480.0000,PASS,95,QUALIFIED,-2.9856,2.5444,0.0419,0.3124,664.0000,0.0604,35.5444,18.7919,2.3657,0.0033,8,1,0
cold#586,SAFETY_LIMITED,BASELINE_V4,37.5000,1.0000,180000.0000,120.0000,120.0000,8.0000,20.0000,0.1000,-1.2594,2.2784,3.1056,1.7657,-1,-1.0000,0,0,22339200.0000,FAIL,0,UNLEARNED,nan,nan,nan,nan,-1.0000,0.0300,45.0000,0.0000,0.0000,2.0000,0,0,0
cold#586,SAFETY_LIMITED,ADAPTIVE_V1,37.5000,1.0000,180000.0000,120.0000,120.0000,8.0000,20.0000,0.1000,0.0265,0.0903,0.2092,0.2205,-1,2914.6000,0,0,25032000.0000,FAIL,96,QUALIFIED,-3.1926,1.2071,-0.1495,-0.7516,786.0000,0.0861,129.2071,12.9755,10.6261,0.0235,0,1,0
cold#590,REACHABLE,BASELINE_V4,37.5000,1.2000,600000.0000,180.0000,5.0000,30.0000,20.0000,0.1000,-0.0913,0.2701,0.4207,0.3347,-1,3266.8000,0,0,41477760.0000,FAIL,0,UNLEARNED,nan,nan,nan,nan,-1.0000,0.0300,45.0000,0.0000,0.0000,2.0000,0,0,0
cold#590,REACHABLE,ADAPTIVE_V1,37.5000,1.2000,600000.0000,180.0000,5.0000,30.0000,20.0000,0.1000,-0.0390,0.3273,0.4845,0.3757,-1,2815.5000,0,0,41905920.0000,FAIL,38,DEGRADED,-14.1264,-0.0000,0.1874,-0.0572,932.0000,0.0275,35.0000,16.5937,1.0628,0.1237,0,1,2
cold#594,REACHABLE,BASELINE_V4,37.5000,0.7000,600000.0000,180.0000,30.0000,3.0000,20.0000,0.1000,-0.1626,0.3951,0.5464,0.3668,-1,-1.0000,0,0,38147200.0000,FAIL,0,UNLEARNED,nan,nan,nan,nan,-1.0000,0.0300,45.0000,0.0000,0.0000,2.0000,0,0,0
cold#594,REACHABLE,ADAPTIVE_V1,37.5000,0.7000,600000.0000,180.0000,30.0000,3.0000,20.0000,0.1000,0.0694,0.0126,0.0141,0.0063,2663,2662.6000,0,0,41526240.0000,PASS,93,QUALIFIED,-2.8926,2.6481,-0.0296,0.0961,1430.0000,0.0181,35.6481,28.0954,0.7121,0.0020,0,1,0
cold#598,SAFETY_LIMITED,BASELINE_V4,37.5000,1.0000,600000.0000,180.0000,120.0000,8.0000,20.0000,0.1000,-1.6613,2.1970,2.5924,1.0698,-1,-1.0000,0,0,35208000.0000,FAIL,0,UNLEARNED,nan,nan,nan,nan,-1.0000,0.0300,45.0000,0.0000,0.0000,2.0000,0,0,0
cold#598,SAFETY_LIMITED,ADAPTIVE_V1,37.5000,1.0000,600000.0000,180.0000,120.0000,8.0000,20.0000,0.1000,0.0308,0.0285,0.0635,0.1013,5589,5185.4000,0,0,41246400.0000,PASS,93,QUALIFIED,-4.4971,1.3650,0.1404,-0.2648,1716.0000,0.0255,129.3650,19.8279,3.1485,0.0760,0,2,0
cold#602,REACHABLE,BASELINE_V4,37.5000,1.2000,1600000.0000,300.0000,5.0000,30.0000,20.0000,0.1000,-0.1241,0.2330,0.3403,0.2162,-1,5879.5000,0,0,74256000.0000,FAIL,0,UNLEARNED,nan,nan,nan,nan,-1.0000,0.0300,45.0000,0.0000,0.0000,2.0000,0,0,0
cold#602,REACHABLE,ADAPTIVE_V1,37.5000,1.2000,1600000.0000,300.0000,5.0000,30.0000,20.0000,0.1000,-0.2273,0.2479,0.2587,0.0246,-1,-1.0000,0,0,77059200.0000,FAIL,26,DEGRADED,148.2261,58.9730,-0.7248,2.3136,1532.0000,0.0298,93.9730,26.6189,2.7336,0.3818,0,0,2
cold#606,REACHABLE,BASELINE_V4,37.5000,0.7000,1600000.0000,300.0000,30.0000,3.0000,20.0000,0.1000,-0.2875,0.3552,0.3912,0.1033,-1,-1.0000,0,0,67381440.0000,FAIL,0,UNLEARNED,nan,nan,nan,nan,-1.0000,0.0300,45.0000,0.0000,0.0000,2.0000,0,0,0
cold#606,REACHABLE,ADAPTIVE_V1,37.5000,0.7000,1600000.0000,300.0000,30.0000,3.0000,20.0000,0.1000,-0.0280,0.0662,0.1600,0.1858,-1,5524.4000,0,0,73164000.0000,FAIL,77,QUALIFIED,66.2128,1.9854,-0.9702,0.2180,2076.0000,0.0116,34.9854,45.9048,0.4490,0.4459,0,2,1
cold#610,REACHABLE,BASELINE_V4,37.5000,1.0000,1600000.0000,300.0000,120.0000,8.0000,20.0000,0.1000,-1.2163,1.9835,2.5121,1.5248,-1,-1.0000,0,0,62577600.0000,FAIL,0,UNLEARNED,nan,nan,nan,nan,-1.0000,0.0300,45.0000,0.0000,0.0000,2.0000,0,0,0
cold#610,REACHABLE,ADAPTIVE_V1,37.5000,1.0000,1600000.0000,300.0000,120.0000,8.0000,20.0000,0.1000,-0.2876,1.2150,1.7694,1.1436,-1,-1.0000,0,0,67233600.0000,FAIL,46,DEGRADED,-5.7159,1.4492,-7.4827,-0.1137,3198.0000,0.0094,129.4492,25.3298,1.1663,0.2525,0,1,1
cold#614,SAFETY_LIMITED,BASELINE_V4,37.5000,1.2000,180000.0000,120.0000,5.0000,30.0000,25.0000,0.1000,0.0262,0.2023,0.3833,0.3886,-1,1222.0000,0,0,17961600.0000,FAIL,0,UNLEARNED,nan,nan,nan,nan,-1.0000,0.0300,45.0000,0.0000,0.0000,2.0000,0,0,0
cold#614,SAFETY_LIMITED,ADAPTIVE_V1,37.5000,1.2000,180000.0000,120.0000,5.0000,30.0000,25.0000,0.1000,0.0652,0.0016,0.0037,0.0055,960,959.1000,0,0,18209280.0000,PASS,81,QUALIFIED,-43.8007,-1.9125,0.0134,-1.5166,888.0000,0.0599,33.0875,7.8259,2.2167,0.0038,0,1,0
cold#618,REACHABLE,BASELINE_V4,37.5000,0.7000,180000.0000,120.0000,30.0000,3.0000,25.0000,0.1000,-0.1059,0.3828,0.5692,0.4657,-1,3678.9000,0,0,17358880.0000,FAIL,0,UNLEARNED,nan,nan,nan,nan,-1.0000,0.0300,45.0000,0.0000,0.0000,2.0000,0,0,0
cold#618,REACHABLE,ADAPTIVE_V1,37.5000,0.7000,180000.0000,120.0000,30.0000,3.0000,25.0000,0.1000,0.0744,0.0223,0.0246,0.0071,1167,1166.3000,0,0,18076800.0000,PASS,84,QUALIFIED,-2.6407,2.7201,0.0456,0.3303,770.0000,0.0606,35.7201,13.4384,2.3837,0.0039,21,1,0
cold#622,SAFETY_LIMITED,BASELINE_V4,37.5000,1.0000,180000.0000,120.0000,120.0000,8.0000,25.0000,0.1000,-1.1536,1.6716,2.1423,1.0113,-1,-1.0000,0,0,15824000.0000,FAIL,0,UNLEARNED,nan,nan,nan,nan,-1.0000,0.0300,45.0000,0.0000,0.0000,2.0000,0,0,0
cold#622,SAFETY_LIMITED,ADAPTIVE_V1,37.5000,1.0000,180000.0000,120.0000,120.0000,8.0000,25.0000,0.1000,-0.8051,0.8416,0.8528,0.0538,-1,-1.0000,0,0,16920000.0000,FAIL,95,QUALIFIED,1.2466,3.0497,-3.9240,-0.1151,764.0000,0.0900,131.0497,5.4510,11.2626,0.0249,0,1,0
cold#626,REACHABLE,BASELINE_V4,37.5000,1.2000,600000.0000,180.0000,5.0000,30.0000,25.0000,0.1000,-0.0900,0.1547,0.1963,0.0992,-1,2452.4000,0,0,30061440.0000,FAIL,0,UNLEARNED,nan,nan,nan,nan,-1.0000,0.0300,45.0000,0.0000,0.0000,2.0000,0,0,0
cold#626,REACHABLE,ADAPTIVE_V1,37.5000,1.2000,600000.0000,180.0000,5.0000,30.0000,25.0000,0.1000,0.0604,0.0372,0.0383,0.0024,1953,1298.1000,0,0,30827520.0000,PASS,95,QUALIFIED,-35.9953,-3.5450,0.0313,-0.3927,764.0000,0.0205,31.4550,11.7500,0.7273,0.0067,0,1,0
cold#630,REACHABLE,BASELINE_V4,37.5000,0.7000,600000.0000,180.0000,30.0000,3.0000,25.0000,0.1000,-0.1228,0.2788,0.3762,0.2575,-1,4814.7000,0,0,28731360.0000,FAIL,0,UNLEARNED,nan,nan,nan,nan,-1.0000,0.0300,45.0000,0.0000,0.0000,2.0000,0,0,0
cold#630,REACHABLE,ADAPTIVE_V1,37.5000,0.7000,600000.0000,180.0000,30.0000,3.0000,25.0000,0.1000,0.0666,0.0355,0.0400,0.0110,2111,2110.2000,0,0,30117920.0000,PASS,97,QUALIFIED,-2.6442,3.0492,-0.0893,0.1045,934.0000,0.0182,36.0492,20.0000,0.7205,0.0050,0,1,0
cold#634,SAFETY_LIMITED,BASELINE_V4,37.5000,1.0000,600000.0000,180.0000,120.0000,8.0000,25.0000,0.1000,-0.1452,0.3435,0.5306,0.4079,-1,5867.8000,0,0,28136000.0000,FAIL,0,UNLEARNED,nan,nan,nan,nan,-1.0000,0.0300,45.0000,0.0000,0.0000,2.0000,0,0,0
cold#634,SAFETY_LIMITED,ADAPTIVE_V1,37.5000,1.0000,600000.0000,180.0000,120.0000,8.0000,25.0000,0.1000,0.0817,0.0341,0.0707,0.1540,3540,3183.3000,0,0,29865600.0000,PASS,93,QUALIFIED,-3.9357,1.5192,0.0325,-0.2428,1260.0000,0.0256,129.5192,14.0950,3.1706,0.1268,0,1,0
cold#638,REACHABLE,BASELINE_V4,37.5000,1.2000,1600000.0000,300.0000,5.0000,30.0000,25.0000,0.1000,-0.1939,0.2719,0.3222,0.1293,-1,-1.0000,0,0,54015360.0000,FAIL,0,UNLEARNED,nan,nan,nan,nan,-1.0000,0.0300,45.0000,0.0000,0.0000,2.0000,0,0,0
cold#638,REACHABLE,ADAPTIVE_V1,37.5000,1.2000,1600000.0000,300.0000,5.0000,30.0000,25.0000,0.1000,-0.0232,0.0413,0.0428,0.0043,6114,4567.7000,0,0,55639680.0000,PASS,94,QUALIFIED,-10.5252,-0.6443,-0.0318,-0.0107,1466.0000,0.0107,34.3557,19.4994,0.4093,0.0022,0,2,1
cold#642,REACHABLE,BASELINE_V4,37.5000,0.7000,1600000.0000,300.0000,30.0000,3.0000,25.0000,0.1000,-0.1748,0.2898,0.3476,0.1747,-1,-1.0000,0,0,49327040.0000,FAIL,0,UNLEARNED,nan,nan,nan,nan,-1.0000,0.0300,45.0000,0.0000,0.0000,2.0000,0,0,0
cold#642,REACHABLE,ADAPTIVE_V1,37.5000,0.7000,1600000.0000,300.0000,30.0000,3.0000,25.0000,0.1000,0.0605,0.0355,0.0540,0.1273,7712,3969.5000,0,0,53493440.0000,PASS,80,QUALIFIED,58.5732,0.9669,0.0477,0.1883,1912.0000,0.0111,33.9669,33.5298,0.4193,0.0335,0,2,2
cold#646,REACHABLE,BASELINE_V4,37.5000,1.0000,1600000.0000,300.0000,120.0000,8.0000,25.0000,0.1000,-0.3230,0.4558,0.5663,0.2431,-1,-1.0000,0,0,48347200.0000,FAIL,0,UNLEARNED,nan,nan,nan,nan,-1.0000,0.0300,45.0000,0.0000,0.0000,2.0000,0,0,0
cold#646,REACHABLE,ADAPTIVE_V1,37.5000,1.0000,1600000.0000,300.0000,120.0000,8.0000,25.0000,0.1000,0.0258,0.0394,0.0821,0.1121,6027,5058.8000,0,0,53716800.0000,PASS,83,QUALIFIED,-5.6483,1.3184,0.3943,-0.1136,1908.0000,0.0094,129.3184,23.8318,1.1664,0.4930,0,2,0
cold#650,SAFETY_LIMITED,BASELINE_V4,37.5000,1.2000,180000.0000,120.0000,5.0000,30.0000,28.0000,0.1000,0.0394,0.1554,0.3212,0.3667,-1,954.8000,0,0,13608960.0000,FAIL,0,UNLEARNED,nan,nan,nan,nan,-1.0000,0.0300,45.0000,0.0000,0.0000,2.0000,0,0,0
cold#650,SAFETY_LIMITED,ADAPTIVE_V1,37.5000,1.2000,180000.0000,120.0000,5.0000,30.0000,28.0000,0.1000,0.0710,0.0280,0.0497,0.1079,1087,952.6000,0,0,13827840.0000,PASS,62,QUALIFIED,-33.2068,-0.0000,0.0029,-0.9761,1876.0000,0.0712,35.0000,5.9404,2.7572,0.0152,43,1,0
cold#654,REACHABLE,BASELINE_V4,37.5000,0.7000,180000.0000,120.0000,30.0000,3.0000,28.0000,0.1000,0.0566,0.2488,0.4493,0.5116,-1,2984.7000,0,0,13230560.0000,FAIL,0,UNLEARNED,nan,nan,nan,nan,-1.0000,0.0300,45.0000,0.0000,0.0000,2.0000,0,0,0
cold#654,REACHABLE,ADAPTIVE_V1,37.5000,0.7000,180000.0000,120.0000,30.0000,3.0000,28.0000,0.1000,0.0723,0.0156,0.0463,0.0737,2291,2290.7000,0,0,13594560.0000,PASS,71,QUALIFIED,0.0564,3.0693,0.0180,0.4159,2008.0000,0.0623,36.0693,10.1965,2.4693,0.0404,17,1,0
cold#658,SAFETY_LIMITED,BASELINE_V4,37.5000,1.0000,180000.0000,120.0000,120.0000,8.0000,28.0000,0.1000,0.1477,0.5158,0.9484,1.1132,-1,4505.5000,0,0,12929600.0000,FAIL,0,UNLEARNED,nan,nan,nan,nan,-1.0000,0.0300,45.0000,0.0000,0.0000,2.0000,0,0,0
cold#658,SAFETY_LIMITED,ADAPTIVE_V1,37.5000,1.0000,180000.0000,120.0000,120.0000,8.0000,28.0000,0.1000,-0.0015,0.1001,0.2015,0.2180,-1,3770.0000,0,0,13526400.0000,FAIL,96,QUALIFIED,1.8537,4.4795,0.0574,0.0689,880.0000,0.0905,132.4795,7.1824,11.4467,0.0181,16,1,0
cold#662,REACHABLE,BASELINE_V4,37.5000,1.2000,600000.0000,180.0000,5.0000,30.0000,28.0000,0.1000,-0.0098,0.1186,0.1954,0.1860,-1,2014.4000,0,0,22942080.0000,FAIL,0,UNLEARNED,nan,nan,nan,nan,-1.0000,0.0300,45.0000,0.0000,0.0000,2.0000,0,0,0
cold#662,REACHABLE,ADAPTIVE_V1,37.5000,1.2000,600000.0000,180.0000,5.0000,30.0000,28.0000,0.1000,0.0597,0.0396,0.0440,0.0107,1639,1144.4000,0,0,23425920.0000,PASS,93,QUALIFIED,-34.8030,-2.1916,-0.0653,-0.3538,642.0000,0.0209,32.8084,8.8409,0.7662,0.0028,15,1,0
cold#666,REACHABLE,BASELINE_V4,37.5000,0.7000,600000.0000,180.0000,30.0000,3.0000,28.0000,0.1000,-0.1309,0.2549,0.3208,0.1911,-1,4376.1000,0,0,22012480.0000,FAIL,0,UNLEARNED,nan,nan,nan,nan,-1.0000,0.0300,45.0000,0.0000,0.0000,2.0000,0,0,0
cold#666,REACHABLE,ADAPTIVE_V1,37.5000,0.7000,600000.0000,180.0000,30.0000,3.0000,28.0000,0.1000,-0.0130,0.0836,0.1201,0.0940,2760,1564.5000,0,0,22967840.0000,PASS,98,QUALIFIED,-0.9848,1.9410,-0.3707,0.0983,710.0000,0.0185,34.9410,14.8972,0.7143,0.0057,34,1,0
cold#670,SAFETY_LIMITED,BASELINE_V4,37.5000,1.0000,600000.0000,180.0000,120.0000,8.0000,28.0000,0.1000,-0.1272,0.3617,0.5336,0.4056,-1,4070.7000,0,0,21659200.0000,FAIL,0,UNLEARNED,nan,nan,nan,nan,-1.0000,0.0300,45.0000,0.0000,0.0000,2.0000,0,0,0
cold#670,SAFETY_LIMITED,ADAPTIVE_V1,37.5000,1.0000,600000.0000,180.0000,120.0000,8.0000,28.0000,0.1000,0.0745,0.0350,0.0698,0.1054,2937,2578.4000,0,0,22876800.0000,PASS,94,QUALIFIED,-4.7126,1.4893,-0.0124,-0.2691,970.0000,0.0254,129.4893,10.6751,3.1442,0.1467,24,1,0
cold#674,REACHABLE,BASELINE_V4,37.5000,1.2000,1600000.0000,300.0000,5.0000,30.0000,28.0000,0.1000,-0.1219,0.1659,0.1953,0.0727,-1,3720.6000,0,0,41690880.0000,FAIL,0,UNLEARNED,nan,nan,nan,nan,-1.0000,0.0300,45.0000,0.0000,0.0000,2.0000,0,0,0
cold#674,REACHABLE,ADAPTIVE_V1,37.5000,1.2000,1600000.0000,300.0000,5.0000,30.0000,28.0000,0.1000,-0.0302,0.0568,0.0772,0.0488,2086,2085.5000,0,0,43276800.0000,PASS,82,QUALIFIED,-26.9946,-3.4651,-0.3410,-0.1083,938.0000,0.0088,31.5349,14.5028,0.3117,0.5283,0,2,0
cold#678,REACHABLE,BASELINE_V4,37.5000,0.7000,1600000.0000,300.0000,30.0000,3.0000,28.0000,0.1000,-0.1955,0.2613,0.2956,0.1017,-1,-1.0000,0,0,38669120.0000,FAIL,0,UNLEARNED,nan,nan,nan,nan,-1.0000,0.0300,45.0000,0.0000,0.0000,2.0000,0,0,0
cold#678,REACHABLE,ADAPTIVE_V1,37.5000,0.7000,1600000.0000,300.0000,30.0000,3.0000,28.0000,0.1000,0.0654,0.0397,0.0562,0.0405,8166,3135.9000,0,0,41721120.0000,PASS,75,QUALIFIED,49.5870,1.3077,0.0744,0.1677,1312.0000,0.0105,34.3077,25.5209,0.3987,0.0031,0,2,3
cold#682,REACHABLE,BASELINE_V4,37.5000,1.0000,1600000.0000,300.0000,120.0000,8.0000,28.0000,0.1000,-0.0225,0.2505,0.3605,0.3415,-1,6048.4000,0,0,38456000.0000,FAIL,0,UNLEARNED,nan,nan,nan,nan,-1.0000,0.0300,45.0000,0.0000,0.0000,2.0000,0,0,0
cold#682,REACHABLE,ADAPTIVE_V1,37.5000,1.0000,1600000.0000,300.0000,120.0000,8.0000,28.0000,0.1000,-0.1273,0.4879,0.6646,0.5384,-1,10562.9000,0,0,40105600.0000,FAIL,85,QUALIFIED,-21.0722,0.5392,-4.1121,-0.3101,1648.0000,0.0079,128.5392,13.7004,0.9699,0.4339,0,2,1
cold#686,SAFETY_LIMITED,BASELINE_V4,37.5000,1.2000,180000.0000,120.0000,5.0000,30.0000,35.0000,0.1000,0.0222,0.0388,0.0880,0.1104,330,329.6000,0,0,3617280.0000,PASS,0,UNLEARNED,nan,nan,nan,nan,-1.0000,0.0300,45.0000,0.0000,0.0000,2.0000,0,0,0
cold#686,SAFETY_LIMITED,ADAPTIVE_V1,37.5000,1.2000,180000.0000,120.0000,5.0000,30.0000,35.0000,0.1000,0.0222,0.0388,0.0880,0.1104,330,329.6000,0,0,3617280.0000,PASS,38,LEARNING,-71.8750,10.0000,0.2022,-2.3023,-1.0000,0.0300,45.0000,1.7647,1.4310,0.1749,0,0,0
cold#690,REACHABLE,BASELINE_V4,37.5000,0.7000,180000.0000,120.0000,30.0000,3.0000,35.0000,0.1000,0.0747,0.0609,0.1192,0.1987,624,623.5000,0,0,3595200.0000,PASS,0,UNLEARNED,nan,nan,nan,nan,-1.0000,0.0300,45.0000,0.0000,0.0000,2.0000,0,0,0
cold#690,REACHABLE,ADAPTIVE_V1,37.5000,0.7000,180000.0000,120.0000,30.0000,3.0000,35.0000,0.1000,0.0747,0.0609,0.1192,0.1987,624,623.5000,0,0,3595200.0000,PASS,38,LEARNING,-51.7857,12.0000,0.3111,-0.6223,-1.0000,0.0300,45.0000,2.9897,1.4310,0.1751,0,0,0
cold#694,SAFETY_LIMITED,BASELINE_V4,37.5000,1.0000,180000.0000,120.0000,120.0000,8.0000,35.0000,0.1000,0.0488,0.2034,0.3306,0.3639,-1,3595.2000,0,0,3294400.0000,FAIL,0,UNLEARNED,nan,nan,nan,nan,-1.0000,0.0300,45.0000,0.0000,0.0000,2.0000,0,0,0
cold#694,SAFETY_LIMITED,ADAPTIVE_V1,37.5000,1.0000,180000.0000,120.0000,120.0000,8.0000,35.0000,0.1000,0.0488,0.2034,0.3306,0.3639,-1,3595.2000,0,0,3294400.0000,FAIL,38,LEARNING,-66.2500,-83.0000,0.0334,-10.5125,-1.0000,0.0300,45.0000,1.9084,0.8653,0.3818,0,0,0
cold#698,REACHABLE,BASELINE_V4,37.5000,1.2000,600000.0000,180.0000,5.0000,30.0000,35.0000,0.1000,-0.0131,0.0479,0.0700,0.0463,874,873.1000,0,0,6099840.0000,PASS,0,UNLEARNED,nan,nan,nan,nan,-1.0000,0.0300,45.0000,0.0000,0.0000,2.0000,0,0,0
cold#698,REACHABLE,ADAPTIVE_V1,37.5000,1.2000,600000.0000,180.0000,5.0000,30.0000,35.0000,0.1000,-0.0131,0.0480,0.0700,0.0463,874,873.1000,0,0,6088320.0000,PASS,38,LEARNING,-6.2500,10.0000,0.2580,0.3110,-1.0000,0.0300,45.0000,2.6017,1.4310,0.1662,0,0,0
cold#702,REACHABLE,BASELINE_V4,37.5000,0.7000,600000.0000,180.0000,30.0000,3.0000,35.0000,0.1000,-0.0018,0.0543,0.0851,0.0829,1303,1302.5000,0,0,6009920.0000,PASS,0,UNLEARNED,nan,nan,nan,nan,-1.0000,0.0300,45.0000,0.0000,0.0000,2.0000,0,0,0
cold#702,REACHABLE,ADAPTIVE_V1,37.5000,0.7000,600000.0000,180.0000,30.0000,3.0000,35.0000,0.1000,-0.0018,0.0486,0.0684,0.0581,1303,1302.5000,0,0,6005440.0000,PASS,41,LEARNING,60.7143,12.0000,-0.2197,0.8150,-1.0000,0.0300,45.0000,3.7982,1.4310,0.1281,0,0,0
cold#706,SAFETY_LIMITED,BASELINE_V4,37.5000,1.0000,600000.0000,180.0000,120.0000,8.0000,35.0000,0.1000,0.0969,0.0922,0.1108,0.0442,3531,1694.5000,0,0,5860800.0000,PASS,0,UNLEARNED,nan,nan,nan,nan,-1.0000,0.0300,45.0000,0.0000,0.0000,2.0000,0,0,0
cold#706,SAFETY_LIMITED,ADAPTIVE_V1,37.5000,1.0000,600000.0000,180.0000,120.0000,8.0000,35.0000,0.1000,0.1512,0.0539,0.1077,0.1062,1838,1449.2000,0,0,6009600.0000,PASS,64,QUALIFIED,7.0123,1.2571,0.0381,0.1118,2032.0000,0.0285,129.2571,2.8506,3.5252,0.0970,0,1,0
cold#710,REACHABLE,BASELINE_V4,37.5000,1.2000,1600000.0000,300.0000,5.0000,30.0000,35.0000,0.1000,-0.0241,0.0531,0.0659,0.0276,1568,1567.7000,0,0,11306880.0000,PASS,0,UNLEARNED,nan,nan,nan,nan,-1.0000,0.0300,45.0000,0.0000,0.0000,2.0000,0,0,0
cold#710,REACHABLE,ADAPTIVE_V1,37.5000,1.2000,1600000.0000,300.0000,5.0000,30.0000,35.0000,0.1000,-0.0241,0.0509,0.0581,0.0173,1568,1567.7000,0,0,11329920.0000,PASS,40,LEARNING,150.0000,10.0000,0.1919,1.0110,-1.0000,0.0300,45.0000,4.0982,1.4310,0.1640,0,0,0
cold#714,REACHABLE,BASELINE_V4,37.5000,0.7000,1600000.0000,300.0000,30.0000,3.0000,35.0000,0.1000,-0.0166,0.0588,0.0776,0.0504,2177,2176.3000,0,0,11021920.0000,PASS,0,UNLEARNED,nan,nan,nan,nan,-1.0000,0.0300,45.0000,0.0000,0.0000,2.0000,0,0,0
cold#714,REACHABLE,ADAPTIVE_V1,37.5000,0.7000,1600000.0000,300.0000,30.0000,3.0000,35.0000,0.1000,0.0619,0.0358,0.0533,0.1181,1169,1168.7000,0,0,11608800.0000,PASS,93,QUALIFIED,6.2668,1.7658,0.2207,0.0553,728.0000,0.0074,34.7658,6.9171,0.2863,0.0050,30,2,0
cold#718,REACHABLE,BASELINE_V4,37.5000,1.0000,1600000.0000,300.0000,120.0000,8.0000,35.0000,0.1000,0.1130,0.0567,0.1147,0.1609,2192,2191.2000,0,0,10968000.0000,PASS,0,UNLEARNED,nan,nan,nan,nan,-1.0000,0.0300,45.0000,0.0000,0.0000,2.0000,0,0,0
cold#718,REACHABLE,ADAPTIVE_V1,37.5000,1.0000,1600000.0000,300.0000,120.0000,8.0000,35.0000,0.1000,0.0940,0.0471,0.0478,0.0016,1521,1520.5000,0,0,11692800.0000,PASS,91,QUALIFIED,0.9978,0.2700,0.1052,-0.0413,836.0000,0.0101,128.2700,4.7927,1.2387,0.0045,0,1,0
door1#722,SAFETY_LIMITED,BASELINE_V4,37.5000,1.0000,180000.0000,120.0000,60.0000,30.0000,25.0000,0.0100,-0.0380,0.4770,0.7698,0.6803,-1,4764.5000,0,0,17432000.0000,FAIL,0,UNLEARNED,nan,nan,nan,nan,-1.0000,0.0300,45.0000,0.0000,0.0000,2.0000,0,0,0
door1#722,SAFETY_LIMITED,ADAPTIVE_V1,37.5000,1.0000,180000.0000,120.0000,60.0000,30.0000,25.0000,0.0100,0.0234,0.0228,0.0502,0.0717,4553,2801.8000,0,0,18148800.0000,PASS,89,QUALIFIED,-35.7095,-0.2580,-0.0239,-2.9729,956.0000,0.0571,89.7420,9.3511,5.0271,0.0150,16,1,0
door2#726,SAFETY_LIMITED,BASELINE_V4,37.5000,1.0000,180000.0000,120.0000,60.0000,30.0000,25.0000,0.0100,-0.0946,0.4721,0.7674,0.6750,-1,4517.5000,0,0,17676800.0000,FAIL,0,UNLEARNED,nan,nan,nan,nan,-1.0000,0.0300,45.0000,0.0000,0.0000,2.0000,0,0,0
door2#726,SAFETY_LIMITED,ADAPTIVE_V1,37.5000,1.0000,180000.0000,120.0000,60.0000,30.0000,25.0000,0.0100,0.0289,0.0184,0.0307,0.0626,4754,2801.8000,0,0,18307200.0000,PASS,90,QUALIFIED,-34.9875,-0.1495,-0.0260,-2.9108,956.0000,0.0578,89.8505,9.3490,5.0892,0.0113,19,1,0
door5#730,SAFETY_LIMITED,BASELINE_V4,37.5000,1.0000,180000.0000,120.0000,60.0000,30.0000,25.0000,0.0100,-0.0461,0.4716,0.7659,0.6908,-1,5836.9000,0,0,18052800.0000,FAIL,0,UNLEARNED,nan,nan,nan,nan,-1.0000,0.0300,45.0000,0.0000,0.0000,2.0000,0,0,0
door5#730,SAFETY_LIMITED,ADAPTIVE_V1,37.5000,1.0000,180000.0000,120.0000,60.0000,30.0000,25.0000,0.0100,0.0053,0.0050,0.0105,0.0170,4801,2801.8000,0,0,18777600.0000,PASS,94,QUALIFIED,-31.9583,0.6587,-0.0063,-2.6297,956.0000,0.0605,90.6587,9.3687,5.3703,0.0069,14,2,0
ambient_rise#734,SAFETY_LIMITED,BASELINE_V4,37.5000,1.0000,180000.0000,120.0000,60.0000,30.0000,25.0000,0.0100,0.1921,0.3543,0.6164,0.7842,-1,3674.7000,0,0,14846400.0000,FAIL,0,UNLEARNED,nan,nan,nan,nan,-1.0000,0.0300,45.0000,0.0000,0.0000,2.0000,0,0,0
ambient_rise#734,SAFETY_LIMITED,ADAPTIVE_V1,37.5000,1.0000,180000.0000,120.0000,60.0000,30.0000,25.0000,0.0100,0.1363,0.0034,0.0074,0.0202,3076,2801.8000,0,0,15412800.0000,PASS,90,QUALIFIED,-35.7095,-0.2580,0.0271,-2.9729,956.0000,0.0571,89.7420,7.1521,5.0271,0.0068,10,1,0
loss_up#738,SAFETY_LIMITED,BASELINE_V4,37.5000,1.0000,180000.0000,120.0000,60.0000,30.0000,25.0000,0.0100,-0.0674,0.6664,1.1329,1.0975,-1,5319.3000,0,0,23427200.0000,FAIL,0,UNLEARNED,nan,nan,nan,nan,-1.0000,0.0300,45.0000,0.0000,0.0000,2.0000,0,0,0
loss_up#738,SAFETY_LIMITED,ADAPTIVE_V1,37.5000,1.0000,180000.0000,120.0000,60.0000,30.0000,25.0000,0.0100,0.0031,0.0087,0.0150,0.0184,5523,2801.8000,0,0,24432000.0000,PASS,89,QUALIFIED,-35.7095,-0.2580,0.0064,-2.9729,956.0000,0.0571,89.7420,15.0064,5.0271,0.0144,0,2,0
loss_down#742,SAFETY_LIMITED,BASELINE_V4,37.5000,1.0000,180000.0000,120.0000,60.0000,30.0000,25.0000,0.0100,0.3307,0.3054,0.5264,0.7992,-1,3666.8000,0,0,13243200.0000,FAIL,0,UNLEARNED,nan,nan,nan,nan,-1.0000,0.0300,45.0000,0.0000,0.0000,2.0000,0,0,0
loss_down#742,SAFETY_LIMITED,ADAPTIVE_V1,37.5000,1.0000,180000.0000,120.0000,60.0000,30.0000,25.0000,0.0100,0.2761,0.0074,0.0121,0.0252,4387,2801.8000,0,0,13665600.0000,PASS,90,QUALIFIED,-35.7095,-0.2580,0.0256,-2.9729,956.0000,0.0571,89.7420,5.6506,5.0271,0.0067,0,2,0
load_heavy#746,SAFETY_LIMITED,BASELINE_V4,37.5000,1.0000,180000.0000,120.0000,60.0000,30.0000,25.0000,0.0100,0.1146,0.2576,0.5246,0.6460,-1,3915.5000,0,0,17809600.0000,FAIL,0,UNLEARNED,nan,nan,nan,nan,-1.0000,0.0300,45.0000,0.0000,0.0000,2.0000,0,0,0
load_heavy#746,SAFETY_LIMITED,ADAPTIVE_V1,37.5000,1.0000,180000.0000,120.0000,60.0000,30.0000,25.0000,0.0100,0.0056,0.0027,0.0053,0.0112,3076,2801.8000,0,0,18033600.0000,PASS,90,QUALIFIED,28.5811,-0.2580,-0.0169,1.0271,956.0000,0.0571,89.7420,9.3581,5.0271,0.0056,0,1,0
load_light#750,SAFETY_LIMITED,BASELINE_V4,37.5000,1.0000,180000.0000,120.0000,60.0000,30.0000,25.0000,0.0100,0.5439,1.1610,1.5870,0.8618,-1,3663.3000,0,0,16766400.0000,FAIL,0,UNLEARNED,nan,nan,nan,nan,-1.0000,0.0300,45.0000,0.0000,0.0000,2.0000,0,0,0
load_light#750,SAFETY_LIMITED,ADAPTIVE_V1,37.5000,1.0000,180000.0000,120.0000,60.0000,30.0000,25.0000,0.0100,0.2793,0.5831,1.1771,1.2487,-1,2801.8000,0,0,17625600.0000,FAIL,84,QUALIFIED,-56.2882,1.0140,0.0825,-9.0761,956.0000,0.0777,91.0140,9.4575,6.9239,0.3272,0,2,0
vent#754,SAFETY_LIMITED,BASELINE_V4,37.5000,1.0000,180000.0000,120.0000,60.0000,30.0000,25.0000,0.0100,0.1448,0.4714,0.7677,0.6845,-1,4333.1000,0,0,18550400.0000,FAIL,0,UNLEARNED,nan,nan,nan,nan,-1.0000,0.0300,45.0000,0.0000,0.0000,2.0000,0,0,0
vent#754,SAFETY_LIMITED,ADAPTIVE_V1,37.5000,1.0000,180000.0000,120.0000,60.0000,30.0000,25.0000,0.0100,0.0204,0.0205,0.0419,0.0649,5081,2801.8000,0,0,19195200.0000,PASS,89,QUALIFIED,-35.7095,-0.2580,-0.0310,-2.9729,956.0000,0.0571,89.7420,9.3440,5.0271,0.0119,40,1,0
sensor_loss#758,SAFETY_LIMITED,BASELINE_V4,37.5000,1.0000,180000.0000,120.0000,60.0000,30.0000,25.0000,0.0100,-0.0275,0.4720,0.7819,0.7725,-1,5500.3000,0,0,17323200.0000,FAIL,0,UNLEARNED,nan,nan,nan,nan,-1.0000,0.0300,45.0000,0.0000,0.0000,2.0000,0,0,0
sensor_loss#758,SAFETY_LIMITED,ADAPTIVE_V1,37.5000,1.0000,180000.0000,120.0000,60.0000,30.0000,25.0000,0.0100,0.0317,0.0196,0.0344,0.0737,4079,2801.8000,0,0,18000000.0000,PASS,89,QUALIFIED,-35.7095,-0.2580,0.0062,-2.9729,956.0000,0.0571,89.7420,9.3812,5.0271,0.0110,0,1,0
bad_sample#762,SAFETY_LIMITED,BASELINE_V4,37.5000,1.0000,180000.0000,120.0000,60.0000,30.0000,25.0000,0.0100,0.0086,0.4581,0.7695,0.7370,-1,5173.3000,0,0,17222400.0000,FAIL,0,UNLEARNED,nan,nan,nan,nan,-1.0000,0.0300,45.0000,0.0000,0.0000,2.0000,0,0,0
bad_sample#762,SAFETY_LIMITED,ADAPTIVE_V1,37.5000,1.0000,180000.0000,120.0000,60.0000,30.0000,25.0000,0.0100,0.0277,0.0236,0.0540,0.0880,3751,2801.8000,0,0,18014400.0000,PASS,89,QUALIFIED,-35.7095,-0.2580,0.0499,-2.9729,956.0000,0.0571,89.7420,9.4249,5.0271,0.0118,0,1,0
sensor_frozen#766,SAFETY_LIMITED,BASELINE_V4,37.5000,1.0000,180000.0000,120.0000,60.0000,30.0000,25.0000,0.0100,-0.2162,1.6510,1.9747,0.7156,-1,-1.0000,0,0,16156800.0000,FAIL,0,UNLEARNED,nan,nan,nan,nan,-1.0000,0.0300,45.0000,0.0000,0.0000,2.0000,0,0,0
sensor_frozen#766,SAFETY_LIMITED,ADAPTIVE_V1,37.5000,1.0000,180000.0000,120.0000,60.0000,30.0000,25.0000,0.0100,0.0279,0.0169,0.0311,0.0598,4353,2801.8000,0,0,18000000.0000,PASS,89,QUALIFIED,-35.7095,-0.2580,-0.0310,-2.9729,956.0000,0.0571,89.7420,9.3440,5.0271,0.0095,8,1,0
safety_cut#770,SAFETY_LIMITED,BASELINE_V4,37.5000,1.0000,180000.0000,120.0000,60.0000,30.0000,25.0000,0.0100,-0.2162,1.6371,1.9767,0.7156,-1,-1.0000,0,0,16075200.0000,FAIL,0,UNLEARNED,nan,nan,nan,nan,-1.0000,0.0300,45.0000,0.0000,0.0000,2.0000,0,0,0
safety_cut#770,SAFETY_LIMITED,ADAPTIVE_V1,37.5000,1.0000,180000.0000,120.0000,60.0000,30.0000,25.0000,0.0100,0.0291,0.0318,0.0663,0.0987,4643,2801.8000,0,0,17990400.0000,PASS,89,QUALIFIED,-35.7095,-0.2580,-0.0683,-2.9729,956.0000,0.0571,89.7420,9.3067,5.0271,0.0182,0,1,0
power_recovery#774,SAFETY_LIMITED,BASELINE_V4,37.5000,1.0000,180000.0000,120.0000,60.0000,30.0000,25.0000,0.0100,-0.2162,1.6575,1.9924,0.7077,-1,-1.0000,0,0,16190400.0000,FAIL,0,UNLEARNED,nan,nan,nan,nan,-1.0000,0.0300,45.0000,0.0000,0.0000,2.0000,0,0,0
power_recovery#774,SAFETY_LIMITED,ADAPTIVE_V1,37.5000,1.0000,180000.0000,120.0000,60.0000,30.0000,25.0000,0.0100,0.0354,0.0304,0.0601,0.1038,4691,2801.8000,0,0,17961600.0000,PASS,89,QUALIFIED,-35.7117,-0.2462,0.0372,-2.9725,956.0000,0.0571,89.7538,9.4122,5.0275,0.0173,2,1,0
setpoint_step#778,SAFETY_LIMITED,BASELINE_V4,37.5000,1.0000,180000.0000,120.0000,60.0000,30.0000,25.0000,0.0100,-0.0797,0.4772,0.7681,0.6700,-1,7254.9000,0,0,14208000.0000,FAIL,0,UNLEARNED,nan,nan,nan,nan,-1.0000,0.0300,45.0000,0.0000,0.0000,2.0000,0,0,0
setpoint_step#778,SAFETY_LIMITED,ADAPTIVE_V1,37.5000,1.0000,180000.0000,120.0000,60.0000,30.0000,25.0000,0.0100,0.1511,0.0345,0.0489,0.0323,5447,4438.4000,0,0,14889600.0000,PASS,82,QUALIFIED,-32.6216,-0.8158,0.0150,-5.1569,4268.0000,0.0599,89.1842,9.3900,2.8431,0.0025,0,2,0
noise#782,SAFETY_LIMITED,BASELINE_V4,37.5000,1.0000,180000.0000,120.0000,60.0000,30.0000,25.0000,0.0100,-0.0146,0.4493,0.7869,0.7747,-1,3719.2000,0,0,17302400.0000,FAIL,0,UNLEARNED,nan,nan,nan,nan,-1.0000,0.0300,45.0000,0.0000,0.0000,2.0000,0,0,0
noise#782,SAFETY_LIMITED,ADAPTIVE_V1,37.5000,1.0000,180000.0000,120.0000,60.0000,30.0000,25.0000,0.0100,-0.1531,0.1561,0.1577,0.0057,-1,-1.0000,0,0,17833600.0000,FAIL,89,QUALIFIED,-36.3505,-0.2651,-0.1275,-3.0234,956.0000,0.0566,89.7349,9.2475,4.9766,0.0463,0,1,0
jitter_drop#786,SAFETY_LIMITED,BASELINE_V4,37.5000,1.0000,180000.0000,120.0000,60.0000,30.0000,25.0000,0.0100,-0.0051,0.4778,0.7731,0.6866,-1,3534.0000,0,0,17289600.0000,FAIL,0,UNLEARNED,nan,nan,nan,nan,-1.0000,0.0300,45.0000,0.0000,0.0000,2.0000,0,0,0
jitter_drop#786,SAFETY_LIMITED,ADAPTIVE_V1,37.5000,1.0000,180000.0000,120.0000,60.0000,30.0000,25.0000,0.0100,0.0076,0.0066,0.0127,0.0214,2774,2773.1000,0,0,18028800.0000,PASS,90,QUALIFIED,-35.2093,0.3484,0.0202,-2.9024,966.0000,0.0576,90.3484,9.3952,5.0976,0.0069,0,1,0
cold#3,REACHABLE,BASELINE_V4,30.0000,0.7000,180000.0000,120.0000,5.0000,3.0000,10.0000,0.0100,-0.0722,0.1638,0.2223,0.1475,-1,2509.2000,0,0,28311360.0000,FAIL,0,UNLEARNED,nan,nan,nan,nan,-1.0000,0.0300,45.0000,0.0000,0.0000,2.0000,0,0,0
cold#3,REACHABLE,ADAPTIVE_V1,30.0000,0.7000,180000.0000,120.0000,5.0000,3.0000,10.0000,0.0100,0.0179,0.0023,0.0049,0.0119,1644,1642.3000,0,0,28667520.0000,PASS,76,QUALIFIED,-5.0423,5.3839,-0.0184,0.6393,1266.0000,0.0591,13.3839,21.4102,1.1371,0.0039,0,1,0
cold#7,SAFETY_LIMITED,BASELINE_V4,30.0000,1.0000,180000.0000,120.0000,30.0000,8.0000,10.0000,0.0100,-0.2465,0.5530,0.8303,0.6289,-1,-1.0000,0,0,27817600.0000,FAIL,0,UNLEARNED,nan,nan,nan,nan,-1.0000,0.0300,45.0000,0.0000,0.0000,2.0000,0,0,0
cold#7,SAFETY_LIMITED,ADAPTIVE_V1,30.0000,1.0000,180000.0000,120.0000,30.0000,8.0000,10.0000,0.0100,-0.0739,0.0763,0.0770,0.0021,1707,1705.5000,0,0,28796800.0000,PASS,97,QUALIFIED,-10.7067,4.8240,-0.0326,0.2528,734.0000,0.0794,42.8240,14.9674,3.6306,0.0047,0,1,0
cold#11,SAFETY_LIMITED,BASELINE_V4,30.0000,1.2000,180000.0000,120.0000,120.0000,30.0000,10.0000,0.0100,-1.6583,2.3732,3.1355,1.5939,-1,-1.0000,0,0,25534080.0000,FAIL,0,UNLEARNED,nan,nan,nan,nan,-1.0000,0.0300,45.0000,0.0000,0.0000,2.0000,0,0,0
cold#11,SAFETY_LIMITED,ADAPTIVE_V1,30.0000,1.2000,180000.0000,120.0000,120.0000,30.0000,10.0000,0.0100,-0.7689,0.7833,0.7875,0.0130,-1,-1.0000,0,0,27626880.0000,FAIL,98,QUALIFIED,-21.2701,10.0000,-4.9227,-3.3024,676.0000,0.0840,160.0000,7.5773,12.6976,0.0055,0,1,0
cold#15,REACHABLE,BASELINE_V4,30.0000,0.7000,600000.0000,180.0000,5.0000,3.0000,10.0000,0.0100,-0.1100,0.1154,0.1184,0.0088,5751,5750.1000,0,0,44952320.0000,FAIL,0,UNLEARNED,nan,nan,nan,nan,-1.0000,0.0300,45.0000,0.0000,0.0000,2.0000,0,0,0
cold#15,REACHABLE,ADAPTIVE_V1,30.0000,0.7000,600000.0000,180.0000,5.0000,3.0000,10.0000,0.0100,0.0286,0.0026,0.0049,0.0108,3880,3879.8000,0,0,46637920.0000,PASS,91,QUALIFIED,-5.0010,5.0796,-0.0486,0.1871,1856.0000,0.0177,13.0796,32.0942,0.3364,0.0088,0,2,0
cold#19,REACHABLE,BASELINE_V4,30.0000,1.0000,600000.0000,180.0000,30.0000,8.0000,10.0000,0.0100,-0.0656,0.3831,0.5665,0.4581,-1,7791.8000,0,0,45518400.0000,FAIL,0,UNLEARNED,nan,nan,nan,nan,-1.0000,0.0300,45.0000,0.0000,0.0000,2.0000,0,0,0
cold#19,REACHABLE,ADAPTIVE_V1,30.0000,1.0000,600000.0000,180.0000,30.0000,8.0000,10.0000,0.0100,0.0333,0.0023,0.0046,0.0048,2609,2608.9000,0,0,48198400.0000,PASS,98,QUALIFIED,-6.4235,4.6630,-0.0257,0.1245,1230.0000,0.0250,42.6630,22.4743,1.1378,0.0017,0,1,0
cold#23,SAFETY_LIMITED,BASELINE_V4,30.0000,1.2000,600000.0000,180.0000,120.0000,30.0000,10.0000,0.0100,-0.1531,0.5626,1.0010,0.9014,-1,-1.0000,0,0,43745280.0000,FAIL,0,UNLEARNED,nan,nan,nan,nan,-1.0000,0.0300,45.0000,0.0000,0.0000,2.0000,0,0,0
cold#23,SAFETY_LIMITED,ADAPTIVE_V1,30.0000,1.2000,600000.0000,180.0000,120.0000,30.0000,10.0000,0.0100,-0.0032,0.0122,0.0179,0.0163,5234,5233.6000,0,0,47399040.0000,PASS,94,QUALIFIED,-22.6762,10.0000,0.0113,-1.0588,1836.0000,0.0247,160.0000,18.7613,3.7412,0.0107,0,2,0
cold#27,REACHABLE,BASELINE_V4,30.0000,0.7000,1600000.0000,300.0000,5.0000,3.0000,10.0000,0.0100,-0.2142,0.2163,0.2180,0.0041,-1,-1.0000,0,0,78603840.0000,FAIL,0,UNLEARNED,nan,nan,nan,nan,-1.0000,0.0300,45.0000,0.0000,0.0000,2.0000,0,0,0
cold#27,REACHABLE,ADAPTIVE_V1,30.0000,0.7000,1600000.0000,300.0000,5.0000,3.0000,10.0000,0.0100,-0.2142,0.2162,0.2180,0.0041,-1,-1.0000,0,0,78603840.0000,FAIL,38,LEARNING,328.5714,37.0000,-0.5625,1.3750,-1.0000,0.0300,45.0000,53.0089,1.4310,0.0071,0,0,0
cold#31,REACHABLE,BASELINE_V4,30.0000,1.0000,1600000.0000,300.0000,30.0000,8.0000,10.0000,0.0100,-0.1323,0.1409,0.1512,0.0193,-1,7041.3000,0,0,82742400.0000,FAIL,0,UNLEARNED,nan,nan,nan,nan,-1.0000,0.0300,45.0000,0.0000,0.0000,2.0000,0,0,0
cold#31,REACHABLE,ADAPTIVE_V1,30.0000,1.0000,1600000.0000,300.0000,30.0000,8.0000,10.0000,0.0100,0.0336,0.0087,0.0265,0.0537,6249,6248.5000,0,0,84158400.0000,PASS,96,QUALIFIED,-8.8953,4.6605,-0.0366,0.0354,3334.0000,0.0091,42.6605,37.4634,0.4154,0.0416,0,2,0
cold#35,REACHABLE,BASELINE_V4,30.0000,1.2000,1600000.0000,300.0000,120.0000,30.0000,10.0000,0.0100,-0.0633,0.5208,0.8776,0.8283,-1,10261.0000,0,0,77374080.0000,FAIL,0,UNLEARNED,nan,nan,nan,nan,-1.0000,0.0300,45.0000,0.0000,0.0000,2.0000,0,0,0
cold#35,REACHABLE,ADAPTIVE_V1,30.0000,1.2000,1600000.0000,300.0000,120.0000,30.0000,10.0000,0.0100,0.3431,0.5938,0.9582,0.8131,-1,8435.3000,0,0,77662080.0000,FAIL,89,QUALIFIED,-22.7017,10.0000,1.3692,-1.0502,7616.0000,0.0093,160.0000,32.6192,0.7498,0.0423,0,1,0
cold#39,REACHABLE,BASELINE_V4,30.0000,0.7000,180000.0000,120.0000,5.0000,3.0000,20.0000,0.0100,-0.0070,0.0336,0.0720,0.0821,2021,1685.7000,0,0,14350560.0000,PASS,0,UNLEARNED,nan,nan,nan,nan,-1.0000,0.0300,45.0000,0.0000,0.0000,2.0000,0,0,0
cold#39,REACHABLE,ADAPTIVE_V1,30.0000,0.7000,180000.0000,120.0000,5.0000,3.0000,20.0000,0.0100,0.0175,0.0030,0.0049,0.0094,1608,1607.5000,0,0,14411040.0000,PASS,56,LEARNING,-0.3706,4.9935,0.0308,0.6735,-1.0000,0.0620,12.9935,10.7451,1.1713,0.0104,0,0,0
cold#43,SAFETY_LIMITED,BASELINE_V4,30.0000,1.0000,180000.0000,120.0000,30.0000,8.0000,20.0000,0.0100,0.0641,0.2824,0.4686,0.5609,-1,5300.8000,0,0,14020800.0000,FAIL,0,UNLEARNED,nan,nan,nan,nan,-1.0000,0.0300,45.0000,0.0000,0.0000,2.0000,0,0,0
cold#43,SAFETY_LIMITED,ADAPTIVE_V1,30.0000,1.0000,180000.0000,120.0000,30.0000,8.0000,20.0000,0.0100,0.0645,0.0235,0.0627,0.1210,3419,3298.5000,0,0,14366400.0000,PASS,73,QUALIFIED,2.5095,6.5134,0.1748,0.9287,3280.0000,0.0911,44.5134,7.6748,4.3065,0.0106,0,1,0
cold#47,SAFETY_LIMITED,BASELINE_V4,30.0000,1.2000,180000.0000,120.0000,120.0000,30.0000,20.0000,0.0100,0.1848,0.5054,0.9682,1.1850,-1,2858.5000,0,0,13737600.0000,FAIL,0,UNLEARNED,nan,nan,nan,nan,-1.0000,0.0300,45.0000,0.0000,0.0000,2.0000,0,0,0
cold#47,SAFETY_LIMITED,ADAPTIVE_V1,30.0000,1.2000,180000.0000,120.0000,120.0000,30.0000,20.0000,0.0100,-0.0700,0.4000,0.7472,0.6963,-1,1623.3000,0,0,13991040.0000,FAIL,98,QUALIFIED,-29.0163,10.0000,-0.8570,-4.5518,842.0000,0.0757,160.0000,5.3930,11.4482,0.0427,0,1,0
cold#51,REACHABLE,BASELINE_V4,30.0000,0.7000,600000.0000,180.0000,5.0000,3.0000,20.0000,0.0100,-0.0313,0.0422,0.0483,0.0174,2875,2875.0000,0,0,23945600.0000,PASS,0,UNLEARNED,nan,nan,nan,nan,-1.0000,0.0300,45.0000,0.0000,0.0000,2.0000,0,0,0
cold#51,REACHABLE,ADAPTIVE_V1,30.0000,0.7000,600000.0000,180.0000,5.0000,3.0000,20.0000,0.0100,0.0172,0.0021,0.0045,0.0083,2040,2039.5000,0,0,24234560.0000,PASS,68,QUALIFIED,-13.1586,5.0337,-0.0002,0.1575,1590.0000,0.0162,13.0337,16.0712,0.3069,0.0013,9,1,0
cold#55,REACHABLE,BASELINE_V4,30.0000,1.0000,600000.0000,180.0000,30.0000,8.0000,20.0000,0.0100,-0.0114,0.1642,0.2628,0.2456,-1,2274.2000,0,0,24036800.0000,FAIL,0,UNLEARNED,nan,nan,nan,nan,-1.0000,0.0300,45.0000,0.0000,0.0000,2.0000,0,0,0
cold#55,REACHABLE,ADAPTIVE_V1,30.0000,1.0000,600000.0000,180.0000,30.0000,8.0000,20.0000,0.0100,0.0269,0.0018,0.0022,0.0013,2837,1770.8000,0,0,24539200.0000,PASS,92,QUALIFIED,-14.1868,4.9772,0.0113,0.0366,648.0000,0.0229,42.9772,11.2613,1.0499,0.0010,3,1,1
cold#59,SAFETY_LIMITED,BASELINE_V4,30.0000,1.2000,600000.0000,180.0000,120.0000,30.0000,20.0000,0.0100,-0.0338,0.2824,0.4988,0.4447,-1,3265.1000,0,0,23172480.0000,FAIL,0,UNLEARNED,nan,nan,nan,nan,-1.0000,0.0300,45.0000,0.0000,0.0000,2.0000,0,0,0
cold#59,SAFETY_LIMITED,ADAPTIVE_V1,30.0000,1.2000,600000.0000,180.0000,120.0000,30.0000,20.0000,0.0100,-0.6260,0.6361,0.6378,0.0040,-1,-1.0000,0,0,22867200.0000,FAIL,94,QUALIFIED,-28.2028,10.0000,-9.3750,-1.3262,894.0000,0.0230,160.0000,0.0000,3.4738,0.0135,0,1,0
cold#63,REACHABLE,BASELINE_V4,30.0000,0.7000,1600000.0000,300.0000,5.0000,3.0000,20.0000,0.0100,-0.1636,0.1672,0.1693,0.0058,-1,-1.0000,0,0,41647200.0000,FAIL,0,UNLEARNED,nan,nan,nan,nan,-1.0000,0.0300,45.0000,0.0000,0.0000,2.0000,0,0,0
cold#63,REACHABLE,ADAPTIVE_V1,30.0000,0.7000,1600000.0000,300.0000,5.0000,3.0000,20.0000,0.0100,-0.0423,0.0754,0.0761,0.0035,4132,4131.1000,0,0,43542240.0000,PASS,91,QUALIFIED,-4.9730,5.2135,-0.1868,0.0710,1170.0000,0.0067,13.2135,26.5989,0.1270,0.0111,6,2,0
cold#67,REACHABLE,BASELINE_V4,30.0000,1.0000,1600000.0000,300.0000,30.0000,8.0000,20.0000,0.0100,-0.0429,0.0690,0.0945,0.0526,4918,4792.8000,0,0,43083200.0000,PASS,0,UNLEARNED,nan,nan,nan,nan,-1.0000,0.0300,45.0000,0.0000,0.0000,2.0000,0,0,0
cold#67,REACHABLE,ADAPTIVE_V1,30.0000,1.0000,1600000.0000,300.0000,30.0000,8.0000,20.0000,0.0100,0.0309,0.0032,0.0050,0.0123,3244,3243.3000,0,0,44873600.0000,PASS,97,QUALIFIED,-13.8089,5.2241,0.0447,0.0174,1080.0000,0.0086,43.2241,18.7947,0.3974,0.0045,29,2,1
cold#71,REACHABLE,BASELINE_V4,30.0000,1.2000,1600000.0000,300.0000,120.0000,30.0000,20.0000,0.0100,0.0344,0.2192,0.4077,0.4451,-1,4807.4000,0,0,41817600.0000,FAIL,0,UNLEARNED,nan,nan,nan,nan,-1.0000,0.0300,45.0000,0.0000,0.0000,2.0000,0,0,0
cold#71,REACHABLE,ADAPTIVE_V1,30.0000,1.2000,1600000.0000,300.0000,120.0000,30.0000,20.0000,0.0100,-0.0637,0.1701,0.2659,0.2035,-1,7464.0000,0,0,43096320.0000,FAIL,47,DEGRADED,-24.4500,10.0000,0.6633,-0.4292,1612.0000,0.0091,160.0000,16.2883,1.3708,0.0338,0,1,1
cold#75,REACHABLE,BASELINE_V4,30.0000,0.7000,180000.0000,120.0000,5.0000,3.0000,25.0000,0.0100,0.0128,0.0023,0.0052,0.0102,934,933.4000,0,0,7257600.0000,PASS,0,UNLEARNED,nan,nan,nan,nan,-1.0000,0.0300,45.0000,0.0000,0.0000,2.0000,0,0,0
cold#75,REACHABLE,ADAPTIVE_V1,30.0000,0.7000,180000.0000,120.0000,5.0000,3.0000,25.0000,0.0100,0.0128,0.0021,0.0046,0.0099,934,933.4000,0,0,7257600.0000,PASS,38,LEARNING,-51.7857,37.0000,-0.0032,0.9332,-1.0000,0.0300,45.0000,5.3539,1.4310,0.0051,0,0,0
cold#79,SAFETY_LIMITED,BASELINE_V4,30.0000,1.0000,180000.0000,120.0000,30.0000,8.0000,25.0000,0.0100,0.1397,0.1356,0.2446,0.3870,-1,676.1000,0,0,7180800.0000,FAIL,0,UNLEARNED,nan,nan,nan,nan,-1.0000,0.0300,45.0000,0.0000,0.0000,2.0000,0,0,0
cold#79,SAFETY_LIMITED,ADAPTIVE_V1,30.0000,1.0000,180000.0000,120.0000,30.0000,8.0000,25.0000,0.0100,0.1500,0.1185,0.2124,0.3478,-1,676.1000,0,0,7233600.0000,FAIL,38,LEARNING,-66.2500,7.0000,-0.2344,-1.9468,-1.0000,0.0300,45.0000,3.5156,1.4310,0.3372,0,0,0
cold#83,SAFETY_LIMITED,BASELINE_V4,30.0000,1.2000,180000.0000,120.0000,120.0000,30.0000,25.0000,0.0100,-0.0155,0.2545,0.4572,0.4572,-1,6764.0000,0,0,6888960.0000,FAIL,0,UNLEARNED,nan,nan,nan,nan,-1.0000,0.0300,45.0000,0.0000,0.0000,2.0000,0,0,0
cold#83,SAFETY_LIMITED,ADAPTIVE_V1,30.0000,1.2000,180000.0000,120.0000,120.0000,30.0000,25.0000,0.0100,-0.1024,0.2667,0.4543,0.3561,-1,2427.7000,0,0,6935040.0000,FAIL,56,LEARNING,-42.4331,10.0000,-0.7250,-6.7156,-1.0000,0.0614,160.0000,2.4000,9.2844,0.0777,0,0,0
cold#87,REACHABLE,BASELINE_V4,30.0000,0.7000,600000.0000,180.0000,5.0000,3.0000,25.0000,0.0100,-0.0026,0.0084,0.0112,0.0088,1699,1698.4000,0,0,12180000.0000,PASS,0,UNLEARNED,nan,nan,nan,nan,-1.0000,0.0300,45.0000,0.0000,0.0000,2.0000,0,0,0
cold#87,REACHABLE,ADAPTIVE_V1,30.0000,0.7000,600000.0000,180.0000,5.0000,3.0000,25.0000,0.0100,0.0105,0.0018,0.0031,0.0035,1699,1698.4000,0,0,12200160.0000,PASS,65,QUALIFIED,-6.8082,8.0000,0.0024,0.2264,2058.0000,0.0174,16.0000,8.0381,0.3757,0.0113,0,1,0
cold#91,REACHABLE,BASELINE_V4,30.0000,1.0000,600000.0000,180.0000,30.0000,8.0000,25.0000,0.0100,-0.0690,0.1538,0.2114,0.1434,-1,1527.5000,0,0,11932800.0000,FAIL,0,UNLEARNED,nan,nan,nan,nan,-1.0000,0.0300,45.0000,0.0000,0.0000,2.0000,0,0,0
cold#91,REACHABLE,ADAPTIVE_V1,30.0000,1.0000,600000.0000,180.0000,30.0000,8.0000,25.0000,0.0100,-0.0203,0.0904,0.1570,0.1330,-1,1528.7000,0,0,12081600.0000,FAIL,73,QUALIFIED,-20.3520,4.0070,-0.9200,-0.0574,1762.0000,0.0212,42.0070,4.7050,0.9559,0.0224,0,1,0
cold#95,SAFETY_LIMITED,BASELINE_V4,30.0000,1.2000,600000.0000,180.0000,120.0000,30.0000,25.0000,0.0100,0.0863,0.1449,0.2530,0.2561,-1,1858.3000,0,0,11790720.0000,FAIL,0,UNLEARNED,nan,nan,nan,nan,-1.0000,0.0300,45.0000,0.0000,0.0000,2.0000,0,0,0
cold#95,SAFETY_LIMITED,ADAPTIVE_V1,30.0000,1.2000,600000.0000,180.0000,120.0000,30.0000,25.0000,0.0100,0.0045,0.0045,0.0099,0.0151,2566,2565.7000,0,0,12113280.0000,PASS,96,QUALIFIED,-31.1341,10.0000,0.0029,-1.4680,808.0000,0.0220,160.0000,4.6904,3.3320,0.0176,0,1,0
cold#99,REACHABLE,BASELINE_V4,30.0000,0.7000,1600000.0000,300.0000,5.0000,3.0000,25.0000,0.0100,-0.0231,0.0289,0.0320,0.0090,3160,3159.8000,0,0,21934080.0000,PASS,0,UNLEARNED,nan,nan,nan,nan,-1.0000,0.0300,45.0000,0.0000,0.0000,2.0000,0,0,0
cold#99,REACHABLE,ADAPTIVE_V1,30.0000,0.7000,1600000.0000,300.0000,5.0000,3.0000,25.0000,0.0100,0.0171,0.0023,0.0036,0.0024,1626,1625.8000,0,0,22982400.0000,PASS,89,QUALIFIED,-3.1073,5.2031,0.0302,0.0734,674.0000,0.0068,13.2031,13.4230,0.1294,0.0050,8,1,0
cold#103,REACHABLE,BASELINE_V4,30.0000,1.0000,1600000.0000,300.0000,30.0000,8.0000,25.0000,0.0100,-0.0078,0.0247,0.0391,0.0308,2728,2727.5000,0,0,22387200.0000,PASS,0,UNLEARNED,nan,nan,nan,nan,-1.0000,0.0300,45.0000,0.0000,0.0000,2.0000,0,0,0
cold#103,REACHABLE,ADAPTIVE_V1,30.0000,1.0000,1600000.0000,300.0000,30.0000,8.0000,25.0000,0.0100,0.0173,0.0024,0.0051,0.0123,1401,1400.3000,0,0,23107200.0000,PASS,99,QUALIFIED,-10.7878,3.9928,0.1038,0.0214,890.0000,0.0089,41.9928,9.4788,0.4014,0.0197,20,1,0
cold#107,REACHABLE,BASELINE_V4,30.0000,1.2000,1600000.0000,300.0000,120.0000,30.0000,25.0000,0.0100,0.1335,0.1028,0.2062,0.2609,-1,2857.7000,0,0,21719040.0000,FAIL,0,UNLEARNED,nan,nan,nan,nan,-1.0000,0.0300,45.0000,0.0000,0.0000,2.0000,0,0,0
cold#107,REACHABLE,ADAPTIVE_V1,30.0000,1.2000,1600000.0000,300.0000,120.0000,30.0000,25.0000,0.0100,0.0119,0.0026,0.0052,0.0105,2699,2698.2000,0,0,22694400.0000,PASS,99,QUALIFIED,-20.3074,10.0000,-0.0070,-0.8726,848.0000,0.0096,160.0000,7.8055,0.9274,0.0046,0,1,0
cold#111,REACHABLE,BASELINE_V4,30.0000,0.7000,180000.0000,120.0000,5.0000,3.0000,28.0000,0.0100,0.0180,0.0025,0.0055,0.0124,463,420.5000,0,0,2913120.0000,PASS,0,UNLEARNED,nan,nan,nan,nan,-1.0000,0.0300,45.0000,0.0000,0.0000,2.0000,0,0,0
cold#111,REACHABLE,ADAPTIVE_V1,30.0000,0.7000,180000.0000,120.0000,5.0000,3.0000,28.0000,0.0100,0.0180,0.0025,0.0055,0.0124,463,420.5000,0,0,2913120.0000,PASS,38,LEARNING,-51.7857,37.0000,0.0281,0.9332,-1.0000,0.0300,45.0000,2.1709,1.4310,0.0056,0,0,0
cold#115,SAFETY_LIMITED,BASELINE_V4,30.0000,1.0000,180000.0000,120.0000,30.0000,8.0000,28.0000,0.0100,0.0964,0.0510,0.0924,0.1952,314,313.6000,0,0,2896000.0000,PASS,0,UNLEARNED,nan,nan,nan,nan,-1.0000,0.0300,45.0000,0.0000,0.0000,2.0000,0,0,0
cold#115,SAFETY_LIMITED,ADAPTIVE_V1,30.0000,1.0000,180000.0000,120.0000,30.0000,8.0000,28.0000,0.0100,0.0964,0.0510,0.0924,0.1952,314,313.6000,0,0,2896000.0000,PASS,38,LEARNING,-66.2500,7.0000,-0.0478,-1.9468,-1.0000,0.0300,45.0000,1.4522,1.4310,0.1280,0,0,0
cold#119,SAFETY_LIMITED,BASELINE_V4,30.0000,1.2000,180000.0000,120.0000,120.0000,30.0000,28.0000,0.0100,-0.0993,0.1886,0.2586,0.1646,-1,1856.2000,0,0,2653440.0000,FAIL,0,UNLEARNED,nan,nan,nan,nan,-1.0000,0.0300,45.0000,0.0000,0.0000,2.0000,0,0,0
cold#119,SAFETY_LIMITED,ADAPTIVE_V1,30.0000,1.2000,180000.0000,120.0000,120.0000,30.0000,28.0000,0.0100,-0.0993,0.1886,0.2586,0.1646,-1,1856.2000,0,0,2653440.0000,FAIL,38,LEARNING,-71.8750,-105.0000,0.0757,-15.2053,-1.0000,0.0300,45.0000,1.3257,0.7947,0.1595,0,0,0
cold#123,REACHABLE,BASELINE_V4,30.0000,0.7000,600000.0000,180.0000,5.0000,3.0000,28.0000,0.0100,0.0185,0.0029,0.0044,0.0041,1042,1041.4000,0,0,4895520.0000,PASS,0,UNLEARNED,nan,nan,nan,nan,-1.0000,0.0300,45.0000,0.0000,0.0000,2.0000,0,0,0
cold#123,REACHABLE,ADAPTIVE_V1,30.0000,0.7000,600000.0000,180.0000,5.0000,3.0000,28.0000,0.0100,0.0185,0.0027,0.0047,0.0078,1042,1041.4000,0,0,4898880.0000,PASS,38,LEARNING,60.7143,37.0000,-0.0429,1.2817,-1.0000,0.0300,45.0000,3.1714,1.4310,0.0086,0,0,0
cold#127,REACHABLE,BASELINE_V4,30.0000,1.0000,600000.0000,180.0000,30.0000,8.0000,28.0000,0.0100,0.0248,0.0295,0.0558,0.0817,887,886.6000,0,0,4880000.0000,PASS,0,UNLEARNED,nan,nan,nan,nan,-1.0000,0.0300,45.0000,0.0000,0.0000,2.0000,0,0,0
cold#127,REACHABLE,ADAPTIVE_V1,30.0000,1.0000,600000.0000,180.0000,30.0000,8.0000,28.0000,0.0100,0.0248,0.0295,0.0558,0.0817,887,886.6000,0,0,4880000.0000,PASS,38,LEARNING,12.5000,7.0000,-0.0635,0.4177,-1.0000,0.0300,45.0000,2.1865,1.4310,0.0210,0,0,0
cold#131,SAFETY_LIMITED,BASELINE_V4,30.0000,1.2000,600000.0000,180.0000,120.0000,30.0000,28.0000,0.0100,0.0664,0.3053,0.3297,0.0573,-1,1246.3000,0,0,4199040.0000,FAIL,0,UNLEARNED,nan,nan,nan,nan,-1.0000,0.0300,45.0000,0.0000,0.0000,2.0000,0,0,0
cold#131,SAFETY_LIMITED,ADAPTIVE_V1,30.0000,1.2000,600000.0000,180.0000,120.0000,30.0000,28.0000,0.0100,0.1447,0.1197,0.1458,0.0550,8293,1245.6000,0,0,4688640.0000,FAIL,57,LEARNING,-36.2486,10.0000,-0.0656,-3.1540,-1.0000,0.0204,160.0000,1.8094,1.6460,0.0401,0,0,0
cold#135,REACHABLE,BASELINE_V4,30.0000,0.7000,1600000.0000,300.0000,5.0000,3.0000,28.0000,0.0100,-0.6576,0.6640,0.6677,0.0121,-1,-1.0000,0,0,5755680.0000,FAIL,0,UNLEARNED,nan,nan,nan,nan,-1.0000,0.0300,45.0000,0.0000,0.0000,2.0000,0,0,0
cold#135,REACHABLE,ADAPTIVE_V1,30.0000,0.7000,1600000.0000,300.0000,5.0000,3.0000,28.0000,0.0100,0.0434,0.0016,0.0037,0.0055,2263,2262.3000,0,0,8827840.0000,PASS,67,QUALIFIED,-2.1106,5.4500,-0.0266,0.0763,1828.0000,0.0069,13.4500,5.3306,0.1323,0.0054,0,1,0
cold#139,REACHABLE,BASELINE_V4,30.0000,1.0000,1600000.0000,300.0000,30.0000,8.0000,28.0000,0.0100,0.0038,0.0046,0.0061,0.0041,1470,1469.6000,0,0,9177600.0000,PASS,0,UNLEARNED,nan,nan,nan,nan,-1.0000,0.0300,45.0000,0.0000,0.0000,2.0000,0,0,0
cold#139,REACHABLE,ADAPTIVE_V1,30.0000,1.0000,1600000.0000,300.0000,30.0000,8.0000,28.0000,0.0100,0.0413,0.0242,0.0434,0.0844,1470,1469.6000,0,0,9196800.0000,PASS,53,LEARNING,-16.7366,5.5385,-0.8434,0.0062,-1.0000,0.0083,43.5385,2.9066,0.3862,0.0299,0,0,0
cold#143,REACHABLE,BASELINE_V4,30.0000,1.2000,1600000.0000,300.0000,120.0000,30.0000,28.0000,0.0100,0.0768,0.0442,0.0788,0.0783,1763,1762.1000,0,0,9014400.0000,PASS,0,UNLEARNED,nan,nan,nan,nan,-1.0000,0.0300,45.0000,0.0000,0.0000,2.0000,0,0,0
cold#143,REACHABLE,ADAPTIVE_V1,30.0000,1.2000,1600000.0000,300.0000,120.0000,30.0000,28.0000,0.0100,0.1272,0.0287,0.0768,0.1086,1725,1724.6000,0,0,9133440.0000,PASS,64,QUALIFIED,-25.8400,10.0000,-0.7420,-1.1272,2078.0000,0.0089,160.0000,2.3830,0.6728,0.0491,0,1,0
cold#147,COOLING_REQUIRED,BASELINE_V4,30.0000,0.7000,180000.0000,120.0000,5.0000,3.0000,35.0000,0.0100,5.0000,5.0000,5.0000,0.0000,-1,0.0000,0,0,0.0000,FAIL,0,UNLEARNED,nan,nan,nan,nan,-1.0000,0.0300,45.0000,0.0000,0.0000,2.0000,0,0,0
cold#147,COOLING_REQUIRED,ADAPTIVE_V1,30.0000,0.7000,180000.0000,120.0000,5.0000,3.0000,35.0000,0.0100,5.0000,5.0000,5.0000,0.0000,-1,0.0000,0,0,0.0000,FAIL,18,LEARNING,-51.7857,37.0000,0.0000,0.9332,-1.0000,0.0300,45.0000,0.0000,1.4310,0.0000,0,0,0
cold#151,COOLING_REQUIRED,BASELINE_V4,30.0000,1.0000,180000.0000,120.0000,30.0000,8.0000,35.0000,0.0100,5.0000,5.0000,5.0000,0.0000,-1,0.0000,0,0,0.0000,FAIL,0,UNLEARNED,nan,nan,nan,nan,-1.0000,0.0300,45.0000,0.0000,0.0000,2.0000,0,0,0
cold#151,COOLING_REQUIRED,ADAPTIVE_V1,30.0000,1.0000,180000.0000,120.0000,30.0000,8.0000,35.0000,0.0100,5.0000,5.0000,5.0000,0.0000,-1,0.0000,0,0,0.0000,FAIL,18,LEARNING,-66.2500,7.0000,0.0000,-1.9468,-1.0000,0.0300,45.0000,0.0000,1.4310,0.0000,0,0,0
cold#155,COOLING_REQUIRED,BASELINE_V4,30.0000,1.2000,180000.0000,120.0000,120.0000,30.0000,35.0000,0.0100,5.0000,5.0000,5.0000,0.0000,-1,0.0000,0,0,0.0000,FAIL,0,UNLEARNED,nan,nan,nan,nan,-1.0000,0.0300,45.0000,0.0000,0.0000,2.0000,0,0,0
cold#155,COOLING_REQUIRED,ADAPTIVE_V1,30.0000,1.2000,180000.0000,120.0000,120.0000,30.0000,35.0000,0.0100,5.0000,5.0000,5.0000,0.0000,-1,0.0000,0,0,0.0000,FAIL,18,LEARNING,-71.8750,-105.0000,0.0000,-14.5690,-1.0000,0.0300,45.0000,0.0000,1.4310,0.0000,0,0,0
cold#159,COOLING_REQUIRED,BASELINE_V4,30.0000,0.7000,600000.0000,180.0000,5.0000,3.0000,35.0000,0.0100,5.0000,5.0000,5.0000,0.0000,-1,0.0000,0,0,0.0000,FAIL,0,UNLEARNED,nan,nan,nan,nan,-1.0000,0.0300,45.0000,0.0000,0.0000,2.0000,0,0,0
cold#159,COOLING_REQUIRED,ADAPTIVE_V1,30.0000,0.7000,600000.0000,180.0000,5.0000,3.0000,35.0000,0.0100,5.0000,5.0000,5.0000,0.0000,-1,0.0000,0,0,0.0000,FAIL,18,LEARNING,60.7143,37.0000,0.0000,1.2817,-1.0000,0.0300,45.0000,0.0000,1.4310,0.0000,0,0,0
cold#163,COOLING_REQUIRED,BASELINE_V4,30.0000,1.0000,600000.0000,180.0000,30.0000,8.0000,35.0000,0.0100,5.0000,5.0000,5.0000,0.0000,-1,0.0000,0,0,0.0000,FAIL,0,UNLEARNED,nan,nan,nan,nan,-1.0000,0.0300,45.0000,0.0000,0.0000,2.0000,0,0,0
cold#163,COOLING_REQUIRED,ADAPTIVE_V1,30.0000,1.0000,600000.0000,180.0000,30.0000,8.0000,35.0000,0.0100,5.0000,5.0000,5.0000,0.0000,-1,0.0000,0,0,0.0000,FAIL,18,LEARNING,12.5000,7.0000,0.0000,0.4177,-1.0000,0.0300,45.0000,0.0000,1.4310,0.0000,0,0,0
cold#167,COOLING_REQUIRED,BASELINE_V4,30.0000,1.2000,600000.0000,180.0000,120.0000,30.0000,35.0000,0.0100,5.0000,5.0000,5.0000,0.0000,-1,0.0000,0,0,0.0000,FAIL,0,UNLEARNED,nan,nan,nan,nan,-1.0000,0.0300,45.0000,0.0000,0.0000,2.0000,0,0,0
cold#167,COOLING_REQUIRED,ADAPTIVE_V1,30.0000,1.2000,600000.0000,180.0000,120.0000,30.0000,35.0000,0.0100,5.0000,5.0000,5.0000,0.0000,-1,0.0000,0,0,0.0000,FAIL,18,LEARNING,-6.2500,-105.0000,0.0000,-3.3690,-1.0000,0.0300,45.0000,0.0000,1.4310,0.0000,0,0,0
cold#171,COOLING_REQUIRED,BASELINE_V4,30.0000,0.7000,1600000.0000,300.0000,5.0000,3.0000,35.0000,0.0100,5.0000,5.0000,5.0000,0.0000,-1,0.0000,0,0,0.0000,FAIL,0,UNLEARNED,nan,nan,nan,nan,-1.0000,0.0300,45.0000,0.0000,0.0000,2.0000,0,0,0
cold#171,COOLING_REQUIRED,ADAPTIVE_V1,30.0000,0.7000,1600000.0000,300.0000,5.0000,3.0000,35.0000,0.0100,5.0000,5.0000,5.0000,0.0000,-1,0.0000,0,0,0.0000,FAIL,18,LEARNING,328.5714,37.0000,0.0000,1.3750,-1.0000,0.0300,45.0000,0.0000,1.4310,0.0000,0,0,0
cold#175,COOLING_REQUIRED,BASELINE_V4,30.0000,1.0000,1600000.0000,300.0000,30.0000,8.0000,35.0000,0.0100,5.0000,5.0000,5.0000,0.0000,-1,0.0000,0,0,0.0000,FAIL,0,UNLEARNED,nan,nan,nan,nan,-1.0000,0.0300,45.0000,0.0000,0.0000,2.0000,0,0,0
cold#175,COOLING_REQUIRED,ADAPTIVE_V1,30.0000,1.0000,1600000.0000,300.0000,30.0000,8.0000,35.0000,0.0100,5.0000,5.0000,5.0000,0.0000,-1,0.0000,0,0,0.0000,FAIL,18,LEARNING,200.0000,7.0000,0.0000,1.0510,-1.0000,0.0300,45.0000,0.0000,1.4310,0.0000,0,0,0
cold#179,COOLING_REQUIRED,BASELINE_V4,30.0000,1.2000,1600000.0000,300.0000,120.0000,30.0000,35.0000,0.0100,5.0000,5.0000,5.0000,0.0000,-1,0.0000,0,0,0.0000,FAIL,0,UNLEARNED,nan,nan,nan,nan,-1.0000,0.0300,45.0000,0.0000,0.0000,2.0000,0,0,0
cold#179,COOLING_REQUIRED,ADAPTIVE_V1,30.0000,1.2000,1600000.0000,300.0000,120.0000,30.0000,35.0000,0.0100,5.0000,5.0000,5.0000,0.0000,-1,0.0000,0,0,0.0000,FAIL,18,LEARNING,150.0000,-105.0000,0.0000,-0.3690,-1.0000,0.0300,45.0000,0.0000,1.4310,0.0000,0,0,0
cold#183,REACHABLE,BASELINE_V4,32.0000,0.7000,180000.0000,120.0000,5.0000,3.0000,10.0000,0.0100,-0.0915,0.1594,0.2113,0.1333,-1,4100.9000,0,0,30681280.0000,FAIL,0,UNLEARNED,nan,nan,nan,nan,-1.0000,0.0300,45.0000,0.0000,0.0000,2.0000,0,0,0
cold#183,REACHABLE,ADAPTIVE_V1,32.0000,0.7000,180000.0000,120.0000,5.0000,3.0000,10.0000,0.0100,0.0211,0.0022,0.0045,0.0077,1239,1237.6000,0,0,31557120.0000,PASS,82,QUALIFIED,-6.9980,5.1294,-0.0021,0.6027,966.0000,0.0579,13.1294,23.5693,1.1004,0.0022,0,1,0
cold#187,SAFETY_LIMITED,BASELINE_V4,32.0000,1.0000,180000.0000,120.0000,30.0000,8.0000,10.0000,0.0100,-1.3755,2.0879,2.5647,1.2724,-1,-1.0000,0,0,28896000.0000,FAIL,0,UNLEARNED,nan,nan,nan,nan,-1.0000,0.0300,45.0000,0.0000,0.0000,2.0000,0,0,0
cold#187,SAFETY_LIMITED,ADAPTIVE_V1,32.0000,1.0000,180000.0000,120.0000,30.0000,8.0000,10.0000,0.0100,-0.0744,0.0792,0.0826,0.0092,1801,1799.3000,0,0,31654400.0000,PASS,96,QUALIFIED,-11.3342,4.6302,-0.0656,0.2136,758.0000,0.0788,42.6302,16.4344,3.5913,0.0041,0,1,0
cold#191,SAFETY_LIMITED,BASELINE_V4,32.0000,1.2000,180000.0000,120.0000,120.0000,30.0000,10.0000,0.0100,-1.9409,2.6494,3.3856,1.4908,-1,-1.0000,0,0,28312320.0000,FAIL,0,UNLEARNED,nan,nan,nan,nan,-1.0000,0.0300,45.0000,0.0000,0.0000,2.0000,0,0,0
cold#191,SAFETY_LIMITED,ADAPTIVE_V1,32.0000,1.2000,180000.0000,120.0000,120.0000,30.0000,10.0000,0.0100,-0.1496,1.1195,1.9562,1.7806,-1,6552.1000,0,0,30447360.0000,FAIL,97,QUALIFIED,-19.9320,10.0000,-0.7083,-3.0892,842.0000,0.0854,160.0000,13.0417,12.9108,0.0782,0,2,0
cold#195,REACHABLE,BASELINE_V4,32.0000,0.7000,600000.0000,180.0000,5.0000,3.0000,10.0000,0.0100,-0.1230,0.1293,0.1339,0.0113,5269,5268.7000,0,0,49734720.0000,FAIL,0,UNLEARNED,nan,nan,nan,nan,-1.0000,0.0300,45.0000,0.0000,0.0000,2.0000,0,0,0
cold#195,REACHABLE,ADAPTIVE_V1,32.0000,0.7000,600000.0000,180.0000,5.0000,3.0000,10.0000,0.0100,-0.1230,0.1280,0.1317,0.0091,5269,5268.7000,0,0,49738080.0000,FAIL,38,LEARNING,60.7143,37.0000,-0.2360,1.2817,-1.0000,0.0300,45.0000,35.1212,1.4310,0.0047,0,0,0
cold#199,REACHABLE,BASELINE_V4,32.0000,1.0000,600000.0000,180.0000,30.0000,8.0000,10.0000,0.0100,-1.2891,1.8890,2.1923,0.9519,-1,-1.0000,0,0,48156800.0000,FAIL,0,UNLEARNED,nan,nan,nan,nan,-1.0000,0.0300,45.0000,0.0000,0.0000,2.0000,0,0,0
cold#199,REACHABLE,ADAPTIVE_V1,32.0000,1.0000,600000.0000,180.0000,30.0000,8.0000,10.0000,0.0100,0.0348,0.0030,0.0060,0.0084,3110,3109.6000,0,0,52515200.0000,PASS,96,QUALIFIED,-5.7176,4.4580,-0.0058,0.1284,1680.0000,0.0251,42.4580,24.7442,1.1418,0.0053,0,1,0
cold#203,SAFETY_LIMITED,BASELINE_V4,32.0000,1.2000,600000.0000,180.0000,120.0000,30.0000,10.0000,0.0100,-1.8855,2.2891,2.6346,0.8538,-1,-1.0000,0,0,45980160.0000,FAIL,0,UNLEARNED,nan,nan,nan,nan,-1.0000,0.0300,45.0000,0.0000,0.0000,2.0000,0,0,0
cold#203,SAFETY_LIMITED,ADAPTIVE_V1,32.0000,1.2000,600000.0000,180.0000,120.0000,30.0000,10.0000,0.0100,-0.0022,0.0111,0.0172,0.0158,5079,5078.8000,0,0,51995520.0000,PASS,92,QUALIFIED,-24.2835,10.0000,-0.0215,-1.1365,1980.0000,0.0242,160.0000,20.6035,3.6635,0.0155,0,2,0
cold#207,REACHABLE,BASELINE_V4,32.0000,0.7000,1600000.0000,300.0000,5.0000,3.0000,10.0000,0.0100,-0.2437,0.2454,0.2468,0.0034,-1,-1.0000,0,0,85555680.0000,FAIL,0,UNLEARNED,nan,nan,nan,nan,-1.0000,0.0300,45.0000,0.0000,0.0000,2.0000,0,0,0
cold#207,REACHABLE,ADAPTIVE_V1,32.0000,0.7000,1600000.0000,300.0000,5.0000,3.0000,10.0000,0.0100,-0.0733,0.1033,0.1720,0.1281,-1,9206.1000,0,0,85932000.0000,FAIL,65,QUALIFIED,-4.2028,4.9779,-0.1966,0.0706,8734.0000,0.0067,12.9779,58.7320,0.1266,0.0268,0,1,0
cold#211,REACHABLE,BASELINE_V4,32.0000,1.0000,1600000.0000,300.0000,30.0000,8.0000,10.0000,0.0100,-0.1514,0.1638,0.1738,0.0248,-1,-1.0000,0,0,90662400.0000,FAIL,0,UNLEARNED,nan,nan,nan,nan,-1.0000,0.0300,45.0000,0.0000,0.0000,2.0000,0,0,0
cold#211,REACHABLE,ADAPTIVE_V1,32.0000,1.0000,1600000.0000,300.0000,30.0000,8.0000,10.0000,0.0100,0.0404,0.0100,0.0304,0.0485,6594,6593.1000,0,0,91262400.0000,PASS,91,QUALIFIED,-9.7896,5.1538,-0.2218,0.0353,5448.0000,0.0090,43.1538,41.0282,0.4153,0.0211,0,2,0
cold#215,REACHABLE,BASELINE_V4,32.0000,1.2000,1600000.0000,300.0000,120.0000,30.0000,10.0000,0.0100,-0.3850,1.4937,2.3191,2.0432,-1,-1.0000,0,0,83829120.0000,FAIL,0,UNLEARNED,nan,nan,nan,nan,-1.0000,0.0300,45.0000,0.0000,0.0000,2.0000,0,0,0
cold#215,REACHABLE,ADAPTIVE_V1,32.0000,1.2000,1600000.0000,300.0000,120.0000,30.0000,10.0000,0.0100,-0.0132,0.1751,0.5651,0.6034,-1,8900.0000,0,0,85265280.0000,FAIL,91,QUALIFIED,-22.2506,10.0000,0.2814,-0.3893,5050.0000,0.0093,160.0000,34.6564,1.4107,0.0563,16,1,0
cold#219,REACHABLE,BASELINE_V4,32.0000,0.7000,180000.0000,120.0000,5.0000,3.0000,20.0000,0.0100,-0.0183,0.0507,0.0865,0.0752,8375,1583.1000,0,0,17184160.0000,PASS,0,UNLEARNED,nan,nan,nan,nan,-1.0000,0.0300,45.0000,0.0000,0.0000,2.0000,0,0,0
cold#219,REACHABLE,ADAPTIVE_V1,32.0000,0.7000,180000.0000,120.0000,5.0000,3.0000,20.0000,0.0100,0.0183,0.0020,0.0041,0.0088,1590,1589.9000,0,0,17268160.0000,PASS,59,LEARNING,-2.8678,4.8255,-0.0355,0.6350,-1.0000,0.0604,12.8255,12.8217,1.1328,0.0074,0,0,0
cold#223,SAFETY_LIMITED,BASELINE_V4,32.0000,1.0000,180000.0000,120.0000,30.0000,8.0000,20.0000,0.0100,-0.6011,0.7673,0.9345,0.3474,-1,-1.0000,0,0,16390400.0000,FAIL,0,UNLEARNED,nan,nan,nan,nan,-1.0000,0.0300,45.0000,0.0000,0.0000,2.0000,0,0,0
cold#223,SAFETY_LIMITED,ADAPTIVE_V1,32.0000,1.0000,180000.0000,120.0000,30.0000,8.0000,20.0000,0.0100,0.0297,0.0004,0.0011,0.0023,1242,1241.8000,0,0,17427200.0000,PASS,76,QUALIFIED,-7.7540,4.8596,-0.0000,0.3755,938.0000,0.0820,42.8596,9.0000,3.7533,0.0000,0,1,0
cold#227,SAFETY_LIMITED,BASELINE_V4,32.0000,1.2000,180000.0000,120.0000,120.0000,30.0000,20.0000,0.0100,0.3839,0.5800,1.2057,1.4645,-1,2536.9000,0,0,16744320.0000,FAIL,0,UNLEARNED,nan,nan,nan,nan,-1.0000,0.0300,45.0000,0.0000,0.0000,2.0000,0,0,0
cold#227,SAFETY_LIMITED,ADAPTIVE_V1,32.0000,1.2000,180000.0000,120.0000,120.0000,30.0000,20.0000,0.0100,-0.1459,0.5029,0.8490,0.7207,-1,2575.9000,0,0,16805760.0000,FAIL,98,QUALIFIED,-25.0053,10.0000,-0.8867,-3.9049,858.0000,0.0800,160.0000,6.6133,12.0951,0.0512,0,1,0
cold#231,REACHABLE,BASELINE_V4,32.0000,0.7000,600000.0000,180.0000,5.0000,3.0000,20.0000,0.0100,-0.0508,0.0557,0.0578,0.0066,3483,3482.2000,0,0,28491680.0000,PASS,0,UNLEARNED,nan,nan,nan,nan,-1.0000,0.0300,45.0000,0.0000,0.0000,2.0000,0,0,0
cold#231,REACHABLE,ADAPTIVE_V1,32.0000,0.7000,600000.0000,180.0000,5.0000,3.0000,20.0000,0.0100,0.0472,0.0026,0.0047,0.0064,2580,2579.8000,0,0,28908320.0000,PASS,77,QUALIFIED,-10.9874,5.1051,0.0103,0.1663,1512.0000,0.0166,13.1051,19.2960,0.3156,0.0120,0,1,0
cold#235,REACHABLE,BASELINE_V4,32.0000,1.0000,600000.0000,180.0000,30.0000,8.0000,20.0000,0.0100,-0.0292,0.2015,0.3153,0.2877,-1,2669.1000,0,0,28593600.0000,FAIL,0,UNLEARNED,nan,nan,nan,nan,-1.0000,0.0300,45.0000,0.0000,0.0000,2.0000,0,0,0
cold#235,REACHABLE,ADAPTIVE_V1,32.0000,1.0000,600000.0000,180.0000,30.0000,8.0000,20.0000,0.0100,0.0275,0.0022,0.0049,0.0058,2580,1648.8000,0,0,29361600.0000,PASS,99,QUALIFIED,-9.6714,5.0622,-0.0439,0.0936,802.0000,0.0241,43.0622,13.4561,1.1070,0.0103,0,1,1
cold#239,SAFETY_LIMITED,BASELINE_V4,32.0000,1.2000,600000.0000,180.0000,120.0000,30.0000,20.0000,0.0100,0.0367,0.3649,0.5494,0.4078,-1,3786.8000,0,0,27697920.0000,FAIL,0,UNLEARNED,nan,nan,nan,nan,-1.0000,0.0300,45.0000,0.0000,0.0000,2.0000,0,0,0
cold#239,SAFETY_LIMITED,ADAPTIVE_V1,32.0000,1.2000,600000.0000,180.0000,120.0000,30.0000,20.0000,0.0100,-0.1645,0.1892,0.2340,0.0722,-1,-1.0000,0,0,28256640.0000,FAIL,46,DEGRADED,-26.8878,10.0000,-0.2925,-1.2625,1046.0000,0.0234,160.0000,10.9575,3.5375,0.0199,0,0,1
cold#243,REACHABLE,BASELINE_V4,32.0000,0.7000,1600000.0000,300.0000,5.0000,3.0000,20.0000,0.0100,-0.1931,0.1952,0.1964,0.0035,-1,-1.0000,0,0,49153440.0000,FAIL,0,UNLEARNED,nan,nan,nan,nan,-1.0000,0.0300,45.0000,0.0000,0.0000,2.0000,0,0,0
cold#243,REACHABLE,ADAPTIVE_V1,32.0000,0.7000,1600000.0000,300.0000,5.0000,3.0000,20.0000,0.0100,-0.0572,0.0753,0.0760,0.0020,5507,5506.2000,0,0,51347520.0000,PASS,91,QUALIFIED,-4.6006,5.2031,-0.1771,0.0714,1514.0000,0.0067,13.2031,31.9658,0.1274,0.0058,3,2,1
cold#247,REACHABLE,BASELINE_V4,32.0000,1.0000,1600000.0000,300.0000,30.0000,8.0000,20.0000,0.0100,-0.0625,0.0806,0.0874,0.0159,5748,5618.5000,0,0,50913600.0000,PASS,0,UNLEARNED,nan,nan,nan,nan,-1.0000,0.0300,45.0000,0.0000,0.0000,2.0000,0,0,0
cold#247,REACHABLE,ADAPTIVE_V1,32.0000,1.0000,1600000.0000,300.0000,30.0000,8.0000,20.0000,0.0100,0.0411,0.0054,0.0131,0.0204,3865,3864.4000,0,0,52982400.0000,PASS,92,QUALIFIED,-11.3042,5.2545,-0.0496,0.0291,1552.0000,0.0089,43.2545,22.4504,0.4091,0.0351,0,2,0
cold#251,REACHABLE,BASELINE_V4,32.0000,1.2000,1600000.0000,300.0000,120.0000,30.0000,20.0000,0.0100,0.0967,0.2834,0.4730,0.4349,-1,5517.9000,0,0,49656960.0000,FAIL,0,UNLEARNED,nan,nan,nan,nan,-1.0000,0.0300,45.0000,0.0000,0.0000,2.0000,0,0,0
cold#251,REACHABLE,ADAPTIVE_V1,32.0000,1.2000,1600000.0000,300.0000,120.0000,30.0000,20.0000,0.0100,-0.0746,0.1935,0.3133,0.2403,-1,7974.1000,0,0,50858880.0000,FAIL,46,DEGRADED,-24.2925,10.0000,-0.2327,-0.4264,1950.0000,0.0091,160.0000,18.5173,1.3736,0.0317,0,1,1
cold#255,REACHABLE,BASELINE_V4,32.0000,0.7000,180000.0000,120.0000,5.0000,3.0000,25.0000,0.0100,0.0063,0.0122,0.0303,0.0402,1217,1217.0000,0,0,10123680.0000,PASS,0,UNLEARNED,nan,nan,nan,nan,-1.0000,0.0300,45.0000,0.0000,0.0000,2.0000,0,0,0
cold#255,REACHABLE,ADAPTIVE_V1,32.0000,0.7000,180000.0000,120.0000,5.0000,3.0000,25.0000,0.0100,0.0066,0.0019,0.0041,0.0097,1217,1217.0000,0,0,10140480.0000,PASS,39,LEARNING,-51.7857,37.0000,0.0044,0.9332,-1.0000,0.0300,45.0000,7.5044,1.4310,0.0001,21,0,0
cold#259,SAFETY_LIMITED,BASELINE_V4,32.0000,1.0000,180000.0000,120.0000,30.0000,8.0000,25.0000,0.0100,0.1087,0.1832,0.3296,0.4402,-1,1129.0000,0,0,10016000.0000,FAIL,0,UNLEARNED,nan,nan,nan,nan,-1.0000,0.0300,45.0000,0.0000,0.0000,2.0000,0,0,0
cold#259,SAFETY_LIMITED,ADAPTIVE_V1,32.0000,1.0000,180000.0000,120.0000,30.0000,8.0000,25.0000,0.0100,0.1087,0.1832,0.3296,0.4402,-1,1129.0000,0,0,10016000.0000,FAIL,43,LEARNING,-67.5458,122.0000,-5.2500,0.9841,-1.0000,0.0288,160.0000,0.0000,4.3618,0.8339,0,0,0
cold#263,SAFETY_LIMITED,BASELINE_V4,32.0000,1.2000,180000.0000,120.0000,120.0000,30.0000,25.0000,0.0100,0.0211,0.3679,0.6988,0.7493,-1,9083.4000,0,0,9434880.0000,FAIL,0,UNLEARNED,nan,nan,nan,nan,-1.0000,0.0300,45.0000,0.0000,0.0000,2.0000,0,0,0
cold#263,SAFETY_LIMITED,ADAPTIVE_V1,32.0000,1.2000,180000.0000,120.0000,120.0000,30.0000,25.0000,0.0100,0.0921,0.2388,0.4963,0.6029,-1,1473.2000,0,0,9924480.0000,FAIL,89,QUALIFIED,-33.8312,10.0000,-0.2330,-5.3283,890.0000,0.0706,160.0000,4.1420,10.6717,0.0443,0,1,0
cold#267,REACHABLE,BASELINE_V4,32.0000,0.7000,600000.0000,180.0000,5.0000,3.0000,25.0000,0.0100,-0.0121,0.0228,0.0296,0.0182,2142,2141.2000,0,0,16934400.0000,PASS,0,UNLEARNED,nan,nan,nan,nan,-1.0000,0.0300,45.0000,0.0000,0.0000,2.0000,0,0,0
cold#267,REACHABLE,ADAPTIVE_V1,32.0000,0.7000,600000.0000,180.0000,5.0000,3.0000,25.0000,0.0100,-0.0031,0.0081,0.0117,0.0095,2142,2141.2000,0,0,16968000.0000,PASS,42,LEARNING,60.7143,37.0000,0.0078,1.2817,-1.0000,0.0300,45.0000,11.2578,1.4310,0.0095,0,0,0
cold#271,REACHABLE,BASELINE_V4,32.0000,1.0000,600000.0000,180.0000,30.0000,8.0000,25.0000,0.0100,-0.0797,0.1908,0.2627,0.1837,-1,1946.6000,0,0,16684800.0000,FAIL,0,UNLEARNED,nan,nan,nan,nan,-1.0000,0.0300,45.0000,0.0000,0.0000,2.0000,0,0,0
cold#271,REACHABLE,ADAPTIVE_V1,32.0000,1.0000,600000.0000,180.0000,30.0000,8.0000,25.0000,0.0100,-0.0402,0.0773,0.0787,0.0035,1451,1450.9000,0,0,17059200.0000,PASS,99,QUALIFIED,-13.2725,4.5938,-0.0846,0.0398,768.0000,0.0231,42.5938,7.7904,1.0531,0.0060,0,1,0
cold#275,SAFETY_LIMITED,BASELINE_V4,32.0000,1.2000,600000.0000,180.0000,120.0000,30.0000,25.0000,0.0100,0.0342,0.2081,0.3595,0.3512,-1,2682.0000,0,0,16433280.0000,FAIL,0,UNLEARNED,nan,nan,nan,nan,-1.0000,0.0300,45.0000,0.0000,0.0000,2.0000,0,0,0
cold#275,SAFETY_LIMITED,ADAPTIVE_V1,32.0000,1.2000,600000.0000,180.0000,120.0000,30.0000,25.0000,0.0100,0.6195,0.0085,0.0146,0.0161,4629,952.9000,0,0,16980480.0000,FAIL,99,QUALIFIED,-28.0704,10.0000,0.0404,-2.1908,708.0000,0.0230,160.0000,6.6029,2.6092,0.0147,0,2,0
cold#279,REACHABLE,BASELINE_V4,32.0000,0.7000,1600000.0000,300.0000,5.0000,3.0000,25.0000,0.0100,-0.0441,0.0551,0.0558,0.0022,3980,3979.4000,0,0,30172800.0000,PASS,0,UNLEARNED,nan,nan,nan,nan,-1.0000,0.0300,45.0000,0.0000,0.0000,2.0000,0,0,0
cold#279,REACHABLE,ADAPTIVE_V1,32.0000,0.7000,1600000.0000,300.0000,5.0000,3.0000,25.0000,0.0100,0.0267,0.0035,0.0050,0.0105,2477,2476.2000,0,0,31631040.0000,PASS,89,QUALIFIED,-3.9819,5.4073,-0.0373,0.0735,952.0000,0.0067,13.4073,18.7127,0.1295,0.0175,0,1,0
cold#283,REACHABLE,BASELINE_V4,32.0000,1.0000,1600000.0000,300.0000,30.0000,8.0000,25.0000,0.0100,-0.0252,0.0348,0.0393,0.0132,3553,3552.9000,0,0,30883200.0000,PASS,0,UNLEARNED,nan,nan,nan,nan,-1.0000,0.0300,45.0000,0.0000,0.0000,2.0000,0,0,0
cold#283,REACHABLE,ADAPTIVE_V1,32.0000,1.0000,1600000.0000,300.0000,30.0000,8.0000,25.0000,0.0100,0.0208,0.0016,0.0037,0.0043,2304,2303.2000,0,0,31968000.0000,PASS,99,QUALIFIED,-11.6506,5.1899,-0.0341,0.0270,770.0000,0.0088,43.1899,13.0909,0.4070,0.0009,12,1,0
cold#287,REACHABLE,BASELINE_V4,32.0000,1.2000,1600000.0000,300.0000,120.0000,30.0000,25.0000,0.0100,0.1128,0.1512,0.2881,0.3355,-1,3598.9000,0,0,30136320.0000,FAIL,0,UNLEARNED,nan,nan,nan,nan,-1.0000,0.0300,45.0000,0.0000,0.0000,2.0000,0,0,0
cold#287,REACHABLE,ADAPTIVE_V1,32.0000,1.2000,1600000.0000,300.0000,120.0000,30.0000,25.0000,0.0100,-0.2179,0.2761,0.3052,0.0583,-1,-1.0000,0,0,29980800.0000,FAIL,47,DEGRADED,-24.0179,10.0000,-0.2610,-0.7822,898.0000,0.0091,160.0000,10.6765,1.0178,0.0314,0,0,1
cold#291,REACHABLE,BASELINE_V4,32.0000,0.7000,180000.0000,120.0000,5.0000,3.0000,28.0000,0.0100,0.0132,0.0024,0.0053,0.0136,763,697.0000,0,0,5819520.0000,PASS,0,UNLEARNED,nan,nan,nan,nan,-1.0000,0.0300,45.0000,0.0000,0.0000,2.0000,0,0,0
cold#291,REACHABLE,ADAPTIVE_V1,32.0000,0.7000,180000.0000,120.0000,5.0000,3.0000,28.0000,0.0100,0.0132,0.0027,0.0058,0.0144,763,697.0000,0,0,5819520.0000,PASS,38,LEARNING,-51.7857,37.0000,-0.0157,0.9332,-1.0000,0.0300,45.0000,4.2700,1.4310,0.0067,0,0,0
cold#295,SAFETY_LIMITED,BASELINE_V4,32.0000,1.0000,180000.0000,120.0000,30.0000,8.0000,28.0000,0.0100,0.1338,0.1109,0.1971,0.3358,-1,557.8000,0,0,5784000.0000,FAIL,0,UNLEARNED,nan,nan,nan,nan,-1.0000,0.0300,45.0000,0.0000,0.0000,2.0000,0,0,0
cold#295,SAFETY_LIMITED,ADAPTIVE_V1,32.0000,1.0000,180000.0000,120.0000,30.0000,8.0000,28.0000,0.0100,0.1345,0.0820,0.1516,0.2774,-1,557.8000,0,0,5787200.0000,FAIL,38,LEARNING,-66.2500,7.0000,0.4133,-1.9468,-1.0000,0.0300,45.0000,3.4133,1.4310,0.2790,0,0,0
cold#299,SAFETY_LIMITED,BASELINE_V4,32.0000,1.2000,180000.0000,120.0000,120.0000,30.0000,28.0000,0.0100,-0.1438,0.3161,0.4418,0.3091,-1,8879.9000,0,0,5270400.0000,FAIL,0,UNLEARNED,nan,nan,nan,nan,-1.0000,0.0300,45.0000,0.0000,0.0000,2.0000,0,0,0
cold#299,SAFETY_LIMITED,ADAPTIVE_V1,32.0000,1.2000,180000.0000,120.0000,120.0000,30.0000,28.0000,0.0100,-0.1030,0.2984,0.4397,0.3535,-1,9650.6000,0,0,5270400.0000,FAIL,38,LEARNING,-71.8750,-105.0000,-0.6361,-14.5690,-1.0000,0.0300,45.0000,1.8639,1.4310,0.3938,0,0,0
cold#303,REACHABLE,BASELINE_V4,32.0000,0.7000,600000.0000,180.0000,5.0000,3.0000,28.0000,0.0100,0.0073,0.0096,0.0184,0.0267,1494,1493.6000,0,0,9767520.0000,PASS,0,UNLEARNED,nan,nan,nan,nan,-1.0000,0.0300,45.0000,0.0000,0.0000,2.0000,0,0,0
cold#303,REACHABLE,ADAPTIVE_V1,32.0000,0.7000,600000.0000,180.0000,5.0000,3.0000,28.0000,0.0100,0.0069,0.0015,0.0026,0.0030,1494,1493.6000,0,0,9777600.0000,PASS,57,LEARNING,-5.3693,4.9637,0.0042,0.1839,-1.0000,0.0177,12.9637,6.4327,0.3333,0.0047,0,0,0
cold#307,REACHABLE,BASELINE_V4,32.0000,1.0000,600000.0000,180.0000,30.0000,8.0000,28.0000,0.0100,0.0161,0.0598,0.1077,0.1222,1377,1376.2000,0,0,9686400.0000,PASS,0,UNLEARNED,nan,nan,nan,nan,-1.0000,0.0300,45.0000,0.0000,0.0000,2.0000,0,0,0
cold#307,REACHABLE,ADAPTIVE_V1,32.0000,1.0000,600000.0000,180.0000,30.0000,8.0000,28.0000,0.0100,0.0533,0.0364,0.0687,0.1231,1377,1376.2000,0,0,9864000.0000,PASS,70,QUALIFIED,-19.0877,4.3130,0.2270,-0.0363,1594.0000,0.0216,42.3130,4.7270,0.9770,0.0269,3,1,0
cold#311,SAFETY_LIMITED,BASELINE_V4,32.0000,1.2000,600000.0000,180.0000,120.0000,30.0000,28.0000,0.0100,0.1131,0.2501,0.2971,0.1268,-1,1581.4000,0,0,9233280.0000,FAIL,0,UNLEARNED,nan,nan,nan,nan,-1.0000,0.0300,45.0000,0.0000,0.0000,2.0000,0,0,0
cold#311,SAFETY_LIMITED,ADAPTIVE_V1,32.0000,1.2000,600000.0000,180.0000,120.0000,30.0000,28.0000,0.0100,0.0066,0.0071,0.0170,0.0259,2619,2169.4000,0,0,9699840.0000,PASS,97,QUALIFIED,-32.9141,10.0000,-0.0220,-2.8933,792.0000,0.0215,160.0000,3.7280,1.9067,0.0157,0,1,0
cold#315,REACHABLE,BASELINE_V4,32.0000,0.7000,1600000.0000,300.0000,5.0000,3.0000,28.0000,0.0100,-0.0134,0.0188,0.0216,0.0084,2737,2736.3000,0,0,17731840.0000,PASS,0,UNLEARNED,nan,nan,nan,nan,-1.0000,0.0300,45.0000,0.0000,0.0000,2.0000,0,0,0
cold#315,REACHABLE,ADAPTIVE_V1,32.0000,0.7000,1600000.0000,300.0000,5.0000,3.0000,28.0000,0.0100,0.0266,0.0015,0.0026,0.0034,1781,1780.8000,0,0,18332160.0000,PASS,89,QUALIFIED,-2.2738,5.7161,0.0352,0.0777,678.0000,0.0068,13.7161,10.7495,0.1337,0.0092,2,1,0
cold#319,REACHABLE,BASELINE_V4,32.0000,1.0000,1600000.0000,300.0000,30.0000,8.0000,28.0000,0.0100,-0.0093,0.0148,0.0179,0.0084,2289,2288.8000,0,0,18076800.0000,PASS,0,UNLEARNED,nan,nan,nan,nan,-1.0000,0.0300,45.0000,0.0000,0.0000,2.0000,0,0,0
cold#319,REACHABLE,ADAPTIVE_V1,32.0000,1.0000,1600000.0000,300.0000,30.0000,8.0000,28.0000,0.0100,0.0191,0.0024,0.0028,0.0010,1403,1402.1000,0,0,18484800.0000,PASS,99,QUALIFIED,-9.5044,4.1510,0.0000,0.0285,922.0000,0.0090,42.1510,7.5000,0.4085,0.0000,11,1,0
cold#323,REACHABLE,BASELINE_V4,32.0000,1.2000,1600000.0000,300.0000,120.0000,30.0000,28.0000,0.0100,0.1307,0.0814,0.1652,0.2069,-1,2484.5000,0,0,17740800.0000,FAIL,0,UNLEARNED,nan,nan,nan,nan,-1.0000,0.0300,45.0000,0.0000,0.0000,2.0000,0,0,0
cold#323,REACHABLE,ADAPTIVE_V1,32.0000,1.2000,1600000.0000,300.0000,120.0000,30.0000,28.0000,0.0100,0.0195,0.0040,0.0128,0.0136,2328,2327.1000,0,0,18255360.0000,PASS,99,QUALIFIED,-20.3082,10.0000,-0.0872,-0.4755,826.0000,0.0096,160.0000,6.1628,1.3245,0.0314,0,1,0
cold#327,COOLING_REQUIRED,BASELINE_V4,32.0000,0.7000,180000.0000,120.0000,5.0000,3.0000,35.0000,0.0100,3.0000,3.0000,3.0000,0.0000,-1,0.0000,0,0,0.0000,FAIL,0,UNLEARNED,nan,nan,nan,nan,-1.0000,0.0300,45.0000,0.0000,0.0000,2.0000,0,0,0
cold#327,COOLING_REQUIRED,ADAPTIVE_V1,32.0000,0.7000,180000.0000,120.0000,5.0000,3.0000,35.0000,0.0100,3.0000,3.0000,3.0000,0.0000,-1,0.0000,0,0,0.0000,FAIL,18,LEARNING,-51.7857,37.0000,0.0000,0.9332,-1.0000,0.0300,45.0000,0.0000,1.4310,0.0000,0,0,0
cold#331,COOLING_REQUIRED,BASELINE_V4,32.0000,1.0000,180000.0000,120.0000,30.0000,8.0000,35.0000,0.0100,3.0000,3.0000,3.0000,0.0000,-1,0.0000,0,0,0.0000,FAIL,0,UNLEARNED,nan,nan,nan,nan,-1.0000,0.0300,45.0000,0.0000,0.0000,2.0000,0,0,0
cold#331,COOLING_REQUIRED,ADAPTIVE_V1,32.0000,1.0000,180000.0000,120.0000,30.0000,8.0000,35.0000,0.0100,3.0000,3.0000,3.0000,0.0000,-1,0.0000,0,0,0.0000,FAIL,18,LEARNING,-66.2500,7.0000,0.0000,-1.9468,-1.0000,0.0300,45.0000,0.0000,1.4310,0.0000,0,0,0
cold#335,COOLING_REQUIRED,BASELINE_V4,32.0000,1.2000,180000.0000,120.0000,120.0000,30.0000,35.0000,0.0100,3.0000,3.0000,3.0000,0.0000,-1,0.0000,0,0,0.0000,FAIL,0,UNLEARNED,nan,nan,nan,nan,-1.0000,0.0300,45.0000,0.0000,0.0000,2.0000,0,0,0
cold#335,COOLING_REQUIRED,ADAPTIVE_V1,32.0000,1.2000,180000.0000,120.0000,120.0000,30.0000,35.0000,0.0100,3.0000,3.0000,3.0000,0.0000,-1,0.0000,0,0,0.0000,FAIL,18,LEARNING,-71.8750,-105.0000,0.0000,-14.5690,-1.0000,0.0300,45.0000,0.0000,1.4310,0.0000,0,0,0
cold#339,COOLING_REQUIRED,BASELINE_V4,32.0000,0.7000,600000.0000,180.0000,5.0000,3.0000,35.0000,0.0100,3.0000,3.0000,3.0000,0.0000,-1,0.0000,0,0,0.0000,FAIL,0,UNLEARNED,nan,nan,nan,nan,-1.0000,0.0300,45.0000,0.0000,0.0000,2.0000,0,0,0
cold#339,COOLING_REQUIRED,ADAPTIVE_V1,32.0000,0.7000,600000.0000,180.0000,5.0000,3.0000,35.0000,0.0100,3.0000,3.0000,3.0000,0.0000,-1,0.0000,0,0,0.0000,FAIL,18,LEARNING,60.7143,37.0000,0.0000,1.2817,-1.0000,0.0300,45.0000,0.0000,1.4310,0.0000,0,0,0
cold#343,COOLING_REQUIRED,BASELINE_V4,32.0000,1.0000,600000.0000,180.0000,30.0000,8.0000,35.0000,0.0100,3.0000,3.0000,3.0000,0.0000,-1,0.0000,0,0,0.0000,FAIL,0,UNLEARNED,nan,nan,nan,nan,-1.0000,0.0300,45.0000,0.0000,0.0000,2.0000,0,0,0
cold#343,COOLING_REQUIRED,ADAPTIVE_V1,32.0000,1.0000,600000.0000,180.0000,30.0000,8.0000,35.0000,0.0100,3.0000,3.0000,3.0000,0.0000,-1,0.0000,0,0,0.0000,FAIL,18,LEARNING,12.5000,7.0000,0.0000,0.4177,-1.0000,0.0300,45.0000,0.0000,1.4310,0.0000,0,0,0
cold#347,COOLING_REQUIRED,BASELINE_V4,32.0000,1.2000,600000.0000,180.0000,120.0000,30.0000,35.0000,0.0100,3.0000,3.0000,3.0000,0.0000,-1,0.0000,0,0,0.0000,FAIL,0,UNLEARNED,nan,nan,nan,nan,-1.0000,0.0300,45.0000,0.0000,0.0000,2.0000,0,0,0
cold#347,COOLING_REQUIRED,ADAPTIVE_V1,32.0000,1.2000,600000.0000,180.0000,120.0000,30.0000,35.0000,0.0100,3.0000,3.0000,3.0000,0.0000,-1,0.0000,0,0,0.0000,FAIL,18,LEARNING,-6.2500,-105.0000,0.0000,-3.3690,-1.0000,0.0300,45.0000,0.0000,1.4310,0.0000,0,0,0
cold#351,COOLING_REQUIRED,BASELINE_V4,32.0000,0.7000,1600000.0000,300.0000,5.0000,3.0000,35.0000,0.0100,3.0000,3.0000,3.0000,0.0000,-1,0.0000,0,0,0.0000,FAIL,0,UNLEARNED,nan,nan,nan,nan,-1.0000,0.0300,45.0000,0.0000,0.0000,2.0000,0,0,0
cold#351,COOLING_REQUIRED,ADAPTIVE_V1,32.0000,0.7000,1600000.0000,300.0000,5.0000,3.0000,35.0000,0.0100,3.0000,3.0000,3.0000,0.0000,-1,0.0000,0,0,0.0000,FAIL,18,LEARNING,328.5714,37.0000,0.0000,1.3750,-1.0000,0.0300,45.0000,0.0000,1.4310,0.0000,0,0,0
cold#355,COOLING_REQUIRED,BASELINE_V4,32.0000,1.0000,1600000.0000,300.0000,30.0000,8.0000,35.0000,0.0100,3.0000,3.0000,3.0000,0.0000,-1,0.0000,0,0,0.0000,FAIL,0,UNLEARNED,nan,nan,nan,nan,-1.0000,0.0300,45.0000,0.0000,0.0000,2.0000,0,0,0
cold#355,COOLING_REQUIRED,ADAPTIVE_V1,32.0000,1.0000,1600000.0000,300.0000,30.0000,8.0000,35.0000,0.0100,3.0000,3.0000,3.0000,0.0000,-1,0.0000,0,0,0.0000,FAIL,18,LEARNING,200.0000,7.0000,0.0000,1.0510,-1.0000,0.0300,45.0000,0.0000,1.4310,0.0000,0,0,0
cold#359,COOLING_REQUIRED,BASELINE_V4,32.0000,1.2000,1600000.0000,300.0000,120.0000,30.0000,35.0000,0.0100,3.0000,3.0000,3.0000,0.0000,-1,0.0000,0,0,0.0000,FAIL,0,UNLEARNED,nan,nan,nan,nan,-1.0000,0.0300,45.0000,0.0000,0.0000,2.0000,0,0,0
cold#359,COOLING_REQUIRED,ADAPTIVE_V1,32.0000,1.2000,1600000.0000,300.0000,120.0000,30.0000,35.0000,0.0100,3.0000,3.0000,3.0000,0.0000,-1,0.0000,0,0,0.0000,FAIL,18,LEARNING,150.0000,-105.0000,0.0000,-0.3690,-1.0000,0.0300,45.0000,0.0000,1.4310,0.0000,0,0,0
cold#363,REACHABLE,BASELINE_V4,35.0000,0.7000,180000.0000,120.0000,5.0000,3.0000,10.0000,0.0100,-1.6474,2.1684,2.8550,1.2738,-1,-1.0000,0,0,32660320.0000,FAIL,0,UNLEARNED,nan,nan,nan,nan,-1.0000,0.0300,45.0000,0.0000,0.0000,2.0000,0,0,0
cold#363,REACHABLE,ADAPTIVE_V1,35.0000,0.7000,180000.0000,120.0000,5.0000,3.0000,10.0000,0.0100,0.0087,0.0020,0.0044,0.0073,3242,1810.5000,0,0,35427840.0000,PASS,82,QUALIFIED,-7.3850,4.8582,-0.0055,0.5840,1230.0000,0.0576,12.8582,26.7803,1.0818,0.0107,0,1,0
cold#367,SAFETY_LIMITED,BASELINE_V4,35.0000,1.0000,180000.0000,120.0000,30.0000,8.0000,10.0000,0.0100,-1.4981,1.9778,2.3022,0.7613,-1,-1.0000,0,0,33334400.0000,FAIL,0,UNLEARNED,nan,nan,nan,nan,-1.0000,0.0300,45.0000,0.0000,0.0000,2.0000,0,0,0
cold#367,SAFETY_LIMITED,ADAPTIVE_V1,35.0000,1.0000,180000.0000,120.0000,30.0000,8.0000,10.0000,0.0100,-0.0762,0.0773,0.0779,0.0020,1829,1827.9000,0,0,35900800.0000,PASS,93,QUALIFIED,-10.9251,4.4192,-0.0000,0.2151,722.0000,0.0792,42.4192,18.7500,3.5929,0.0023,0,1,0
cold#371,SAFETY_LIMITED,BASELINE_V4,35.0000,1.2000,180000.0000,120.0000,120.0000,30.0000,10.0000,0.0100,-2.2834,3.0608,3.8920,1.6628,-1,-1.0000,0,0,31827840.0000,FAIL,0,UNLEARNED,nan,nan,nan,nan,-1.0000,0.0300,45.0000,0.0000,0.0000,2.0000,0,0,0
cold#371,SAFETY_LIMITED,ADAPTIVE_V1,35.0000,1.2000,180000.0000,120.0000,120.0000,30.0000,10.0000,0.0100,-0.0798,1.1136,2.0481,1.8610,-1,7761.9000,0,0,34583040.0000,FAIL,97,QUALIFIED,-19.0935,10.0000,-0.1832,-2.9561,872.0000,0.0863,160.0000,15.4418,13.0439,0.0998,0,2,0
cold#375,REACHABLE,BASELINE_V4,35.0000,0.7000,600000.0000,180.0000,5.0000,3.0000,10.0000,0.0100,-0.1504,0.1542,0.1567,0.0066,-1,-1.0000,0,0,56165760.0000,FAIL,0,UNLEARNED,nan,nan,nan,nan,-1.0000,0.0300,45.0000,0.0000,0.0000,2.0000,0,0,0
cold#375,REACHABLE,ADAPTIVE_V1,35.0000,0.7000,600000.0000,180.0000,5.0000,3.0000,10.0000,0.0100,-0.1504,0.1542,0.1566,0.0065,-1,-1.0000,0,0,56169120.0000,FAIL,38,LEARNING,60.7143,37.0000,-0.2567,1.2817,-1.0000,0.0300,45.0000,39.9219,1.4310,0.0281,0,0,0
cold#379,REACHABLE,BASELINE_V4,35.0000,1.0000,600000.0000,180.0000,30.0000,8.0000,10.0000,0.0100,-2.5717,2.7488,2.9240,0.3711,-1,-1.0000,0,0,53241600.0000,FAIL,0,UNLEARNED,nan,nan,nan,nan,-1.0000,0.0300,45.0000,0.0000,0.0000,2.0000,0,0,0
cold#379,REACHABLE,ADAPTIVE_V1,35.0000,1.0000,600000.0000,180.0000,30.0000,8.0000,10.0000,0.0100,0.0377,0.0021,0.0053,0.0115,3730,3729.4000,0,0,59102400.0000,PASS,97,QUALIFIED,-6.4346,4.9311,-0.0034,0.1304,2220.0000,0.0250,42.9311,28.1216,1.1437,0.0022,2,2,0
cold#383,SAFETY_LIMITED,BASELINE_V4,35.0000,1.2000,600000.0000,180.0000,120.0000,30.0000,10.0000,0.0100,-3.5330,3.9175,4.2859,0.8355,-1,-1.0000,0,0,49962240.0000,FAIL,0,UNLEARNED,nan,nan,nan,nan,-1.0000,0.0300,45.0000,0.0000,0.0000,2.0000,0,0,0
cold#383,SAFETY_LIMITED,ADAPTIVE_V1,35.0000,1.2000,600000.0000,180.0000,120.0000,30.0000,10.0000,0.0100,-0.0022,0.0103,0.0169,0.0159,4915,4914.2000,0,0,58844160.0000,PASS,92,QUALIFIED,-25.3062,10.0000,-0.0221,-1.1860,2010.0000,0.0239,160.0000,23.4154,3.6140,0.0166,0,2,0
cold#387,REACHABLE,BASELINE_V4,35.0000,0.7000,1600000.0000,300.0000,5.0000,3.0000,10.0000,0.0100,-0.2835,0.3264,0.5823,0.4063,-1,-1.0000,0,0,95387040.0000,FAIL,0,UNLEARNED,nan,nan,nan,nan,-1.0000,0.0300,45.0000,0.0000,0.0000,2.0000,0,0,0
cold#387,REACHABLE,ADAPTIVE_V1,35.0000,0.7000,1600000.0000,300.0000,5.0000,3.0000,10.0000,0.0100,-0.2347,0.4812,0.8960,0.7468,-1,-1.0000,0,0,94990560.0000,FAIL,58,LEARNING,-4.9855,5.2016,1.0914,0.0709,-1.0000,0.0067,13.2016,68.0557,0.1269,0.0260,0,0,0
cold#391,REACHABLE,BASELINE_V4,35.0000,1.0000,1600000.0000,300.0000,30.0000,8.0000,10.0000,0.0100,-0.1824,0.1928,0.2016,0.0193,-1,-1.0000,0,0,101736000.0000,FAIL,0,UNLEARNED,nan,nan,nan,nan,-1.0000,0.0300,45.0000,0.0000,0.0000,2.0000,0,0,0
cold#391,REACHABLE,ADAPTIVE_V1,35.0000,1.0000,1600000.0000,300.0000,30.0000,8.0000,10.0000,0.0100,-0.1001,0.1058,0.1092,0.0081,8021,7933.5000,0,0,101942400.0000,FAIL,57,LEARNING,-14.8229,5.0089,-0.1724,0.0110,-1.0000,0.0085,43.0089,46.7026,0.3910,0.0546,0,0,0
cold#395,REACHABLE,BASELINE_V4,35.0000,1.2000,1600000.0000,300.0000,120.0000,30.0000,10.0000,0.0100,-2.3264,3.1661,3.8857,1.7842,-1,-1.0000,0,0,89533440.0000,FAIL,0,UNLEARNED,nan,nan,nan,nan,-1.0000,0.0300,45.0000,0.0000,0.0000,2.0000,0,0,0
cold#395,REACHABLE,ADAPTIVE_V1,35.0000,1.2000,1600000.0000,300.0000,120.0000,30.0000,10.0000,0.0100,-0.7546,0.7639,0.7659,0.0039,-1,-1.0000,0,0,104302080.0000,FAIL,92,QUALIFIED,-27.9668,10.0000,-20.6489,-0.4930,1820.0000,0.0086,160.0000,18.4136,1.3070,0.0267,0,2,0
cold#399,REACHABLE,BASELINE_V4,35.0000,0.7000,180000.0000,120.0000,5.0000,3.0000,20.0000,0.0100,-0.0294,0.0893,0.1397,0.1276,-1,1967.2000,0,0,21384160.0000,FAIL,0,UNLEARNED,nan,nan,nan,nan,-1.0000,0.0300,45.0000,0.0000,0.0000,2.0000,0,0,0
cold#399,REACHABLE,ADAPTIVE_V1,35.0000,0.7000,180000.0000,120.0000,5.0000,3.0000,20.0000,0.0100,0.0178,0.0023,0.0050,0.0125,1920,1915.3000,0,0,21510720.0000,PASS,64,QUALIFIED,-4.7719,5.1806,-0.0252,0.6317,2090.0000,0.0593,13.1806,16.0462,1.1295,0.0044,0,1,0
cold#403,SAFETY_LIMITED,BASELINE_V4,35.0000,1.0000,180000.0000,120.0000,30.0000,8.0000,20.0000,0.0100,-0.9758,1.1888,1.3894,0.4399,-1,-1.0000,0,0,20075200.0000,FAIL,0,UNLEARNED,nan,nan,nan,nan,-1.0000,0.0300,45.0000,0.0000,0.0000,2.0000,0,0,0
cold#403,SAFETY_LIMITED,ADAPTIVE_V1,35.0000,1.0000,180000.0000,120.0000,30.0000,8.0000,20.0000,0.0100,0.0060,0.0014,0.0024,0.0031,1487,1486.2000,0,0,21740800.0000,PASS,98,QUALIFIED,-12.5948,4.5088,0.0000,0.1540,674.0000,0.0777,42.5088,11.2500,3.5318,0.0000,0,1,0
cold#407,SAFETY_LIMITED,BASELINE_V4,35.0000,1.2000,180000.0000,120.0000,120.0000,30.0000,20.0000,0.0100,-1.0355,1.6745,2.2768,1.3610,-1,-1.0000,0,0,19315200.0000,FAIL,0,UNLEARNED,nan,nan,nan,nan,-1.0000,0.0300,45.0000,0.0000,0.0000,2.0000,0,0,0
cold#407,SAFETY_LIMITED,ADAPTIVE_V1,35.0000,1.2000,180000.0000,120.0000,120.0000,30.0000,20.0000,0.0100,-0.1037,0.6259,1.1343,0.9455,-1,3009.3000,0,0,20903040.0000,FAIL,99,QUALIFIED,-20.5368,10.0000,-0.1362,-3.1842,846.0000,0.0848,160.0000,9.2388,12.8158,0.0346,0,1,0
cold#411,REACHABLE,BASELINE_V4,35.0000,0.7000,600000.0000,180.0000,5.0000,3.0000,20.0000,0.0100,-0.0707,0.0772,0.0805,0.0103,4469,4468.5000,0,0,35165760.0000,PASS,0,UNLEARNED,nan,nan,nan,nan,-1.0000,0.0300,45.0000,0.0000,0.0000,2.0000,0,0,0
cold#411,REACHABLE,ADAPTIVE_V1,35.0000,0.7000,600000.0000,180.0000,5.0000,3.0000,20.0000,0.0100,0.0369,0.0025,0.0048,0.0085,2879,2878.2000,0,0,35787360.0000,PASS,91,QUALIFIED,-4.7518,5.2531,-0.0546,0.1908,1150.0000,0.0178,13.2531,24.0525,0.3401,0.0046,0,1,0
cold#415,REACHABLE,BASELINE_V4,35.0000,1.0000,600000.0000,180.0000,30.0000,8.0000,20.0000,0.0100,-0.0320,0.2553,0.3951,0.3507,-1,3607.7000,0,0,35436800.0000,FAIL,0,UNLEARNED,nan,nan,nan,nan,-1.0000,0.0300,45.0000,0.0000,0.0000,2.0000,0,0,0
cold#415,REACHABLE,ADAPTIVE_V1,35.0000,1.0000,600000.0000,180.0000,30.0000,8.0000,20.0000,0.0100,0.0428,0.0034,0.0049,0.0039,2771,1793.2000,0,0,36464000.0000,PASS,97,QUALIFIED,-9.3474,5.0626,-0.0186,0.0976,1006.0000,0.0242,43.0626,16.8564,1.1109,0.0011,2,1,1
cold#419,SAFETY_LIMITED,BASELINE_V4,35.0000,1.2000,600000.0000,180.0000,120.0000,30.0000,20.0000,0.0100,-0.1083,0.3895,0.6539,0.5277,-1,4861.6000,0,0,34058880.0000,FAIL,0,UNLEARNED,nan,nan,nan,nan,-1.0000,0.0300,45.0000,0.0000,0.0000,2.0000,0,0,0
cold#419,SAFETY_LIMITED,ADAPTIVE_V1,35.0000,1.2000,600000.0000,180.0000,120.0000,30.0000,20.0000,0.0100,-0.0675,0.1173,0.1857,0.1207,-1,7266.0000,0,0,35464320.0000,FAIL,46,DEGRADED,-25.3891,10.0000,-0.3862,-1.1900,1316.0000,0.0239,160.0000,13.6763,3.6100,0.0156,8,0,1
cold#423,REACHABLE,BASELINE_V4,35.0000,0.7000,1600000.0000,300.0000,5.0000,3.0000,20.0000,0.0100,-0.2246,0.2271,0.2293,0.0050,-1,-1.0000,0,0,59862880.0000,FAIL,0,UNLEARNED,nan,nan,nan,nan,-1.0000,0.0300,45.0000,0.0000,0.0000,2.0000,0,0,0
cold#423,REACHABLE,ADAPTIVE_V1,35.0000,0.7000,1600000.0000,300.0000,5.0000,3.0000,20.0000,0.0100,-0.0508,0.0767,0.0835,0.0157,6223,6222.6000,0,0,63209440.0000,PASS,88,QUALIFIED,-4.2376,5.2489,-0.2669,0.0722,1536.0000,0.0067,13.2489,39.9117,0.1282,0.0092,0,2,0
cold#427,REACHABLE,BASELINE_V4,35.0000,1.0000,1600000.0000,300.0000,30.0000,8.0000,20.0000,0.0100,-0.0920,0.1049,0.1168,0.0252,7181,7180.9000,0,0,61811200.0000,FAIL,0,UNLEARNED,nan,nan,nan,nan,-1.0000,0.0300,45.0000,0.0000,0.0000,2.0000,0,0,0
cold#427,REACHABLE,ADAPTIVE_V1,35.0000,1.0000,1600000.0000,300.0000,30.0000,8.0000,20.0000,0.0100,0.0399,0.0034,0.0074,0.0130,4941,4940.4000,0,0,64598400.0000,PASS,88,QUALIFIED,-9.2075,5.2645,-0.0157,0.0389,2354.0000,0.0091,43.2645,28.1093,0.4189,0.0071,0,2,0
cold#431,REACHABLE,BASELINE_V4,35.0000,1.2000,1600000.0000,300.0000,120.0000,30.0000,20.0000,0.0100,0.0321,0.3626,0.5673,0.4914,-1,6777.6000,0,0,60840960.0000,FAIL,0,UNLEARNED,nan,nan,nan,nan,-1.0000,0.0300,45.0000,0.0000,0.0000,2.0000,0,0,0
cold#431,REACHABLE,ADAPTIVE_V1,35.0000,1.2000,1600000.0000,300.0000,120.0000,30.0000,20.0000,0.0100,0.0123,0.0087,0.0174,0.0319,5713,5712.6000,0,0,62663040.0000,PASS,90,QUALIFIED,-24.2792,10.0000,0.0691,-0.4261,3698.0000,0.0091,160.0000,23.5066,1.3739,0.0253,0,2,0
cold#435,REACHABLE,BASELINE_V4,35.0000,0.7000,180000.0000,120.0000,5.0000,3.0000,25.0000,0.0100,-0.0086,0.0591,0.1222,0.1219,2021,1685.7000,0,0,14330400.0000,PASS,0,UNLEARNED,nan,nan,nan,nan,-1.0000,0.0300,45.0000,0.0000,0.0000,2.0000,0,0,0
cold#435,REACHABLE,ADAPTIVE_V1,35.0000,0.7000,180000.0000,120.0000,5.0000,3.0000,25.0000,0.0100,0.0176,0.0026,0.0053,0.0131,1602,1601.7000,0,0,14411040.0000,PASS,56,LEARNING,-0.3706,4.9935,-0.0413,0.6735,-1.0000,0.0620,12.9935,10.6730,1.1713,0.0120,0,0,0
cold#439,SAFETY_LIMITED,BASELINE_V4,35.0000,1.0000,180000.0000,120.0000,30.0000,8.0000,25.0000,0.0100,0.0641,0.2824,0.4686,0.5609,-1,5300.8000,0,0,14020800.0000,FAIL,0,UNLEARNED,nan,nan,nan,nan,-1.0000,0.0300,45.0000,0.0000,0.0000,2.0000,0,0,0
cold#439,SAFETY_LIMITED,ADAPTIVE_V1,35.0000,1.0000,180000.0000,120.0000,30.0000,8.0000,25.0000,0.0100,0.0654,0.0420,0.1226,0.2104,8850,3704.5000,0,0,14337600.0000,PASS,73,QUALIFIED,2.5095,6.5133,0.2721,0.9287,3688.0000,0.0911,44.5133,7.7721,4.3065,0.0139,0,1,0
cold#443,SAFETY_LIMITED,BASELINE_V4,35.0000,1.2000,180000.0000,120.0000,120.0000,30.0000,25.0000,0.0100,0.1781,0.5159,0.9706,1.1230,-1,2858.5000,0,0,13743360.0000,FAIL,0,UNLEARNED,nan,nan,nan,nan,-1.0000,0.0300,45.0000,0.0000,0.0000,2.0000,0,0,0
cold#443,SAFETY_LIMITED,ADAPTIVE_V1,35.0000,1.2000,180000.0000,120.0000,120.0000,30.0000,25.0000,0.0100,-0.0551,0.4033,0.7310,0.6884,-1,2304.9000,0,0,14083200.0000,FAIL,98,QUALIFIED,-29.0546,10.0000,-0.0648,-4.5579,842.0000,0.0757,160.0000,6.1852,11.4421,0.0596,0,1,0
cold#447,REACHABLE,BASELINE_V4,35.0000,0.7000,600000.0000,180.0000,5.0000,3.0000,25.0000,0.0100,-0.0311,0.0422,0.0484,0.0178,2875,2875.0000,0,0,23945600.0000,PASS,0,UNLEARNED,nan,nan,nan,nan,-1.0000,0.0300,45.0000,0.0000,0.0000,2.0000,0,0,0
cold#447,REACHABLE,ADAPTIVE_V1,35.0000,0.7000,600000.0000,180.0000,5.0000,3.0000,25.0000,0.0100,0.0173,0.0009,0.0021,0.0037,1996,1996.0000,0,0,24237920.0000,PASS,68,QUALIFIED,-12.5038,4.9876,-0.0239,0.1592,1590.0000,0.0163,12.9876,16.0475,0.3085,0.0021,0,1,0
cold#451,REACHABLE,BASELINE_V4,35.0000,1.0000,600000.0000,180.0000,30.0000,8.0000,25.0000,0.0100,-0.0971,0.2427,0.3412,0.2451,-1,2477.9000,0,0,23777600.0000,FAIL,0,UNLEARNED,nan,nan,nan,nan,-1.0000,0.0300,45.0000,0.0000,0.0000,2.0000,0,0,0
cold#451,REACHABLE,ADAPTIVE_V1,35.0000,1.0000,600000.0000,180.0000,30.0000,8.0000,25.0000,0.0100,-0.0629,0.0771,0.0803,0.0102,2902,2046.5000,0,0,24344000.0000,PASS,92,QUALIFIED,-14.3649,4.8967,-0.1484,0.0327,648.0000,0.0228,42.8967,11.1016,1.0460,0.0058,0,1,1
cold#455,SAFETY_LIMITED,BASELINE_V4,35.0000,1.2000,600000.0000,180.0000,120.0000,30.0000,25.0000,0.0100,-0.0338,0.2824,0.4988,0.4447,-1,3265.1000,0,0,23172480.0000,FAIL,0,UNLEARNED,nan,nan,nan,nan,-1.0000,0.0300,45.0000,0.0000,0.0000,2.0000,0,0,0
cold#455,SAFETY_LIMITED,ADAPTIVE_V1,35.0000,1.2000,600000.0000,180.0000,120.0000,30.0000,25.0000,0.0100,-0.6234,0.6352,0.6371,0.0042,-1,-1.0000,0,0,22863360.0000,FAIL,94,QUALIFIED,-28.4044,10.0000,-9.3750,-1.3359,894.0000,0.0229,160.0000,0.0000,3.4641,0.0150,0,1,0
cold#459,REACHABLE,BASELINE_V4,35.0000,0.7000,1600000.0000,300.0000,5.0000,3.0000,25.0000,0.0100,-0.0839,0.0876,0.0899,0.0062,5118,5117.2000,0,0,42015680.0000,PASS,0,UNLEARNED,nan,nan,nan,nan,-1.0000,0.0300,45.0000,0.0000,0.0000,2.0000,0,0,0
cold#459,REACHABLE,ADAPTIVE_V1,35.0000,0.7000,1600000.0000,300.0000,5.0000,3.0000,25.0000,0.0100,0.0362,0.0045,0.0059,0.0133,4109,4108.4000,0,0,43720320.0000,PASS,91,QUALIFIED,-4.8836,5.2986,0.0698,0.0716,1284.0000,0.0067,13.2986,26.8555,0.1276,0.0107,0,2,0
cold#463,REACHABLE,BASELINE_V4,35.0000,1.0000,1600000.0000,300.0000,30.0000,8.0000,25.0000,0.0100,-0.0429,0.0672,0.0928,0.0516,4935,4803.7000,0,0,43032000.0000,PASS,0,UNLEARNED,nan,nan,nan,nan,-1.0000,0.0300,45.0000,0.0000,0.0000,2.0000,0,0,0
cold#463,REACHABLE,ADAPTIVE_V1,35.0000,1.0000,1600000.0000,300.0000,30.0000,8.0000,25.0000,0.0100,0.0273,0.0018,0.0037,0.0062,3244,3244.0000,0,0,44859200.0000,PASS,97,QUALIFIED,-13.8268,5.2279,-0.0126,0.0173,1080.0000,0.0086,43.2279,18.7374,0.3973,0.0014,0,2,1
cold#467,REACHABLE,BASELINE_V4,35.0000,1.2000,1600000.0000,300.0000,120.0000,30.0000,25.0000,0.0100,0.0344,0.2192,0.4077,0.4451,-1,4807.4000,0,0,41817600.0000,FAIL,0,UNLEARNED,nan,nan,nan,nan,-1.0000,0.0300,45.0000,0.0000,0.0000,2.0000,0,0,0
cold#467,REACHABLE,ADAPTIVE_V1,35.0000,1.2000,1600000.0000,300.0000,120.0000,30.0000,25.0000,0.0100,-0.0630,0.1364,0.1851,0.1203,-1,7462.6000,0,0,43067520.0000,FAIL,47,DEGRADED,-24.5010,10.0000,-0.4537,-0.4301,1612.0000,0.0091,160.0000,15.1713,1.3699,0.0447,0,1,1
cold#471,REACHABLE,BASELINE_V4,35.0000,0.7000,180000.0000,120.0000,5.0000,3.0000,28.0000,0.0100,0.0068,0.0047,0.0151,0.0252,1217,1217.0000,0,0,10130400.0000,PASS,0,UNLEARNED,nan,nan,nan,nan,-1.0000,0.0300,45.0000,0.0000,0.0000,2.0000,0,0,0
cold#471,REACHABLE,ADAPTIVE_V1,35.0000,0.7000,180000.0000,120.0000,5.0000,3.0000,28.0000,0.0100,0.0057,0.0022,0.0044,0.0106,1217,1217.0000,0,0,10140480.0000,PASS,39,LEARNING,-51.7857,37.0000,0.0040,0.9332,-1.0000,0.0300,45.0000,7.5040,1.4310,0.0005,35,0,0
cold#475,SAFETY_LIMITED,BASELINE_V4,35.0000,1.0000,180000.0000,120.0000,30.0000,8.0000,28.0000,0.0100,0.1087,0.1832,0.3296,0.4402,-1,1129.0000,0,0,10016000.0000,FAIL,0,UNLEARNED,nan,nan,nan,nan,-1.0000,0.0300,45.0000,0.0000,0.0000,2.0000,0,0,0
cold#475,SAFETY_LIMITED,ADAPTIVE_V1,35.0000,1.0000,180000.0000,120.0000,30.0000,8.0000,28.0000,0.0100,0.1087,0.1832,0.3296,0.4402,-1,1129.0000,0,0,10016000.0000,FAIL,43,LEARNING,-67.5427,122.0000,-5.2500,0.9845,-1.0000,0.0289,160.0000,0.0000,4.3623,0.8338,0,0,0
cold#479,SAFETY_LIMITED,BASELINE_V4,35.0000,1.2000,180000.0000,120.0000,120.0000,30.0000,28.0000,0.0100,-0.3017,0.5983,0.8071,0.5272,-1,-1.0000,0,0,9325440.0000,FAIL,0,UNLEARNED,nan,nan,nan,nan,-1.0000,0.0300,45.0000,0.0000,0.0000,2.0000,0,0,0
cold#479,SAFETY_LIMITED,ADAPTIVE_V1,35.0000,1.2000,180000.0000,120.0000,120.0000,30.0000,28.0000,0.0100,-0.0524,0.3023,0.5359,0.5035,-1,2199.7000,0,0,9768960.0000,FAIL,88,QUALIFIED,-34.1505,10.0000,-0.1573,-5.3798,892.0000,0.0702,160.0000,4.2177,10.6202,0.0501,0,1,0
cold#483,REACHABLE,BASELINE_V4,35.0000,0.7000,600000.0000,180.0000,5.0000,3.0000,28.0000,0.0100,-0.0120,0.0227,0.0297,0.0183,2142,2141.2000,0,0,16937760.0000,PASS,0,UNLEARNED,nan,nan,nan,nan,-1.0000,0.0300,45.0000,0.0000,0.0000,2.0000,0,0,0
cold#483,REACHABLE,ADAPTIVE_V1,35.0000,0.7000,600000.0000,180.0000,5.0000,3.0000,28.0000,0.0100,-0.0032,0.0082,0.0121,0.0095,2142,2141.2000,0,0,16968000.0000,PASS,42,LEARNING,60.7143,37.0000,-0.0375,1.2817,-1.0000,0.0300,45.0000,11.2125,1.4310,0.0125,0,0,0
cold#487,REACHABLE,BASELINE_V4,35.0000,1.0000,600000.0000,180.0000,30.0000,8.0000,28.0000,0.0100,0.0014,0.1134,0.1847,0.1843,-1,1930.6000,0,0,16896000.0000,FAIL,0,UNLEARNED,nan,nan,nan,nan,-1.0000,0.0300,45.0000,0.0000,0.0000,2.0000,0,0,0
cold#487,REACHABLE,ADAPTIVE_V1,35.0000,1.0000,600000.0000,180.0000,30.0000,8.0000,28.0000,0.0100,0.0260,0.0016,0.0044,0.0057,1215,1214.2000,0,0,17260800.0000,PASS,99,QUALIFIED,-15.4674,4.6891,0.0275,0.0150,732.0000,0.0225,42.6891,7.9025,1.0284,0.0005,2,1,0
cold#491,SAFETY_LIMITED,BASELINE_V4,35.0000,1.2000,600000.0000,180.0000,120.0000,30.0000,28.0000,0.0100,0.0503,0.1984,0.3595,0.4304,-1,2679.6000,0,0,16494720.0000,FAIL,0,UNLEARNED,nan,nan,nan,nan,-1.0000,0.0300,45.0000,0.0000,0.0000,2.0000,0,0,0
cold#491,SAFETY_LIMITED,ADAPTIVE_V1,35.0000,1.2000,600000.0000,180.0000,120.0000,30.0000,28.0000,0.0100,0.6211,0.0084,0.0152,0.0168,4389,955.2000,0,0,16986240.0000,FAIL,99,QUALIFIED,-27.9886,10.0000,0.0131,-2.1888,708.0000,0.0230,160.0000,6.5756,2.6112,0.0135,0,2,0
cold#495,REACHABLE,BASELINE_V4,35.0000,0.7000,1600000.0000,300.0000,5.0000,3.0000,28.0000,0.0100,-0.0441,0.0551,0.0558,0.0023,3980,3979.3000,0,0,30172800.0000,PASS,0,UNLEARNED,nan,nan,nan,nan,-1.0000,0.0300,45.0000,0.0000,0.0000,2.0000,0,0,0
cold#495,REACHABLE,ADAPTIVE_V1,35.0000,0.7000,1600000.0000,300.0000,5.0000,3.0000,28.0000,0.0100,0.0294,0.0040,0.0051,0.0042,2477,2476.4000,0,0,31631040.0000,PASS,90,QUALIFIED,-3.9619,5.4155,-0.0074,0.0736,952.0000,0.0067,13.4155,18.7426,0.1296,0.0019,0,1,0
cold#499,REACHABLE,BASELINE_V4,35.0000,1.0000,1600000.0000,300.0000,30.0000,8.0000,28.0000,0.0100,-0.0241,0.0345,0.0394,0.0132,3553,3552.9000,0,0,30873600.0000,PASS,0,UNLEARNED,nan,nan,nan,nan,-1.0000,0.0300,45.0000,0.0000,0.0000,2.0000,0,0,0
cold#499,REACHABLE,ADAPTIVE_V1,35.0000,1.0000,1600000.0000,300.0000,30.0000,8.0000,28.0000,0.0100,0.0195,0.0036,0.0043,0.0018,2303,2302.8000,0,0,31972800.0000,PASS,99,QUALIFIED,-11.7649,5.1567,0.0124,0.0262,770.0000,0.0088,43.1567,13.1374,0.4062,0.0012,1,1,0
cold#503,REACHABLE,BASELINE_V4,35.0000,1.2000,1600000.0000,300.0000,120.0000,30.0000,28.0000,0.0100,0.1094,0.1486,0.2871,0.3400,-1,3598.9000,0,0,29975040.0000,FAIL,0,UNLEARNED,nan,nan,nan,nan,-1.0000,0.0300,45.0000,0.0000,0.0000,2.0000,0,0,0
cold#503,REACHABLE,ADAPTIVE_V1,35.0000,1.2000,1600000.0000,300.0000,120.0000,30.0000,28.0000,0.0100,-0.2182,0.2941,0.3034,0.0237,-1,-1.0000,0,0,29905920.0000,FAIL,47,DEGRADED,-23.9928,10.0000,-0.4371,-0.7820,898.0000,0.0091,160.0000,10.5004,1.0180,0.0251,0,0,1
cold#507,COOLING_REQUIRED,BASELINE_V4,35.0000,0.7000,180000.0000,120.0000,5.0000,3.0000,35.0000,0.0100,0.0000,0.0000,0.0000,0.0000,1,0.0000,0,0,0.0000,PASS,0,UNLEARNED,nan,nan,nan,nan,-1.0000,0.0300,45.0000,0.0000,0.0000,2.0000,0,0,0
cold#507,COOLING_REQUIRED,ADAPTIVE_V1,35.0000,0.7000,180000.0000,120.0000,5.0000,3.0000,35.0000,0.0100,0.0000,0.0000,0.0000,0.0000,1,0.0000,0,0,0.0000,PASS,38,LEARNING,-51.7857,37.0000,0.0000,0.9332,-1.0000,0.0300,45.0000,0.0000,1.4310,0.0000,0,0,0
cold#511,COOLING_REQUIRED,BASELINE_V4,35.0000,1.0000,180000.0000,120.0000,30.0000,8.0000,35.0000,0.0100,0.0000,0.0000,0.0000,0.0000,1,0.0000,0,0,0.0000,PASS,0,UNLEARNED,nan,nan,nan,nan,-1.0000,0.0300,45.0000,0.0000,0.0000,2.0000,0,0,0
cold#511,COOLING_REQUIRED,ADAPTIVE_V1,35.0000,1.0000,180000.0000,120.0000,30.0000,8.0000,35.0000,0.0100,0.0000,0.0000,0.0000,0.0000,1,0.0000,0,0,0.0000,PASS,38,LEARNING,-66.2500,7.0000,0.0000,-1.9468,-1.0000,0.0300,45.0000,0.0000,1.4310,0.0000,0,0,0
cold#515,COOLING_REQUIRED,BASELINE_V4,35.0000,1.2000,180000.0000,120.0000,120.0000,30.0000,35.0000,0.0100,0.0000,0.0000,0.0000,0.0000,1,0.0000,0,0,0.0000,PASS,0,UNLEARNED,nan,nan,nan,nan,-1.0000,0.0300,45.0000,0.0000,0.0000,2.0000,0,0,0
cold#515,COOLING_REQUIRED,ADAPTIVE_V1,35.0000,1.2000,180000.0000,120.0000,120.0000,30.0000,35.0000,0.0100,0.0000,0.0000,0.0000,0.0000,1,0.0000,0,0,0.0000,PASS,38,LEARNING,-71.8750,-105.0000,0.0000,-14.5690,-1.0000,0.0300,45.0000,0.0000,1.4310,0.0000,0,0,0
cold#519,COOLING_REQUIRED,BASELINE_V4,35.0000,0.7000,600000.0000,180.0000,5.0000,3.0000,35.0000,0.0100,0.0000,0.0000,0.0000,0.0000,1,0.0000,0,0,0.0000,PASS,0,UNLEARNED,nan,nan,nan,nan,-1.0000,0.0300,45.0000,0.0000,0.0000,2.0000,0,0,0
cold#519,COOLING_REQUIRED,ADAPTIVE_V1,35.0000,0.7000,600000.0000,180.0000,5.0000,3.0000,35.0000,0.0100,0.0000,0.0000,0.0000,0.0000,1,0.0000,0,0,0.0000,PASS,38,LEARNING,60.7143,37.0000,0.0000,1.2817,-1.0000,0.0300,45.0000,0.0000,1.4310,0.0000,0,0,0
cold#523,COOLING_REQUIRED,BASELINE_V4,35.0000,1.0000,600000.0000,180.0000,30.0000,8.0000,35.0000,0.0100,0.0000,0.0000,0.0000,0.0000,1,0.0000,0,0,0.0000,PASS,0,UNLEARNED,nan,nan,nan,nan,-1.0000,0.0300,45.0000,0.0000,0.0000,2.0000,0,0,0
cold#523,COOLING_REQUIRED,ADAPTIVE_V1,35.0000,1.0000,600000.0000,180.0000,30.0000,8.0000,35.0000,0.0100,0.0000,0.0000,0.0000,0.0000,1,0.0000,0,0,0.0000,PASS,38,LEARNING,12.5000,7.0000,0.0000,0.4177,-1.0000,0.0300,45.0000,0.0000,1.4310,0.0000,0,0,0
cold#527,COOLING_REQUIRED,BASELINE_V4,35.0000,1.2000,600000.0000,180.0000,120.0000,30.0000,35.0000,0.0100,0.0000,0.0000,0.0000,0.0000,1,0.0000,0,0,0.0000,PASS,0,UNLEARNED,nan,nan,nan,nan,-1.0000,0.0300,45.0000,0.0000,0.0000,2.0000,0,0,0
cold#527,COOLING_REQUIRED,ADAPTIVE_V1,35.0000,1.2000,600000.0000,180.0000,120.0000,30.0000,35.0000,0.0100,0.0000,0.0000,0.0000,0.0000,1,0.0000,0,0,0.0000,PASS,38,LEARNING,-6.2500,-105.0000,0.0000,-3.3690,-1.0000,0.0300,45.0000,0.0000,1.4310,0.0000,0,0,0
cold#531,COOLING_REQUIRED,BASELINE_V4,35.0000,0.7000,1600000.0000,300.0000,5.0000,3.0000,35.0000,0.0100,0.0000,0.0000,0.0000,0.0000,1,0.0000,0,0,0.0000,PASS,0,UNLEARNED,nan,nan,nan,nan,-1.0000,0.0300,45.0000,0.0000,0.0000,2.0000,0,0,0
cold#531,COOLING_REQUIRED,ADAPTIVE_V1,35.0000,0.7000,1600000.0000,300.0000,5.0000,3.0000,35.0000,0.0100,0.0000,0.0000,0.0000,0.0000,1,0.0000,0,0,0.0000,PASS,38,LEARNING,328.5714,37.0000,0.0000,1.3750,-1.0000,0.0300,45.0000,0.0000,1.4310,0.0000,0,0,0
cold#535,COOLING_REQUIRED,BASELINE_V4,35.0000,1.0000,1600000.0000,300.0000,30.0000,8.0000,35.0000,0.0100,0.0000,0.0000,0.0000,0.0000,1,0.0000,0,0,0.0000,PASS,0,UNLEARNED,nan,nan,nan,nan,-1.0000,0.0300,45.0000,0.0000,0.0000,2.0000,0,0,0
cold#535,COOLING_REQUIRED,ADAPTIVE_V1,35.0000,1.0000,1600000.0000,300.0000,30.0000,8.0000,35.0000,0.0100,0.0000,0.0000,0.0000,0.0000,1,0.0000,0,0,0.0000,PASS,38,LEARNING,200.0000,7.0000,0.0000,1.0510,-1.0000,0.0300,45.0000,0.0000,1.4310,0.0000,0,0,0
cold#539,COOLING_REQUIRED,BASELINE_V4,35.0000,1.2000,1600000.0000,300.0000,120.0000,30.0000,35.0000,0.0100,0.0000,0.0000,0.0000,0.0000,1,0.0000,0,0,0.0000,PASS,0,UNLEARNED,nan,nan,nan,nan,-1.0000,0.0300,45.0000,0.0000,0.0000,2.0000,0,0,0
cold#539,COOLING_REQUIRED,ADAPTIVE_V1,35.0000,1.2000,1600000.0000,300.0000,120.0000,30.0000,35.0000,0.0100,0.0000,0.0000,0.0000,0.0000,1,0.0000,0,0,0.0000,PASS,38,LEARNING,150.0000,-105.0000,0.0000,-0.3690,-1.0000,0.0300,45.0000,0.0000,1.4310,0.0000,0,0,0
cold#543,REACHABLE,BASELINE_V4,37.5000,0.7000,180000.0000,120.0000,5.0000,3.0000,10.0000,0.0100,-1.6902,1.9609,2.1853,0.5218,-1,-1.0000,0,0,36267840.0000,FAIL,0,UNLEARNED,nan,nan,nan,nan,-1.0000,0.0300,45.0000,0.0000,0.0000,2.0000,0,0,0
cold#543,REACHABLE,ADAPTIVE_V1,37.5000,0.7000,180000.0000,120.0000,5.0000,3.0000,10.0000,0.0100,0.0492,0.0020,0.0045,0.0075,3076,3075.5000,0,0,38698240.0000,PASS,88,QUALIFIED,-9.4908,5.0950,0.0064,0.5714,1910.0000,0.0563,13.0950,29.4707,1.0692,0.0104,0,1,0
cold#547,SAFETY_LIMITED,BASELINE_V4,37.5000,1.0000,180000.0000,120.0000,30.0000,8.0000,10.0000,0.0100,-1.6051,2.0718,2.4611,0.9303,-1,-1.0000,0,0,36681600.0000,FAIL,0,UNLEARNED,nan,nan,nan,nan,-1.0000,0.0300,45.0000,0.0000,0.0000,2.0000,0,0,0
cold#547,SAFETY_LIMITED,ADAPTIVE_V1,37.5000,1.0000,180000.0000,120.0000,30.0000,8.0000,10.0000,0.0100,-0.0731,0.0808,0.0852,0.0139,1529,1528.0000,0,0,39480000.0000,PASS,99,QUALIFIED,-11.3175,3.9775,-0.0402,0.1679,732.0000,0.0788,41.9775,20.5848,3.5457,0.0023,0,1,0
cold#551,SAFETY_LIMITED,BASELINE_V4,37.5000,1.2000,180000.0000,120.0000,120.0000,30.0000,10.0000,0.0100,-2.5836,3.4066,4.3368,1.8012,-1,-1.0000,0,0,34871040.0000,FAIL,0,UNLEARNED,nan,nan,nan,nan,-1.0000,0.0300,45.0000,0.0000,0.0000,2.0000,0,0,0
cold#551,SAFETY_LIMITED,ADAPTIVE_V1,37.5000,1.2000,180000.0000,120.0000,120.0000,30.0000,10.0000,0.0100,-0.0827,1.2783,2.0541,1.5034,-1,4519.5000,0,0,38171520.0000,FAIL,97,QUALIFIED,-20.9568,10.0000,0.0669,-3.2502,892.0000,0.0843,160.0000,17.2544,12.7498,0.0910,0,2,0
cold#555,REACHABLE,BASELINE_V4,37.5000,0.7000,600000.0000,180.0000,5.0000,3.0000,10.0000,0.0100,-0.1707,0.1741,0.1764,0.0060,-1,-1.0000,0,0,61360320.0000,FAIL,0,UNLEARNED,nan,nan,nan,nan,-1.0000,0.0300,45.0000,0.0000,0.0000,2.0000,0,0,0
cold#555,REACHABLE,ADAPTIVE_V1,37.5000,0.7000,600000.0000,180.0000,5.0000,3.0000,10.0000,0.0100,-0.1707,0.1741,0.1764,0.0060,-1,-1.0000,0,0,61360320.0000,FAIL,38,LEARNING,60.7143,37.0000,-0.2930,1.2817,-1.0000,0.0300,45.0000,43.9034,1.4310,0.0200,0,0,0
cold#559,REACHABLE,BASELINE_V4,37.5000,1.0000,600000.0000,180.0000,30.0000,8.0000,10.0000,0.0100,-2.8624,3.0612,3.2582,0.4283,-1,-1.0000,0,0,58283200.0000,FAIL,0,UNLEARNED,nan,nan,nan,nan,-1.0000,0.0300,45.0000,0.0000,0.0000,2.0000,0,0,0
cold#559,REACHABLE,ADAPTIVE_V1,37.5000,1.0000,600000.0000,180.0000,30.0000,8.0000,10.0000,0.0100,0.0328,0.0021,0.0042,0.0069,3994,3993.5000,0,0,64737600.0000,PASS,97,QUALIFIED,-5.8811,4.7242,0.0002,0.1325,2442.0000,0.0251,42.7242,30.9377,1.1458,0.0089,0,2,0
cold#563,SAFETY_LIMITED,BASELINE_V4,37.5000,1.2000,600000.0000,180.0000,120.0000,30.0000,10.0000,0.0100,-4.9396,5.2530,5.6071,0.7013,-1,-1.0000,0,0,53589120.0000,FAIL,0,UNLEARNED,nan,nan,nan,nan,-1.0000,0.0300,45.0000,0.0000,0.0000,2.0000,0,0,0
cold#563,SAFETY_LIMITED,ADAPTIVE_V1,37.5000,1.2000,600000.0000,180.0000,120.0000,30.0000,10.0000,0.0100,-0.1260,0.1907,0.2903,0.1808,-1,10168.6000,0,0,63815040.0000,FAIL,47,DEGRADED,-25.6120,10.0000,-0.1071,-1.2008,1880.0000,0.0238,160.0000,25.6741,3.5992,0.0118,24,1,1
cold#567,HEAT_LIMITED,BASELINE_V4,37.5000,0.7000,1600000.0000,300.0000,5.0000,3.0000,10.0000,0.0100,-0.3142,0.7041,1.5049,1.3028,-1,-1.0000,0,0,103017600.0000,FAIL,0,UNLEARNED,nan,nan,nan,nan,-1.0000,0.0300,45.0000,0.0000,0.0000,2.0000,0,0,0
cold#567,HEAT_LIMITED,ADAPTIVE_V1,37.5000,0.7000,1600000.0000,300.0000,5.0000,3.0000,10.0000,0.0100,-1.4509,2.1743,2.8924,1.5301,-1,-1.0000,0,0,98599200.0000,FAIL,42,LEARNING,328.5714,37.0000,6.3761,1.3750,-1.0000,0.0300,45.0000,80.0368,1.4310,0.0064,0,0,0
cold#571,REACHABLE,BASELINE_V4,37.5000,1.0000,1600000.0000,300.0000,30.0000,8.0000,10.0000,0.0100,-0.2020,0.2098,0.2181,0.0164,-1,-1.0000,0,0,110822400.0000,FAIL,0,UNLEARNED,nan,nan,nan,nan,-1.0000,0.0300,45.0000,0.0000,0.0000,2.0000,0,0,0
cold#571,REACHABLE,ADAPTIVE_V1,37.5000,1.0000,1600000.0000,300.0000,30.0000,8.0000,10.0000,0.0100,-0.2021,0.2099,0.2177,0.0160,-1,-1.0000,0,0,111076800.0000,FAIL,38,LEARNING,200.0000,7.0000,-0.4257,1.0510,-1.0000,0.0300,45.0000,51.1368,1.4310,0.0441,0,0,0
cold#575,REACHABLE,BASELINE_V4,37.5000,1.2000,1600000.0000,300.0000,120.0000,30.0000,10.0000,0.0100,-3.5621,4.3681,5.0811,1.7626,-1,-1.0000,0,0,95587200.0000,FAIL,0,UNLEARNED,nan,nan,nan,nan,-1.0000,0.0300,45.0000,0.0000,0.0000,2.0000,0,0,0
cold#575,REACHABLE,ADAPTIVE_V1,37.5000,1.2000,1600000.0000,300.0000,120.0000,30.0000,10.0000,0.0100,-0.7773,0.7840,0.7860,0.0041,-1,-1.0000,0,0,115937280.0000,FAIL,99,QUALIFIED,-30.6439,10.0000,-21.8222,-0.5416,874.0000,0.0083,160.0000,21.1465,1.2584,0.0269,4,2,0
cold#579,REACHABLE,BASELINE_V4,37.5000,0.7000,180000.0000,120.0000,5.0000,3.0000,20.0000,0.0100,-0.0530,0.1198,0.1757,0.1449,-1,2105.2000,0,0,24876320.0000,FAIL,0,UNLEARNED,nan,nan,nan,nan,-1.0000,0.0300,45.0000,0.0000,0.0000,2.0000,0,0,0
cold#579,REACHABLE,ADAPTIVE_V1,37.5000,0.7000,180000.0000,120.0000,5.0000,3.0000,20.0000,0.0100,0.0190,0.0022,0.0043,0.0118,2152,2151.1000,0,0,25044320.0000,PASS,68,QUALIFIED,-3.7931,5.6033,0.0291,0.6661,2400.0000,0.0599,13.6033,18.7791,1.1639,0.0025,0,1,0
cold#583,SAFETY_LIMITED,BASELINE_V4,37.5000,1.0000,180000.0000,120.0000,30.0000,8.0000,20.0000,0.0100,-1.1460,1.7413,1.9686,0.4957,-1,-1.0000,0,0,23022400.0000,FAIL,0,UNLEARNED,nan,nan,nan,nan,-1.0000,0.0300,45.0000,0.0000,0.0000,2.0000,0,0,0
cold#583,SAFETY_LIMITED,ADAPTIVE_V1,37.5000,1.0000,180000.0000,120.0000,30.0000,8.0000,20.0000,0.0100,0.0062,0.0019,0.0045,0.0082,1338,1336.4000,0,0,25353600.0000,PASS,99,QUALIFIED,-12.1163,4.7342,0.0076,0.1892,684.0000,0.0781,42.7342,13.1326,3.5670,0.0014,0,1,0
cold#587,SAFETY_LIMITED,BASELINE_V4,37.5000,1.2000,180000.0000,120.0000,120.0000,30.0000,20.0000,0.0100,-1.3630,2.0971,2.8004,1.4692,-1,-1.0000,0,0,22573440.0000,FAIL,0,UNLEARNED,nan,nan,nan,nan,-1.0000,0.0300,45.0000,0.0000,0.0000,2.0000,0,0,0
cold#587,SAFETY_LIMITED,ADAPTIVE_V1,37.5000,1.2000,180000.0000,120.0000,120.0000,30.0000,20.0000,0.0100,-1.5576,1.5824,1.5859,0.0110,-1,-1.0000,0,0,23172480.0000,FAIL,99,QUALIFIED,-19.7599,10.0000,-6.3866,-3.0589,660.0000,0.0856,160.0000,4.5509,12.9411,0.0122,0,1,0
cold#591,REACHABLE,BASELINE_V4,37.5000,0.7000,600000.0000,180.0000,5.0000,3.0000,20.0000,0.0100,-0.0907,0.0963,0.0994,0.0089,5977,5976.5000,0,0,40197920.0000,PASS,0,UNLEARNED,nan,nan,nan,nan,-1.0000,0.0300,45.0000,0.0000,0.0000,2.0000,0,0,0
cold#591,REACHABLE,ADAPTIVE_V1,37.5000,0.7000,600000.0000,180.0000,5.0000,3.0000,20.0000,0.0100,0.0372,0.0010,0.0023,0.0045,3271,3270.7000,0,0,41367200.0000,PASS,91,QUALIFIED,-4.6318,5.2099,0.0057,0.1905,1422.0000,0.0178,13.2099,28.1307,0.3398,0.0021,0,2,0
cold#595,REACHABLE,BASELINE_V4,37.5000,1.0000,600000.0000,180.0000,30.0000,8.0000,20.0000,0.0100,-0.0441,0.3393,0.5052,0.4116,-1,5379.2000,0,0,40616000.0000,FAIL,0,UNLEARNED,nan,nan,nan,nan,-1.0000,0.0300,45.0000,0.0000,0.0000,2.0000,0,0,0
cold#595,REACHABLE,ADAPTIVE_V1,37.5000,1.0000,600000.0000,180.0000,30.0000,8.0000,20.0000,0.0100,0.0189,0.0024,0.0052,0.0135,2586,2586.0000,0,0,42120000.0000,PASS,92,QUALIFIED,-9.2616,5.0831,-0.0222,0.0991,1328.0000,0.0242,43.0831,19.6653,1.1124,0.0165,0,1,0
cold#599,SAFETY_LIMITED,BASELINE_V4,37.5000,1.2000,600000.0000,180.0000,120.0000,30.0000,20.0000,0.0100,-0.1540,0.4834,0.7940,0.6437,-1,-1.0000,0,0,39087360.0000,FAIL,0,UNLEARNED,nan,nan,nan,nan,-1.0000,0.0300,45.0000,0.0000,0.0000,2.0000,0,0,0
cold#599,SAFETY_LIMITED,ADAPTIVE_V1,37.5000,1.2000,600000.0000,180.0000,120.0000,30.0000,20.0000,0.0100,-0.0767,0.1212,0.2044,0.1313,-1,8184.9000,0,0,41086080.0000,FAIL,46,DEGRADED,-25.7486,10.0000,0.0003,-1.2074,1574.0000,0.0238,160.0000,16.4065,3.5926,0.0150,0,0,1
cold#603,REACHABLE,BASELINE_V4,37.5000,0.7000,1600000.0000,300.0000,5.0000,3.0000,20.0000,0.0100,-0.2636,0.2654,0.2667,0.0033,-1,-1.0000,0,0,69266400.0000,FAIL,0,UNLEARNED,nan,nan,nan,nan,-1.0000,0.0300,45.0000,0.0000,0.0000,2.0000,0,0,0
cold#603,REACHABLE,ADAPTIVE_V1,37.5000,0.7000,1600000.0000,300.0000,5.0000,3.0000,20.0000,0.0100,-0.0536,0.0786,0.0999,0.0468,6954,6953.3000,0,0,72919840.0000,PASS,86,QUALIFIED,-6.6884,5.0841,-0.3424,0.0679,1520.0000,0.0065,13.0841,46.5326,0.1239,0.0163,0,2,0
cold#607,REACHABLE,BASELINE_V4,37.5000,1.0000,1600000.0000,300.0000,30.0000,8.0000,20.0000,0.0100,-0.1127,0.1260,0.1390,0.0269,8463,8356.7000,0,0,70675200.0000,FAIL,0,UNLEARNED,nan,nan,nan,nan,-1.0000,0.0300,45.0000,0.0000,0.0000,2.0000,0,0,0
cold#607,REACHABLE,ADAPTIVE_V1,37.5000,1.0000,1600000.0000,300.0000,30.0000,8.0000,20.0000,0.0100,0.0268,0.0043,0.0049,0.0028,4999,4998.6000,0,0,75827200.0000,PASS,87,QUALIFIED,-10.7014,5.0230,-0.0274,0.0301,2010.0000,0.0089,43.0230,32.7851,0.4101,0.0126,1,2,1
cold#611,REACHABLE,BASELINE_V4,37.5000,1.2000,1600000.0000,300.0000,120.0000,30.0000,20.0000,0.0100,-0.0863,0.3694,0.5975,0.4754,-1,8102.7000,0,0,68791680.0000,FAIL,0,UNLEARNED,nan,nan,nan,nan,-1.0000,0.0300,45.0000,0.0000,0.0000,2.0000,0,0,0
cold#611,REACHABLE,ADAPTIVE_V1,37.5000,1.2000,1600000.0000,300.0000,120.0000,30.0000,20.0000,0.0100,0.1536,0.0250,0.0505,0.0641,7787,7386.9000,0,0,70410240.0000,PASS,92,QUALIFIED,-22.6630,10.0000,0.0417,-0.3968,6670.0000,0.0093,160.0000,27.3855,1.4032,0.0252,0,2,0
cold#615,REACHABLE,BASELINE_V4,37.5000,0.7000,180000.0000,120.0000,5.0000,3.0000,25.0000,0.0100,-0.0215,0.0616,0.0923,0.0782,5919,1679.5000,0,0,17884160.0000,PASS,0,UNLEARNED,nan,nan,nan,nan,-1.0000,0.0300,45.0000,0.0000,0.0000,2.0000,0,0,0
cold#615,REACHABLE,ADAPTIVE_V1,37.5000,0.7000,180000.0000,120.0000,5.0000,3.0000,25.0000,0.0100,0.0255,0.0020,0.0043,0.0112,1680,1679.5000,0,0,17971520.0000,PASS,59,LEARNING,-2.5099,4.6876,-0.0157,0.6317,-1.0000,0.0607,12.6876,13.3772,1.1294,0.0071,0,0,0
cold#619,SAFETY_LIMITED,BASELINE_V4,37.5000,1.0000,180000.0000,120.0000,30.0000,8.0000,25.0000,0.0100,-0.6475,0.8204,0.9936,0.3581,-1,-1.0000,0,0,17008000.0000,FAIL,0,UNLEARNED,nan,nan,nan,nan,-1.0000,0.0300,45.0000,0.0000,0.0000,2.0000,0,0,0
cold#619,SAFETY_LIMITED,ADAPTIVE_V1,37.5000,1.0000,180000.0000,120.0000,30.0000,8.0000,25.0000,0.0100,0.0355,0.0016,0.0046,0.0105,1135,1132.8000,0,0,18156800.0000,PASS,79,QUALIFIED,-9.4236,4.5989,0.0382,0.2887,806.0000,0.0805,42.5989,9.4132,3.6665,0.0013,0,1,0
cold#623,SAFETY_LIMITED,BASELINE_V4,37.5000,1.2000,180000.0000,120.0000,120.0000,30.0000,25.0000,0.0100,0.2635,0.6194,1.2375,1.4978,-1,2827.3000,0,0,17360640.0000,FAIL,0,UNLEARNED,nan,nan,nan,nan,-1.0000,0.0300,45.0000,0.0000,0.0000,2.0000,0,0,0
cold#623,SAFETY_LIMITED,ADAPTIVE_V1,37.5000,1.2000,180000.0000,120.0000,120.0000,30.0000,25.0000,0.0100,-0.1212,0.2589,0.4184,0.3077,-1,9454.2000,0,0,17677440.0000,FAIL,99,QUALIFIED,-23.9019,10.0000,-0.1703,-3.7269,858.0000,0.0812,160.0000,7.6422,12.2731,0.0261,0,1,0
cold#627,REACHABLE,BASELINE_V4,37.5000,0.7000,600000.0000,180.0000,5.0000,3.0000,25.0000,0.0100,-0.0508,0.0588,0.0630,0.0129,3591,3590.5000,0,0,29618400.0000,PASS,0,UNLEARNED,nan,nan,nan,nan,-1.0000,0.0300,45.0000,0.0000,0.0000,2.0000,0,0,0
cold#627,REACHABLE,ADAPTIVE_V1,37.5000,0.7000,600000.0000,180.0000,5.0000,3.0000,25.0000,0.0100,0.0470,0.0026,0.0049,0.0108,2812,1814.9000,0,0,30337440.0000,PASS,74,QUALIFIED,-4.6516,5.2622,0.0275,0.1913,878.0000,0.0178,13.2622,20.1168,0.3406,0.0084,0,1,1
cold#631,REACHABLE,BASELINE_V4,37.5000,1.0000,600000.0000,180.0000,30.0000,8.0000,25.0000,0.0100,-0.1089,0.2913,0.4072,0.2962,-1,2951.8000,0,0,29518400.0000,FAIL,0,UNLEARNED,nan,nan,nan,nan,-1.0000,0.0300,45.0000,0.0000,0.0000,2.0000,0,0,0
cold#631,REACHABLE,ADAPTIVE_V1,37.5000,1.0000,600000.0000,180.0000,30.0000,8.0000,25.0000,0.0100,-0.0448,0.0798,0.0834,0.0113,3223,2345.4000,0,0,30345600.0000,PASS,99,QUALIFIED,-12.0334,5.1171,-0.1160,0.0659,832.0000,0.0235,43.1171,13.9465,1.0792,0.0053,0,1,1
cold#635,SAFETY_LIMITED,BASELINE_V4,37.5000,1.2000,600000.0000,180.0000,120.0000,30.0000,25.0000,0.0100,-0.0457,0.3352,0.5493,0.4429,-1,3804.5000,0,0,28823040.0000,FAIL,0,UNLEARNED,nan,nan,nan,nan,-1.0000,0.0300,45.0000,0.0000,0.0000,2.0000,0,0,0
cold#635,SAFETY_LIMITED,ADAPTIVE_V1,37.5000,1.2000,600000.0000,180.0000,120.0000,30.0000,25.0000,0.0100,-0.0585,0.1024,0.1655,0.1088,-1,7026.9000,0,0,29562240.0000,FAIL,46,DEGRADED,-27.5174,10.0000,-0.2183,-1.2930,1102.0000,0.0232,160.0000,11.5004,3.5070,0.0126,0,0,1
cold#639,REACHABLE,BASELINE_V4,37.5000,0.7000,1600000.0000,300.0000,5.0000,3.0000,25.0000,0.0100,-0.1142,0.1175,0.1199,0.0061,6099,6098.6000,0,0,51343040.0000,FAIL,0,UNLEARNED,nan,nan,nan,nan,-1.0000,0.0300,45.0000,0.0000,0.0000,2.0000,0,0,0
cold#639,REACHABLE,ADAPTIVE_V1,37.5000,0.7000,1600000.0000,300.0000,5.0000,3.0000,25.0000,0.0100,0.0261,0.0043,0.0057,0.0039,4876,4875.1000,0,0,53683840.0000,PASS,91,QUALIFIED,-4.0974,5.3060,0.0180,0.0727,1608.0000,0.0067,13.3060,33.5001,0.1287,0.0079,0,2,1
cold#643,REACHABLE,BASELINE_V4,37.5000,1.0000,1600000.0000,300.0000,30.0000,8.0000,25.0000,0.0100,-0.0651,0.0755,0.0822,0.0173,5919,5783.7000,0,0,52851200.0000,PASS,0,UNLEARNED,nan,nan,nan,nan,-1.0000,0.0300,45.0000,0.0000,0.0000,2.0000,0,0,0
cold#643,REACHABLE,ADAPTIVE_V1,37.5000,1.0000,1600000.0000,300.0000,30.0000,8.0000,25.0000,0.0100,0.0471,0.0041,0.0099,0.0160,4108,4107.3000,0,0,54897600.0000,PASS,91,QUALIFIED,-11.1617,5.1731,0.0499,0.0292,1732.0000,0.0089,43.1731,23.4874,0.4092,0.0036,0,2,0
cold#647,REACHABLE,BASELINE_V4,37.5000,1.2000,1600000.0000,300.0000,120.0000,30.0000,25.0000,0.0100,-0.0246,0.2610,0.4942,0.4703,-1,5797.6000,0,0,51022080.0000,FAIL,0,UNLEARNED,nan,nan,nan,nan,-1.0000,0.0300,45.0000,0.0000,0.0000,2.0000,0,0,0
cold#647,REACHABLE,ADAPTIVE_V1,37.5000,1.2000,1600000.0000,300.0000,120.0000,30.0000,25.0000,0.0100,-0.0835,0.1771,0.2610,0.1674,-1,8381.0000,0,0,52986240.0000,FAIL,45,DEGRADED,-24.5959,10.0000,-0.2091,-0.4319,1956.0000,0.0090,160.0000,19.3221,1.3681,0.0272,0,1,1
cold#651,REACHABLE,BASELINE_V4,37.5000,0.7000,180000.0000,120.0000,5.0000,3.0000,28.0000,0.0100,-0.0084,0.0158,0.0193,0.0116,2093,1527.5000,0,0,13665120.0000,PASS,0,UNLEARNED,nan,nan,nan,nan,-1.0000,0.0300,45.0000,0.0000,0.0000,2.0000,0,0,0
cold#651,REACHABLE,ADAPTIVE_V1,37.5000,0.7000,180000.0000,120.0000,5.0000,3.0000,28.0000,0.0100,0.0226,0.0023,0.0047,0.0117,1619,1527.5000,0,0,13695360.0000,PASS,55,LEARNING,-13.8055,17.0000,0.0407,1.0951,-1.0000,0.0536,25.0000,10.2193,1.5929,0.0040,0,0,0
cold#655,SAFETY_LIMITED,BASELINE_V4,37.5000,1.0000,180000.0000,120.0000,30.0000,8.0000,28.0000,0.0100,0.0592,0.2545,0.4357,0.4251,-1,3774.1000,0,0,13459200.0000,FAIL,0,UNLEARNED,nan,nan,nan,nan,-1.0000,0.0300,45.0000,0.0000,0.0000,2.0000,0,0,0
cold#655,SAFETY_LIMITED,ADAPTIVE_V1,37.5000,1.0000,180000.0000,120.0000,30.0000,8.0000,28.0000,0.0100,0.1159,0.2603,0.4571,0.6213,-1,3091.0000,0,0,13401600.0000,FAIL,49,LEARNING,-0.0902,5.8152,-7.1250,0.7637,-1.0000,0.0888,43.8152,0.0000,4.1414,0.0875,0,0,0
cold#659,SAFETY_LIMITED,BASELINE_V4,37.5000,1.2000,180000.0000,120.0000,120.0000,30.0000,28.0000,0.0100,-0.0026,0.5977,0.9930,1.0450,-1,7650.9000,0,0,12896640.0000,FAIL,0,UNLEARNED,nan,nan,nan,nan,-1.0000,0.0300,45.0000,0.0000,0.0000,2.0000,0,0,0
cold#659,SAFETY_LIMITED,ADAPTIVE_V1,37.5000,1.2000,180000.0000,120.0000,120.0000,30.0000,28.0000,0.0100,-0.1323,0.2701,0.3954,0.2808,-1,8888.3000,0,0,13380480.0000,FAIL,99,QUALIFIED,-30.5370,10.0000,-0.1756,-4.7970,840.0000,0.0741,160.0000,5.7619,11.2030,0.0289,0,1,0
cold#663,REACHABLE,BASELINE_V4,37.5000,0.7000,600000.0000,180.0000,5.0000,3.0000,28.0000,0.0100,-0.0312,0.0376,0.0406,0.0098,2747,2746.5000,0,0,22787520.0000,PASS,0,UNLEARNED,nan,nan,nan,nan,-1.0000,0.0300,45.0000,0.0000,0.0000,2.0000,0,0,0
cold#663,REACHABLE,ADAPTIVE_V1,37.5000,0.7000,600000.0000,180.0000,5.0000,3.0000,28.0000,0.0100,0.0334,0.0020,0.0044,0.0096,1912,1911.4000,0,0,23049600.0000,PASS,71,QUALIFIED,-7.4860,4.9633,-0.0158,0.1765,1516.0000,0.0173,12.9633,15.2521,0.3258,0.0083,0,1,0
cold#667,REACHABLE,BASELINE_V4,37.5000,1.0000,600000.0000,180.0000,30.0000,8.0000,28.0000,0.0100,-0.0155,0.1553,0.2496,0.2356,-1,2213.5000,0,0,22790400.0000,FAIL,0,UNLEARNED,nan,nan,nan,nan,-1.0000,0.0300,45.0000,0.0000,0.0000,2.0000,0,0,0
cold#667,REACHABLE,ADAPTIVE_V1,37.5000,1.0000,600000.0000,180.0000,30.0000,8.0000,28.0000,0.0100,0.0268,0.0025,0.0052,0.0128,2662,1437.5000,0,0,23366400.0000,PASS,87,QUALIFIED,-11.7829,4.8827,0.0538,0.0640,644.0000,0.0235,42.8827,10.7413,1.0773,0.0064,0,1,1
cold#671,SAFETY_LIMITED,BASELINE_V4,37.5000,1.2000,600000.0000,180.0000,120.0000,30.0000,28.0000,0.0100,-0.0071,0.2768,0.4840,0.4392,-1,3290.0000,0,0,21985920.0000,FAIL,0,UNLEARNED,nan,nan,nan,nan,-1.0000,0.0300,45.0000,0.0000,0.0000,2.0000,0,0,0
cold#671,SAFETY_LIMITED,ADAPTIVE_V1,37.5000,1.2000,600000.0000,180.0000,120.0000,30.0000,28.0000,0.0100,-0.0519,0.2004,0.2787,0.1693,-1,6341.8000,0,0,22475520.0000,FAIL,45,DEGRADED,-29.6401,10.0000,0.0795,-1.3957,888.0000,0.0225,160.0000,8.9858,3.4043,0.0141,0,0,1
cold#675,REACHABLE,BASELINE_V4,37.5000,0.7000,1600000.0000,300.0000,5.0000,3.0000,28.0000,0.0100,-0.0831,0.0852,0.0862,0.0030,5020,5019.6000,0,0,40027680.0000,PASS,0,UNLEARNED,nan,nan,nan,nan,-1.0000,0.0300,45.0000,0.0000,0.0000,2.0000,0,0,0
cold#675,REACHABLE,ADAPTIVE_V1,37.5000,0.7000,1600000.0000,300.0000,5.0000,3.0000,28.0000,0.0100,0.0285,0.0043,0.0056,0.0126,3948,3947.3000,0,0,41677440.0000,PASS,91,QUALIFIED,-4.6785,5.2822,0.0316,0.0718,1170.0000,0.0067,13.2822,25.4780,0.1278,0.0070,0,2,0
cold#679,REACHABLE,BASELINE_V4,37.5000,1.0000,1600000.0000,300.0000,30.0000,8.0000,28.0000,0.0100,-0.0418,0.0631,0.0819,0.0407,4545,4544.8000,0,0,41126400.0000,PASS,0,UNLEARNED,nan,nan,nan,nan,-1.0000,0.0300,45.0000,0.0000,0.0000,2.0000,0,0,0
cold#679,REACHABLE,ADAPTIVE_V1,37.5000,1.0000,1600000.0000,300.0000,30.0000,8.0000,28.0000,0.0100,0.0206,0.0031,0.0041,0.0028,3091,3090.4000,0,0,42772800.0000,PASS,97,QUALIFIED,-12.9499,4.9847,-0.0220,0.0194,990.0000,0.0087,42.9847,17.7905,0.3994,0.0092,0,2,1
cold#683,REACHABLE,BASELINE_V4,37.5000,1.2000,1600000.0000,300.0000,120.0000,30.0000,28.0000,0.0100,0.0426,0.2013,0.3865,0.4137,-1,4567.3000,0,0,39651840.0000,FAIL,0,UNLEARNED,nan,nan,nan,nan,-1.0000,0.0300,45.0000,0.0000,0.0000,2.0000,0,0,0
cold#683,REACHABLE,ADAPTIVE_V1,37.5000,1.2000,1600000.0000,300.0000,120.0000,30.0000,28.0000,0.0100,-0.0492,0.2284,0.3460,0.2953,-1,6759.3000,0,0,40492800.0000,FAIL,47,DEGRADED,-24.7553,10.0000,1.2583,-0.4348,1526.0000,0.0090,160.0000,16.1021,1.3652,0.0314,0,1,1
cold#687,REACHABLE,BASELINE_V4,37.5000,0.7000,180000.0000,120.0000,5.0000,3.0000,35.0000,0.0100,-0.0636,0.0799,0.0850,0.0138,661,570.1000,0,0,3523520.0000,PASS,0,UNLEARNED,nan,nan,nan,nan,-1.0000,0.0300,45.0000,0.0000,0.0000,2.0000,0,0,0
cold#687,REACHABLE,ADAPTIVE_V1,37.5000,0.7000,180000.0000,120.0000,5.0000,3.0000,35.0000,0.0100,-0.0636,0.0799,0.0850,0.0138,661,570.1000,0,0,3523520.0000,PASS,38,LEARNING,-51.7857,37.0000,-0.1225,0.9332,-1.0000,0.0300,45.0000,2.5560,1.4310,0.0049,2,0,0
cold#691,SAFETY_LIMITED,BASELINE_V4,37.5000,1.0000,180000.0000,120.0000,30.0000,8.0000,35.0000,0.0100,0.1006,0.0602,0.1118,0.2047,398,307.0000,0,0,3600000.0000,PASS,0,UNLEARNED,nan,nan,nan,nan,-1.0000,0.0300,45.0000,0.0000,0.0000,2.0000,0,0,0
cold#691,SAFETY_LIMITED,ADAPTIVE_V1,37.5000,1.0000,180000.0000,120.0000,30.0000,8.0000,35.0000,0.0100,0.1006,0.0602,0.1118,0.2047,398,307.0000,0,0,3600000.0000,PASS,38,LEARNING,-66.2500,7.0000,-0.1615,-1.9468,-1.0000,0.0300,45.0000,1.7135,1.4310,0.1940,0,0,0
cold#695,SAFETY_LIMITED,BASELINE_V4,37.5000,1.2000,180000.0000,120.0000,120.0000,30.0000,35.0000,0.0100,-0.0588,0.1624,0.2415,0.1904,-1,2629.9000,0,0,3384960.0000,FAIL,0,UNLEARNED,nan,nan,nan,nan,-1.0000,0.0300,45.0000,0.0000,0.0000,2.0000,0,0,0
cold#695,SAFETY_LIMITED,ADAPTIVE_V1,37.5000,1.2000,180000.0000,120.0000,120.0000,30.0000,35.0000,0.0100,-0.0588,0.1624,0.2415,0.1904,-1,2629.9000,0,0,3384960.0000,FAIL,38,LEARNING,-71.8750,-105.0000,-0.0740,-14.5690,-1.0000,0.0300,45.0000,1.4885,1.4310,0.2609,0,0,0
cold#699,REACHABLE,BASELINE_V4,37.5000,0.7000,600000.0000,180.0000,5.0000,3.0000,35.0000,0.0100,0.0150,0.0034,0.0049,0.0042,1168,1167.1000,0,0,6125280.0000,PASS,0,UNLEARNED,nan,nan,nan,nan,-1.0000,0.0300,45.0000,0.0000,0.0000,2.0000,0,0,0
cold#699,REACHABLE,ADAPTIVE_V1,37.5000,0.7000,600000.0000,180.0000,5.0000,3.0000,35.0000,0.0100,0.0150,0.0011,0.0025,0.0054,1168,1167.1000,0,0,6125280.0000,PASS,38,LEARNING,60.7143,37.0000,-0.0016,1.2817,-1.0000,0.0300,45.0000,4.0163,1.4310,0.0038,0,0,0
cold#703,REACHABLE,BASELINE_V4,37.5000,1.0000,600000.0000,180.0000,30.0000,8.0000,35.0000,0.0100,0.0224,0.0373,0.0689,0.0925,1006,1005.6000,0,0,6086400.0000,PASS,0,UNLEARNED,nan,nan,nan,nan,-1.0000,0.0300,45.0000,0.0000,0.0000,2.0000,0,0,0
cold#703,REACHABLE,ADAPTIVE_V1,37.5000,1.0000,600000.0000,180.0000,30.0000,8.0000,35.0000,0.0100,0.0224,0.0323,0.0589,0.0891,1006,1005.6000,0,0,6104000.0000,PASS,38,LEARNING,12.5000,7.0000,-0.3992,0.4177,-1.0000,0.0300,45.0000,2.4133,1.4310,0.0255,0,0,0
cold#707,SAFETY_LIMITED,BASELINE_V4,37.5000,1.2000,600000.0000,180.0000,120.0000,30.0000,35.0000,0.0100,0.0350,0.0672,0.1385,0.1748,1611,1610.1000,0,0,5944320.0000,PASS,0,UNLEARNED,nan,nan,nan,nan,-1.0000,0.0300,45.0000,0.0000,0.0000,2.0000,0,0,0
cold#707,SAFETY_LIMITED,ADAPTIVE_V1,37.5000,1.2000,600000.0000,180.0000,120.0000,30.0000,35.0000,0.0100,0.0891,0.0463,0.1287,0.1898,1647,1646.1000,0,0,6099840.0000,PASS,61,QUALIFIED,-28.7777,10.0000,0.8553,-3.0770,2230.0000,0.0228,160.0000,3.1991,1.7230,0.0264,0,1,0
cold#711,REACHABLE,BASELINE_V4,37.5000,0.7000,1600000.0000,300.0000,5.0000,3.0000,35.0000,0.0100,0.0051,0.0058,0.0065,0.0025,1959,1959.0000,0,0,11296320.0000,PASS,0,UNLEARNED,nan,nan,nan,nan,-1.0000,0.0300,45.0000,0.0000,0.0000,2.0000,0,0,0
cold#711,REACHABLE,ADAPTIVE_V1,37.5000,0.7000,1600000.0000,300.0000,5.0000,3.0000,35.0000,0.0100,0.0698,0.0030,0.0049,0.0106,1980,1979.1000,0,0,11329920.0000,PASS,57,LEARNING,-10.2839,6.3581,-0.0604,0.0704,-1.0000,0.0063,14.3581,6.6360,0.1264,0.0120,24,0,0
cold#715,REACHABLE,BASELINE_V4,37.5000,1.0000,1600000.0000,300.0000,30.0000,8.0000,35.0000,0.0100,-0.0774,0.0872,0.0912,0.0112,1725,1724.4000,0,0,11088000.0000,PASS,0,UNLEARNED,nan,nan,nan,nan,-1.0000,0.0300,45.0000,0.0000,0.0000,2.0000,0,0,0
cold#715,REACHABLE,ADAPTIVE_V1,37.5000,1.0000,1600000.0000,300.0000,30.0000,8.0000,35.0000,0.0100,-0.0001,0.0812,0.1350,0.0999,1678,1677.4000,0,0,11030400.0000,PASS,66,QUALIFIED,-23.3168,4.1185,-0.5430,-0.2071,1870.0000,0.0077,42.1185,4.1445,0.1729,0.0353,0,1,0
cold#719,REACHABLE,BASELINE_V4,37.5000,1.2000,1600000.0000,300.0000,120.0000,30.0000,35.0000,0.0100,0.1011,0.0539,0.0968,0.0948,1920,1919.3000,0,0,11139840.0000,PASS,0,UNLEARNED,nan,nan,nan,nan,-1.0000,0.0300,45.0000,0.0000,0.0000,2.0000,0,0,0
cold#719,REACHABLE,ADAPTIVE_V1,37.5000,1.2000,1600000.0000,300.0000,120.0000,30.0000,35.0000,0.0100,0.0130,0.0043,0.0101,0.0197,2489,2488.6000,0,0,11329920.0000,PASS,81,QUALIFIED,-34.9052,10.0000,-0.0502,-1.1078,1204.0000,0.0078,160.0000,3.8561,0.6922,0.0325,0,1,0
door1#723,SAFETY_LIMITED,BASELINE_V4,37.5000,1.0000,180000.0000,120.0000,120.0000,30.0000,25.0000,0.0100,0.1480,0.5804,1.2710,1.4101,-1,5404.9000,0,0,16974400.0000,FAIL,0,UNLEARNED,nan,nan,nan,nan,-1.0000,0.0300,45.0000,0.0000,0.0000,2.0000,0,0,0
door1#723,SAFETY_LIMITED,ADAPTIVE_V1,37.5000,1.0000,180000.0000,120.0000,120.0000,30.0000,25.0000,0.0100,-0.0410,0.2080,0.3574,0.2794,-1,2834.9000,0,0,17880000.0000,FAIL,96,QUALIFIED,-25.1856,10.0000,-0.1824,-3.2783,886.0000,0.0665,160.0000,9.1926,10.0550,0.0352,0,1,0
door2#727,SAFETY_LIMITED,BASELINE_V4,37.5000,1.0000,180000.0000,120.0000,120.0000,30.0000,25.0000,0.0100,0.1713,0.6402,1.2782,1.4167,-1,7015.4000,0,0,17099200.0000,FAIL,0,UNLEARNED,nan,nan,nan,nan,-1.0000,0.0300,45.0000,0.0000,0.0000,2.0000,0,0,0
door2#727,SAFETY_LIMITED,ADAPTIVE_V1,37.5000,1.0000,180000.0000,120.0000,120.0000,30.0000,25.0000,0.0100,-0.0325,0.1886,0.3246,0.2551,-1,2834.9000,0,0,18004800.0000,FAIL,97,QUALIFIED,-25.2475,10.0000,-0.2389,-3.2866,886.0000,0.0664,160.0000,9.1361,10.0467,0.0290,16,1,0
door5#731,SAFETY_LIMITED,BASELINE_V4,37.5000,1.0000,180000.0000,120.0000,120.0000,30.0000,25.0000,0.0100,0.2345,0.6435,1.2737,1.5352,-1,8153.4000,0,0,17480000.0000,FAIL,0,UNLEARNED,nan,nan,nan,nan,-1.0000,0.0300,45.0000,0.0000,0.0000,2.0000,0,0,0
door5#731,SAFETY_LIMITED,ADAPTIVE_V1,37.5000,1.0000,180000.0000,120.0000,120.0000,30.0000,25.0000,0.0100,-0.0321,0.1738,0.3136,0.2765,-1,2834.9000,0,0,18412800.0000,FAIL,98,QUALIFIED,-24.8033,10.0000,-0.1441,-3.2269,886.0000,0.0668,160.0000,9.2309,10.1064,0.0290,20,1,0
ambient_rise#735,SAFETY_LIMITED,BASELINE_V4,37.5000,1.0000,180000.0000,120.0000,120.0000,30.0000,25.0000,0.0100,0.0740,0.5122,0.9488,1.0679,-1,3972.1000,0,0,14438400.0000,FAIL,0,UNLEARNED,nan,nan,nan,nan,-1.0000,0.0300,45.0000,0.0000,0.0000,2.0000,0,0,0
ambient_rise#735,SAFETY_LIMITED,ADAPTIVE_V1,37.5000,1.0000,180000.0000,120.0000,120.0000,30.0000,25.0000,0.0100,0.2951,0.1114,0.2304,0.2355,-1,2834.9000,0,0,15100800.0000,FAIL,97,QUALIFIED,-25.1856,10.0000,-0.1683,-3.2783,886.0000,0.0665,160.0000,6.9567,10.0550,0.0233,0,1,0
loss_up#739,SAFETY_LIMITED,BASELINE_V4,37.5000,1.0000,180000.0000,120.0000,120.0000,30.0000,25.0000,0.0100,-0.7176,2.5956,3.1845,1.2287,-1,-1.0000,0,0,20491200.0000,FAIL,0,UNLEARNED,nan,nan,nan,nan,-1.0000,0.0300,45.0000,0.0000,0.0000,2.0000,0,0,0
loss_up#739,SAFETY_LIMITED,ADAPTIVE_V1,37.5000,1.0000,180000.0000,120.0000,120.0000,30.0000,25.0000,0.0100,-0.0410,1.0136,1.0191,0.0194,-1,2834.9000,0,0,22963200.0000,FAIL,96,QUALIFIED,-25.1856,10.0000,-5.7858,-3.2783,886.0000,0.0665,160.0000,9.2142,10.0550,0.0283,0,1,0
loss_down#743,SAFETY_LIMITED,BASELINE_V4,37.5000,1.0000,180000.0000,120.0000,120.0000,30.0000,25.0000,0.0100,0.0850,0.4272,0.7719,0.8953,-1,4241.0000,0,0,12964800.0000,FAIL,0,UNLEARNED,nan,nan,nan,nan,-1.0000,0.0300,45.0000,0.0000,0.0000,2.0000,0,0,0
loss_down#743,SAFETY_LIMITED,ADAPTIVE_V1,37.5000,1.0000,180000.0000,120.0000,120.0000,30.0000,25.0000,0.0100,0.4138,0.0685,0.1626,0.1917,-1,2834.9000,0,0,13401600.0000,FAIL,97,QUALIFIED,-25.1856,10.0000,-0.1042,-3.2783,886.0000,0.0665,160.0000,5.5208,10.0550,0.0150,0,2,0
load_heavy#747,SAFETY_LIMITED,BASELINE_V4,37.5000,1.0000,180000.0000,120.0000,120.0000,30.0000,25.0000,0.0100,-0.4273,0.6374,0.8430,0.4210,-1,-1.0000,0,0,17030400.0000,FAIL,0,UNLEARNED,nan,nan,nan,nan,-1.0000,0.0300,45.0000,0.0000,0.0000,2.0000,0,0,0
load_heavy#747,SAFETY_LIMITED,ADAPTIVE_V1,37.5000,1.0000,180000.0000,120.0000,120.0000,30.0000,25.0000,0.0100,0.0259,0.0090,0.0110,0.0037,3430,2834.9000,0,0,17956800.0000,PASS,97,QUALIFIED,49.6287,10.0000,-0.0155,3.3884,886.0000,0.0665,160.0000,9.3595,10.0550,0.0011,0,1,0
load_light#751,SAFETY_LIMITED,BASELINE_V4,37.5000,1.0000,180000.0000,120.0000,120.0000,30.0000,25.0000,0.0100,0.3570,1.5943,2.4317,1.6482,-1,3650.1000,0,0,16056000.0000,FAIL,0,UNLEARNED,nan,nan,nan,nan,-1.0000,0.0300,45.0000,0.0000,0.0000,2.0000,0,0,0
load_light#751,SAFETY_LIMITED,ADAPTIVE_V1,37.5000,1.0000,180000.0000,120.0000,120.0000,30.0000,25.0000,0.0100,0.2998,1.0103,1.9857,2.3028,-1,2834.9000,0,0,17241600.0000,FAIL,88,QUALIFIED,-62.5928,10.0000,-0.3116,-16.6116,886.0000,0.0665,160.0000,9.0634,10.0550,0.3702,0,1,0
vent#755,SAFETY_LIMITED,BASELINE_V4,37.5000,1.0000,180000.0000,120.0000,120.0000,30.0000,25.0000,0.0100,0.1382,0.6575,1.2797,1.4183,-1,7157.9000,0,0,17908800.0000,FAIL,0,UNLEARNED,nan,nan,nan,nan,-1.0000,0.0300,45.0000,0.0000,0.0000,2.0000,0,0,0
vent#755,SAFETY_LIMITED,ADAPTIVE_V1,37.5000,1.0000,180000.0000,120.0000,120.0000,30.0000,25.0000,0.0100,-0.0259,0.1643,0.3015,0.2757,-1,2834.9000,0,0,18768000.0000,FAIL,96,QUALIFIED,-25.1856,10.0000,-0.1185,-3.2783,886.0000,0.0665,160.0000,9.2565,10.0550,0.0296,0,1,0
sensor_loss#759,SAFETY_LIMITED,BASELINE_V4,37.5000,1.0000,180000.0000,120.0000,120.0000,30.0000,25.0000,0.0100,0.7104,1.5552,1.5741,0.1618,-1,4814.4000,1,0,16644800.0000,FAIL,0,UNLEARNED,nan,nan,nan,nan,-1.0000,0.0300,45.0000,0.0000,0.0000,2.0000,0,0,0
sensor_loss#759,SAFETY_LIMITED,ADAPTIVE_V1,37.5000,1.0000,180000.0000,120.0000,120.0000,30.0000,25.0000,0.0100,-0.0303,0.1708,0.2994,0.2621,-1,2834.9000,0,0,17745600.0000,FAIL,96,QUALIFIED,-25.1856,10.0000,0.0753,-3.2783,886.0000,0.0665,160.0000,9.4503,10.0550,0.0290,0,1,0
bad_sample#763,SAFETY_LIMITED,BASELINE_V4,37.5000,1.0000,180000.0000,120.0000,120.0000,30.0000,25.0000,0.0100,0.6472,0.5193,1.0956,1.9017,-1,4822.3000,0,0,17323200.0000,FAIL,0,UNLEARNED,nan,nan,nan,nan,-1.0000,0.0300,45.0000,0.0000,0.0000,2.0000,0,0,0
bad_sample#763,SAFETY_LIMITED,ADAPTIVE_V1,37.5000,1.0000,180000.0000,120.0000,120.0000,30.0000,25.0000,0.0100,-0.0176,0.1670,0.2952,0.2605,-1,2834.9000,0,0,17774400.0000,FAIL,96,QUALIFIED,-25.1856,10.0000,-0.0717,-3.2783,886.0000,0.0665,160.0000,9.3033,10.0550,0.0296,0,1,0
sensor_frozen#767,SAFETY_LIMITED,BASELINE_V4,37.5000,1.0000,180000.0000,120.0000,120.0000,30.0000,25.0000,0.0100,0.6233,0.5110,1.0980,1.9371,-1,4857.4000,0,0,17302400.0000,FAIL,0,UNLEARNED,nan,nan,nan,nan,-1.0000,0.0300,45.0000,0.0000,0.0000,2.0000,0,0,0
sensor_frozen#767,SAFETY_LIMITED,ADAPTIVE_V1,37.5000,1.0000,180000.0000,120.0000,120.0000,30.0000,25.0000,0.0100,-0.0367,0.1946,0.3390,0.2672,-1,2834.9000,0,0,17712000.0000,FAIL,96,QUALIFIED,-25.1856,10.0000,-0.0825,-3.2783,886.0000,0.0665,160.0000,9.2925,10.0550,0.0288,0,1,0
safety_cut#771,SAFETY_LIMITED,BASELINE_V4,37.5000,1.0000,180000.0000,120.0000,120.0000,30.0000,25.0000,0.0100,-0.4545,1.5404,1.5646,0.0566,-1,-1.0000,0,0,15988800.0000,FAIL,0,UNLEARNED,nan,nan,nan,nan,-1.0000,0.0300,45.0000,0.0000,0.0000,2.0000,0,0,0
safety_cut#771,SAFETY_LIMITED,ADAPTIVE_V1,37.5000,1.0000,180000.0000,120.0000,120.0000,30.0000,25.0000,0.0100,-0.0398,0.1999,0.3353,0.2826,-1,2834.9000,0,0,17721600.0000,FAIL,96,QUALIFIED,-25.1856,10.0000,-0.2268,-3.2783,886.0000,0.0665,160.0000,9.1482,10.0550,0.0343,0,1,0
power_recovery#775,SAFETY_LIMITED,BASELINE_V4,37.5000,1.0000,180000.0000,120.0000,120.0000,30.0000,25.0000,0.0100,0.1431,0.5810,1.2737,1.4370,-1,8256.4000,0,0,16516800.0000,FAIL,0,UNLEARNED,nan,nan,nan,nan,-1.0000,0.0300,45.0000,0.0000,0.0000,2.0000,0,0,0
power_recovery#775,SAFETY_LIMITED,ADAPTIVE_V1,37.5000,1.0000,180000.0000,120.0000,120.0000,30.0000,25.0000,0.0100,-0.0410,0.1896,0.3351,0.2856,-1,2834.9000,0,0,17726400.0000,FAIL,96,QUALIFIED,-25.1856,10.0000,0.0898,-3.2783,886.0000,0.0665,160.0000,9.4648,10.0550,0.0388,0,1,0
setpoint_step#779,SAFETY_LIMITED,BASELINE_V4,37.5000,1.0000,180000.0000,120.0000,120.0000,30.0000,25.0000,0.0100,0.1242,0.6541,1.2725,1.4155,-1,8437.0000,0,0,13857600.0000,FAIL,0,UNLEARNED,nan,nan,nan,nan,-1.0000,0.0300,45.0000,0.0000,0.0000,2.0000,0,0,0
setpoint_step#779,SAFETY_LIMITED,ADAPTIVE_V1,37.5000,1.0000,180000.0000,120.0000,120.0000,30.0000,25.0000,0.0100,-0.0179,0.1564,0.3034,0.2770,-1,6462.9000,0,0,14380800.0000,FAIL,91,QUALIFIED,-29.8262,10.0000,-0.1684,-3.9020,4194.0000,0.0624,160.0000,9.2066,9.4314,0.0280,6,2,0
noise#783,SAFETY_LIMITED,BASELINE_V4,37.5000,1.0000,180000.0000,120.0000,120.0000,30.0000,25.0000,0.0100,0.2138,0.6291,1.2856,1.5120,-1,5825.2000,0,0,17081600.0000,FAIL,0,UNLEARNED,nan,nan,nan,nan,-1.0000,0.0300,45.0000,0.0000,0.0000,2.0000,0,0,0
noise#783,SAFETY_LIMITED,ADAPTIVE_V1,37.5000,1.0000,180000.0000,120.0000,120.0000,30.0000,25.0000,0.0100,-0.0164,0.1344,0.2426,0.2161,-1,2872.4000,0,0,17803200.0000,FAIL,96,QUALIFIED,-25.3147,10.0000,-0.1022,-3.2956,886.0000,0.0664,160.0000,9.2728,10.0377,0.0398,0,1,0
jitter_drop#787,SAFETY_LIMITED,BASELINE_V4,37.5000,1.0000,180000.0000,120.0000,120.0000,30.0000,25.0000,0.0100,0.1461,0.6228,1.2771,1.4292,-1,5240.4000,0,0,16982400.0000,FAIL,0,UNLEARNED,nan,nan,nan,nan,-1.0000,0.0300,45.0000,0.0000,0.0000,2.0000,0,0,0
jitter_drop#787,SAFETY_LIMITED,ADAPTIVE_V1,37.5000,1.0000,180000.0000,120.0000,120.0000,30.0000,25.0000,0.0100,-0.0467,0.1967,0.3508,0.2642,-1,2677.6000,0,0,17721600.0000,FAIL,97,QUALIFIED,-24.8102,10.0000,-0.1318,-3.2278,892.1000,0.0668,160.0000,9.2432,10.1055,0.0289,0,1,0
