label,eff,capacity,loss,dead,lag,ambient,resolution,reach,class,reason,rejection,last_phase,tune_s,peak,high_tune,emergency_tune,kp,ki,kd,gain,gain_true,gain_err_pct,delay,delay_true,delay_err_s,coast100,coast_true,coast_err_c,hold,hold_true,ku,pu,confidence,ev_over,ev_mae,ev_p95,ev_ripple,post_over,post_mae,post_p95,post_ripple,post_settle,post_high,post_emergency,verdict,val_why,val_res,val_horizon_s,val_tail_s,val_hold
full0,0.50000,180000.00000,120.00000,0.00000,3.00000,20.00000,0.10000,REACHABLE,ACCEPTED,SUCCESS,NONE,SUCCESS,4630.00000,37.81992,0,0,59.74805,0.44519,0.00000,0.04363,0.04444,-1.82746,9.42075,3.00000,6.42075,0.19035,0.13333,0.05702,26.40000,26.25000,131.44572,100.00001,64,-0.00008,0.04509,0.10000,0.09956,-0.01047,0.01227,0.01341,0.00353,1220,0,0,ACCEPTED_GOOD,-,0.10000,3150,1350,1.00000
full8,0.50000,180000.00000,120.00000,120.00000,30.00000,20.00000,0.10000,SAFETY_LIMITED,REJECTED,POWER_LIMITED,NONE,FAILED,1462.00000,34.63288,0,0,0.00000,0.00000,0.00000,0.04143,0.04444,-6.77604,148.53596,150.00000,-1.46404,5.51440,6.66667,-1.15227,0.00000,26.25000,0.00000,0.00000,0,0.00000,0.00000,0.00000,0.00000,,,,,,,,REJECTED,-,0.00000,0,0,0.00000
full16,0.50000,180000.00000,180.00000,60.00000,8.00000,20.00000,0.10000,SAFETY_LIMITED,REJECTED,POWER_LIMITED,NONE,FAILED,1190.00000,35.38264,0,0,0.00000,0.00000,0.00000,0.03929,0.04444,-11.58701,70.97728,68.00000,2.97728,2.28614,3.02222,-0.73608,0.00000,39.37500,0.00000,0.00000,0,0.00000,0.00000,0.00000,0.00000,,,,,,,,REJECTED,-,0.00000,0,0,0.00000
full24,0.50000,180000.00000,300.00000,30.00000,3.00000,20.00000,0.10000,REACHABLE,REJECTED,POWER_LIMITED,NONE,FAILED,1048.00000,34.90838,0,0,0.00000,0.00000,0.00000,0.04075,0.04444,-8.31184,37.69594,33.00000,4.69594,1.47326,1.46667,0.00659,0.00000,65.62500,0.00000,0.00000,0,0.00000,0.00000,0.00000,0.00000,,,,,,,,REJECTED,-,0.00000,0,0,0.00000
full32,0.50000,600000.00000,120.00000,15.00000,30.00000,20.00000,0.10000,REACHABLE,ACCEPTED,SUCCESS,NONE,SUCCESS,8432.00000,37.84369,0,0,50.15868,0.10208,0.00000,0.01273,0.01333,-4.54135,45.13441,45.00000,0.13441,0.65745,0.60000,0.05745,26.25384,26.25000,110.34911,478.00000,67,-0.00000,0.05119,0.10000,0.09999,0.05461,0.02872,0.02911,0.00134,5801,0,0,ACCEPTED_GOOD,-,0.10000,3592,1792,1.00000
full40,0.50000,600000.00000,180.00000,0.00000,8.00000,20.00000,0.10000,REACHABLE,REJECTED,POWER_LIMITED,NONE,FAILED,2722.00000,36.75529,0,0,0.00000,0.00000,0.00000,0.01132,0.01333,-15.08855,9.17125,8.00000,1.17125,0.18177,0.10667,0.07510,0.00000,39.37500,0.00000,0.00000,0,0.00000,0.00000,0.00000,0.00000,,,,,,,,REJECTED,-,0.00000,0,0,0.00000
full48,0.50000,600000.00000,180.00000,120.00000,3.00000,20.00000,0.10000,REACHABLE,REJECTED,POWER_LIMITED,NONE,FAILED,2542.00000,35.51642,0,0,0.00000,0.00000,0.00000,0.01265,0.01333,-5.11021,126.39798,123.00000,3.39798,1.61470,1.64000,-0.02530,0.00000,39.37500,0.00000,0.00000,0,0.00000,0.00000,0.00000,0.00000,,,,,,,,REJECTED,-,0.00000,0,0,0.00000
full56,0.50000,600000.00000,300.00000,60.00000,30.00000,20.00000,0.10000,REACHABLE,REJECTED,POWER_LIMITED,NONE,FAILED,2580.00000,35.19601,0,0,0.00000,0.00000,0.00000,0.01197,0.01333,-10.21092,89.96822,90.00000,-0.03178,1.20835,1.20000,0.00835,0.00000,65.62500,0.00000,0.00000,0,0.00000,0.00000,0.00000,0.00000,,,,,,,,REJECTED,-,0.00000,0,0,0.00000
full64,0.50000,1600000.00000,120.00000,30.00000,8.00000,20.00000,0.10000,REACHABLE,ACCEPTED,SUCCESS,NONE,SUCCESS,15130.00000,37.81073,0,0,57.87540,0.08131,0.00000,0.00482,0.00500,-3.69510,67.17841,38.00000,29.17841,0.28767,0.19000,0.09767,26.27078,26.25000,127.32589,842.00006,67,0.09999,0.02780,0.10000,0.19999,0.05287,0.03466,0.04689,0.04750,7705,0,0,ACCEPTED_GOOD,-,0.10000,5292,3157,1.00000
full72,0.50000,1600000.00000,180.00000,15.00000,3.00000,20.00000,0.10000,REACHABLE,REJECTED,POWER_LIMITED,NONE,FAILED,5480.00000,36.59854,0,0,0.00000,0.00000,0.00000,0.00466,0.00500,-6.70925,56.42056,18.00000,38.42056,0.28584,0.09000,0.19584,0.00000,39.37500,0.00000,0.00000,0,0.00000,0.00000,0.00000,0.00000,,,,,,,,REJECTED,-,0.00000,0,0,0.00000
full80,0.50000,1600000.00000,300.00000,0.00000,30.00000,20.00000,0.10000,REACHABLE,REJECTED,MODEL_INVALID,MODEL_INVALID,FAILED,1700.00000,21.88176,0,0,0.00000,0.00000,0.00000,0.00000,0.00500,0.00000,0.00000,30.00000,0.00000,0.00000,0.15000,0.00000,0.00000,65.62500,0.00000,0.00000,0,0.00000,0.00000,0.00000,0.00000,,,,,,,,REJECTED,-,0.00000,0,0,0.00000
full88,0.50000,1600000.00000,300.00000,120.00000,8.00000,20.00000,0.10000,REACHABLE,REJECTED,POWER_LIMITED,NONE,FAILED,5874.00000,35.90463,0,0,0.00000,0.00000,0.00000,0.00473,0.00500,-5.43297,131.01947,128.00000,3.01947,0.65309,0.64000,0.01309,0.00000,65.62500,0.00000,0.00000,0,0.00000,0.00000,0.00000,0.00000,,,,,,,,REJECTED,-,0.00000,0,0,0.00000
full96,0.70000,180000.00000,120.00000,60.00000,3.00000,20.00000,0.10000,SAFETY_LIMITED,REJECTED,RELAY_FAILED,TOTAL_TIMEOUT,FAILED,5810.00000,37.78810,0,0,0.00000,0.00000,0.00000,0.05810,0.06222,-6.63281,68.47247,63.00000,5.47247,3.89628,3.92000,-0.02372,0.00000,18.75000,0.00000,0.00000,0,0.00000,0.00000,0.00000,0.00000,,,,,,,,REJECTED,-,0.00000,0,0,0.00000
full104,0.70000,180000.00000,180.00000,30.00000,30.00000,20.00000,0.10000,SAFETY_LIMITED,REJECTED,POWER_LIMITED,NONE,FAILED,1194.00000,35.84861,0,0,0.00000,0.00000,0.00000,0.05657,0.06222,-9.08938,58.09798,60.00000,-1.90202,2.73243,3.73333,-1.00090,0.00000,28.12500,0.00000,0.00000,0,0.00000,0.00000,0.00000,0.00000,,,,,,,,REJECTED,-,0.00000,0,0,0.00000
full112,0.70000,180000.00000,300.00000,15.00000,8.00000,20.00000,0.10000,REACHABLE,REJECTED,POWER_LIMITED,NONE,FAILED,866.00000,35.94664,0,0,0.00000,0.00000,0.00000,0.05771,0.06222,-7.25667,28.09079,23.00000,5.09079,1.14631,1.43111,-0.28480,0.00000,46.87500,0.00000,0.00000,0,0.00000,0.00000,0.00000,0.00000,,,,,,,,REJECTED,-,0.00000,0,0,0.00000
full120,0.70000,600000.00000,120.00000,0.00000,3.00000,20.00000,0.10000,REACHABLE,ACCEPTED,SUCCESS,NONE,SUCCESS,6074.00000,37.78812,0,0,59.50304,0.42392,0.00000,0.01862,0.01867,-0.26259,10.03633,3.00000,7.03633,0.25623,0.05600,0.20023,18.76056,18.75000,130.90669,236.66667,65,-0.00000,0.02213,0.10000,0.09629,0.05083,0.02766,0.04725,0.05848,1549,0,0,ACCEPTED_GOOD,-,0.10000,3150,1350,1.00000
full128,0.70000,600000.00000,120.00000,120.00000,30.00000,20.00000,0.10000,REACHABLE,REJECTED,RELAY_FAILED,PREHEAT_TIMEOUT,FAILED,4012.00000,36.99388,0,0,0.00000,0.00000,0.00000,0.01789,0.01867,-4.18392,150.75461,150.00000,0.75461,2.42619,2.80000,-0.37381,0.00000,18.75000,0.00000,0.00000,0,0.00000,0.00000,0.00000,0.00000,,,,,,,,REJECTED,-,0.00000,0,0,0.00000
full136,0.70000,600000.00000,180.00000,60.00000,8.00000,20.00000,0.10000,REACHABLE,REJECTED,VALIDATION_FAILED,VALIDATION_FAILED,FAILED,10228.00000,37.88818,0,0,0.00000,0.00000,0.00000,0.01875,0.01867,0.44262,74.76448,68.00000,6.76448,1.21556,1.26933,-0.05378,27.98762,28.12500,50.93282,646.00006,67,-0.30000,0.30000,0.25000,0.00000,,,,,,,,REJECTED,mae,0.10000,4785,2422,1.00000
full144,0.70000,600000.00000,300.00000,30.00000,3.00000,20.00000,0.10000,REACHABLE,REJECTED,POWER_LIMITED,NONE,FAILED,1716.00000,36.19364,0,0,0.00000,0.00000,0.00000,0.01811,0.01867,-2.99008,38.78597,33.00000,5.78597,0.66302,0.61600,0.04702,0.00000,46.87500,0.00000,0.00000,0,0.00000,0.00000,0.00000,0.00000,,,,,,,,REJECTED,-,0.00000,0,0,0.00000
full152,0.70000,1600000.00000,120.00000,15.00000,30.00000,20.00000,0.10000,REACHABLE,REJECTED,VALIDATION_FAILED,VALIDATION_FAILED,FAILED,12164.00000,37.84386,0,0,0.00000,0.00000,0.00000,0.00684,0.00700,-2.25571,48.05684,45.00000,3.05684,0.25164,0.31500,-0.06336,18.81748,18.75000,127.32589,778.00000,66,-0.10000,0.10959,0.20000,0.09986,,,,,,,,REJECTED,mae,0.10000,4717,2917,1.00000
full160,0.70000,1600000.00000,180.00000,0.00000,8.00000,20.00000,0.10000,REACHABLE,REJECTED,MODEL_INVALID,MODEL_INVALID,FAILED,1702.00000,22.78641,0,0,0.00000,0.00000,0.00000,0.00000,0.00700,0.00000,0.00000,8.00000,0.00000,0.00000,0.05600,0.00000,0.00000,28.12500,0.00000,0.00000,0,0.00000,0.00000,0.00000,0.00000,,,,,,,,REJECTED,-,0.00000,0,0,0.00000
full168,0.70000,1600000.00000,180.00000,120.00000,3.00000,20.00000,0.10000,REACHABLE,REJECTED,RELAY_FAILED,TOTAL_TIMEOUT,FAILED,8604.00000,37.86626,0,0,0.00000,0.00000,0.00000,0.00682,0.00700,-2.60795,127.76545,123.00000,4.76545,0.90188,0.86100,0.04088,0.00000,28.12500,0.00000,0.00000,0,0.00000,0.00000,0.00000,0.00000,,,,,,,,REJECTED,-,0.00000,0,0,0.00000
full176,0.70000,1600000.00000,300.00000,60.00000,30.00000,20.00000,0.10000,REACHABLE,REJECTED,POWER_LIMITED,NONE,FAILED,3914.00000,36.19292,0,0,0.00000,0.00000,0.00000,0.00684,0.00700,-2.34061,92.92246,90.00000,2.92246,0.65374,0.63000,0.02374,0.00000,46.87500,0.00000,0.00000,0,0.00000,0.00000,0.00000,0.00000,,,,,,,,REJECTED,-,0.00000,0,0,0.00000
full184,1.00000,180000.00000,120.00000,30.00000,8.00000,20.00000,0.10000,SAFETY_LIMITED,REJECTED,VALIDATION_FAILED,VALIDATION_FAILED,FAILED,6462.00000,37.85866,0,0,0.00000,0.00000,0.00000,0.08108,0.08889,-8.78320,43.55973,38.00000,5.55973,3.51026,3.37778,0.13248,13.06404,13.12500,20.02239,406.00003,68,0.09999,0.06469,0.20000,0.29996,,,,,,,,REJECTED,p95,0.10000,3322,1522,1.00000
full192,1.00000,180000.00000,180.00000,15.00000,3.00000,20.00000,0.10000,REACHABLE,ACCEPTED,SUCCESS,NONE,SUCCESS,4834.00000,37.93903,0,0,15.28099,0.05292,0.00000,0.09066,0.08889,1.99104,24.87348,18.00000,6.87348,1.63155,1.60000,0.03155,19.69412,19.68750,39.91051,170.00002,67,0.09964,0.02542,0.10000,0.19964,0.05471,0.03108,0.03368,0.00788,1478,0,0,ACCEPTED_GOOD,-,0.10000,3150,1350,1.00000
full200,1.00000,180000.00000,300.00000,0.00000,30.00000,20.00000,0.10000,REACHABLE,REJECTED,POWER_LIMITED,NONE,FAILED,3178.00000,37.76233,0,0,0.00000,0.00000,0.00000,0.07193,0.08889,-19.08228,24.28069,30.00000,-5.71931,2.03006,2.66667,-0.63660,32.35171,32.81250,43.38010,447.33337,0,0.00000,0.00000,0.00000,0.00000,,,,,,,,REJECTED,-,0.00000,0,0,0.00000
full208,1.00000,180000.00000,300.00000,120.00000,8.00000,20.00000,0.10000,SAFETY_LIMITED,REJECTED,POWER_LIMITED,NONE,FAILED,1150.00000,32.78934,0,0,0.00000,0.00000,0.00000,0.07444,0.08889,-16.25688,130.17062,128.00000,2.17062,8.83072,11.37778,-2.54705,0.00000,32.81250,0.00000,0.00000,0,0.00000,0.00000,0.00000,0.00000,,,,,,,,REJECTED,-,0.00000,0,0,0.00000
full216,1.00000,600000.00000,120.00000,60.00000,3.00000,20.00000,0.10000,REACHABLE,REJECTED,VALIDATION_FAILED,VALIDATION_FAILED,FAILED,9336.00000,37.91689,0,0,0.00000,0.00000,0.00000,0.02575,0.02667,-3.43040,68.70319,63.00000,5.70319,1.87223,1.68000,0.19223,13.12458,13.12500,32.57142,599.33331,67,-0.10000,0.12345,0.20000,0.09999,,,,,,,,REJECTED,mae,0.10000,4428,2247,1.00000
full224,1.00000,600000.00000,180.00000,30.00000,30.00000,20.00000,0.10000,REACHABLE,REJECTED,VALIDATION_FAILED,VALIDATION_FAILED,FAILED,8790.00000,37.84299,0,0,0.00000,0.00000,0.00000,0.02540,0.02667,-4.75391,59.76658,60.00000,-0.23342,1.62592,1.60000,0.02592,19.62457,19.68750,46.15542,575.33331,67,-0.10000,0.18444,0.20000,0.09999,,,,,,,,REJECTED,mae,0.10000,4070,2157,1.00000
full232,1.00000,600000.00000,300.00000,15.00000,8.00000,20.00000,0.10000,REACHABLE,REJECTED,POWER_LIMITED,NONE,FAILED,1282.00000,36.40937,0,0,0.00000,0.00000,0.00000,0.02564,0.02667,-3.84788,27.72077,23.00000,4.72077,0.67643,0.61333,0.06310,0.00000,32.81250,0.00000,0.00000,0,0.00000,0.00000,0.00000,0.00000,,,,,,,,REJECTED,-,0.00000,0,0,0.00000
full240,1.00000,1600000.00000,120.00000,0.00000,3.00000,20.00000,0.10000,REACHABLE,ACCEPTED,SUCCESS,NONE,SUCCESS,9560.00000,37.77144,0,0,60.00000,0.53571,0.00000,0.00966,0.01000,-3.44419,4.00000,3.00000,1.00000,0.18160,0.03000,0.15160,13.13700,13.12500,132.07625,520.66663,64,-0.00000,0.00459,0.04000,0.07558,0.05153,0.03311,0.04505,0.02659,2584,0,0,ACCEPTED_GOOD,-,0.10000,3752,1952,1.00000
full248,1.00000,1600000.00000,120.00000,120.00000,30.00000,20.00000,0.10000,REACHABLE,REJECTED,RELAY_FAILED,TOTAL_TIMEOUT,FAILED,7926.00000,37.84925,0,0,0.00000,0.00000,0.00000,0.00981,0.01000,-1.88782,152.92261,150.00000,2.92261,1.60641,1.50000,0.10641,0.00000,13.12500,0.00000,0.00000,0,0.00000,0.00000,0.00000,0.00000,,,,,,,,REJECTED,-,0.00000,0,0,0.00000
full256,1.00000,1600000.00000,180.00000,60.00000,8.00000,20.00000,0.10000,REACHABLE,REJECTED,VALIDATION_FAILED,VALIDATION_FAILED,FAILED,11776.00000,37.91744,0,0,0.00000,0.00000,0.00000,0.01024,0.01000,2.41500,75.74221,68.00000,7.74221,0.44222,0.68000,-0.23778,19.71545,19.68750,71.62275,738.00006,65,-0.20000,0.23757,0.25000,0.09999,,,,,,,,REJECTED,mae,0.10000,5159,2767,1.00000
full264,1.00000,1600000.00000,300.00000,30.00000,3.00000,20.00000,0.10000,REACHABLE,REJECTED,POWER_LIMITED,NONE,FAILED,4960.00000,37.84273,0,0,0.00000,0.00000,0.00000,0.00974,0.01000,-2.58988,38.44220,33.00000,5.44220,0.25229,0.33000,-0.07771,32.83333,32.81250,110.33382,480.00000,0,0.00000,0.00000,0.00000,0.00000,,,,,,,,REJECTED,-,0.00000,0,0,0.00000
full272,1.20000,180000.00000,120.00000,15.00000,30.00000,20.00000,0.10000,SAFETY_LIMITED,ACCEPTED,SUCCESS,NONE,SUCCESS,6396.00000,37.84480,0,0,9.64586,0.02143,0.00000,0.08729,0.10667,-18.16226,41.00126,45.00000,-3.99874,4.35010,4.80000,-0.44990,10.87108,10.93750,21.22089,382.66669,66,0.09999,0.03060,0.10000,0.19999,0.06952,0.01499,0.02306,0.01334,1294,0,0,ACCEPTED_GOOD,-,0.10000,3235,1435,1.00000
full280,1.20000,180000.00000,180.00000,0.00000,8.00000,20.00000,0.10000,REACHABLE,ACCEPTED,SUCCESS,NONE,SUCCESS,4426.00000,37.83929,0,0,22.79630,0.13207,0.00000,0.10166,0.10667,-4.69650,13.26069,8.00000,5.26069,1.51292,0.85333,0.65959,16.36364,16.40625,56.31394,110.00000,67,0.07559,0.00286,0.02000,0.07558,0.05552,0.03973,0.04913,0.02354,1485,0,0,ACCEPTED_GOOD,-,0.10000,3150,1350,1.00000
full288,1.20000,180000.00000,180.00000,120.00000,3.00000,20.00000,0.10000,SAFETY_LIMITED,REJECTED,POWER_LIMITED,NONE,FAILED,1176.00000,33.52072,0,0,0.00000,0.00000,0.00000,0.09748,0.10667,-8.61560,126.18958,123.00000,3.18958,11.95620,13.12000,-1.16380,0.00000,16.40625,0.00000,0.00000,0,0.00000,0.00000,0.00000,0.00000,,,,,,,,REJECTED,-,0.00000,0,0,0.00000
full296,1.20000,180000.00000,300.00000,60.00000,30.00000,20.00000,0.10000,SAFETY_LIMITED,REJECTED,POWER_LIMITED,NONE,FAILED,950.00000,34.09556,0,0,0.00000,0.00000,0.00000,0.08247,0.10667,-22.68383,83.53983,90.00000,-6.46017,7.30113,9.60000,-2.29887,0.00000,27.34375,0.00000,0.00000,0,0.00000,0.00000,0.00000,0.00000,,,,,,,,REJECTED,-,0.00000,0,0,0.00000
full304,1.20000,600000.00000,120.00000,30.00000,8.00000,20.00000,0.10000,REACHABLE,ACCEPTED,SUCCESS,NONE,SUCCESS,7148.00000,37.88432,0,0,16.64799,0.03434,0.00000,0.03296,0.03200,3.00903,44.47951,38.00000,6.47951,1.38775,1.21600,0.17175,10.97248,10.93750,36.62558,436.00003,67,0.09999,0.00855,0.10000,0.10000,0.06914,0.04721,0.04901,0.00552,1887,0,0,ACCEPTED_GOOD,-,0.10000,3435,1635,1.00000
full312,1.20000,600000.00000,180.00000,15.00000,3.00000,20.00000,0.10000,REACHABLE,ACCEPTED,SUCCESS,NONE,SUCCESS,5736.00000,37.88476,0,0,31.52718,0.10761,0.00000,0.03348,0.03200,4.61698,25.29671,18.00000,7.29671,0.84523,0.57600,0.26923,16.45669,16.40625,69.35979,254.00002,68,0.09188,0.00104,0.01000,0.09188,0.05060,0.01102,0.02251,0.03554,1329,0,0,ACCEPTED_GOOD,-,0.10000,3150,1350,1.00000
full320,1.20000,600000.00000,300.00000,0.00000,30.00000,20.00000,0.10000,REACHABLE,ACCEPTED,SUCCESS,NONE,SUCCESS,5974.00000,37.80155,0,0,36.38187,0.12918,0.00000,0.02749,0.03200,-14.09536,24.16326,30.00000,-5.83674,1.08490,0.96000,0.12490,27.30679,27.34375,80.04012,284.66666,64,-0.00003,0.06056,0.10000,0.09996,0.05107,0.04247,0.04474,0.00503,1554,0,0,ACCEPTED_GOOD,-,0.10000,3150,1350,1.00000
full328,1.20000,600000.00000,300.00000,120.00000,8.00000,20.00000,0.10000,SAFETY_LIMITED,REJECTED,POWER_LIMITED,NONE,FAILED,1602.00000,35.18922,0,0,0.00000,0.00000,0.00000,0.02928,0.03200,-8.48680,130.26816,128.00000,2.26816,3.48014,4.09600,-0.61586,0.00000,27.34375,0.00000,0.00000,0,0.00000,0.00000,0.00000,0.00000,,,,,,,,REJECTED,-,0.00000,0,0,0.00000
full336,1.20000,1600000.00000,120.00000,60.00000,3.00000,20.00000,0.10000,REACHABLE,REJECTED,VALIDATION_FAILED,VALIDATION_FAILED,FAILED,12488.00000,37.88782,0,0,0.00000,0.00000,0.00000,0.01172,0.01200,-2.34130,69.99052,63.00000,6.99052,0.80721,0.75600,0.05121,10.98122,10.93750,52.74901,887.33337,68,-0.00000,0.07011,0.10000,0.09999,,,,,,,,REJECTED,mae,0.10000,5547,3327,1.00000
full344,1.20000,1600000.00000,180.00000,30.00000,30.00000,20.00000,0.10000,REACHABLE,REJECTED,VALIDATION_FAILED,VALIDATION_FAILED,FAILED,10958.00000,37.84642,0,0,0.00000,0.00000,0.00000,0.01169,0.01200,-2.59376,60.84705,60.00000,0.84705,0.65744,0.72000,-0.06256,16.41026,16.40625,74.27344,728.00006,67,-0.10000,0.10000,0.11000,0.00000,,,,,,,,REJECTED,mae,0.10000,4675,2730,1.00000
full352,1.20000,1600000.00000,300.00000,15.00000,8.00000,20.00000,0.10000,REACHABLE,ACCEPTED,SUCCESS,NONE,SUCCESS,7672.00000,37.83368,0,0,57.87540,0.17914,0.00000,0.01175,0.01200,-2.05577,28.30796,23.00000,5.30796,0.25286,0.27600,-0.02314,27.39583,27.34375,127.32589,384.00003,66,-0.00000,0.03820,0.10000,0.09999,0.05653,0.01073,0.02071,0.04102,2581,0,0,ACCEPTED_GOOD,-,0.10000,3240,1440,1.00000
full360,1.50000,180000.00000,120.00000,0.00000,3.00000,20.00000,0.10000,REACHABLE,REJECTED,VALIDATION_FAILED,VALIDATION_FAILED,FAILED,4290.00000,37.86146,0,0,0.00000,0.00000,0.00000,0.13063,0.13333,-2.02894,9.65600,3.00000,6.65600,1.18224,0.40000,0.78224,8.95775,8.75000,52.14849,94.66668,67,-0.00000,0.01093,0.07000,0.09046,,,,,,,,REJECTED,not-steady,0.10000,3150,1350,0.15385
full368,1.50000,180000.00000,120.00000,120.00000,30.00000,20.00000,0.10000,SAFETY_LIMITED,REJECTED,POWER_LIMITED,NONE,FAILED,1392.00000,34.08259,0,0,0.00000,0.00000,0.00000,0.12940,0.13333,-2.95069,142.40872,150.00000,-7.59128,17.94473,20.00000,-2.05527,0.00000,8.75000,0.00000,0.00000,0,0.00000,0.00000,0.00000,0.00000,,,,,,,,REJECTED,-,0.00000,0,0,0.00000
full376,1.50000,180000.00000,180.00000,60.00000,8.00000,20.00000,0.10000,SAFETY_LIMITED,REJECTED,POWER_LIMITED,NONE,FAILED,874.00000,34.73185,0,0,0.00000,0.00000,0.00000,0.10810,0.13333,-18.92243,73.43176,68.00000,5.43176,8.85938,9.06667,-0.20728,0.00000,13.12500,0.00000,0.00000,0,0.00000,0.00000,0.00000,0.00000,,,,,,,,REJECTED,-,0.00000,0,0,0.00000
full384,1.50000,180000.00000,300.00000,30.00000,3.00000,20.00000,0.10000,SAFETY_LIMITED,REJECTED,POWER_LIMITED,NONE,FAILED,674.00000,35.35888,0,0,0.00000,0.00000,0.00000,0.12506,0.13333,-6.20317,39.02026,33.00000,6.02026,4.22683,4.40000,-0.17317,0.00000,21.87500,0.00000,0.00000,0,0.00000,0.00000,0.00000,0.00000,,,,,,,,REJECTED,-,0.00000,0,0,0.00000
full392,1.50000,600000.00000,120.00000,15.00000,30.00000,20.00000,0.10000,REACHABLE,ACCEPTED,SUCCESS,NONE,SUCCESS,8034.00000,37.81355,0,0,12.55087,0.02589,0.00000,0.03821,0.04000,-4.46348,44.48212,45.00000,-0.51788,1.80105,1.80000,0.00105,8.75465,8.75000,27.61190,538.00000,67,0.09999,0.00575,0.07000,0.19986,0.07182,0.03504,0.03900,0.01223,1812,0,0,ACCEPTED_GOOD,-,0.10000,3817,2017,1.00000
full400,1.50000,600000.00000,180.00000,0.00000,8.00000,20.00000,0.10000,REACHABLE,REJECTED,VALIDATION_FAILED,VALIDATION_FAILED,FAILED,5130.00000,37.91056,0,0,0.00000,0.00000,0.00000,0.03982,0.04000,-0.44944,13.38078,8.00000,5.38078,0.28646,0.32000,-0.03354,13.26087,13.12500,110.91804,184.00002,65,-0.00000,0.00904,0.08000,0.09854,,,,,,,,REJECTED,not-steady,0.10000,3150,1350,0.54734
full408,1.50000,600000.00000,180.00000,120.00000,3.00000,20.00000,0.10000,SAFETY_LIMITED,REJECTED,RELAY_FAILED,PREHEAT_TIMEOUT,FAILED,3316.00000,37.31866,0,0,0.00000,0.00000,0.00000,0.03838,0.04000,-4.05732,128.03836,123.00000,5.03836,4.71423,4.92000,-0.20577,0.00000,13.12500,0.00000,0.00000,0,0.00000,0.00000,0.00000,0.00000,,,,,,,,REJECTED,-,0.00000,0,0,0.00000
full416,1.50000,600000.00000,300.00000,60.00000,30.00000,20.00000,0.10000,SAFETY_LIMITED,REJECTED,RELAY_FAILED,PREHEAT_TIMEOUT,FAILED,3136.00000,36.68965,0,0,0.00000,0.00000,0.00000,0.03556,0.04000,-11.09525,90.04021,90.00000,0.04021,3.09017,3.60000,-0.50983,0.00000,21.87500,0.00000,0.00000,0,0.00000,0.00000,0.00000,0.00000,,,,,,,,REJECTED,-,0.00000,0,0,0.00000
full424,1.50000,1600000.00000,120.00000,30.00000,8.00000,20.00000,0.10000,REACHABLE,ACCEPTED,SUCCESS,NONE,SUCCESS,10128.00000,37.89783,0,0,28.93755,0.05890,0.00000,0.01545,0.01500,2.99319,45.13226,38.00000,7.13226,0.66028,0.57000,0.09028,8.79025,8.75000,63.66260,724.66675,67,0.09999,0.01228,0.10000,0.19999,-0.02263,0.06267,0.09409,0.07275,2074,0,0,ACCEPTED_GOOD,-,0.10000,4517,2717,1.00000
full432,1.50000,1600000.00000,180.00000,15.00000,3.00000,20.00000,0.10000,REACHABLE,ACCEPTED,SUCCESS,NONE,SUCCESS,7760.00000,37.88786,0,0,49.62886,0.17214,0.00000,0.01516,0.01500,1.05190,24.83045,18.00000,6.83045,0.25449,0.27000,-0.01551,13.18386,13.12500,109.18349,446.00000,66,-0.00000,0.00454,0.04000,0.09943,0.05440,0.03714,0.04943,0.02317,1852,0,0,ACCEPTED_GOOD,-,0.10000,3472,1672,1.00000
full440,1.50000,1600000.00000,300.00000,0.00000,30.00000,20.00000,0.10000,REACHABLE,ACCEPTED,SUCCESS,NONE,SUCCESS,7656.00000,37.80264,0,0,46.30032,0.13825,0.00000,0.01394,0.01500,-7.09825,29.49084,30.00000,-0.50916,0.66039,0.45000,0.21039,21.97403,21.87500,101.86071,410.66669,64,-0.00000,0.02914,0.10000,0.09996,0.05586,0.03848,0.04759,0.02276,2120,0,0,ACCEPTED_GOOD,-,0.10000,3340,1540,1.00000
full448,1.50000,1600000.00000,300.00000,120.00000,8.00000,20.00000,0.10000,REACHABLE,REJECTED,RELAY_FAILED,TOTAL_TIMEOUT,FAILED,7228.00000,37.85733,0,0,0.00000,0.00000,0.00000,0.01429,0.01500,-4.74052,131.75537,128.00000,3.75537,2.01055,1.92000,0.09055,0.00000,21.87500,0.00000,0.00000,0,0.00000,0.00000,0.00000,0.00000,,,,,,,,REJECTED,-,0.00000,0,0,0.00000
full456,2.00000,180000.00000,120.00000,60.00000,3.00000,20.00000,0.10000,SAFETY_LIMITED,REJECTED,POWER_LIMITED,NONE,FAILED,898.00000,35.32572,0,0,0.00000,0.00000,0.00000,0.15424,0.17778,-13.24226,67.56252,63.00000,4.56252,11.67841,11.20000,0.47841,0.00000,6.56250,0.00000,0.00000,0,0.00000,0.00000,0.00000,0.00000,,,,,,,,REJECTED,-,0.00000,0,0,0.00000
full464,2.00000,180000.00000,180.00000,30.00000,30.00000,20.00000,0.10000,SAFETY_LIMITED,REJECTED,POWER_LIMITED,NONE,FAILED,848.00000,35.47261,0,0,0.00000,0.00000,0.00000,0.12665,0.17778,-28.75986,51.12706,60.00000,-8.87294,9.40668,10.66667,-1.25999,0.00000,9.84375,0.00000,0.00000,0,0.00000,0.00000,0.00000,0.00000,,,,,,,,REJECTED,-,0.00000,0,0,0.00000
full472,2.00000,180000.00000,300.00000,15.00000,8.00000,20.00000,0.10000,SAFETY_LIMITED,REJECTED,POWER_LIMITED,NONE,FAILED,692.00000,35.70279,0,0,0.00000,0.00000,0.00000,0.16489,0.17778,-7.24672,27.99420,23.00000,4.99420,4.36180,4.08889,0.27291,0.00000,16.40625,0.00000,0.00000,0,0.00000,0.00000,0.00000,0.00000,,,,,,,,REJECTED,-,0.00000,0,0,0.00000
full480,2.00000,600000.00000,120.00000,0.00000,3.00000,20.00000,0.10000,REACHABLE,ACCEPTED,SUCCESS,NONE,SUCCESS,5218.00000,37.83936,0,0,35.21157,0.25332,0.00000,0.05311,0.05333,-0.41275,9.89985,3.00000,6.89985,0.60879,0.16000,0.44879,6.66667,6.56250,77.46545,210.00003,67,-0.00000,0.00000,0.01000,0.00000,0.05060,0.01488,0.02632,0.02790,822,0,0,ACCEPTED_GOOD,-,0.10000,3150,1350,1.00000
full488,2.00000,600000.00000,120.00000,120.00000,30.00000,20.00000,0.10000,SAFETY_LIMITED,REJECTED,RELAY_FAILED,PREHEAT_TIMEOUT,FAILED,3400.00000,35.96682,0,0,0.00000,0.00000,0.00000,0.05148,0.05333,-3.47622,148.35817,150.00000,-1.64183,7.55311,8.00000,-0.44689,0.00000,6.56250,0.00000,0.00000,0,0.00000,0.00000,0.00000,0.00000,,,,,,,,REJECTED,-,0.00000,0,0,0.00000
full496,2.00000,600000.00000,180.00000,60.00000,8.00000,20.00000,0.10000,SAFETY_LIMITED,REJECTED,VALIDATION_FAILED,VALIDATION_FAILED,FAILED,9586.00000,37.88617,0,0,0.00000,0.00000,0.00000,0.05472,0.05333,2.60809,74.01659,68.00000,6.01659,3.55916,3.62667,-0.06751,9.82154,9.84375,17.82692,650.00006,67,-0.10000,0.18827,0.20000,0.09991,,,,,,,,REJECTED,mae,0.10000,4777,2437,1.00000
full504,2.00000,600000.00000,300.00000,30.00000,3.00000,20.00000,0.10000,REACHABLE,ACCEPTED,SUCCESS,NONE,SUCCESS,5952.00000,37.90393,0,0,15.75269,0.03627,0.00000,0.05191,0.05333,-2.66527,39.43421,33.00000,6.43421,1.92424,1.76000,0.16424,16.35611,16.40625,34.65592,322.00000,67,0.09999,0.03298,0.10000,0.19999,0.06719,0.01867,0.04038,0.05074,1312,0,0,ACCEPTED_GOOD,-,0.10000,3150,1350,1.00000
full512,2.00000,1600000.00000,120.00000,15.00000,30.00000,20.00000,0.10000,REACHABLE,ACCEPTED,SUCCESS,NONE,SUCCESS,10296.00000,37.84294,0,0,20.25639,0.04314,0.00000,0.01788,0.02000,-10.59576,42.95929,45.00000,-2.04071,0.82851,0.90000,-0.07149,6.60877,6.56250,44.56406,775.33344,67,0.09999,0.01226,0.10000,0.19999,-0.03526,0.06474,0.08697,0.05201,1856,0,0,ACCEPTED_GOOD,-,0.10000,4707,2907,1.00000
full520,2.00000,1600000.00000,180.00000,0.00000,8.00000,20.00000,0.10000,REACHABLE,ACCEPTED,SUCCESS,NONE,SUCCESS,6902.00000,37.83861,0,0,59.38530,0.32497,0.00000,0.01996,0.02000,-0.18204,14.27414,8.00000,6.27414,0.25812,0.16000,0.09812,9.91394,9.84375,130.64766,387.33334,67,-0.00000,0.00028,0.01000,0.06094,0.05163,0.02960,0.03751,0.01767,1369,0,0,ACCEPTED_GOOD,-,0.10000,3252,1452,1.00000
full528,2.00000,1600000.00000,180.00000,120.00000,3.00000,20.00000,0.10000,REACHABLE,REJECTED,RELAY_FAILED,TOTAL_TIMEOUT,FAILED,6906.00000,37.84818,0,0,0.00000,0.00000,0.00000,0.01952,0.02000,-2.40542,127.78515,123.00000,4.78515,2.47318,2.46000,0.01318,0.00000,9.84375,0.00000,0.00000,0,0.00000,0.00000,0.00000,0.00000,,,,,,,,REJECTED,-,0.00000,0,0,0.00000
full536,2.00000,1600000.00000,300.00000,60.00000,30.00000,20.00000,0.10000,REACHABLE,REJECTED,RELAY_FAILED,TOTAL_TIMEOUT,FAILED,6612.00000,37.82193,0,0,0.00000,0.00000,0.00000,0.01858,0.02000,-7.10741,91.42096,90.00000,1.42096,1.61999,1.80000,-0.18001,0.00000,16.40625,0.00000,0.00000,0,0.00000,0.00000,0.00000,0.00000,,,,,,,,REJECTED,-,0.00000,0,0,0.00000
full1,0.50000,180000.00000,120.00000,0.00000,8.00000,28.00000,0.10000,REACHABLE,REJECTED,VALIDATION_FAILED,VALIDATION_FAILED,FAILED,4818.00000,37.81643,0,0,0.00000,0.00000,0.00000,0.04339,0.04444,-2.36454,13.19491,8.00000,5.19491,0.70851,0.35556,0.35295,14.28571,14.25000,85.44949,168.00002,66,-0.00000,0.01960,0.10000,0.09854,,,,,,,,REJECTED,not-steady,0.10000,3150,1350,0.00000
full9,0.50000,180000.00000,120.00000,120.00000,3.00000,28.00000,0.10000,SAFETY_LIMITED,REJECTED,POWER_LIMITED,NONE,FAILED,1298.00000,35.77702,0,0,0.00000,0.00000,0.00000,0.04140,0.04444,-6.84049,126.61361,123.00000,3.61361,4.71008,5.46667,-0.75658,0.00000,14.25000,0.00000,0.00000,0,0.00000,0.00000,0.00000,0.00000,,,,,,,,REJECTED,-,0.00000,0,0,0.00000
full17,0.50000,180000.00000,180.00000,60.00000,30.00000,28.00000,0.10000,SAFETY_LIMITED,REJECTED,RELAY_FAILED,PREHEAT_TIMEOUT,FAILED,2846.00000,36.45872,0,0,0.00000,0.00000,0.00000,0.03774,0.04444,-15.09304,87.32328,90.00000,-2.67672,2.68797,4.00000,-1.31203,0.00000,21.37500,0.00000,0.00000,0,0.00000,0.00000,0.00000,0.00000,,,,,,,,REJECTED,-,0.00000,0,0,0.00000
full25,0.50000,180000.00000,300.00000,30.00000,8.00000,28.00000,0.10000,REACHABLE,REJECTED,POWER_LIMITED,NONE,FAILED,830.00000,36.11368,0,0,0.00000,0.00000,0.00000,0.03888,0.04444,-12.52813,42.26854,38.00000,4.26854,1.39173,1.68889,-0.29716,0.00000,35.62500,0.00000,0.00000,0,0.00000,0.00000,0.00000,0.00000,,,,,,,,REJECTED,-,0.00000,0,0,0.00000
full33,0.50000,600000.00000,120.00000,15.00000,3.00000,28.00000,0.10000,REACHABLE,ACCEPTED,SUCCESS,NONE,SUCCESS,7402.00000,37.87252,0,0,49.68249,0.17345,0.00000,0.01329,0.01333,-0.32194,24.64376,18.00000,6.64376,0.25330,0.24000,0.01330,14.34783,14.25000,109.30148,460.00003,66,-0.00000,0.00000,0.01000,0.00000,0.05775,0.01676,0.01960,0.00648,1334,0,0,ACCEPTED_GOOD,-,0.10000,3525,1725,1.00000
full41,0.50000,600000.00000,180.00000,0.00000,30.00000,28.00000,0.10000,REACHABLE,ACCEPTED,SUCCESS,NONE,SUCCESS,7040.00000,37.83283,0,0,57.87761,0.17354,0.00000,0.01231,0.01333,-7.64128,29.35183,30.00000,-0.64817,0.25318,0.40000,-0.14682,21.48387,21.37500,127.33075,413.33337,66,-0.00000,0.02581,0.10000,0.09991,0.05453,0.03796,0.03818,0.00091,1528,0,0,ACCEPTED_GOOD,-,0.10000,3350,1550,1.00000
full49,0.50000,600000.00000,180.00000,120.00000,8.00000,28.00000,0.10000,REACHABLE,REJECTED,RELAY_FAILED,TOTAL_TIMEOUT,FAILED,6630.00000,37.83189,0,0,0.00000,0.00000,0.00000,0.01249,0.01333,-6.31089,130.35805,128.00000,2.35805,1.60827,1.70667,-0.09840,0.00000,21.37500,0.00000,0.00000,0,0.00000,0.00000,0.00000,0.00000,,,,,,,,REJECTED,-,0.00000,0,0,0.00000
full57,0.50000,600000.00000,300.00000,60.00000,3.00000,28.00000,0.10000,REACHABLE,REJECTED,POWER_LIMITED,NONE,FAILED,1482.00000,36.30637,0,0,0.00000,0.00000,0.00000,0.01257,0.01333,-5.71233,67.88100,63.00000,4.88100,0.80725,0.84000,-0.03275,0.00000,35.62500,0.00000,0.00000,0,0.00000,0.00000,0.00000,0.00000,,,,,,,,REJECTED,-,0.00000,0,0,0.00000
full65,0.50000,1600000.00000,120.00000,30.00000,30.00000,28.00000,0.10000,REACHABLE,REJECTED,RELAY_FAILED,TOTAL_TIMEOUT,FAILED,8140.00000,37.86307,0,0,0.00000,0.00000,0.00000,0.00471,0.00500,-5.77739,87.29137,60.00000,27.29137,0.28755,0.30000,-0.01245,0.00000,14.25000,0.00000,0.00000,0,0.00000,0.00000,0.00000,0.00000,,,,,,,,REJECTED,-,0.00000,0,0,0.00000
full73,0.50000,1600000.00000,180.00000,15.00000,8.00000,28.00000,0.10000,REACHABLE,REJECTED,VALIDATION_FAILED,VALIDATION_FAILED,FAILED,12908.00000,37.79264,0,0,0.00000,0.00000,0.00000,0.00475,0.00500,-5.09183,61.81421,23.00000,38.81421,0.28744,0.11500,0.17244,21.43198,21.37500,127.32779,838.00000,67,-0.10000,0.12239,0.20000,0.09909,,,,,,,,REJECTED,mae,0.10000,5116,3142,1.00000
full81,0.50000,1600000.00000,300.00000,0.00000,3.00000,28.00000,0.10000,REACHABLE,REJECTED,MODEL_INVALID,MODEL_INVALID,FAILED,1664.00000,29.89818,0,0,0.00000,0.00000,0.00000,0.00000,0.00500,0.00000,0.00000,3.00000,0.00000,0.00000,0.01500,0.00000,0.00000,35.62500,0.00000,0.00000,0,0.00000,0.00000,0.00000,0.00000,,,,,,,,REJECTED,-,0.00000,0,0,0.00000
full89,0.50000,1600000.00000,300.00000,120.00000,30.00000,28.00000,0.10000,REACHABLE,REJECTED,RELAY_FAILED,TOTAL_TIMEOUT,FAILED,7958.00000,37.86091,0,0,0.00000,0.00000,0.00000,0.00477,0.00500,-4.66293,150.02603,150.00000,0.02603,0.65255,0.75000,-0.09745,0.00000,35.62500,0.00000,0.00000,0,0.00000,0.00000,0.00000,0.00000,,,,,,,,REJECTED,-,0.00000,0,0,0.00000
full97,0.70000,180000.00000,120.00000,60.00000,8.00000,28.00000,0.10000,SAFETY_LIMITED,REJECTED,RELAY_FAILED,TOTAL_TIMEOUT,FAILED,5752.00000,37.81125,0,0,0.00000,0.00000,0.00000,0.06333,0.06222,1.77239,73.82121,68.00000,5.82121,3.94393,4.23111,-0.28718,0.00000,10.17857,0.00000,0.00000,0,0.00000,0.00000,0.00000,0.00000,,,,,,,,REJECTED,-,0.00000,0,0,0.00000
full105,0.70000,180000.00000,180.00000,30.00000,3.00000,28.00000,0.10000,REACHABLE,ACCEPTED,SUCCESS,NONE,SUCCESS,5762.00000,37.88252,0,0,12.90607,0.03020,0.00000,0.05880,0.06222,-5.49297,38.73571,33.00000,5.73571,2.11119,2.05333,0.05786,15.18310,15.26786,28.39336,331.33334,67,0.09999,0.04311,0.10000,0.19999,0.05042,0.03524,0.03619,0.00273,1594,0,0,ACCEPTED_GOOD,-,0.10000,3150,1350,1.00000
full113,0.70000,180000.00000,300.00000,15.00000,30.00000,28.00000,0.10000,REACHABLE,REJECTED,RELAY_FAILED,PHASE_TIMEOUT,FAILED,3648.00000,37.68899,0,0,0.00000,0.00000,0.00000,0.05030,0.06222,-19.15526,41.09779,45.00000,-3.90221,2.10704,2.80000,-0.69296,0.00000,25.44643,0.00000,0.00000,0,0.00000,0.00000,0.00000,0.00000,,,,,,,,REJECTED,-,0.00000,0,0,0.00000
full121,0.70000,600000.00000,120.00000,0.00000,8.00000,28.00000,0.10000,REACHABLE,ACCEPTED,SUCCESS,NONE,SUCCESS,6620.00000,37.83350,0,0,59.38530,0.30552,0.00000,0.01867,0.01867,0.03545,15.43745,8.00000,7.43745,0.25608,0.14933,0.10675,10.25126,10.17857,130.64766,398.00000,67,-0.00000,0.00000,0.01000,0.00000,0.05155,0.03294,0.03353,0.00131,1091,0,0,ACCEPTED_GOOD,-,0.10000,3292,1492,1.00000
full129,0.70000,600000.00000,120.00000,120.00000,3.00000,28.00000,0.10000,REACHABLE,REJECTED,RELAY_FAILED,PREHEAT_TIMEOUT,FAILED,3406.00000,37.25635,0,0,0.00000,0.00000,0.00000,0.01798,0.01867,-3.68543,126.99880,123.00000,3.99880,2.02611,2.29600,-0.26989,0.00000,10.17857,0.00000,0.00000,0,0.00000,0.00000,0.00000,0.00000,,,,,,,,REJECTED,-,0.00000,0,0,0.00000
full137,0.70000,600000.00000,180.00000,60.00000,30.00000,28.00000,0.10000,REACHABLE,REJECTED,VALIDATION_FAILED,VALIDATION_FAILED,FAILED,12874.00000,37.84325,0,0,0.00000,0.00000,0.00000,0.01715,0.01867,-8.14775,91.02976,90.00000,1.02976,1.61996,1.68000,-0.06004,15.19374,15.26786,36.60701,915.33344,68,-0.10000,0.13687,0.20000,0.09999,,,,,,,,REJECTED,mae,0.10000,6283,3432,1.00000
full145,0.70000,600000.00000,300.00000,30.00000,8.00000,28.00000,0.10000,REACHABLE,ACCEPTED,SUCCESS,NONE,SUCCESS,6608.00000,37.89504,0,0,34.73077,0.07060,0.00000,0.01899,0.01867,1.71514,45.19062,38.00000,7.19062,0.81438,0.70933,0.10505,25.42160,25.44643,76.40768,382.66669,67,-0.00000,0.05378,0.10000,0.09999,0.06746,0.04333,0.04965,0.02845,1879,0,0,ACCEPTED_GOOD,-,0.10000,3275,1475,1.00000
full153,0.70000,1600000.00000,120.00000,15.00000,3.00000,28.00000,0.10000,REACHABLE,REJECTED,MODEL_INVALID,MODEL_INVALID,FAILED,1730.00000,30.86114,0,0,0.00000,0.00000,0.00000,0.00000,0.00700,0.00000,0.00000,18.00000,0.00000,0.00000,0.12600,0.00000,0.00000,10.17857,0.00000,0.00000,0,0.00000,0.00000,0.00000,0.00000,,,,,,,,REJECTED,-,0.00000,0,0,0.00000
full161,0.70000,1600000.00000,180.00000,0.00000,30.00000,28.00000,0.10000,REACHABLE,ACCEPTED,SUCCESS,NONE,SUCCESS,11560.00000,37.81020,0,0,57.90928,0.14795,0.00000,0.00638,0.00700,-8.83860,35.14161,30.00000,5.14161,0.28808,0.21000,0.07808,15.32554,15.26786,127.40041,798.66675,66,0.09047,0.00327,0.03000,0.18674,0.05027,0.02952,0.03280,0.00742,2281,0,0,ACCEPTED_GOOD,-,0.10000,4795,2995,1.00000
full169,0.70000,1600000.00000,180.00000,120.00000,8.00000,28.00000,0.10000,REACHABLE,REJECTED,RELAY_FAILED,TOTAL_TIMEOUT,FAILED,7248.00000,37.85799,0,0,0.00000,0.00000,0.00000,0.00680,0.00700,-2.84878,135.05304,128.00000,7.05304,0.80376,0.89600,-0.09224,0.00000,15.26786,0.00000,0.00000,0,0.00000,0.00000,0.00000,0.00000,,,,,,,,REJECTED,-,0.00000,0,0,0.00000
full177,0.70000,1600000.00000,300.00000,60.00000,3.00000,28.00000,0.10000,REACHABLE,REJECTED,VALIDATION_FAILED,VALIDATION_FAILED,FAILED,12026.00000,37.86573,0,0,0.00000,0.00000,0.00000,0.00674,0.00700,-3.64695,68.67398,63.00000,5.67398,0.65401,0.44100,0.21301,25.48344,25.44643,83.19424,805.33337,65,-0.20000,0.26763,0.25000,0.10000,,,,,,,,REJECTED,mae,0.10000,5200,3020,1.00000
full185,1.00000,180000.00000,120.00000,30.00000,30.00000,28.00000,0.10000,SAFETY_LIMITED,REJECTED,RELAY_FAILED,TOTAL_TIMEOUT,FAILED,5696.00000,37.77149,0,0,0.00000,0.00000,0.00000,0.07166,0.08889,-19.37892,55.99296,60.00000,-4.00704,4.86966,5.33333,-0.46368,0.00000,7.12500,0.00000,0.00000,0,0.00000,0.00000,0.00000,0.00000,,,,,,,,REJECTED,-,0.00000,0,0,0.00000
full193,1.00000,180000.00000,180.00000,15.00000,8.00000,28.00000,0.10000,REACHABLE,ACCEPTED,SUCCESS,NONE,SUCCESS,5124.00000,37.87453,0,0,12.02160,0.03678,0.00000,0.08445,0.08889,-4.99454,28.68386,23.00000,5.68386,2.32628,2.04444,0.28184,10.70821,10.68750,26.44752,235.33336,68,0.09978,0.00000,0.01000,0.00000,-0.00189,0.00288,0.00361,0.00205,1694,0,0,ACCEPTED_GOOD,-,0.10000,3150,1350,1.00000
full201,1.00000,180000.00000,300.00000,0.00000,3.00000,28.00000,0.10000,REACHABLE,ACCEPTED,SUCCESS,NONE,SUCCESS,4192.00000,37.92982,0,0,33.54294,0.24041,0.00000,0.08547,0.08889,-3.84855,9.95261,3.00000,6.95261,0.64307,0.26667,0.37640,17.95935,17.81250,88.68704,82.00000,67,-0.00000,0.00355,0.04000,0.08474,0.05194,0.02840,0.02965,0.00403,1467,0,0,ACCEPTED_GOOD,-,0.10000,3150,1350,1.00000
full209,1.00000,180000.00000,300.00000,120.00000,30.00000,28.00000,0.10000,SAFETY_LIMITED,REJECTED,POWER_LIMITED,NONE,FAILED,1222.00000,34.59756,0,0,0.00000,0.00000,0.00000,0.08071,0.08889,-9.20479,143.95654,150.00000,-6.04346,9.24394,13.33333,-4.08939,0.00000,17.81250,0.00000,0.00000,0,0.00000,0.00000,0.00000,0.00000,,,,,,,,REJECTED,-,0.00000,0,0,0.00000
full217,1.00000,600000.00000,120.00000,60.00000,8.00000,28.00000,0.10000,REACHABLE,REJECTED,VALIDATION_FAILED,VALIDATION_FAILED,FAILED,11542.00000,37.84719,0,0,0.00000,0.00000,0.00000,0.02704,0.02667,1.38559,74.64233,68.00000,6.64233,1.71368,1.81333,-0.09965,7.13488,7.12500,23.64650,860.00006,67,-0.00000,0.07748,0.10000,0.09999,,,,,,,,REJECTED,mae,0.10000,5584,3225,1.00000
full225,1.00000,600000.00000,180.00000,30.00000,3.00000,28.00000,0.10000,REACHABLE,ACCEPTED,SUCCESS,NONE,SUCCESS,6842.00000,37.90676,0,0,23.15104,0.05241,0.00000,0.02627,0.02667,-1.47463,40.17377,33.00000,7.17377,0.83715,0.88000,-0.04285,10.75926,10.68750,50.93230,432.00006,67,0.09999,0.00247,0.01000,0.09999,0.06652,0.01435,0.01612,0.00655,1006,0,0,ACCEPTED_GOOD,-,0.10000,3420,1620,1.00000
full233,1.00000,600000.00000,300.00000,15.00000,30.00000,28.00000,0.10000,REACHABLE,ACCEPTED,SUCCESS,NONE,SUCCESS,7222.00000,37.82223,0,0,23.97682,0.05337,0.00000,0.02284,0.02667,-14.35112,40.92508,45.00000,-4.07492,1.22748,1.20000,0.02748,17.75426,17.81250,52.74901,469.33337,66,0.09999,0.02264,0.10000,0.19999,0.06877,0.00909,0.01083,0.00378,1402,0,0,ACCEPTED_GOOD,-,0.10000,3560,1760,1.00000
full241,1.00000,1600000.00000,120.00000,0.00000,8.00000,28.00000,0.10000,REACHABLE,ACCEPTED,SUCCESS,NONE,SUCCESS,11660.00000,37.80133,0,0,60.00000,0.53571,0.00000,0.00953,0.01000,-4.70790,4.00000,8.00000,-4.00000,0.18121,0.08000,0.10121,7.14706,7.12500,132.02574,906.66675,64,0.09046,0.00000,0.01000,0.00000,-0.00120,0.00538,0.00925,0.00860,1561,0,0,ACCEPTED_GOOD,-,0.10000,5200,3400,1.00000
full249,1.00000,1600000.00000,120.00000,120.00000,3.00000,28.00000,0.10000,REACHABLE,REJECTED,RELAY_FAILED,TOTAL_TIMEOUT,FAILED,6810.00000,37.87059,0,0,0.00000,0.00000,0.00000,0.00980,0.01000,-2.00067,127.77780,123.00000,4.77780,1.20567,1.23000,-0.02433,0.00000,7.12500,0.00000,0.00000,0,0.00000,0.00000,0.00000,0.00000,,,,,,,,REJECTED,-,0.00000,0,0,0.00000
full257,1.00000,1600000.00000,180.00000,60.00000,30.00000,28.00000,0.10000,REACHABLE,REJECTED,RELAY_FAILED,TOTAL_TIMEOUT,FAILED,6640.00000,37.88758,0,0,0.00000,0.00000,0.00000,0.00999,0.01000,-0.08394,92.85102,90.00000,2.85102,0.82019,0.90000,-0.07981,0.00000,10.68750,0.00000,0.00000,0,0.00000,0.00000,0.00000,0.00000,,,,,,,,REJECTED,-,0.00000,0,0,0.00000
full265,1.00000,1600000.00000,300.00000,30.00000,8.00000,28.00000,0.10000,REACHABLE,ACCEPTED,SUCCESS,NONE,SUCCESS,8844.00000,37.90276,0,0,49.60722,0.10105,0.00000,0.01002,0.01000,0.21470,45.08991,38.00000,7.08991,0.25264,0.38000,-0.12736,17.91855,17.81250,109.13589,589.33337,65,0.09999,0.01953,0.10000,0.19999,-0.00874,0.03768,0.04976,0.03297,6370,0,0,ACCEPTED_GOOD,-,0.10000,4010,2210,1.00000
full273,1.20000,180000.00000,120.00000,15.00000,3.00000,28.00000,0.10000,REACHABLE,ACCEPTED,SUCCESS,NONE,SUCCESS,5092.00000,37.89539,0,0,9.57597,0.03344,0.00000,0.10979,0.10667,2.92617,24.63859,18.00000,6.63859,2.32154,1.92000,0.40154,6.02624,5.93750,21.06714,228.66669,67,-0.00000,0.00326,0.03000,0.08613,-0.02968,0.03747,0.04120,0.00807,1192,0,0,ACCEPTED_GOOD,-,0.10000,3150,1350,1.00000
full281,1.20000,180000.00000,180.00000,0.00000,30.00000,28.00000,0.10000,SAFETY_LIMITED,ACCEPTED,SUCCESS,NONE,SUCCESS,5574.00000,37.78677,0,0,10.75028,0.03785,0.00000,0.08745,0.10667,-18.01735,24.40119,30.00000,-5.59881,2.88023,3.20000,-0.31977,8.89178,8.90625,23.65062,308.00000,66,0.09909,0.00178,0.01000,0.09046,-0.04035,0.04280,0.04311,0.00093,1398,0,0,ACCEPTED_GOOD,-,0.10000,3150,1350,1.00000
full289,1.20000,180000.00000,180.00000,120.00000,8.00000,28.00000,0.10000,SAFETY_LIMITED,REJECTED,POWER_LIMITED,NONE,FAILED,1190.00000,34.99548,0,0,0.00000,0.00000,0.00000,0.08894,0.10667,-16.61891,130.17337,128.00000,2.17337,12.37530,13.65333,-1.27803,0.00000,8.90625,0.00000,0.00000,0,0.00000,0.00000,0.00000,0.00000,,,,,,,,REJECTED,-,0.00000,0,0,0.00000
full297,1.20000,180000.00000,300.00000,60.00000,3.00000,28.00000,0.10000,SAFETY_LIMITED,REJECTED,POWER_LIMITED,NONE,FAILED,824.00000,35.46302,0,0,0.00000,0.00000,0.00000,0.09435,0.10667,-11.54965,68.72726,63.00000,5.72726,5.94465,6.72000,-0.77535,0.00000,14.84375,0.00000,0.00000,0,0.00000,0.00000,0.00000,0.00000,,,,,,,,REJECTED,-,0.00000,0,0,0.00000
full305,1.20000,600000.00000,120.00000,30.00000,30.00000,28.00000,0.10000,REACHABLE,ACCEPTED,SUCCESS,NONE,SUCCESS,10592.00000,37.81477,0,0,10.61049,0.01666,0.00000,0.03066,0.03200,-4.18352,59.70459,60.00000,-0.29541,1.78022,1.92000,-0.13978,5.95199,5.93750,23.34308,819.33337,68,-0.00000,0.04916,0.10000,0.09999,-0.02232,0.08029,0.11777,0.09552,1588,0,0,ACCEPTED_GOOD,-,0.10000,4983,3072,1.00000
full313,1.20000,600000.00000,180.00000,15.00000,8.00000,28.00000,0.10000,REACHABLE,ACCEPTED,SUCCESS,NONE,SUCCESS,6214.00000,37.88570,0,0,23.15319,0.06996,0.00000,0.03151,0.03200,-1.52435,29.09379,23.00000,6.09379,0.86098,0.73600,0.12498,8.93617,8.90625,50.93702,376.00003,67,-0.00000,0.00000,0.01000,0.00000,0.06061,0.03219,0.04541,0.02599,945,0,0,ACCEPTED_GOOD,-,0.10000,3210,1410,1.00000
full321,1.20000,600000.00000,300.00000,0.00000,3.00000,28.00000,0.10000,REACHABLE,ACCEPTED,SUCCESS,NONE,SUCCESS,4932.00000,37.81151,0,0,59.78625,0.44842,0.00000,0.03163,0.03200,-1.16180,9.33141,3.00000,6.33141,0.27392,0.09600,0.17792,14.88189,14.84375,131.52975,169.33334,67,-0.00000,0.00000,0.01000,0.00000,0.01939,0.01757,0.01887,0.00373,972,0,0,ACCEPTED_GOOD,-,0.10000,3150,1350,1.00000
full329,1.20000,600000.00000,300.00000,120.00000,30.00000,28.00000,0.10000,SAFETY_LIMITED,REJECTED,RELAY_FAILED,PREHEAT_TIMEOUT,FAILED,3320.00000,36.10476,0,0,0.00000,0.00000,0.00000,0.02982,0.03200,-6.82772,148.47438,150.00000,-1.52562,3.88496,4.80000,-0.91504,0.00000,14.84375,0.00000,0.00000,0,0.00000,0.00000,0.00000,0.00000,,,,,,,,REJECTED,-,0.00000,0,0,0.00000
full337,1.20000,1600000.00000,120.00000,60.00000,8.00000,28.00000,0.10000,REACHABLE,REJECTED,RELAY_FAILED,TOTAL_TIMEOUT,FAILED,6356.00000,37.87802,0,0,0.00000,0.00000,0.00000,0.01237,0.01200,3.06896,75.95272,68.00000,7.95272,0.82247,0.81600,0.00647,0.00000,5.93750,0.00000,0.00000,0,0.00000,0.00000,0.00000,0.00000,,,,,,,,REJECTED,-,0.00000,0,0,0.00000
full345,1.20000,1600000.00000,180.00000,30.00000,3.00000,28.00000,0.10000,REACHABLE,ACCEPTED,SUCCESS,NONE,SUCCESS,10596.00000,37.85444,0,0,29.97156,0.06840,0.00000,0.01185,0.01200,-1.28820,39.82070,33.00000,6.82070,0.65712,0.39600,0.26112,8.95908,8.90625,65.93743,814.66675,65,0.09999,0.01256,0.10000,0.19999,-0.02661,0.06275,0.08785,0.05707,1761,0,0,ACCEPTED_GOOD,-,0.10000,4855,3055,1.00000
full353,1.20000,1600000.00000,300.00000,15.00000,30.00000,28.00000,0.10000,REACHABLE,REJECTED,VALIDATION_FAILED,VALIDATION_FAILED,FAILED,9498.00000,37.82751,0,0,0.00000,0.00000,0.00000,0.01151,0.01200,-4.10465,44.82204,45.00000,-0.17796,0.65779,0.54000,0.11779,14.90381,14.84375,78.51763,665.33337,66,-0.00003,0.08742,0.10000,0.09996,,,,,,,,REJECTED,mae,0.10000,4295,2495,1.00000
full361,1.50000,180000.00000,120.00000,0.00000,8.00000,28.00000,0.10000,REACHABLE,REJECTED,VALIDATION_FAILED,VALIDATION_FAILED,FAILED,4672.00000,37.85642,0,0,0.00000,0.00000,0.00000,0.12793,0.13333,-4.05342,13.73726,8.00000,5.73726,1.74439,1.06667,0.67772,4.76471,4.75000,28.40399,170.00002,68,-0.00000,0.01581,0.10000,0.09627,,,,,,,,REJECTED,not-steady,0.10000,3150,1350,0.00000
full369,1.50000,180000.00000,120.00000,120.00000,3.00000,28.00000,0.10000,SAFETY_LIMITED,REJECTED,POWER_LIMITED,NONE,FAILED,1204.00000,35.46351,0,0,0.00000,0.00000,0.00000,0.12004,0.13333,-9.97275,125.56463,123.00000,2.56463,15.91066,16.40000,-0.48934,0.00000,4.75000,0.00000,0.00000,0,0.00000,0.00000,0.00000,0.00000,,,,,,,,REJECTED,-,0.00000,0,0,0.00000
full377,1.50000,180000.00000,180.00000,60.00000,30.00000,28.00000,0.10000,SAFETY_LIMITED,REJECTED,POWER_LIMITED,NONE,FAILED,990.00000,35.60147,0,0,0.00000,0.00000,0.00000,0.10250,0.13333,-23.12776,82.44009,90.00000,-7.55991,10.46369,12.00000,-1.53631,0.00000,7.12500,0.00000,0.00000,0,0.00000,0.00000,0.00000,0.00000,,,,,,,,REJECTED,-,0.00000,0,0,0.00000
full385,1.50000,180000.00000,300.00000,30.00000,8.00000,28.00000,0.10000,SAFETY_LIMITED,REJECTED,POWER_LIMITED,NONE,FAILED,688.00000,35.95608,0,0,0.00000,0.00000,0.00000,0.11393,0.13333,-14.55031,43.28985,38.00000,5.28985,4.82767,5.06667,-0.23900,0.00000,11.87500,0.00000,0.00000,0,0.00000,0.00000,0.00000,0.00000,,,,,,,,REJECTED,-,0.00000,0,0,0.00000
full393,1.50000,600000.00000,120.00000,15.00000,3.00000,28.00000,0.10000,REACHABLE,ACCEPTED,SUCCESS,NONE,SUCCESS,6914.00000,37.87050,0,0,16.56963,0.05797,0.00000,0.04199,0.04000,4.98079,24.58416,18.00000,6.58416,1.09718,0.72000,0.37718,4.79651,4.75000,36.45319,458.66669,67,0.09986,0.00093,0.01000,0.09768,0.04452,0.04021,0.04361,0.00983,1153,0,0,ACCEPTED_GOOD,-,0.10000,3520,1720,1.00000
full401,1.50000,600000.00000,180.00000,0.00000,30.00000,28.00000,0.10000,REACHABLE,ACCEPTED,SUCCESS,NONE,SUCCESS,6730.00000,37.80852,0,0,16.39807,0.06282,0.00000,0.03045,0.04000,-23.86902,22.10233,30.00000,-7.89767,1.09504,1.20000,-0.10496,7.15244,7.12500,36.07574,437.33337,64,-0.00000,0.00134,0.01000,0.08474,0.05672,0.04070,0.04961,0.10391,1112,0,0,ACCEPTED_GOOD,-,0.10000,3440,1640,1.00000
full409,1.50000,600000.00000,180.00000,120.00000,8.00000,28.00000,0.10000,SAFETY_LIMITED,REJECTED,RELAY_FAILED,PREHEAT_TIMEOUT,FAILED,3220.00000,37.18303,0,0,0.00000,0.00000,0.00000,0.03735,0.04000,-6.61625,132.24689,128.00000,4.24689,4.70454,5.12000,-0.41546,0.00000,7.12500,0.00000,0.00000,0,0.00000,0.00000,0.00000,0.00000,,,,,,,,REJECTED,-,0.00000,0,0,0.00000
full417,1.50000,600000.00000,300.00000,60.00000,3.00000,28.00000,0.10000,REACHABLE,REJECTED,VALIDATION_FAILED,VALIDATION_FAILED,FAILED,9184.00000,37.87101,0,0,0.00000,0.00000,0.00000,0.03784,0.04000,-5.39329,68.15305,63.00000,5.15305,2.28981,2.52000,-0.23019,11.80997,11.87500,24.08914,642.00000,67,-0.10000,0.14264,0.20000,0.09999,,,,,,,,REJECTED,mae,0.10000,4572,2407,1.00000
full425,1.50000,1600000.00000,120.00000,30.00000,30.00000,28.00000,0.10000,REACHABLE,REJECTED,RELAY_FAILED,TOTAL_TIMEOUT,FAILED,6136.00000,37.86456,0,0,0.00000,0.00000,0.00000,0.01466,0.01500,-2.27817,61.33681,60.00000,1.33681,0.86959,0.90000,-0.03041,0.00000,4.75000,0.00000,0.00000,0,0.00000,0.00000,0.00000,0.00000,,,,,,,,REJECTED,-,0.00000,0,0,0.00000
full433,1.50000,1600000.00000,180.00000,15.00000,8.00000,28.00000,0.10000,REACHABLE,ACCEPTED,SUCCESS,NONE,SUCCESS,9656.00000,37.93465,0,0,49.62263,0.14681,0.00000,0.01483,0.01500,-1.15917,29.80070,23.00000,6.80070,0.25401,0.34500,-0.09099,7.20000,7.12500,109.16979,766.66675,65,-0.00000,0.00000,0.01000,0.00000,-0.01955,0.04968,0.07436,0.05352,1176,0,0,ACCEPTED_GOOD,-,0.10000,4675,2875,1.00000
full441,1.50000,1600000.00000,300.00000,0.00000,3.00000,28.00000,0.10000,REACHABLE,ACCEPTED,SUCCESS,NONE,SUCCESS,6658.00000,37.79294,0,0,60.00000,0.44234,0.00000,0.01487,0.01500,-0.88359,9.56434,3.00000,6.56434,0.25420,0.04500,0.20920,12.02091,11.87500,132.79030,382.66669,64,-0.00000,0.00042,0.01000,0.07558,0.05235,0.01938,0.02126,0.00453,1234,0,0,ACCEPTED_GOOD,-,0.10000,3235,1435,1.00000
full449,1.50000,1600000.00000,300.00000,120.00000,30.00000,28.00000,0.10000,REACHABLE,REJECTED,RELAY_FAILED,PREHEAT_TIMEOUT,FAILED,3688.00000,37.17080,0,0,0.00000,0.00000,0.00000,0.01440,0.01500,-4.02803,151.36597,150.00000,1.36597,2.01023,2.25000,-0.23977,0.00000,11.87500,0.00000,0.00000,0,0.00000,0.00000,0.00000,0.00000,,,,,,,,REJECTED,-,0.00000,0,0,0.00000
full457,2.00000,180000.00000,120.00000,60.00000,8.00000,28.00000,0.10000,SAFETY_LIMITED,REJECTED,POWER_LIMITED,NONE,FAILED,882.00000,36.00494,0,0,0.00000,0.00000,0.00000,0.13587,0.17778,-23.57071,72.64457,68.00000,4.64457,12.45344,12.08889,0.36455,0.00000,3.56250,0.00000,0.00000,0,0.00000,0.00000,0.00000,0.00000,,,,,,,,REJECTED,-,0.00000,0,0,0.00000
full465,2.00000,180000.00000,180.00000,30.00000,3.00000,28.00000,0.10000,SAFETY_LIMITED,ACCEPTED,SUCCESS,NONE,SUCCESS,6298.00000,37.84543,0,0,4.51228,0.01056,0.00000,0.16821,0.17778,-5.38097,38.71410,33.00000,5.71410,6.40386,5.86667,0.53720,5.34754,5.34375,9.92701,406.66669,68,0.09999,0.04057,0.10000,0.19999,-0.02176,0.04563,0.05244,0.01377,1642,0,0,ACCEPTED_GOOD,-,0.10000,3325,1525,1.00000
full473,2.00000,180000.00000,300.00000,15.00000,30.00000,28.00000,0.10000,SAFETY_LIMITED,REJECTED,POWER_LIMITED,NONE,FAILED,722.00000,36.04742,0,0,0.00000,0.00000,0.00000,0.13192,0.17778,-25.79247,36.65553,45.00000,-8.34447,6.53039,8.00000,-1.46961,0.00000,8.90625,0.00000,0.00000,0,0.00000,0.00000,0.00000,0.00000,,,,,,,,REJECTED,-,0.00000,0,0,0.00000
full481,2.00000,600000.00000,120.00000,0.00000,8.00000,28.00000,0.10000,REACHABLE,ACCEPTED,SUCCESS,NONE,SUCCESS,6242.00000,37.83556,0,0,22.76436,0.13168,0.00000,0.05183,0.05333,-2.81197,13.28773,8.00000,5.28773,0.91521,0.42667,0.48854,3.61929,3.56250,50.08160,394.00003,66,0.08474,0.00000,0.01000,0.00000,0.05810,0.04236,0.04357,0.00392,998,0,0,ACCEPTED_GOOD,-,0.10000,3277,1477,1.00000
full489,2.00000,600000.00000,120.00000,120.00000,3.00000,28.00000,0.10000,SAFETY_LIMITED,REJECTED,RELAY_FAILED,TOTAL_TIMEOUT,FAILED,6158.00000,37.83951,0,0,0.00000,0.00000,0.00000,0.05123,0.05333,-3.93748,128.23177,123.00000,5.23177,6.35282,6.56000,-0.20718,0.00000,3.56250,0.00000,0.00000,0,0.00000,0.00000,0.00000,0.00000,,,,,,,,REJECTED,-,0.00000,0,0,0.00000
full497,2.00000,600000.00000,180.00000,60.00000,30.00000,28.00000,0.10000,SAFETY_LIMITED,REJECTED,RELAY_FAILED,TOTAL_TIMEOUT,FAILED,5940.00000,37.80523,0,0,0.00000,0.00000,0.00000,0.04683,0.05333,-12.18795,88.76411,90.00000,-1.23589,4.36358,4.80000,-0.43642,0.00000,5.34375,0.00000,0.00000,0,0.00000,0.00000,0.00000,0.00000,,,,,,,,REJECTED,-,0.00000,0,0,0.00000
full505,2.00000,600000.00000,300.00000,30.00000,8.00000,28.00000,0.10000,REACHABLE,ACCEPTED,SUCCESS,NONE,SUCCESS,6392.00000,37.87917,0,0,11.58315,0.02419,0.00000,0.04961,0.05333,-6.98604,43.89343,38.00000,5.89343,2.14448,2.02667,0.11781,8.92154,8.90625,25.48292,399.33337,68,0.09999,0.01079,0.10000,0.19998,0.07190,0.01265,0.01515,0.00583,1198,0,0,ACCEPTED_GOOD,-,0.10000,3297,1497,1.00000
full513,2.00000,1600000.00000,120.00000,15.00000,3.00000,28.00000,0.10000,REACHABLE,ACCEPTED,SUCCESS,NONE,SUCCESS,11300.00000,37.85181,0,0,27.98948,0.09402,0.00000,0.02053,0.02000,2.64710,25.76874,18.00000,7.76874,0.66419,0.36000,0.30419,3.58581,3.56250,61.57687,986.66675,66,0.09909,0.00000,0.01000,0.00000,-0.02986,0.04760,0.06524,0.03653,1168,0,0,ACCEPTED_GOOD,-,0.10000,5500,3700,1.00000
full521,2.00000,1600000.00000,180.00000,0.00000,30.00000,28.00000,0.10000,REACHABLE,ACCEPTED,SUCCESS,NONE,SUCCESS,9756.00000,37.83796,0,0,26.08340,0.08457,0.00000,0.01805,0.02000,-9.73013,26.84269,30.00000,-3.15731,0.66318,0.60000,0.06318,5.38619,5.34375,57.38348,782.00006,65,0.09404,0.00218,0.01000,0.09404,-0.03308,0.05270,0.06168,0.02078,1289,0,0,ACCEPTED_GOOD,-,0.10000,4732,2932,1.00000
full529,2.00000,1600000.00000,180.00000,120.00000,8.00000,28.00000,0.10000,REACHABLE,REJECTED,RELAY_FAILED,TOTAL_TIMEOUT,FAILED,6494.00000,37.83694,0,0,0.00000,0.00000,0.00000,0.01930,0.02000,-3.49970,133.03412,128.00000,5.03412,2.56923,2.56000,0.00923,0.00000,5.34375,0.00000,0.00000,0,0.00000,0.00000,0.00000,0.00000,,,,,,,,REJECTED,-,0.00000,0,0,0.00000
full537,2.00000,1600000.00000,300.00000,60.00000,3.00000,28.00000,0.10000,REACHABLE,REJECTED,VALIDATION_FAILED,VALIDATION_FAILED,FAILED,10724.00000,37.87682,0,0,0.00000,0.00000,0.00000,0.01937,0.02000,-3.17439,68.59363,63.00000,5.59363,1.22000,1.26000,-0.04000,8.92132,8.90625,30.33048,788.00006,67,-0.00000,0.07482,0.10000,0.09999,,,,,,,,REJECTED,mae,0.10000,5132,2955,1.00000
full2,0.50000,180000.00000,120.00000,15.00000,30.00000,20.00000,0.01000,REACHABLE,REJECTED,VALIDATION_FAILED,VALIDATION_FAILED,FAILED,6534.00000,37.77222,0,0,0.00000,0.00000,0.00000,0.04111,0.04444,-7.49529,44.10788,45.00000,-0.89212,1.72071,2.00000,-0.27929,25.98811,26.25000,47.87731,448.66669,68,-0.21000,0.21584,0.22000,0.00999,,,,,,,,REJECTED,mae,0.01000,2921,1121,1.00000
full10,0.50000,180000.00000,180.00000,0.00000,8.00000,20.00000,0.01000,REACHABLE,REJECTED,POWER_LIMITED,NONE,FAILED,938.00000,36.45230,0,0,0.00000,0.00000,0.00000,0.04235,0.04444,-4.70573,13.24155,8.00000,5.24155,0.52975,0.35556,0.17419,0.00000,39.37500,0.00000,0.00000,0,0.00000,0.00000,0.00000,0.00000,,,,,,,,REJECTED,-,0.00000,0,0,0.00000
full18,0.50000,180000.00000,180.00000,120.00000,3.00000,20.00000,0.01000,SAFETY_LIMITED,REJECTED,POWER_LIMITED,NONE,FAILED,1312.00000,34.17759,0,0,0.00000,0.00000,0.00000,0.04023,0.04444,-9.47299,125.40069,123.00000,2.40069,4.33801,5.46667,-1.12866,0.00000,39.37500,0.00000,0.00000,0,0.00000,0.00000,0.00000,0.00000,,,,,,,,REJECTED,-,0.00000,0,0,0.00000
full26,0.50000,180000.00000,300.00000,60.00000,30.00000,20.00000,0.01000,SAFETY_LIMITED,REJECTED,POWER_LIMITED,NONE,FAILED,1502.00000,34.56870,0,0,0.00000,0.00000,0.00000,0.03552,0.04444,-20.08668,84.16798,90.00000,-5.83202,2.28331,4.00000,-1.71669,0.00000,65.62500,0.00000,0.00000,0,0.00000,0.00000,0.00000,0.00000,,,,,,,,REJECTED,-,0.00000,0,0,0.00000
full34,0.50000,600000.00000,120.00000,30.00000,8.00000,20.00000,0.01000,REACHABLE,ACCEPTED,SUCCESS,NONE,SUCCESS,7082.00000,37.86723,0,0,48.72268,0.10003,0.00000,0.01356,0.01333,1.70647,44.70620,38.00000,6.70620,0.53975,0.50667,0.03308,26.34542,26.25000,107.18990,386.00003,67,-0.05000,0.05080,0.06000,0.00985,0.00766,0.00378,0.00523,0.00755,2597,0,0,ACCEPTED_GOOD,-,0.01000,2774,974,1.00000
full42,0.50000,600000.00000,180.00000,15.00000,3.00000,20.00000,0.01000,REACHABLE,REJECTED,POWER_LIMITED,NONE,FAILED,2126.00000,36.65277,0,0,0.00000,0.00000,0.00000,0.01332,0.01333,-0.09833,24.85961,18.00000,6.85961,0.27699,0.24000,0.03699,0.00000,39.37500,0.00000,0.00000,0,0.00000,0.00000,0.00000,0.00000,,,,,,,,REJECTED,-,0.00000,0,0,0.00000
full50,0.50000,600000.00000,300.00000,0.00000,30.00000,20.00000,0.01000,REACHABLE,REJECTED,POWER_LIMITED,NONE,FAILED,2506.00000,36.41563,0,0,0.00000,0.00000,0.00000,0.01208,0.01333,-9.42196,31.17698,30.00000,1.17698,0.33646,0.40000,-0.06354,0.00000,65.62500,0.00000,0.00000,0,0.00000,0.00000,0.00000,0.00000,,,,,,,,REJECTED,-,0.00000,0,0,0.00000
full58,0.50000,600000.00000,300.00000,120.00000,8.00000,20.00000,0.01000,REACHABLE,REJECTED,POWER_LIMITED,NONE,FAILED,2740.00000,35.07546,0,0,0.00000,0.00000,0.00000,0.01210,0.01333,-9.23479,128.02118,128.00000,0.02118,1.36994,1.70667,-0.33672,0.00000,65.62500,0.00000,0.00000,0,0.00000,0.00000,0.00000,0.00000,,,,,,,,REJECTED,-,0.00000,0,0,0.00000
full66,0.50000,1600000.00000,120.00000,60.00000,3.00000,20.00000,0.01000,REACHABLE,REJECTED,VALIDATION_FAILED,VALIDATION_FAILED,FAILED,13462.00000,37.81358,0,0,0.00000,0.00000,0.00000,0.00491,0.00500,-1.70920,68.52094,63.00000,5.52094,0.31132,0.31500,-0.00368,26.27132,26.25000,128.06548,820.66675,67,-0.18000,0.18386,0.20000,0.01000,,,,,,,,REJECTED,mae,0.01000,4227,2051,1.00000
full74,0.50000,1600000.00000,180.00000,30.00000,30.00000,20.00000,0.01000,REACHABLE,REJECTED,POWER_LIMITED,NONE,FAILED,9594.00000,37.74461,0,0,0.00000,0.00000,0.00000,0.00486,0.00500,-2.70199,63.42876,60.00000,3.42876,0.27108,0.30000,-0.02892,39.33384,39.37500,142.45975,880.66675,0,0.00000,0.00000,0.00000,0.00000,,,,,,,,REJECTED,-,0.00000,0,0,0.00000
full82,0.50000,1600000.00000,300.00000,15.00000,8.00000,20.00000,0.01000,REACHABLE,REJECTED,POWER_LIMITED,NONE,FAILED,5974.00000,36.73400,0,0,0.00000,0.00000,0.00000,0.00483,0.00500,-3.33204,27.15468,23.00000,4.15468,0.11015,0.11500,-0.00485,0.00000,65.62500,0.00000,0.00000,0,0.00000,0.00000,0.00000,0.00000,,,,,,,,REJECTED,-,0.00000,0,0,0.00000
full90,0.70000,180000.00000,120.00000,0.00000,3.00000,20.00000,0.01000,REACHABLE,ACCEPTED,SUCCESS,NONE,SUCCESS,3988.00000,37.89467,0,0,47.72314,0.34609,0.00000,0.06078,0.06222,-2.31028,9.78912,3.00000,6.78912,0.49912,0.18667,0.31245,19.06383,18.75000,117.82517,94.00001,67,-0.03000,0.03000,0.04000,0.00000,0.00605,0.00035,0.00079,0.00160,946,0,0,ACCEPTED_GOOD,-,0.01000,2700,900,1.00000
full98,0.70000,180000.00000,120.00000,120.00000,30.00000,20.00000,0.01000,SAFETY_LIMITED,REJECTED,POWER_LIMITED,NONE,FAILED,1410.00000,34.47691,0,0,0.00000,0.00000,0.00000,0.05836,0.06222,-6.20896,146.66589,150.00000,-3.33411,7.89378,9.33333,-1.43956,0.00000,18.75000,0.00000,0.00000,0,0.00000,0.00000,0.00000,0.00000,,,,,,,,REJECTED,-,0.00000,0,0,0.00000
full106,0.70000,180000.00000,180.00000,60.00000,8.00000,20.00000,0.01000,SAFETY_LIMITED,REJECTED,POWER_LIMITED,NONE,FAILED,988.00000,35.08733,0,0,0.00000,0.00000,0.00000,0.05505,0.06222,-11.52749,73.14181,68.00000,5.14181,3.69293,4.23111,-0.53818,0.00000,28.12500,0.00000,0.00000,0,0.00000,0.00000,0.00000,0.00000,,,,,,,,REJECTED,-,0.00000,0,0,0.00000
full114,0.70000,180000.00000,300.00000,30.00000,3.00000,20.00000,0.01000,REACHABLE,REJECTED,POWER_LIMITED,NONE,FAILED,886.00000,35.27299,0,0,0.00000,0.00000,0.00000,0.05720,0.06222,-8.07385,38.07349,33.00000,5.07349,1.81899,2.05333,-0.23434,0.00000,46.87500,0.00000,0.00000,0,0.00000,0.00000,0.00000,0.00000,,,,,,,,REJECTED,-,0.00000,0,0,0.00000
full122,0.70000,600000.00000,120.00000,15.00000,30.00000,20.00000,0.01000,REACHABLE,ACCEPTED,SUCCESS,NONE,SUCCESS,7160.00000,37.79854,0,0,34.56533,0.07081,0.00000,0.01768,0.01867,-5.28611,44.81644,45.00000,-0.18356,0.87215,0.84000,0.03215,18.78496,18.75000,76.04372,443.33337,67,-0.05000,0.05095,0.06000,0.00999,0.00727,0.00240,0.00501,0.00872,2023,0,0,ACCEPTED_GOOD,-,0.01000,2908,1108,1.00000
full130,0.70000,600000.00000,180.00000,0.00000,8.00000,20.00000,0.01000,REACHABLE,ACCEPTED,SUCCESS,NONE,SUCCESS,5462.00000,37.75641,0,0,60.00000,0.32385,0.00000,0.01836,0.01867,-1.62629,14.52724,8.00000,6.52724,0.22714,0.14933,0.07780,28.29432,28.12500,157.66235,199.33334,68,-0.04060,0.04891,0.05000,0.00940,0.00561,0.00368,0.00480,0.00394,1605,0,0,ACCEPTED_GOOD,-,0.01000,2700,900,1.00000
full138,0.70000,600000.00000,180.00000,120.00000,3.00000,20.00000,0.01000,REACHABLE,REJECTED,RELAY_FAILED,PREHEAT_TIMEOUT,FAILED,3872.00000,36.82979,0,0,0.00000,0.00000,0.00000,0.01769,0.01867,-5.25319,125.80854,123.00000,2.80854,2.09684,2.29600,-0.19916,0.00000,28.12500,0.00000,0.00000,0,0.00000,0.00000,0.00000,0.00000,,,,,,,,REJECTED,-,0.00000,0,0,0.00000
full146,0.70000,600000.00000,300.00000,60.00000,30.00000,20.00000,0.01000,REACHABLE,REJECTED,POWER_LIMITED,NONE,FAILED,1980.00000,35.59440,0,0,0.00000,0.00000,0.00000,0.01668,0.01867,-10.63459,89.92804,90.00000,-0.07196,1.38529,1.68000,-0.29471,0.00000,46.87500,0.00000,0.00000,0,0.00000,0.00000,0.00000,0.00000,,,,,,,,REJECTED,-,0.00000,0,0,0.00000
full154,0.70000,1600000.00000,120.00000,30.00000,8.00000,20.00000,0.01000,REACHABLE,ACCEPTED,SUCCESS,NONE,SUCCESS,10366.00000,37.81893,0,0,60.00000,0.12301,0.00000,0.00703,0.00700,0.41918,44.77846,38.00000,6.77846,0.31509,0.26600,0.04909,18.77301,18.75000,134.43674,652.00006,68,-0.05000,0.05517,0.06000,0.00999,0.01757,0.00237,0.00245,0.00023,3941,0,0,ACCEPTED_GOOD,-,0.01000,3430,1630,1.00000
full162,0.70000,1600000.00000,180.00000,15.00000,3.00000,20.00000,0.01000,REACHABLE,ACCEPTED,SUCCESS,NONE,SUCCESS,9336.00000,37.75010,0,0,60.00000,0.20963,0.00000,0.00697,0.00700,-0.40299,24.62127,18.00000,6.62127,0.15473,0.12600,0.02873,28.15642,28.12500,157.32794,477.33334,68,-0.04000,0.04000,0.05000,0.00000,0.04225,0.00359,0.00486,0.00270,4198,0,0,ACCEPTED_GOOD,-,0.01000,2993,1193,1.00000
full170,0.70000,1600000.00000,300.00000,0.00000,30.00000,20.00000,0.01000,REACHABLE,REJECTED,POWER_LIMITED,NONE,FAILED,3842.00000,36.70305,0,0,0.00000,0.00000,0.00000,0.00676,0.00700,-3.41446,34.28887,30.00000,4.28887,0.19447,0.21000,-0.01553,0.00000,46.87500,0.00000,0.00000,0,0.00000,0.00000,0.00000,0.00000,,,,,,,,REJECTED,-,0.00000,0,0,0.00000
full178,0.70000,1600000.00000,300.00000,120.00000,8.00000,20.00000,0.01000,REACHABLE,REJECTED,POWER_LIMITED,NONE,FAILED,4060.00000,36.01831,0,0,0.00000,0.00000,0.00000,0.00667,0.00700,-4.70479,131.76511,128.00000,3.76511,0.83687,0.89600,-0.05913,0.00000,46.87500,0.00000,0.00000,0,0.00000,0.00000,0.00000,0.00000,,,,,,,,REJECTED,-,0.00000,0,0,0.00000
full186,1.00000,180000.00000,120.00000,60.00000,3.00000,20.00000,0.01000,SAFETY_LIMITED,REJECTED,POWER_LIMITED,NONE,FAILED,892.00000,35.48049,0,0,0.00000,0.00000,0.00000,0.08207,0.08889,-7.67201,68.66516,63.00000,5.66516,5.59942,5.60000,-0.00058,0.00000,13.12500,0.00000,0.00000,0,0.00000,0.00000,0.00000,0.00000,,,,,,,,REJECTED,-,0.00000,0,0,0.00000
full194,1.00000,180000.00000,180.00000,30.00000,30.00000,20.00000,0.01000,SAFETY_LIMITED,REJECTED,POWER_LIMITED,NONE,FAILED,876.00000,35.71203,0,0,0.00000,0.00000,0.00000,0.07068,0.08889,-20.48912,56.47614,60.00000,-3.52386,4.41169,5.33333,-0.92165,0.00000,19.68750,0.00000,0.00000,0,0.00000,0.00000,0.00000,0.00000,,,,,,,,REJECTED,-,0.00000,0,0,0.00000
full202,1.00000,180000.00000,300.00000,15.00000,8.00000,20.00000,0.01000,REACHABLE,REJECTED,POWER_LIMITED,NONE,FAILED,722.00000,35.72384,0,0,0.00000,0.00000,0.00000,0.08222,0.08889,-7.50268,28.08723,23.00000,5.08723,1.96706,2.04444,-0.07739,0.00000,32.81250,0.00000,0.00000,0,0.00000,0.00000,0.00000,0.00000,,,,,,,,REJECTED,-,0.00000,0,0,0.00000
full210,1.00000,600000.00000,120.00000,0.00000,3.00000,20.00000,0.01000,REACHABLE,ACCEPTED,SUCCESS,NONE,SUCCESS,5056.00000,37.79680,0,0,60.00000,0.42327,0.00000,0.02671,0.02667,0.15978,10.17530,3.00000,7.17530,0.20611,0.08000,0.12611,13.20000,13.12500,152.34052,200.00002,67,0.00848,0.00000,0.01000,0.00000,0.00544,0.00268,0.00453,0.00561,1115,0,0,ACCEPTED_GOOD,-,0.01000,2700,900,1.00000
full218,1.00000,600000.00000,120.00000,120.00000,30.00000,20.00000,0.01000,SAFETY_LIMITED,REJECTED,RELAY_FAILED,PREHEAT_TIMEOUT,FAILED,3708.00000,36.67286,0,0,0.00000,0.00000,0.00000,0.02569,0.02667,-3.67665,151.14827,150.00000,1.14827,3.67507,4.00000,-0.32493,0.00000,13.12500,0.00000,0.00000,0,0.00000,0.00000,0.00000,0.00000,,,,,,,,REJECTED,-,0.00000,0,0,0.00000
full226,1.00000,600000.00000,180.00000,60.00000,8.00000,20.00000,0.01000,REACHABLE,REJECTED,VALIDATION_FAILED,VALIDATION_FAILED,FAILED,9114.00000,37.82601,0,0,0.00000,0.00000,0.00000,0.02673,0.02667,0.22504,73.85152,68.00000,5.85152,1.77255,1.81333,-0.04078,19.58273,19.68750,39.05470,640.66663,67,-0.22001,0.22904,0.23000,0.00999,,,,,,,,REJECTED,mae,0.01000,3937,1601,1.00000
full234,1.00000,600000.00000,300.00000,30.00000,3.00000,20.00000,0.01000,REACHABLE,REJECTED,POWER_LIMITED,NONE,FAILED,1316.00000,36.18097,0,0,0.00000,0.00000,0.00000,0.02582,0.02667,-3.16465,39.22631,33.00000,6.22631,0.97140,0.88000,0.09140,0.00000,32.81250,0.00000,0.00000,0,0.00000,0.00000,0.00000,0.00000,,,,,,,,REJECTED,-,0.00000,0,0,0.00000
full242,1.00000,1600000.00000,120.00000,15.00000,30.00000,20.00000,0.01000,REACHABLE,ACCEPTED,SUCCESS,NONE,SUCCESS,9696.00000,37.81329,0,0,46.69012,0.09092,0.00000,0.00968,0.01000,-3.16012,47.35292,45.00000,2.35292,0.47079,0.45000,0.02079,13.14398,13.12500,102.71827,680.66675,68,-0.02002,0.02961,0.04000,0.00998,0.00597,0.00071,0.00220,0.00276,2856,0,0,ACCEPTED_GOOD,-,0.01000,3501,1701,1.00000
full250,1.00000,1600000.00000,180.00000,0.00000,8.00000,20.00000,0.01000,REACHABLE,ACCEPTED,SUCCESS,NONE,SUCCESS,7398.00000,37.74348,0,0,60.00000,0.31238,0.00000,0.00996,0.01000,-0.42221,15.20760,8.00000,7.20760,0.10700,0.08000,0.02700,19.70803,19.68750,170.49631,365.33334,67,-0.02000,0.02105,0.03000,0.00904,0.02896,0.00366,0.00497,0.01028,2753,0,0,ACCEPTED_GOOD,-,0.01000,2713,913,1.00000
full258,1.00000,1600000.00000,180.00000,120.00000,3.00000,20.00000,0.01000,REACHABLE,REJECTED,RELAY_FAILED,TOTAL_TIMEOUT,FAILED,7738.00000,37.81616,0,0,0.00000,0.00000,0.00000,0.00975,0.01000,-2.47444,127.76630,123.00000,4.76630,1.23137,1.23000,0.00137,0.00000,19.68750,0.00000,0.00000,0,0.00000,0.00000,0.00000,0.00000,,,,,,,,REJECTED,-,0.00000,0,0,0.00000
full266,1.00000,1600000.00000,300.00000,60.00000,30.00000,20.00000,0.01000,REACHABLE,REJECTED,POWER_LIMITED,NONE,FAILED,6810.00000,37.82071,0,0,0.00000,0.00000,0.00000,0.00987,0.01000,-1.33006,92.31930,90.00000,2.31930,0.83193,0.90000,-0.06807,32.68229,32.81250,82.48904,768.00012,0,0.00000,0.00000,0.00000,0.00000,,,,,,,,REJECTED,-,0.00000,0,0,0.00000
full274,1.20000,180000.00000,120.00000,30.00000,8.00000,20.00000,0.01000,SAFETY_LIMITED,ACCEPTED,SUCCESS,NONE,SUCCESS,5860.00000,37.81910,0,0,7.45131,0.01552,0.00000,0.11181,0.10667,4.82495,44.01024,38.00000,6.01024,4.19440,4.05333,0.14106,10.86567,10.93750,18.22061,402.00006,67,-0.05000,0.05080,0.06000,0.00991,0.00910,0.00363,0.00734,0.01786,1085,0,0,ACCEPTED_GOOD,-,0.01000,2805,1005,1.00000
full282,1.20000,180000.00000,180.00000,15.00000,3.00000,20.00000,0.01000,REACHABLE,ACCEPTED,SUCCESS,NONE,SUCCESS,4364.00000,37.90790,0,0,12.86398,0.04483,0.00000,0.10837,0.10667,1.59372,24.69388,18.00000,6.69388,2.19368,1.92000,0.27368,16.34615,16.40625,33.55190,173.33334,67,-0.05101,0.06428,0.08000,0.02630,0.01063,0.00321,0.00713,0.02074,1554,0,0,ACCEPTED_GOOD,-,0.01000,2700,900,1.00000
full290,1.20000,180000.00000,300.00000,0.00000,30.00000,20.00000,0.01000,SAFETY_LIMITED,ACCEPTED,SUCCESS,NONE,SUCCESS,7266.00000,37.71183,0,0,16.00363,0.05542,0.00000,0.08655,0.10667,-18.85609,24.87732,30.00000,-5.12268,2.36014,3.20000,-0.83986,26.94950,27.34375,37.76724,594.00000,67,-0.06002,0.06775,0.07000,0.00997,0.00556,0.00425,0.00482,0.00228,1860,0,0,ACCEPTED_GOOD,-,0.01000,3285,1485,1.00000
full298,1.20000,180000.00000,300.00000,120.00000,8.00000,20.00000,0.01000,SAFETY_LIMITED,REJECTED,POWER_LIMITED,NONE,FAILED,1124.00000,32.53776,0,0,0.00000,0.00000,0.00000,0.08783,0.10667,-17.66308,129.69955,128.00000,1.69955,10.92994,13.65333,-2.72340,0.00000,27.34375,0.00000,0.00000,0,0.00000,0.00000,0.00000,0.00000,,,,,,,,REJECTED,-,0.00000,0,0,0.00000
full306,1.20000,600000.00000,120.00000,60.00000,3.00000,20.00000,0.01000,REACHABLE,ACCEPTED,SUCCESS,NONE,SUCCESS,8384.00000,37.85107,0,0,13.43778,0.01837,0.00000,0.03097,0.03200,-3.23179,69.13248,63.00000,6.13248,2.08566,2.01600,0.06966,10.92414,10.93750,29.56312,580.00000,68,-0.08001,0.08518,0.09000,0.00999,0.00873,0.00346,0.00528,0.00800,2336,0,0,ACCEPTED_GOOD,-,0.01000,3656,1462,1.00000
full314,1.20000,600000.00000,180.00000,30.00000,30.00000,20.00000,0.01000,REACHABLE,REJECTED,VALIDATION_FAILED,VALIDATION_FAILED,FAILED,8046.00000,37.78348,0,0,0.00000,0.00000,0.00000,0.03045,0.03200,-4.83436,60.69367,60.00000,0.69367,1.80844,1.92000,-0.11156,16.34141,16.40625,39.35144,578.00000,68,-0.12059,0.12981,0.14000,0.00941,,,,,,,,REJECTED,mae,0.01000,3385,1445,1.00000
full322,1.20000,600000.00000,300.00000,15.00000,8.00000,20.00000,0.01000,REACHABLE,ACCEPTED,SUCCESS,NONE,SUCCESS,5088.00000,37.87425,0,0,38.16009,0.11593,0.00000,0.03085,0.03200,-3.59477,28.91691,23.00000,5.91691,0.86865,0.73600,0.13265,27.37003,27.34375,83.95219,218.00003,68,-0.06001,0.06741,0.07000,0.00999,0.00522,0.00393,0.00443,0.00154,1373,0,0,ACCEPTED_GOOD,-,0.01000,2700,900,1.00000
full330,1.20000,1600000.00000,120.00000,0.00000,3.00000,20.00000,0.01000,REACHABLE,ACCEPTED,SUCCESS,NONE,SUCCESS,7402.00000,37.75092,0,0,60.00000,0.43613,0.00000,0.01200,0.01200,0.01594,9.75749,3.00000,6.75749,0.10968,0.03600,0.07368,10.97561,10.93750,168.04416,437.33337,68,0.02000,0.00000,0.01000,0.00000,0.02076,0.00143,0.00301,0.00414,2136,0,0,ACCEPTED_GOOD,-,0.01000,2893,1093,1.00000
full338,1.20000,1600000.00000,120.00000,120.00000,30.00000,20.00000,0.01000,REACHABLE,REJECTED,RELAY_FAILED,TOTAL_TIMEOUT,FAILED,7628.00000,37.78108,0,0,0.00000,0.00000,0.00000,0.01175,0.01200,-2.07898,152.90768,150.00000,2.90768,1.76890,1.80000,-0.03110,0.00000,10.93750,0.00000,0.00000,0,0.00000,0.00000,0.00000,0.00000,,,,,,,,REJECTED,-,0.00000,0,0,0.00000
full346,1.20000,1600000.00000,180.00000,60.00000,8.00000,20.00000,0.01000,REACHABLE,ACCEPTED,SUCCESS,NONE,SUCCESS,10320.00000,37.84460,0,0,29.40406,0.03744,0.00000,0.01223,0.01200,1.90830,74.54147,68.00000,6.54147,0.87410,0.81600,0.05810,16.42064,16.40625,64.68894,684.66669,68,-0.09000,0.09671,0.10000,0.00999,0.00095,0.00035,0.00077,0.00137,3098,0,0,ACCEPTED_GOOD,-,0.01000,4067,1711,1.00000
full354,1.20000,1600000.00000,300.00000,30.00000,3.00000,20.00000,0.01000,REACHABLE,ACCEPTED,SUCCESS,NONE,SUCCESS,7216.00000,37.84712,0,0,52.98232,0.12204,0.00000,0.01182,0.01200,-1.51074,39.41388,33.00000,6.41388,0.45652,0.39600,0.06052,27.32985,27.34375,116.56111,382.00003,68,-0.05000,0.05543,0.06000,0.00999,-0.00250,0.00324,0.00343,0.00061,2767,0,0,ACCEPTED_GOOD,-,0.01000,2755,955,1.00000
full362,1.50000,180000.00000,120.00000,15.00000,30.00000,20.00000,0.01000,SAFETY_LIMITED,ACCEPTED,SUCCESS,NONE,SUCCESS,8060.00000,37.73646,0,0,6.53731,0.01517,0.00000,0.10504,0.13333,-21.21902,39.08296,45.00000,-5.91704,5.55665,6.00000,-0.44335,8.65672,8.75000,14.38208,670.00006,66,-0.02001,0.02932,0.04000,0.01976,0.00780,0.00026,0.00054,0.00083,1876,0,0,ACCEPTED_GOOD,-,0.01000,3475,1675,1.00000
full370,1.50000,180000.00000,180.00000,0.00000,8.00000,20.00000,0.01000,REACHABLE,ACCEPTED,SUCCESS,NONE,SUCCESS,3912.00000,37.86381,0,0,18.13014,0.10456,0.00000,0.12724,0.13333,-4.57350,13.34008,8.00000,5.34008,1.57496,1.06667,0.50829,13.33766,13.12500,49.83723,102.66667,68,-0.02060,0.03275,0.04000,0.01940,0.01670,0.00438,0.01037,0.03145,1396,0,0,ACCEPTED_GOOD,-,0.01000,2700,900,1.00000
full378,1.50000,180000.00000,180.00000,120.00000,3.00000,20.00000,0.01000,SAFETY_LIMITED,REJECTED,POWER_LIMITED,NONE,FAILED,1178.00000,33.44459,0,0,0.00000,0.00000,0.00000,0.11936,0.13333,-10.47868,125.31870,123.00000,2.31870,15.09856,16.40000,-1.30144,0.00000,13.12500,0.00000,0.00000,0,0.00000,0.00000,0.00000,0.00000,,,,,,,,REJECTED,-,0.00000,0,0,0.00000
full386,1.50000,180000.00000,300.00000,60.00000,30.00000,20.00000,0.01000,SAFETY_LIMITED,REJECTED,POWER_LIMITED,NONE,FAILED,926.00000,33.96864,0,0,0.00000,0.00000,0.00000,0.10045,0.13333,-24.66478,82.16169,90.00000,-7.83831,9.23738,12.00000,-2.76262,0.00000,21.87500,0.00000,0.00000,0,0.00000,0.00000,0.00000,0.00000,,,,,,,,REJECTED,-,0.00000,0,0,0.00000
full394,1.50000,600000.00000,120.00000,30.00000,8.00000,20.00000,0.01000,REACHABLE,ACCEPTED,SUCCESS,NONE,SUCCESS,6204.00000,37.84449,0,0,15.51535,0.03187,0.00000,0.04096,0.04000,2.38846,44.69085,38.00000,6.69085,1.67125,1.52000,0.15125,8.78930,8.75000,34.13378,398.66669,67,-0.02001,0.02934,0.03000,0.00998,0.01901,0.00180,0.00437,0.00824,1110,0,0,ACCEPTED_GOOD,-,0.01000,2796,996,1.00000
full402,1.50000,600000.00000,180.00000,15.00000,3.00000,20.00000,0.01000,REACHABLE,ACCEPTED,SUCCESS,NONE,SUCCESS,4992.00000,37.87575,0,0,27.84185,0.09545,0.00000,0.04134,0.04000,3.34875,25.17021,18.00000,7.17021,0.91348,0.72000,0.19348,13.17101,13.12500,61.25207,230.00000,67,-0.03135,0.03938,0.04000,0.00756,0.00059,0.00061,0.00132,0.00241,1325,0,0,ACCEPTED_GOOD,-,0.01000,2700,900,1.00000
full410,1.50000,600000.00000,300.00000,0.00000,30.00000,20.00000,0.01000,REACHABLE,ACCEPTED,SUCCESS,NONE,SUCCESS,5302.00000,37.76882,0,0,33.28451,0.11114,0.00000,0.03382,0.04000,-15.43775,25.94831,30.00000,-4.05169,1.18439,1.20000,-0.01561,21.79901,21.87500,73.22592,268.66666,66,-0.06001,0.06599,0.07000,0.00999,0.00512,0.00374,0.00494,0.00483,1266,0,0,ACCEPTED_GOOD,-,0.01000,2700,900,1.00000
full418,1.50000,600000.00000,300.00000,120.00000,8.00000,20.00000,0.01000,SAFETY_LIMITED,REJECTED,POWER_LIMITED,NONE,FAILED,1444.00000,35.08876,0,0,0.00000,0.00000,0.00000,0.03671,0.04000,-8.22608,131.70488,128.00000,3.70488,4.57398,5.12000,-0.54602,0.00000,21.87500,0.00000,0.00000,0,0.00000,0.00000,0.00000,0.00000,,,,,,,,REJECTED,-,0.00000,0,0,0.00000
full426,1.50000,1600000.00000,120.00000,60.00000,3.00000,20.00000,0.01000,REACHABLE,ACCEPTED,SUCCESS,NONE,SUCCESS,10422.00000,37.84466,0,0,21.22252,0.02878,0.00000,0.01470,0.01500,-2.01425,69.74226,63.00000,6.74226,1.01840,0.94500,0.07340,8.78146,8.75000,46.68955,784.00000,68,-0.02000,0.02689,0.03000,0.00999,0.00906,0.00240,0.00438,0.00468,2575,0,0,ACCEPTED_GOOD,-,0.01000,4172,1960,1.00000
full434,1.50000,1600000.00000,180.00000,30.00000,30.00000,20.00000,0.01000,REACHABLE,ACCEPTED,SUCCESS,NONE,SUCCESS,9200.00000,37.81256,0,0,28.14190,0.04312,0.00000,0.01447,0.01500,-3.54467,61.27124,60.00000,1.27124,0.92577,0.90000,0.02577,13.14869,13.12500,61.91217,636.66669,67,-0.07000,0.07667,0.08000,0.00999,-0.00240,0.00254,0.00264,0.00028,2475,0,0,ACCEPTED_GOOD,-,0.01000,3549,1591,1.00000
full442,1.50000,1600000.00000,300.00000,15.00000,8.00000,20.00000,0.01000,REACHABLE,ACCEPTED,SUCCESS,NONE,SUCCESS,6386.00000,37.84042,0,0,57.34034,0.17117,0.00000,0.01479,0.01500,-1.42868,29.49979,23.00000,6.49979,0.40396,0.34500,0.05896,21.97895,21.87500,126.14876,316.66669,67,-0.05000,0.05146,0.06000,0.00999,-0.00232,0.00276,0.00305,0.00080,2052,0,0,ACCEPTED_GOOD,-,0.01000,2700,900,1.00000
full450,2.00000,180000.00000,120.00000,0.00000,3.00000,20.00000,0.01000,REACHABLE,ACCEPTED,SUCCESS,NONE,SUCCESS,3780.00000,37.88422,0,0,16.63283,0.12112,0.00000,0.17512,0.17778,-1.49682,9.73302,3.00000,6.73302,1.33585,0.53333,0.80252,6.72917,6.56250,39.41586,96.00002,67,-0.00132,0.01429,0.02000,0.01854,0.00668,0.00269,0.00529,0.01338,952,0,0,ACCEPTED_GOOD,-,0.01000,2700,900,1.00000
full458,2.00000,180000.00000,120.00000,120.00000,30.00000,20.00000,0.01000,SAFETY_LIMITED,REJECTED,POWER_LIMITED,NONE,FAILED,1262.00000,34.87307,0,0,0.00000,0.00000,0.00000,0.18060,0.17778,1.58587,140.66209,150.00000,-9.33791,20.00000,26.66667,-6.66667,0.00000,6.56250,0.00000,0.00000,0,0.00000,0.00000,0.00000,0.00000,,,,,,,,REJECTED,-,0.00000,0,0,0.00000
full466,2.00000,180000.00000,180.00000,60.00000,8.00000,20.00000,0.01000,SAFETY_LIMITED,REJECTED,POWER_LIMITED,NONE,FAILED,880.00000,34.67674,0,0,0.00000,0.00000,0.00000,0.13524,0.17778,-23.92879,72.41270,68.00000,4.41270,11.92763,12.08889,-0.16126,0.00000,9.84375,0.00000,0.00000,0,0.00000,0.00000,0.00000,0.00000,,,,,,,,REJECTED,-,0.00000,0,0,0.00000
full474,2.00000,180000.00000,300.00000,30.00000,3.00000,20.00000,0.01000,SAFETY_LIMITED,REJECTED,POWER_LIMITED,NONE,FAILED,744.00000,35.18433,0,0,0.00000,0.00000,0.00000,0.16565,0.17778,-6.82390,38.63000,33.00000,5.63000,6.00153,5.86667,0.13486,0.00000,16.40625,0.00000,0.00000,0,0.00000,0.00000,0.00000,0.00000,,,,,,,,REJECTED,-,0.00000,0,0,0.00000
full482,2.00000,600000.00000,120.00000,15.00000,30.00000,20.00000,0.01000,REACHABLE,ACCEPTED,SUCCESS,NONE,SUCCESS,6670.00000,37.78497,0,0,11.77332,0.02406,0.00000,0.05061,0.05333,-5.09992,44.92316,45.00000,-0.07684,2.44861,2.40000,0.04861,6.60262,6.56250,25.90130,458.00000,67,-0.01000,0.01590,0.02000,0.00999,0.00869,0.00419,0.00859,0.01835,1472,0,0,ACCEPTED_GOOD,-,0.01000,2945,1145,1.00000
full490,2.00000,600000.00000,180.00000,0.00000,8.00000,20.00000,0.01000,REACHABLE,ACCEPTED,SUCCESS,NONE,SUCCESS,4544.00000,37.84347,0,0,36.14293,0.20558,0.00000,0.05159,0.05333,-3.26336,13.58079,8.00000,5.58079,0.68599,0.42667,0.25932,9.94318,9.84375,79.51444,176.00002,67,-0.00000,0.00096,0.01000,0.00976,0.00529,0.00187,0.00449,0.00635,818,0,0,ACCEPTED_GOOD,-,0.01000,2700,900,1.00000
full498,2.00000,600000.00000,180.00000,120.00000,3.00000,20.00000,0.01000,SAFETY_LIMITED,REJECTED,POWER_LIMITED,NONE,FAILED,1396.00000,35.62597,0,0,0.00000,0.00000,0.00000,0.05101,0.05333,-4.36056,127.83250,123.00000,4.83250,6.41572,6.56000,-0.14428,0.00000,9.84375,0.00000,0.00000,0,0.00000,0.00000,0.00000,0.00000,,,,,,,,REJECTED,-,0.00000,0,0,0.00000
full506,2.00000,600000.00000,300.00000,60.00000,30.00000,20.00000,0.01000,SAFETY_LIMITED,REJECTED,RELAY_FAILED,PREHEAT_TIMEOUT,FAILED,2980.00000,35.75733,0,0,0.00000,0.00000,0.00000,0.04632,0.05333,-13.15118,89.09785,90.00000,-0.90215,4.27719,4.80000,-0.52281,0.00000,16.40625,0.00000,0.00000,0,0.00000,0.00000,0.00000,0.00000,,,,,,,,REJECTED,-,0.00000,0,0,0.00000
full514,2.00000,1600000.00000,120.00000,30.00000,8.00000,20.00000,0.01000,REACHABLE,ACCEPTED,SUCCESS,NONE,SUCCESS,8400.00000,37.85034,0,0,24.20318,0.04996,0.00000,0.02077,0.02000,3.84197,44.44598,38.00000,6.44598,0.87900,0.76000,0.11900,6.60770,6.56250,53.24701,640.66669,67,-0.00000,0.00510,0.01000,0.00999,0.00845,0.00346,0.00504,0.00504,1831,0,0,ACCEPTED_GOOD,-,0.01000,3401,1601,1.00000
full522,2.00000,1600000.00000,180.00000,15.00000,3.00000,20.00000,0.01000,REACHABLE,ACCEPTED,SUCCESS,NONE,SUCCESS,6574.00000,37.86705,0,0,44.00803,0.15304,0.00000,0.02064,0.02000,3.21170,24.75573,18.00000,6.75573,0.46936,0.36000,0.10936,9.91653,9.84375,96.81766,399.33334,67,-0.00000,0.00256,0.01000,0.00997,0.00608,0.00257,0.00494,0.01103,1501,0,0,ACCEPTED_GOOD,-,0.01000,2798,998,1.00000
full530,2.00000,1600000.00000,300.00000,0.00000,30.00000,20.00000,0.01000,REACHABLE,ACCEPTED,SUCCESS,NONE,SUCCESS,6326.00000,37.78127,0,0,44.11590,0.13206,0.00000,0.01784,0.02000,-10.82210,29.40539,30.00000,-0.59461,0.67207,0.60000,0.07207,16.49718,16.40625,97.05499,354.00003,66,-0.05000,0.05016,0.06000,0.00847,0.00515,0.00133,0.00295,0.00517,1653,0,0,ACCEPTED_GOOD,-,0.01000,2700,900,1.00000
full538,2.00000,1600000.00000,300.00000,120.00000,8.00000,20.00000,0.01000,REACHABLE,REJECTED,RELAY_FAILED,TOTAL_TIMEOUT,FAILED,6866.00000,37.78777,0,0,0.00000,0.00000,0.00000,0.01905,0.02000,-4.74562,131.68384,128.00000,3.68384,2.39746,2.56000,-0.16254,0.00000,16.40625,0.00000,0.00000,0,0.00000,0.00000,0.00000,0.00000,,,,,,,,REJECTED,-,0.00000,0,0,0.00000
full3,0.50000,180000.00000,120.00000,15.00000,3.00000,28.00000,0.01000,REACHABLE,ACCEPTED,SUCCESS,NONE,SUCCESS,4628.00000,37.87936,0,0,27.05561,0.09373,0.00000,0.04567,0.04444,2.75966,24.86643,18.00000,6.86643,0.96178,0.80000,0.16178,14.27848,14.25000,59.52234,210.66669,67,-0.05000,0.05111,0.06000,0.00848,0.00147,0.00052,0.00118,0.00286,1562,0,0,ACCEPTED_GOOD,-,0.01000,2700,900,1.00000
full11,0.50000,180000.00000,180.00000,0.00000,30.00000,28.00000,0.01000,REACHABLE,ACCEPTED,SUCCESS,NONE,SUCCESS,4992.00000,37.76336,0,0,30.96989,0.10448,0.00000,0.03683,0.04444,-17.13275,25.64132,30.00000,-4.35868,1.15765,1.33333,-0.17568,21.25564,21.37500,68.13375,266.00000,66,-0.06096,0.06983,0.07000,0.00904,0.00540,0.00198,0.00426,0.00737,1119,0,0,ACCEPTED_GOOD,-,0.01000,2700,900,1.00000
full19,0.50000,180000.00000,180.00000,120.00000,8.00000,28.00000,0.01000,SAFETY_LIMITED,REJECTED,POWER_LIMITED,NONE,FAILED,1246.00000,35.50159,0,0,0.00000,0.00000,0.00000,0.03914,0.04444,-11.94244,129.82233,128.00000,1.82233,4.43362,5.68889,-1.25527,0.00000,21.37500,0.00000,0.00000,0,0.00000,0.00000,0.00000,0.00000,,,,,,,,REJECTED,-,0.00000,0,0,0.00000
full27,0.50000,180000.00000,300.00000,60.00000,3.00000,28.00000,0.01000,REACHABLE,REJECTED,POWER_LIMITED,NONE,FAILED,920.00000,35.94665,0,0,0.00000,0.00000,0.00000,0.03829,0.04444,-13.85598,64.44093,63.00000,1.44093,2.04883,2.80000,-0.75117,0.00000,35.62500,0.00000,0.00000,0,0.00000,0.00000,0.00000,0.00000,,,,,,,,REJECTED,-,0.00000,0,0,0.00000
full35,0.50000,600000.00000,120.00000,30.00000,30.00000,28.00000,0.01000,REACHABLE,ACCEPTED,SUCCESS,NONE,SUCCESS,8708.00000,37.80721,0,0,31.41570,0.04812,0.00000,0.01278,0.01333,-4.11447,61.28061,60.00000,1.28061,0.80021,0.80000,0.00021,14.30000,14.25000,69.11454,640.00000,68,-0.05000,0.05791,0.06000,0.00999,0.00908,0.00220,0.00279,0.00184,1416,0,0,ACCEPTED_GOOD,-,0.01000,3558,1600,1.00000
full43,0.50000,600000.00000,180.00000,15.00000,8.00000,28.00000,0.01000,REACHABLE,ACCEPTED,SUCCESS,NONE,SUCCESS,6052.00000,37.82784,0,0,59.55404,0.17905,0.00000,0.01302,0.01333,-2.36969,29.26186,23.00000,6.26186,0.33763,0.30667,0.03096,21.55340,21.37500,131.01889,343.33337,67,-0.04000,0.04542,0.05000,0.00999,0.00381,0.00330,0.00364,0.00099,1395,0,0,ACCEPTED_GOOD,-,0.01000,2700,900,1.00000
full51,0.50000,600000.00000,300.00000,0.00000,3.00000,28.00000,0.01000,REACHABLE,REJECTED,POWER_LIMITED,NONE,FAILED,1302.00000,36.81572,0,0,0.00000,0.00000,0.00000,0.01294,0.01333,-2.95848,8.88059,3.00000,5.88059,0.10923,0.04000,0.06923,0.00000,35.62500,0.00000,0.00000,0,0.00000,0.00000,0.00000,0.00000,,,,,,,,REJECTED,-,0.00000,0,0,0.00000
full59,0.50000,600000.00000,300.00000,120.00000,30.00000,28.00000,0.01000,REACHABLE,REJECTED,RELAY_FAILED,PREHEAT_TIMEOUT,FAILED,3738.00000,36.69870,0,0,0.00000,0.00000,0.00000,0.01210,0.01333,-9.22989,146.05714,150.00000,-3.94286,1.47303,2.00000,-0.52697,0.00000,35.62500,0.00000,0.00000,0,0.00000,0.00000,0.00000,0.00000,,,,,,,,REJECTED,-,0.00000,0,0,0.00000
full67,0.50000,1600000.00000,120.00000,60.00000,8.00000,28.00000,0.01000,REACHABLE,REJECTED,RELAY_FAILED,TOTAL_TIMEOUT,FAILED,7576.00000,37.83680,0,0,0.00000,0.00000,0.00000,0.00501,0.00500,0.17641,74.47046,68.00000,6.47046,0.35149,0.34000,0.01149,0.00000,14.25000,0.00000,0.00000,0,0.00000,0.00000,0.00000,0.00000,,,,,,,,REJECTED,-,0.00000,0,0,0.00000
full75,0.50000,1600000.00000,180.00000,30.00000,3.00000,28.00000,0.01000,REACHABLE,ACCEPTED,SUCCESS,NONE,SUCCESS,10506.00000,37.77126,0,0,60.00000,0.14248,0.00000,0.00490,0.00500,-1.98713,38.11125,33.00000,5.11125,0.19046,0.16500,0.02546,21.44000,21.37500,150.31619,750.00006,68,-0.05000,0.05536,0.07000,0.01000,0.04846,0.00417,0.00497,0.00338,3225,0,0,ACCEPTED_GOOD,-,0.01000,3675,1875,1.00000
full83,0.50000,1600000.00000,300.00000,15.00000,30.00000,28.00000,0.01000,REACHABLE,REJECTED,POWER_LIMITED,NONE,FAILED,6792.00000,37.73462,0,0,0.00000,0.00000,0.00000,0.00479,0.00500,-4.20400,47.67038,45.00000,2.67038,0.19043,0.22500,-0.03457,35.59055,35.62500,155.95854,762.00006,0,0.00000,0.00000,0.00000,0.00000,,,,,,,,REJECTED,-,0.00000,0,0,0.00000
full91,0.70000,180000.00000,120.00000,0.00000,8.00000,28.00000,0.01000,REACHABLE,ACCEPTED,SUCCESS,NONE,SUCCESS,4254.00000,37.85427,0,0,32.67271,0.18686,0.00000,0.06027,0.06222,-3.13821,13.48475,8.00000,5.48475,0.74997,0.49778,0.25219,10.31250,10.17857,71.87997,160.00000,67,-0.00000,0.00458,0.01000,0.00994,0.00518,0.00340,0.00483,0.00464,1235,0,0,ACCEPTED_GOOD,-,0.01000,2700,900,1.00000
full99,0.70000,180000.00000,120.00000,120.00000,3.00000,28.00000,0.01000,SAFETY_LIMITED,REJECTED,POWER_LIMITED,NONE,FAILED,1230.00000,35.61974,0,0,0.00000,0.00000,0.00000,0.05806,0.06222,-6.68170,127.18828,123.00000,4.18828,6.98855,7.65333,-0.66479,0.00000,10.17857,0.00000,0.00000,0,0.00000,0.00000,0.00000,0.00000,,,,,,,,REJECTED,-,0.00000,0,0,0.00000
full107,0.70000,180000.00000,180.00000,60.00000,30.00000,28.00000,0.01000,SAFETY_LIMITED,REJECTED,POWER_LIMITED,NONE,FAILED,1030.00000,35.94651,0,0,0.00000,0.00000,0.00000,0.05184,0.06222,-16.68422,87.11644,90.00000,-2.88356,4.39185,5.60000,-1.20815,0.00000,15.26786,0.00000,0.00000,0,0.00000,0.00000,0.00000,0.00000,,,,,,,,REJECTED,-,0.00000,0,0,0.00000
full115,0.70000,180000.00000,300.00000,30.00000,8.00000,28.00000,0.01000,REACHABLE,ACCEPTED,SUCCESS,NONE,SUCCESS,7662.00000,37.74673,0,0,15.22839,0.03292,0.00000,0.05461,0.06222,-12.23707,42.25187,38.00000,4.25187,1.97666,2.36444,-0.38779,24.83778,25.44643,33.50245,649.33337,67,-0.05000,0.05903,0.07000,0.01000,0.00646,0.00238,0.00355,0.00397,1216,0,0,ACCEPTED_GOOD,-,0.01000,3423,1623,1.00000
full123,0.70000,600000.00000,120.00000,15.00000,3.00000,28.00000,0.01000,REACHABLE,ACCEPTED,SUCCESS,NONE,SUCCESS,6242.00000,37.87939,0,0,49.21308,0.16884,0.00000,0.01909,0.01867,2.26716,25.14836,18.00000,7.14836,0.41961,0.33600,0.08361,10.26678,10.17857,108.26878,407.33337,67,-0.00000,0.00429,0.01000,0.00999,0.00535,0.00307,0.00466,0.00480,1181,0,0,ACCEPTED_GOOD,-,0.01000,2818,1018,1.00000
full131,0.70000,600000.00000,180.00000,0.00000,30.00000,28.00000,0.01000,REACHABLE,ACCEPTED,SUCCESS,NONE,SUCCESS,6022.00000,37.78864,0,0,46.77084,0.13943,0.00000,0.01668,0.01867,-10.63857,29.54544,30.00000,-0.45456,0.55088,0.56000,-0.00912,15.35484,15.26786,102.89585,372.00003,67,-0.03000,0.03237,0.04000,0.00999,0.00574,0.00226,0.00386,0.00450,1173,0,0,ACCEPTED_GOOD,-,0.01000,2730,930,1.00000
full139,0.70000,600000.00000,180.00000,120.00000,8.00000,28.00000,0.01000,REACHABLE,REJECTED,RELAY_FAILED,PREHEAT_TIMEOUT,FAILED,3432.00000,37.17402,0,0,0.00000,0.00000,0.00000,0.01746,0.01867,-6.45324,130.33182,128.00000,2.33182,2.11382,2.38933,-0.27551,0.00000,15.26786,0.00000,0.00000,0,0.00000,0.00000,0.00000,0.00000,,,,,,,,REJECTED,-,0.00000,0,0,0.00000
full147,0.70000,600000.00000,300.00000,60.00000,3.00000,28.00000,0.01000,REACHABLE,REJECTED,VALIDATION_FAILED,VALIDATION_FAILED,FAILED,8116.00000,37.83561,0,0,0.00000,0.00000,0.00000,0.01760,0.01867,-5.70873,67.95891,63.00000,4.95891,1.11235,1.17600,-0.06365,25.22727,25.44643,56.62403,572.00000,67,-0.22001,0.22397,0.23000,0.00999,,,,,,,,REJECTED,mae,0.01000,3597,1439,1.00000
full155,0.70000,1600000.00000,120.00000,30.00000,30.00000,28.00000,0.01000,REACHABLE,REJECTED,RELAY_FAILED,TOTAL_TIMEOUT,FAILED,6958.00000,37.81077,0,0,0.00000,0.00000,0.00000,0.00685,0.00700,-2.18624,63.61020,60.00000,3.61020,0.43648,0.42000,0.01648,0.00000,10.17857,0.00000,0.00000,0,0.00000,0.00000,0.00000,0.00000,,,,,,,,REJECTED,-,0.00000,0,0,0.00000
full163,0.70000,1600000.00000,180.00000,15.00000,8.00000,28.00000,0.01000,REACHABLE,ACCEPTED,SUCCESS,NONE,SUCCESS,9018.00000,37.78234,0,0,60.00000,0.18002,0.00000,0.00692,0.00700,-1.16723,29.33038,23.00000,6.33038,0.19476,0.16100,0.03376,15.31915,15.26786,152.87155,658.00006,68,-0.01000,0.01521,0.02000,0.00999,0.03973,0.00059,0.00118,0.00237,2311,0,0,ACCEPTED_GOOD,-,0.01000,3445,1645,1.00000
full171,0.70000,1600000.00000,300.00000,0.00000,3.00000,28.00000,0.01000,REACHABLE,ACCEPTED,SUCCESS,NONE,SUCCESS,7580.00000,37.72037,0,0,60.00000,0.46883,0.00000,0.00682,0.00700,-2.59726,7.99459,3.00000,4.99459,0.07241,0.02100,0.05141,25.47434,25.44643,179.23161,428.66669,67,-0.02000,0.02276,0.03000,0.00962,0.03548,0.00437,0.00491,0.00136,2425,0,0,ACCEPTED_GOOD,-,0.01000,2871,1071,1.00000
full179,0.70000,1600000.00000,300.00000,120.00000,30.00000,28.00000,0.01000,REACHABLE,REJECTED,RELAY_FAILED,TOTAL_TIMEOUT,FAILED,7382.00000,37.76660,0,0,0.00000,0.00000,0.00000,0.00672,0.00700,-4.02367,150.85190,150.00000,0.85190,0.93606,1.05000,-0.11394,0.00000,25.44643,0.00000,0.00000,0,0.00000,0.00000,0.00000,0.00000,,,,,,,,REJECTED,-,0.00000,0,0,0.00000
full187,1.00000,180000.00000,120.00000,60.00000,8.00000,28.00000,0.01000,SAFETY_LIMITED,REJECTED,RELAY_FAILED,TOTAL_TIMEOUT,FAILED,5708.00000,37.74622,0,0,0.00000,0.00000,0.00000,0.09422,0.08889,5.99682,73.82150,68.00000,5.82150,5.91863,6.04444,-0.12581,0.00000,7.12500,0.00000,0.00000,0,0.00000,0.00000,0.00000,0.00000,,,,,,,,REJECTED,-,0.00000,0,0,0.00000
full195,1.00000,180000.00000,180.00000,30.00000,3.00000,28.00000,0.01000,REACHABLE,ACCEPTED,SUCCESS,NONE,SUCCESS,5070.00000,37.86758,0,0,10.36417,0.02417,0.00000,0.08460,0.08889,-4.82370,38.88179,33.00000,5.88179,2.94388,2.93333,0.01055,10.64270,10.68750,22.80117,296.66669,67,-0.04000,0.04375,0.05000,0.00999,-0.00615,0.01339,0.01734,0.01541,1544,0,0,ACCEPTED_GOOD,-,0.01000,2700,900,1.00000
full203,1.00000,180000.00000,300.00000,15.00000,30.00000,28.00000,0.01000,SAFETY_LIMITED,ACCEPTED,SUCCESS,NONE,SUCCESS,5520.00000,37.80816,0,0,12.54873,0.02791,0.00000,0.07090,0.08889,-20.23554,40.95762,45.00000,-4.04238,2.85109,4.00000,-1.14891,17.42293,17.81250,29.40881,354.66669,68,-0.05000,0.05285,0.06000,0.00999,-0.00223,0.00448,0.00464,0.00055,1601,0,0,ACCEPTED_GOOD,-,0.01000,2700,900,1.00000
full211,1.00000,600000.00000,120.00000,0.00000,8.00000,28.00000,0.01000,REACHABLE,ACCEPTED,SUCCESS,NONE,SUCCESS,5732.00000,37.86472,0,0,57.14361,0.31205,0.00000,0.02626,0.02667,-1.52552,14.31243,8.00000,6.31243,0.34878,0.21333,0.13545,7.23878,7.12500,125.71595,371.33334,67,0.00977,0.00000,0.01000,0.00000,0.00503,0.00311,0.00460,0.00327,974,0,0,ACCEPTED_GOOD,-,0.01000,2728,928,1.00000
full219,1.00000,600000.00000,120.00000,120.00000,3.00000,28.00000,0.01000,SAFETY_LIMITED,REJECTED,RELAY_FAILED,TOTAL_TIMEOUT,FAILED,6312.00000,37.79475,0,0,0.00000,0.00000,0.00000,0.02576,0.02667,-3.38665,127.62284,123.00000,4.62284,3.17461,3.28000,-0.10539,0.00000,7.12500,0.00000,0.00000,0,0.00000,0.00000,0.00000,0.00000,,,,,,,,REJECTED,-,0.00000,0,0,0.00000
full227,1.00000,600000.00000,180.00000,60.00000,30.00000,28.00000,0.01000,REACHABLE,REJECTED,RELAY_FAILED,TOTAL_TIMEOUT,FAILED,6106.00000,37.75969,0,0,0.00000,0.00000,0.00000,0.02439,0.02667,-8.52783,91.42236,90.00000,1.42236,2.13912,2.40000,-0.26088,0.00000,10.68750,0.00000,0.00000,0,0.00000,0.00000,0.00000,0.00000,,,,,,,,REJECTED,-,0.00000,0,0,0.00000
full235,1.00000,600000.00000,300.00000,30.00000,8.00000,28.00000,0.01000,REACHABLE,ACCEPTED,SUCCESS,NONE,SUCCESS,5746.00000,37.86463,0,0,26.84883,0.05589,0.00000,0.02692,0.02667,0.94142,44.03467,38.00000,6.03467,1.04905,1.01333,0.03572,17.84351,17.81250,59.06743,349.33337,67,-0.05000,0.05423,0.06000,0.00999,0.00781,0.00217,0.00498,0.00773,1427,0,0,ACCEPTED_GOOD,-,0.01000,2760,960,1.00000
full243,1.00000,1600000.00000,120.00000,15.00000,3.00000,28.00000,0.01000,REACHABLE,ACCEPTED,SUCCESS,NONE,SUCCESS,9752.00000,37.82496,0,0,60.00000,0.20034,0.00000,0.01013,0.01000,1.32980,25.94869,18.00000,7.94869,0.22803,0.18000,0.04803,7.17791,7.12500,142.30923,869.33337,67,0.00999,0.00000,0.01000,0.00000,0.01928,0.00331,0.00589,0.00831,1486,0,0,ACCEPTED_GOOD,-,0.01000,3973,2173,1.00000
full251,1.00000,1600000.00000,180.00000,0.00000,30.00000,28.00000,0.01000,REACHABLE,ACCEPTED,SUCCESS,NONE,SUCCESS,8700.00000,37.81636,0,0,60.00000,0.15851,0.00000,0.00971,0.01000,-2.91603,33.85165,30.00000,3.85165,0.30869,0.30000,0.00869,10.78261,10.68750,146.95848,690.00006,68,-0.00000,0.00079,0.01000,0.00940,0.00608,0.00263,0.00492,0.00662,1607,0,0,ACCEPTED_GOOD,-,0.01000,3525,1725,1.00000
full259,1.00000,1600000.00000,180.00000,120.00000,8.00000,28.00000,0.01000,REACHABLE,REJECTED,RELAY_FAILED,TOTAL_TIMEOUT,FAILED,6890.00000,37.79346,0,0,0.00000,0.00000,0.00000,0.00965,0.01000,-3.51192,133.04924,128.00000,5.04924,1.27133,1.28000,-0.00867,0.00000,10.68750,0.00000,0.00000,0,0.00000,0.00000,0.00000,0.00000,,,,,,,,REJECTED,-,0.00000,0,0,0.00000
full267,1.00000,1600000.00000,300.00000,60.00000,3.00000,28.00000,0.01000,REACHABLE,ACCEPTED,SUCCESS,NONE,SUCCESS,9400.00000,37.84471,0,0,35.67614,0.04909,0.00000,0.00967,0.01000,-3.26873,68.67757,63.00000,5.67757,0.66826,0.63000,0.03826,17.86982,17.81250,78.48752,676.00006,68,-0.08001,0.08861,0.10000,0.01000,0.00526,0.00167,0.00191,0.00066,2439,0,0,ACCEPTED_GOOD,-,0.01000,3870,1690,1.00000
full275,1.20000,180000.00000,120.00000,30.00000,30.00000,28.00000,0.01000,SAFETY_LIMITED,ACCEPTED,SUCCESS,NONE,SUCCESS,9588.00000,37.74128,0,0,5.26381,0.00885,0.00000,0.08357,0.10667,-21.65559,55.49694,60.00000,-4.50306,5.86752,6.40000,-0.53248,5.86339,5.93750,11.58039,854.00006,66,-0.11000,0.11485,0.12000,0.00999,-0.00264,0.00433,0.00473,0.00109,1949,0,0,ACCEPTED_GOOD,-,0.01000,3935,2135,1.00000
full283,1.20000,180000.00000,180.00000,15.00000,8.00000,28.00000,0.01000,REACHABLE,ACCEPTED,SUCCESS,NONE,SUCCESS,4600.00000,37.85253,0,0,11.37670,0.03497,0.00000,0.10106,0.10667,-5.25461,28.53280,23.00000,5.53280,2.65762,2.45333,0.20429,8.88393,8.90625,25.02874,224.00003,67,-0.04060,0.05452,0.07000,0.02845,-0.00204,0.00327,0.00429,0.00270,1558,0,0,ACCEPTED_GOOD,-,0.01000,2700,900,1.00000
full291,1.20000,180000.00000,300.00000,0.00000,3.00000,28.00000,0.01000,REACHABLE,ACCEPTED,SUCCESS,NONE,SUCCESS,3690.00000,37.91721,0,0,29.48679,0.22118,0.00000,0.10175,0.10667,-4.60779,9.32966,3.00000,6.32966,0.75163,0.32000,0.43163,14.87603,14.84375,78.66309,80.66667,67,-0.02038,0.02781,0.03000,0.00940,0.00325,0.00116,0.00249,0.00497,1471,0,0,ACCEPTED_GOOD,-,0.01000,2700,900,1.00000
full299,1.20000,180000.00000,300.00000,120.00000,30.00000,28.00000,0.01000,SAFETY_LIMITED,REJECTED,POWER_LIMITED,NONE,FAILED,1214.00000,34.38005,0,0,0.00000,0.00000,0.00000,0.09838,0.10667,-7.76588,143.09756,150.00000,-6.90244,11.66875,16.00000,-4.33125,0.00000,14.84375,0.00000,0.00000,0,0.00000,0.00000,0.00000,0.00000,,,,,,,,REJECTED,-,0.00000,0,0,0.00000
full307,1.20000,600000.00000,120.00000,60.00000,8.00000,28.00000,0.01000,REACHABLE,ACCEPTED,SUCCESS,NONE,SUCCESS,9292.00000,37.82927,0,0,10.55785,0.01349,0.00000,0.03241,0.03200,1.27929,74.26587,68.00000,6.26587,2.19295,2.17600,0.01695,5.94901,5.93750,23.22728,706.00006,67,-0.04000,0.04610,0.05000,0.00999,0.00903,0.00250,0.00531,0.00862,1478,0,0,ACCEPTED_GOOD,-,0.01000,4112,1765,1.00000
full315,1.20000,600000.00000,180.00000,30.00000,3.00000,28.00000,0.01000,REACHABLE,ACCEPTED,SUCCESS,NONE,SUCCESS,5996.00000,37.85727,0,0,19.63242,0.04505,0.00000,0.03141,0.03200,-1.85783,39.58203,33.00000,6.58203,1.16388,1.05600,0.10788,8.98487,8.90625,43.19132,396.66669,67,-0.01014,0.01865,0.02000,0.00977,0.00734,0.00205,0.00313,0.00337,967,0,0,ACCEPTED_GOOD,-,0.01000,2791,991,1.00000
full323,1.20000,600000.00000,300.00000,15.00000,30.00000,28.00000,0.01000,REACHABLE,ACCEPTED,SUCCESS,NONE,SUCCESS,6036.00000,37.79672,0,0,23.65939,0.04884,0.00000,0.02995,0.03200,-6.41835,44.44417,45.00000,-0.55583,1.28795,1.44000,-0.15205,14.83838,14.84375,52.05065,396.00006,67,-0.05000,0.05708,0.06000,0.00999,0.00808,0.00286,0.00443,0.00480,1082,0,0,ACCEPTED_GOOD,-,0.01000,2790,990,1.00000
full331,1.20000,1600000.00000,120.00000,0.00000,8.00000,28.00000,0.01000,REACHABLE,ACCEPTED,SUCCESS,NONE,SUCCESS,8942.00000,37.77991,0,0,60.00000,0.31575,0.00000,0.01200,0.01200,-0.02072,15.00263,8.00000,7.00263,0.15464,0.09600,0.05864,5.96432,5.93750,156.76184,784.66675,68,0.02000,0.00000,0.01000,0.00000,0.01762,0.00423,0.00497,0.00579,1316,0,0,ACCEPTED_GOOD,-,0.01000,3761,1961,1.00000
full339,1.20000,1600000.00000,120.00000,120.00000,3.00000,28.00000,0.01000,REACHABLE,REJECTED,RELAY_FAILED,TOTAL_TIMEOUT,FAILED,6724.00000,37.80780,0,0,0.00000,0.00000,0.00000,0.01179,0.01200,-1.76326,128.45726,123.00000,5.45726,1.47626,1.47600,0.00026,0.00000,5.93750,0.00000,0.00000,0,0.00000,0.00000,0.00000,0.00000,,,,,,,,REJECTED,-,0.00000,0,0,0.00000
full347,1.20000,1600000.00000,180.00000,60.00000,30.00000,28.00000,0.01000,REACHABLE,REJECTED,RELAY_FAILED,TOTAL_TIMEOUT,FAILED,6508.00000,37.79245,0,0,0.00000,0.00000,0.00000,0.01193,0.01200,-0.60641,92.81758,90.00000,2.81758,1.04932,1.08000,-0.03068,0.00000,8.90625,0.00000,0.00000,0,0.00000,0.00000,0.00000,0.00000,,,,,,,,REJECTED,-,0.00000,0,0,0.00000
full355,1.20000,1600000.00000,300.00000,30.00000,8.00000,28.00000,0.01000,REACHABLE,ACCEPTED,SUCCESS,NONE,SUCCESS,7564.00000,37.85465,0,0,44.52553,0.09191,0.00000,0.01215,0.01200,1.21152,44.44400,38.00000,6.44400,0.51133,0.45600,0.05533,14.93569,14.84375,97.95617,528.66669,67,-0.02000,0.02064,0.03000,0.00999,0.00807,0.00288,0.00468,0.00464,1743,0,0,ACCEPTED_GOOD,-,0.01000,3121,1321,1.00000
full363,1.50000,180000.00000,120.00000,15.00000,3.00000,28.00000,0.01000,REACHABLE,ACCEPTED,SUCCESS,NONE,SUCCESS,4494.00000,37.88034,0,0,9.14810,0.03169,0.00000,0.13879,0.13333,4.08950,24.86530,18.00000,6.86530,2.90540,2.40000,0.50540,4.86539,4.75000,20.12582,208.00000,67,-0.00153,0.01174,0.02000,0.01832,0.00348,0.00258,0.00675,0.01163,1027,0,0,ACCEPTED_GOOD,-,0.01000,2700,900,1.00000
full371,1.50000,180000.00000,180.00000,0.00000,30.00000,28.00000,0.01000,SAFETY_LIMITED,ACCEPTED,SUCCESS,NONE,SUCCESS,4896.00000,37.76135,0,0,10.21066,0.03489,0.00000,0.11059,0.13333,-17.05614,25.26138,30.00000,-4.73862,3.40897,4.00000,-0.59103,7.12407,7.12500,22.46345,268.66666,66,-0.05001,0.05756,0.06000,0.00999,-0.00184,0.00296,0.00359,0.00210,1192,0,0,ACCEPTED_GOOD,-,0.01000,2700,900,1.00000
full379,1.50000,180000.00000,180.00000,120.00000,8.00000,28.00000,0.01000,SAFETY_LIMITED,REJECTED,POWER_LIMITED,NONE,FAILED,1150.00000,34.97014,0,0,0.00000,0.00000,0.00000,0.10794,0.13333,-19.04224,129.09904,128.00000,1.09904,15.48789,17.06667,-1.57878,0.00000,7.12500,0.00000,0.00000,0,0.00000,0.00000,0.00000,0.00000,,,,,,,,REJECTED,-,0.00000,0,0,0.00000
full387,1.50000,180000.00000,300.00000,60.00000,3.00000,28.00000,0.01000,SAFETY_LIMITED,REJECTED,POWER_LIMITED,NONE,FAILED,800.00000,35.37463,0,0,0.00000,0.00000,0.00000,0.11740,0.13333,-11.94935,67.95311,63.00000,4.95311,7.62624,8.40000,-0.77376,0.00000,11.87500,0.00000,0.00000,0,0.00000,0.00000,0.00000,0.00000,,,,,,,,REJECTED,-,0.00000,0,0,0.00000
full395,1.50000,600000.00000,120.00000,30.00000,30.00000,28.00000,0.01000,REACHABLE,ACCEPTED,SUCCESS,NONE,SUCCESS,8860.00000,37.77440,0,0,9.30460,0.01429,0.00000,0.03834,0.04000,-4.15765,61.10048,60.00000,1.10048,2.35015,2.40000,-0.04985,4.75424,4.75000,20.47012,708.00006,68,-0.00000,0.00895,0.01000,0.00999,0.00936,0.00294,0.00589,0.01479,1758,0,0,ACCEPTED_GOOD,-,0.01000,3723,1770,1.00000
full403,1.50000,600000.00000,180.00000,15.00000,8.00000,28.00000,0.01000,REACHABLE,ACCEPTED,SUCCESS,NONE,SUCCESS,5490.00000,37.85913,0,0,21.60329,0.06519,0.00000,0.03904,0.04000,-2.40722,29.13663,23.00000,6.13663,1.07268,0.92000,0.15268,7.18468,7.12500,47.52724,339.33337,67,-0.00000,0.00237,0.01000,0.00999,0.00296,0.00191,0.00257,0.00223,1174,0,0,ACCEPTED_GOOD,-,0.01000,2700,900,1.00000
full411,1.50000,600000.00000,300.00000,0.00000,3.00000,28.00000,0.01000,REACHABLE,ACCEPTED,SUCCESS,NONE,SUCCESS,4344.00000,37.86612,0,0,60.00000,0.43501,0.00000,0.03921,0.04000,-1.98399,9.79272,3.00000,6.79272,0.34550,0.12000,0.22550,12.00000,11.87500,139.66075,160.00000,67,-0.00000,0.00000,0.01000,0.00000,0.00541,0.00300,0.00484,0.01109,937,0,0,ACCEPTED_GOOD,-,0.01000,2700,900,1.00000
full419,1.50000,600000.00000,300.00000,120.00000,30.00000,28.00000,0.01000,SAFETY_LIMITED,REJECTED,RELAY_FAILED,PREHEAT_TIMEOUT,FAILED,3298.00000,36.34945,0,0,0.00000,0.00000,0.00000,0.03764,0.04000,-5.90133,148.86346,150.00000,-1.13654,5.03421,6.00000,-0.96579,0.00000,11.87500,0.00000,0.00000,0,0.00000,0.00000,0.00000,0.00000,,,,,,,,REJECTED,-,0.00000,0,0,0.00000
full427,1.50000,1600000.00000,120.00000,60.00000,8.00000,28.00000,0.01000,REACHABLE,REJECTED,RELAY_FAILED,TOTAL_TIMEOUT,FAILED,6242.00000,37.82752,0,0,0.00000,0.00000,0.00000,0.01534,0.01500,2.29301,74.70062,68.00000,6.70062,1.06798,1.02000,0.04798,0.00000,4.75000,0.00000,0.00000,0,0.00000,0.00000,0.00000,0.00000,,,,,,,,REJECTED,-,0.00000,0,0,0.00000
full435,1.50000,1600000.00000,180.00000,30.00000,3.00000,28.00000,0.01000,REACHABLE,ACCEPTED,SUCCESS,NONE,SUCCESS,8482.00000,37.85659,0,0,33.23337,0.07574,0.00000,0.01483,0.01500,-1.11186,39.87646,33.00000,6.87646,0.58247,0.49500,0.08747,7.16292,7.12500,73.11342,712.00006,68,0.00999,0.00577,0.01000,0.00999,0.01110,0.00297,0.00483,0.01181,1512,0,0,ACCEPTED_GOOD,-,0.01000,3580,1780,1.00000
full443,1.50000,1600000.00000,300.00000,15.00000,30.00000,28.00000,0.01000,REACHABLE,ACCEPTED,SUCCESS,NONE,SUCCESS,7762.00000,37.80738,0,0,34.22079,0.06980,0.00000,0.01426,0.01500,-4.94785,45.02697,45.00000,0.02697,0.68585,0.67500,0.01085,11.95428,11.87500,75.28574,568.66663,67,-0.03002,0.03933,0.05000,0.00998,0.00835,0.00346,0.00381,0.00105,1383,0,0,ACCEPTED_GOOD,-,0.01000,3221,1421,1.00000
full451,2.00000,180000.00000,120.00000,0.00000,8.00000,28.00000,0.01000,REACHABLE,ACCEPTED,SUCCESS,NONE,SUCCESS,4178.00000,37.87602,0,0,11.77289,0.06711,0.00000,0.17062,0.17778,-4.02619,13.54139,8.00000,5.54139,2.22101,1.42222,0.79879,3.61506,3.56250,25.90035,159.33333,67,0.00999,0.00000,0.01000,0.00000,0.00565,0.00221,0.00462,0.01132,600,0,0,ACCEPTED_GOOD,-,0.01000,2700,900,1.00000
full459,2.00000,180000.00000,120.00000,120.00000,3.00000,28.00000,0.01000,SAFETY_LIMITED,REJECTED,POWER_LIMITED,NONE,FAILED,1104.00000,35.52930,0,0,0.00000,0.00000,0.00000,0.15625,0.17778,-12.11066,124.12263,123.00000,1.12263,20.00000,21.86667,-1.86667,0.00000,3.56250,0.00000,0.00000,0,0.00000,0.00000,0.00000,0.00000,,,,,,,,REJECTED,-,0.00000,0,0,0.00000
full467,2.00000,180000.00000,180.00000,60.00000,30.00000,28.00000,0.01000,SAFETY_LIMITED,REJECTED,POWER_LIMITED,NONE,FAILED,968.00000,35.57574,0,0,0.00000,0.00000,0.00000,0.13146,0.17778,-26.05224,80.09976,90.00000,-9.90024,13.87218,16.00000,-2.12782,0.00000,5.34375,0.00000,0.00000,0,0.00000,0.00000,0.00000,0.00000,,,,,,,,REJECTED,-,0.00000,0,0,0.00000
full475,2.00000,180000.00000,300.00000,30.00000,8.00000,28.00000,0.01000,SAFETY_LIMITED,REJECTED,POWER_LIMITED,NONE,FAILED,658.00000,35.88869,0,0,0.00000,0.00000,0.00000,0.14754,0.17778,-17.00838,42.73203,38.00000,4.73203,6.59026,6.75556,-0.16529,0.00000,8.90625,0.00000,0.00000,0,0.00000,0.00000,0.00000,0.00000,,,,,,,,REJECTED,-,0.00000,0,0,0.00000
full483,2.00000,600000.00000,120.00000,15.00000,3.00000,28.00000,0.01000,REACHABLE,ACCEPTED,SUCCESS,NONE,SUCCESS,5932.00000,37.86924,0,0,16.58175,0.05701,0.00000,0.05530,0.05333,3.68522,25.08463,18.00000,7.08463,1.23567,0.96000,0.27567,3.64878,3.56250,36.47985,410.00000,67,0.01824,0.00398,0.01000,0.00999,0.05287,0.00135,0.00307,0.00624,1044,0,0,ACCEPTED_GOOD,-,0.01000,2825,1025,1.00000
full491,2.00000,600000.00000,180.00000,0.00000,30.00000,28.00000,0.01000,REACHABLE,ACCEPTED,SUCCESS,NONE,SUCCESS,5836.00000,37.77341,0,0,14.76725,0.04856,0.00000,0.04564,0.05333,-14.41755,26.41286,30.00000,-3.58714,1.61704,1.60000,0.01704,5.37931,5.34375,32.48795,386.66669,66,-0.00000,0.00203,0.01000,0.00997,0.00595,0.00250,0.00504,0.01116,1157,0,0,ACCEPTED_GOOD,-,0.01000,2766,966,1.00000
full499,2.00000,600000.00000,180.00000,120.00000,8.00000,28.00000,0.01000,SAFETY_LIMITED,REJECTED,RELAY_FAILED,PREHEAT_TIMEOUT,FAILED,3170.00000,37.15439,0,0,0.00000,0.00000,0.00000,0.04906,0.05333,-8.02021,132.56467,128.00000,4.56467,6.65200,6.82667,-0.17467,0.00000,5.34375,0.00000,0.00000,0,0.00000,0.00000,0.00000,0.00000,,,,,,,,REJECTED,-,0.00000,0,0,0.00000
full507,2.00000,600000.00000,300.00000,60.00000,3.00000,28.00000,0.01000,SAFETY_LIMITED,REJECTED,VALIDATION_FAILED,VALIDATION_FAILED,FAILED,8568.00000,37.80350,0,0,0.00000,0.00000,0.00000,0.05034,0.05333,-5.61348,68.53801,63.00000,5.53801,3.28305,3.36000,-0.07695,8.83133,8.90625,18.92549,664.00006,67,-0.13000,0.13023,0.14000,0.00847,,,,,,,,REJECTED,mae,0.01000,3836,1660,1.00000
full515,2.00000,1600000.00000,120.00000,30.00000,30.00000,28.00000,0.01000,REACHABLE,REJECTED,RELAY_FAILED,TOTAL_TIMEOUT,FAILED,6102.00000,37.79598,0,0,0.00000,0.00000,0.00000,0.01932,0.02000,-3.39385,61.21307,60.00000,1.21307,1.27914,1.20000,0.07914,0.00000,3.56250,0.00000,0.00000,0,0.00000,0.00000,0.00000,0.00000,,,,,,,,REJECTED,-,0.00000,0,0,0.00000
full523,2.00000,1600000.00000,180.00000,15.00000,8.00000,28.00000,0.01000,REACHABLE,ACCEPTED,SUCCESS,NONE,SUCCESS,7914.00000,37.85626,0,0,35.14686,0.10404,0.00000,0.01961,0.02000,-1.93103,29.78053,23.00000,6.78053,0.55678,0.46000,0.09678,5.37651,5.34375,77.32309,664.00006,67,0.02000,0.00008,0.01000,0.00762,0.00667,0.00182,0.00296,0.00588,1076,0,0,ACCEPTED_GOOD,-,0.01000,3460,1660,1.00000
full531,2.00000,1600000.00000,300.00000,0.00000,3.00000,28.00000,0.01000,REACHABLE,ACCEPTED,SUCCESS,NONE,SUCCESS,5672.00000,37.78416,0,0,60.00000,0.39303,0.00000,0.02067,0.02000,3.33083,11.26606,3.00000,8.26606,0.15042,0.06000,0.09042,8.98204,8.90625,157.98990,334.00003,67,0.00999,0.00000,0.01000,0.00000,0.00654,0.00249,0.00455,0.01067,986,0,0,ACCEPTED_GOOD,-,0.01000,2700,900,1.00000
full539,2.00000,1600000.00000,300.00000,120.00000,30.00000,28.00000,0.01000,REACHABLE,REJECTED,RELAY_FAILED,PREHEAT_TIMEOUT,FAILED,3564.00000,36.76077,0,0,0.00000,0.00000,0.00000,0.01922,0.02000,-3.90290,151.15262,150.00000,1.15262,2.67951,3.00000,-0.32049,0.00000,8.90625,0.00000,0.00000,0,0.00000,0.00000,0.00000,0.00000,,,,,,,,REJECTED,-,0.00000,0,0,0.00000
full4,0.50000,180000.00000,120.00000,30.00000,8.00000,20.00000,0.10000,REACHABLE,REJECTED,VALIDATION_FAILED,VALIDATION_FAILED,FAILED,6416.00000,37.87800,0,0,0.00000,0.00000,0.00000,0.04130,0.04444,-7.08032,43.91875,38.00000,5.91875,1.66843,1.68889,-0.02046,26.04938,26.25000,40.64434,378.00003,67,-0.00000,0.09060,0.20000,0.19999,,,,,,,,REJECTED,mae,0.10000,3237,1437,1.00000
full12,0.50000,180000.00000,180.00000,15.00000,3.00000,20.00000,0.10000,REACHABLE,REJECTED,POWER_LIMITED,NONE,FAILED,968.00000,36.14275,0,0,0.00000,0.00000,0.00000,0.04527,0.04444,1.85459,24.96645,18.00000,6.96645,0.89246,0.80000,0.09246,0.00000,39.37500,0.00000,0.00000,0,0.00000,0.00000,0.00000,0.00000,,,,,,,,REJECTED,-,0.00000,0,0,0.00000
full20,0.50000,180000.00000,300.00000,0.00000,30.00000,20.00000,0.10000,REACHABLE,REJECTED,POWER_LIMITED,NONE,FAILED,1046.00000,35.70205,0,0,0.00000,0.00000,0.00000,0.03274,0.04444,-26.34158,22.41673,30.00000,-7.58327,0.92882,1.33333,-0.40451,0.00000,65.62500,0.00000,0.00000,0,0.00000,0.00000,0.00000,0.00000,,,,,,,,REJECTED,-,0.00000,0,0,0.00000
full28,0.50000,180000.00000,300.00000,120.00000,8.00000,20.00000,0.10000,SAFETY_LIMITED,REJECTED,POWER_LIMITED,NONE,FAILED,1376.00000,33.66007,0,0,0.00000,0.00000,0.00000,0.03687,0.04444,-17.03325,126.95387,128.00000,-1.04613,3.48909,5.68889,-2.19979,0.00000,65.62500,0.00000,0.00000,0,0.00000,0.00000,0.00000,0.00000,,,,,,,,REJECTED,-,0.00000,0,0,0.00000
full36,0.50000,600000.00000,120.00000,60.00000,3.00000,20.00000,0.10000,REACHABLE,REJECTED,VALIDATION_FAILED,VALIDATION_FAILED,FAILED,10018.00000,37.91613,0,0,0.00000,0.00000,0.00000,0.01297,0.01333,-2.70732,69.95713,63.00000,6.95713,0.82313,0.84000,-0.01687,26.22717,26.25000,65.17713,598.66669,67,-0.20000,0.22479,0.25000,0.09999,,,,,,,,REJECTED,mae,0.10000,4463,2245,1.00000
full44,0.50000,600000.00000,180.00000,30.00000,30.00000,20.00000,0.10000,REACHABLE,REJECTED,POWER_LIMITED,NONE,FAILED,2304.00000,36.15936,0,0,0.00000,0.00000,0.00000,0.01279,0.01333,-4.06242,60.39743,60.00000,0.39743,0.84656,0.80000,0.04656,0.00000,39.37500,0.00000,0.00000,0,0.00000,0.00000,0.00000,0.00000,,,,,,,,REJECTED,-,0.00000,0,0,0.00000
full52,0.50000,600000.00000,300.00000,15.00000,8.00000,20.00000,0.10000,REACHABLE,REJECTED,POWER_LIMITED,NONE,FAILED,2496.00000,36.55290,0,0,0.00000,0.00000,0.00000,0.01287,0.01333,-3.50933,29.01912,23.00000,6.01912,0.25317,0.30667,-0.05350,0.00000,65.62500,0.00000,0.00000,0,0.00000,0.00000,0.00000,0.00000,,,,,,,,REJECTED,-,0.00000,0,0,0.00000
full60,0.50000,1600000.00000,120.00000,0.00000,3.00000,20.00000,0.10000,REACHABLE,REJECTED,MODEL_INVALID,MODEL_INVALID,FAILED,1684.00000,22.04306,0,0,0.00000,0.00000,0.00000,0.00000,0.00500,0.00000,0.00000,3.00000,0.00000,0.00000,0.01500,0.00000,0.00000,26.25000,0.00000,0.00000,0,0.00000,0.00000,0.00000,0.00000,,,,,,,,REJECTED,-,0.00000,0,0,0.00000
full68,0.50000,1600000.00000,120.00000,120.00000,30.00000,20.00000,0.10000,REACHABLE,REJECTED,RELAY_FAILED,TOTAL_TIMEOUT,FAILED,9780.00000,37.84945,0,0,0.00000,0.00000,0.00000,0.00492,0.00500,-1.69974,153.28125,150.00000,3.28125,0.41653,0.75000,-0.33347,0.00000,26.25000,0.00000,0.00000,0,0.00000,0.00000,0.00000,0.00000,,,,,,,,REJECTED,-,0.00000,0,0,0.00000
full76,0.50000,1600000.00000,180.00000,60.00000,8.00000,20.00000,0.10000,REACHABLE,REJECTED,POWER_LIMITED,NONE,FAILED,5058.00000,36.50750,0,0,0.00000,0.00000,0.00000,0.00482,0.00500,-3.61273,73.25578,68.00000,5.25578,0.40159,0.34000,0.06159,0.00000,39.37500,0.00000,0.00000,0,0.00000,0.00000,0.00000,0.00000,,,,,,,,REJECTED,-,0.00000,0,0,0.00000
full84,0.50000,1600000.00000,300.00000,30.00000,3.00000,20.00000,0.10000,REACHABLE,REJECTED,MODEL_INVALID,MODEL_INVALID,FAILED,1710.00000,21.89628,0,0,0.00000,0.00000,0.00000,0.00000,0.00500,0.00000,0.00000,33.00000,0.00000,0.00000,0.16500,0.00000,0.00000,65.62500,0.00000,0.00000,0,0.00000,0.00000,0.00000,0.00000,,,,,,,,REJECTED,-,0.00000,0,0,0.00000
full92,0.70000,180000.00000,120.00000,15.00000,30.00000,20.00000,0.10000,REACHABLE,ACCEPTED,SUCCESS,NONE,SUCCESS,8554.00000,37.78826,0,0,13.17594,0.02834,0.00000,0.05298,0.06222,-14.85888,42.49265,45.00000,-2.50735,2.62409,2.80000,-0.17591,18.57513,18.75000,28.98707,616.66669,67,0.09999,0.03615,0.10000,0.19999,0.07738,0.01123,0.01818,0.01358,1519,0,0,ACCEPTED_GOOD,-,0.10000,4112,2312,1.00000
full100,0.70000,180000.00000,180.00000,0.00000,8.00000,20.00000,0.10000,REACHABLE,ACCEPTED,SUCCESS,NONE,SUCCESS,4548.00000,37.82550,0,0,38.71124,0.22411,0.00000,0.05982,0.06222,-3.85945,13.27312,8.00000,5.27312,0.90052,0.49778,0.40275,28.18182,28.12500,106.49220,110.00000,68,-0.00000,0.03492,0.10000,0.09994,0.00169,0.00069,0.00130,0.00190,1083,0,0,ACCEPTED_GOOD,-,0.10000,3150,1350,1.00000
full108,0.70000,180000.00000,180.00000,120.00000,3.00000,20.00000,0.10000,SAFETY_LIMITED,REJECTED,POWER_LIMITED,NONE,FAILED,1214.00000,34.11497,0,0,0.00000,0.00000,0.00000,0.05697,0.06222,-8.43544,126.62531,123.00000,3.62531,6.35556,7.65333,-1.29777,0.00000,28.12500,0.00000,0.00000,0,0.00000,0.00000,0.00000,0.00000,,,,,,,,REJECTED,-,0.00000,0,0,0.00000
full116,0.70000,180000.00000,300.00000,60.00000,30.00000,20.00000,0.10000,SAFETY_LIMITED,REJECTED,POWER_LIMITED,NONE,FAILED,1074.00000,34.69720,0,0,0.00000,0.00000,0.00000,0.05019,0.06222,-19.33495,85.83067,90.00000,-4.16933,3.53558,5.60000,-2.06442,0.00000,46.87500,0.00000,0.00000,0,0.00000,0.00000,0.00000,0.00000,,,,,,,,REJECTED,-,0.00000,0,0,0.00000
full124,0.70000,600000.00000,120.00000,30.00000,8.00000,20.00000,0.10000,REACHABLE,ACCEPTED,SUCCESS,NONE,SUCCESS,7276.00000,37.92599,0,0,32.61090,0.06570,0.00000,0.01927,0.01867,3.22049,45.63524,38.00000,7.63524,0.66148,0.70933,-0.04785,18.81685,18.75000,71.74397,411.33334,66,0.09999,0.03062,0.10000,0.19999,0.06763,0.01353,0.01663,0.00591,2093,0,0,ACCEPTED_GOOD,-,0.10000,3342,1542,1.00000
full132,0.70000,600000.00000,180.00000,15.00000,3.00000,20.00000,0.10000,REACHABLE,ACCEPTED,SUCCESS,NONE,SUCCESS,6224.00000,37.86064,0,0,51.42809,0.17756,0.00000,0.01872,0.01867,0.26958,24.96359,18.00000,6.96359,0.25569,0.33600,-0.08031,28.15385,28.12500,113.14181,260.00000,65,-0.00000,0.05054,0.10000,0.09999,0.05265,0.02834,0.04945,0.07392,1911,0,0,ACCEPTED_GOOD,-,0.10000,3150,1350,1.00000
full140,0.70000,600000.00000,300.00000,0.00000,30.00000,20.00000,0.10000,REACHABLE,REJECTED,POWER_LIMITED,NONE,FAILED,1754.00000,36.20256,0,0,0.00000,0.00000,0.00000,0.01673,0.01867,-10.38298,27.85314,30.00000,-2.14686,0.66161,0.56000,0.10161,0.00000,46.87500,0.00000,0.00000,0,0.00000,0.00000,0.00000,0.00000,,,,,,,,REJECTED,-,0.00000,0,0,0.00000
full148,0.70000,600000.00000,300.00000,120.00000,8.00000,20.00000,0.10000,REACHABLE,REJECTED,POWER_LIMITED,NONE,FAILED,2146.00000,35.03915,0,0,0.00000,0.00000,0.00000,0.01696,0.01867,-9.14144,128.02100,128.00000,0.02100,2.01462,2.38933,-0.37471,0.00000,46.87500,0.00000,0.00000,0,0.00000,0.00000,0.00000,0.00000,,,,,,,,REJECTED,-,0.00000,0,0,0.00000
full156,0.70000,1600000.00000,120.00000,60.00000,3.00000,20.00000,0.10000,REACHABLE,REJECTED,VALIDATION_FAILED,VALIDATION_FAILED,FAILED,13802.00000,37.88440,0,0,0.00000,0.00000,0.00000,0.00686,0.00700,-2.02543,69.96259,63.00000,6.96259,0.65407,0.44100,0.21307,18.80105,18.75000,89.12764,891.33337,66,-0.10000,0.16561,0.20000,0.09999,,,,,,,,REJECTED,mae,0.10000,5561,3342,1.00000
full164,0.70000,1600000.00000,180.00000,30.00000,30.00000,20.00000,0.10000,REACHABLE,REJECTED,VALIDATION_FAILED,VALIDATION_FAILED,FAILED,12316.00000,37.84653,0,0,0.00000,0.00000,0.00000,0.00680,0.00700,-2.81424,62.70407,60.00000,2.70407,0.25156,0.42000,-0.16844,28.13187,28.12500,127.32589,728.00006,65,-0.30000,0.30000,0.25000,0.00000,,,,,,,,REJECTED,mae,0.10000,4731,2730,1.00000
full172,0.70000,1600000.00000,300.00000,15.00000,8.00000,20.00000,0.10000,REACHABLE,REJECTED,POWER_LIMITED,NONE,FAILED,4430.00000,36.57086,0,0,0.00000,0.00000,0.00000,0.00625,0.00700,-10.72648,52.05792,23.00000,29.05792,0.28792,0.16100,0.12692,0.00000,46.87500,0.00000,0.00000,0,0.00000,0.00000,0.00000,0.00000,,,,,,,,REJECTED,-,0.00000,0,0,0.00000
full180,1.00000,180000.00000,120.00000,0.00000,3.00000,20.00000,0.10000,REACHABLE,REJECTED,VALIDATION_FAILED,VALIDATION_FAILED,FAILED,4372.00000,37.95464,0,0,0.00000,0.00000,0.00000,0.08712,0.08889,-1.99106,9.87570,3.00000,6.87570,0.57972,0.26667,0.31306,13.20000,13.12500,82.48152,100.00001,66,-0.00000,0.02164,0.09000,0.09068,,,,,,,,REJECTED,not-steady,0.10000,3150,1350,0.00000
full188,1.00000,180000.00000,120.00000,120.00000,30.00000,20.00000,0.10000,SAFETY_LIMITED,REJECTED,POWER_LIMITED,NONE,FAILED,1424.00000,34.23827,0,0,0.00000,0.00000,0.00000,0.08459,0.08889,-4.83442,144.27203,150.00000,-5.72797,11.71564,13.33333,-1.61769,0.00000,13.12500,0.00000,0.00000,0,0.00000,0.00000,0.00000,0.00000,,,,,,,,REJECTED,-,0.00000,0,0,0.00000
full196,1.00000,180000.00000,180.00000,60.00000,8.00000,20.00000,0.10000,SAFETY_LIMITED,REJECTED,POWER_LIMITED,NONE,FAILED,896.00000,34.94868,0,0,0.00000,0.00000,0.00000,0.07643,0.08889,-14.01563,73.37119,68.00000,5.37119,5.66354,6.04444,-0.38091,0.00000,19.68750,0.00000,0.00000,0,0.00000,0.00000,0.00000,0.00000,,,,,,,,REJECTED,-,0.00000,0,0,0.00000
full204,1.00000,180000.00000,300.00000,30.00000,3.00000,20.00000,0.10000,REACHABLE,REJECTED,POWER_LIMITED,NONE,FAILED,834.00000,35.20102,0,0,0.00000,0.00000,0.00000,0.08233,0.08889,-7.38278,38.57755,33.00000,5.57755,2.79749,2.93333,-0.13584,0.00000,32.81250,0.00000,0.00000,0,0.00000,0.00000,0.00000,0.00000,,,,,,,,REJECTED,-,0.00000,0,0,0.00000
full212,1.00000,600000.00000,120.00000,15.00000,30.00000,20.00000,0.10000,REACHABLE,ACCEPTED,SUCCESS,NONE,SUCCESS,7946.00000,37.82599,0,0,23.15016,0.04991,0.00000,0.02334,0.02667,-12.48095,42.38367,45.00000,-2.61633,1.28058,1.20000,0.08058,13.15112,13.12500,50.93036,507.33334,66,0.09999,0.01072,0.10000,0.19999,0.06906,0.04250,0.04888,0.03068,1796,0,0,ACCEPTED_GOOD,-,0.10000,3702,1902,1.00000
full220,1.00000,600000.00000,180.00000,0.00000,8.00000,20.00000,0.10000,REACHABLE,ACCEPTED,SUCCESS,NONE,SUCCESS,5464.00000,37.82825,0,0,58.31887,0.31882,0.00000,0.02649,0.02667,-0.68072,14.29181,8.00000,6.29181,0.26619,0.21333,0.05286,19.72319,19.68750,128.30151,192.66669,66,-0.00000,0.00306,0.02000,0.09854,0.05046,0.03040,0.04796,0.03957,1217,0,0,ACCEPTED_GOOD,-,0.10000,3150,1350,1.00000
full228,1.00000,600000.00000,180.00000,120.00000,3.00000,20.00000,0.10000,SAFETY_LIMITED,REJECTED,RELAY_FAILED,PREHEAT_TIMEOUT,FAILED,3582.00000,36.45437,0,0,0.00000,0.00000,0.00000,0.02538,0.02667,-4.84308,126.74757,123.00000,3.74757,3.07001,3.28000,-0.20999,0.00000,19.68750,0.00000,0.00000,0,0.00000,0.00000,0.00000,0.00000,,,,,,,,REJECTED,-,0.00000,0,0,0.00000
full236,1.00000,600000.00000,300.00000,60.00000,30.00000,20.00000,0.10000,REACHABLE,REJECTED,RELAY_FAILED,PREHEAT_TIMEOUT,FAILED,3386.00000,37.04124,0,0,0.00000,0.00000,0.00000,0.02385,0.02667,-10.56102,89.94421,90.00000,-0.05579,1.86616,2.40000,-0.53384,0.00000,32.81250,0.00000,0.00000,0,0.00000,0.00000,0.00000,0.00000,,,,,,,,REJECTED,-,0.00000,0,0,0.00000
full244,1.00000,1600000.00000,120.00000,30.00000,8.00000,20.00000,0.10000,REACHABLE,REJECTED,VALIDATION_FAILED,VALIDATION_FAILED,FAILED,11350.00000,37.84164,0,0,0.00000,0.00000,0.00000,0.01013,0.01000,1.27231,45.56864,38.00000,7.56864,0.65592,0.38000,0.27592,13.15385,13.12500,80.63973,762.66669,65,-0.00000,0.08979,0.10000,0.10000,,,,,,,,REJECTED,mae,0.10000,4660,2860,1.00000
full252,1.00000,1600000.00000,180.00000,15.00000,3.00000,20.00000,0.10000,REACHABLE,ACCEPTED,SUCCESS,NONE,SUCCESS,9366.00000,37.83215,0,0,57.88019,0.20948,0.00000,0.00934,0.01000,-6.59514,23.63079,18.00000,5.63079,0.18084,0.18000,0.00084,19.69145,19.68750,127.33642,475.33337,67,-0.00000,0.00672,0.09000,0.09996,0.05760,0.00481,0.01063,0.01695,2736,0,0,ACCEPTED_GOOD,-,0.10000,3582,1782,1.00000
full260,1.00000,1600000.00000,300.00000,0.00000,30.00000,20.00000,0.10000,REACHABLE,REJECTED,POWER_LIMITED,NONE,FAILED,4888.00000,37.77772,0,0,0.00000,0.00000,0.00000,0.00945,0.01000,-5.54424,31.03177,30.00000,1.03177,0.25233,0.30000,-0.04767,32.82857,32.81250,127.32589,466.66669,0,0.00000,0.00000,0.00000,0.00000,,,,,,,,REJECTED,-,0.00000,0,0,0.00000
full268,1.00000,1600000.00000,300.00000,120.00000,8.00000,20.00000,0.10000,REACHABLE,REJECTED,RELAY_FAILED,TOTAL_TIMEOUT,FAILED,7790.00000,37.84502,0,0,0.00000,0.00000,0.00000,0.00953,0.01000,-4.72978,131.86287,128.00000,3.86287,1.05480,1.28000,-0.22520,0.00000,32.81250,0.00000,0.00000,0,0.00000,0.00000,0.00000,0.00000,,,,,,,,REJECTED,-,0.00000,0,0,0.00000
full276,1.20000,180000.00000,120.00000,60.00000,3.00000,20.00000,0.10000,SAFETY_LIMITED,REJECTED,POWER_LIMITED,NONE,FAILED,926.00000,35.45057,0,0,0.00000,0.00000,0.00000,0.09726,0.10667,-8.81966,68.64781,63.00000,5.64781,6.76464,6.72000,0.04464,0.00000,10.93750,0.00000,0.00000,0,0.00000,0.00000,0.00000,0.00000,,,,,,,,REJECTED,-,0.00000,0,0,0.00000
full284,1.20000,180000.00000,180.00000,30.00000,30.00000,20.00000,0.10000,SAFETY_LIMITED,REJECTED,POWER_LIMITED,NONE,FAILED,868.00000,35.51065,0,0,0.00000,0.00000,0.00000,0.08256,0.10667,-22.59807,54.79110,60.00000,-5.20890,5.64256,6.40000,-0.75744,0.00000,16.40625,0.00000,0.00000,0,0.00000,0.00000,0.00000,0.00000,,,,,,,,REJECTED,-,0.00000,0,0,0.00000
full292,1.20000,180000.00000,300.00000,15.00000,8.00000,20.00000,0.10000,REACHABLE,REJECTED,VALIDATION_FAILED,VALIDATION_FAILED,FAILED,5262.00000,37.87654,0,0,0.00000,0.00000,0.00000,0.09885,0.10667,-7.33042,28.73432,23.00000,5.73432,2.31347,2.45333,-0.13987,26.99451,27.34375,33.96317,242.66669,68,-0.00000,0.12035,0.25000,0.29984,,,,,,,,REJECTED,mae,0.10000,3150,1350,0.13462
full300,1.20000,600000.00000,120.00000,0.00000,3.00000,20.00000,0.10000,REACHABLE,ACCEPTED,SUCCESS,NONE,SUCCESS,5472.00000,37.83570,0,0,60.00000,0.45003,0.00000,0.03163,0.03200,-1.16180,9.33141,3.00000,6.33141,0.27392,0.09600,0.17792,11.07692,10.93750,132.74159,216.66669,67,-0.00000,0.00000,0.01000,0.00000,0.05087,0.01581,0.02380,0.02127,1049,0,0,ACCEPTED_GOOD,-,0.10000,3150,1350,1.00000
full308,1.20000,600000.00000,120.00000,120.00000,30.00000,20.00000,0.10000,SAFETY_LIMITED,REJECTED,RELAY_FAILED,PREHEAT_TIMEOUT,FAILED,3532.00000,36.40577,0,0,0.00000,0.00000,0.00000,0.03087,0.03200,-3.52177,150.39841,150.00000,0.39841,4.29425,4.80000,-0.50575,0.00000,10.93750,0.00000,0.00000,0,0.00000,0.00000,0.00000,0.00000,,,,,,,,REJECTED,-,0.00000,0,0,0.00000
full316,1.20000,600000.00000,180.00000,60.00000,8.00000,20.00000,0.10000,REACHABLE,REJECTED,VALIDATION_FAILED,VALIDATION_FAILED,FAILED,9956.00000,37.87993,0,0,0.00000,0.00000,0.00000,0.03207,0.03200,0.21754,73.61923,68.00000,5.61923,2.04186,2.17600,-0.13414,16.32332,16.40625,29.28875,666.00006,67,-0.20000,0.20833,0.25000,0.09999,,,,,,,,REJECTED,mae,0.10000,4826,2497,1.00000
full324,1.20000,600000.00000,300.00000,30.00000,3.00000,20.00000,0.10000,REACHABLE,ACCEPTED,SUCCESS,NONE,SUCCESS,6174.00000,37.90732,0,0,27.02952,0.06253,0.00000,0.03099,0.03200,-3.15112,39.22796,33.00000,6.22796,1.24367,1.05600,0.18767,27.23849,27.34375,59.46495,318.66666,68,-0.00000,0.05621,0.10000,0.09999,0.06309,0.04631,0.04948,0.01236,1598,0,0,ACCEPTED_GOOD,-,0.10000,3150,1350,1.00000
full332,1.20000,1600000.00000,120.00000,15.00000,30.00000,20.00000,0.10000,REACHABLE,ACCEPTED,SUCCESS,NONE,SUCCESS,10948.00000,37.84923,0,0,34.72524,0.07077,0.00000,0.01153,0.01200,-3.90611,45.06492,45.00000,0.06492,0.65676,0.54000,0.11676,10.97675,10.93750,76.39554,774.00012,66,0.09999,0.01046,0.10000,0.19999,-0.03572,0.06504,0.08534,0.05018,2437,0,0,ACCEPTED_GOOD,-,0.10000,4702,2902,1.00000
full340,1.20000,1600000.00000,180.00000,0.00000,8.00000,20.00000,0.10000,REACHABLE,ACCEPTED,SUCCESS,NONE,SUCCESS,8454.00000,37.79034,0,0,58.45669,0.52193,0.00000,0.01118,0.01200,-6.80641,4.00000,8.00000,-4.00000,0.18189,0.09600,0.08589,16.47059,16.40625,128.60472,408.00006,64,-0.00000,0.00770,0.07000,0.09627,0.05292,0.03566,0.04509,0.02073,2273,0,0,ACCEPTED_GOOD,-,0.10000,3330,1530,1.00000
full348,1.20000,1600000.00000,180.00000,120.00000,3.00000,20.00000,0.10000,REACHABLE,REJECTED,RELAY_FAILED,TOTAL_TIMEOUT,FAILED,7440.00000,37.87365,0,0,0.00000,0.00000,0.00000,0.01173,0.01200,-2.23211,128.14558,123.00000,5.14558,1.60911,1.47600,0.13311,0.00000,16.40625,0.00000,0.00000,0,0.00000,0.00000,0.00000,0.00000,,,,,,,,REJECTED,-,0.00000,0,0,0.00000
full356,1.20000,1600000.00000,300.00000,60.00000,30.00000,20.00000,0.10000,REACHABLE,REJECTED,VALIDATION_FAILED,VALIDATION_FAILED,FAILED,13686.00000,37.85149,0,0,0.00000,0.00000,0.00000,0.01192,0.01200,-0.67463,92.48309,90.00000,2.48309,0.80976,1.08000,-0.27024,27.23214,27.34375,61.35009,896.00000,66,-0.30000,0.37144,0.25000,0.09999,,,,,,,,REJECTED,mae,0.10000,6254,3360,1.00000
full364,1.50000,180000.00000,120.00000,30.00000,8.00000,20.00000,0.10000,SAFETY_LIMITED,REJECTED,VALIDATION_FAILED,VALIDATION_FAILED,FAILED,6736.00000,37.84862,0,0,0.00000,0.00000,0.00000,0.11672,0.13333,-12.45724,43.94569,38.00000,5.94569,5.47989,5.06667,0.41322,8.70492,8.75000,14.00702,447.33337,67,0.09999,0.07296,0.20000,0.29998,,,,,,,,REJECTED,mae,0.10000,3477,1677,1.00000
full372,1.50000,180000.00000,180.00000,15.00000,3.00000,20.00000,0.10000,REACHABLE,ACCEPTED,SUCCESS,NONE,SUCCESS,4870.00000,37.89382,0,0,10.06052,0.03484,0.00000,0.13768,0.13333,3.25682,24.87898,18.00000,6.87898,2.82436,2.40000,0.42436,13.11744,13.12500,24.60985,187.33334,67,0.09964,0.01152,0.10000,0.19909,0.05777,0.03233,0.04687,0.04720,1749,0,0,ACCEPTED_GOOD,-,0.10000,3150,1350,1.00000
full380,1.50000,180000.00000,300.00000,0.00000,30.00000,20.00000,0.10000,SAFETY_LIMITED,ACCEPTED,SUCCESS,NONE,SUCCESS,5580.00000,37.78261,0,0,13.16843,0.04668,0.00000,0.10767,0.13333,-19.24850,24.21218,30.00000,-5.78782,3.15754,4.00000,-0.84246,21.61592,21.87500,33.18478,284.66666,67,0.09855,0.04172,0.10000,0.19854,0.04283,0.04241,0.04266,0.00083,1573,0,0,ACCEPTED_GOOD,-,0.10000,3150,1350,1.00000
full388,1.50000,180000.00000,300.00000,120.00000,8.00000,20.00000,0.10000,SAFETY_LIMITED,REJECTED,POWER_LIMITED,NONE,FAILED,1118.00000,32.29377,0,0,0.00000,0.00000,0.00000,0.10653,0.13333,-20.10229,128.97502,128.00000,0.97502,14.08959,17.06667,-2.97707,0.00000,21.87500,0.00000,0.00000,0,0.00000,0.00000,0.00000,0.00000,,,,,,,,REJECTED,-,0.00000,0,0,0.00000
full396,1.50000,600000.00000,120.00000,60.00000,3.00000,20.00000,0.10000,REACHABLE,REJECTED,VALIDATION_FAILED,VALIDATION_FAILED,FAILED,9286.00000,37.90836,0,0,0.00000,0.00000,0.00000,0.03876,0.04000,-3.10566,69.53391,63.00000,6.53391,2.69871,2.52000,0.17871,8.75136,8.75000,21.24812,611.33331,68,-0.00000,0.08666,0.11000,0.19767,,,,,,,,REJECTED,mae,0.10000,4498,2292,1.00000
full404,1.50000,600000.00000,180.00000,30.00000,30.00000,20.00000,0.10000,REACHABLE,ACCEPTED,SUCCESS,NONE,SUCCESS,9394.00000,37.82229,0,0,13.02190,0.02026,0.00000,0.03806,0.04000,-4.86076,60.26094,60.00000,0.26094,2.46662,2.40000,0.06662,13.06452,13.12500,28.64819,661.33337,67,0.09999,0.01510,0.10000,0.19999,0.08044,0.03311,0.04936,0.05273,2270,0,0,ACCEPTED_GOOD,-,0.10000,4407,2480,1.00000
full412,1.50000,600000.00000,300.00000,15.00000,8.00000,20.00000,0.10000,REACHABLE,ACCEPTED,SUCCESS,NONE,SUCCESS,5396.00000,37.92595,0,0,30.43908,0.09037,0.00000,0.03901,0.04000,-2.46880,29.68410,23.00000,6.68410,0.92253,0.92000,0.00253,21.95745,21.87500,68.47183,219.33334,67,0.09986,0.02116,0.10000,0.19986,0.05162,0.02357,0.03694,0.02457,1469,0,0,ACCEPTED_GOOD,-,0.10000,3150,1350,1.00000
full420,1.50000,1600000.00000,120.00000,0.00000,3.00000,20.00000,0.10000,REACHABLE,ACCEPTED,SUCCESS,NONE,SUCCESS,8056.00000,37.78913,0,0,60.00000,0.41087,0.00000,0.01509,0.01500,0.59964,10.60323,3.00000,7.60323,0.25425,0.04500,0.20925,8.75676,8.75000,132.72723,493.33337,64,0.07559,0.00108,0.01000,0.07559,0.05187,0.01387,0.01747,0.00855,1673,0,0,ACCEPTED_GOOD,-,0.10000,3650,1850,1.00000
full428,1.50000,1600000.00000,120.00000,120.00000,30.00000,20.00000,0.10000,REACHABLE,REJECTED,RELAY_FAILED,PREHEAT_TIMEOUT,FAILED,4256.00000,37.17381,0,0,0.00000,0.00000,0.00000,0.01471,0.01500,-1.92554,152.97922,150.00000,2.97922,2.03186,2.25000,-0.21814,0.00000,8.75000,0.00000,0.00000,0,0.00000,0.00000,0.00000,0.00000,,,,,,,,REJECTED,-,0.00000,0,0,0.00000
full436,1.50000,1600000.00000,180.00000,60.00000,8.00000,20.00000,0.10000,REACHABLE,REJECTED,VALIDATION_FAILED,VALIDATION_FAILED,FAILED,11658.00000,37.88645,0,0,0.00000,0.00000,0.00000,0.01529,0.01500,1.96333,74.86787,68.00000,6.86787,1.21057,1.02000,0.19057,13.12823,13.12500,42.97297,774.66675,67,-0.10000,0.10104,0.11000,0.08474,,,,,,,,REJECTED,mae,0.10000,5271,2905,1.00000
full444,1.50000,1600000.00000,300.00000,30.00000,3.00000,20.00000,0.10000,REACHABLE,ACCEPTED,SUCCESS,NONE,SUCCESS,7692.00000,37.89085,0,0,36.14782,0.08357,0.00000,0.01472,0.01500,-1.89032,39.25589,33.00000,6.25589,0.65875,0.49500,0.16375,21.89030,21.87500,79.52519,419.33337,67,0.09999,0.03016,0.10000,0.19999,0.06555,0.01269,0.01893,0.01460,2349,0,0,ACCEPTED_GOOD,-,0.10000,3372,1572,1.00000
full452,2.00000,180000.00000,120.00000,15.00000,30.00000,20.00000,0.10000,SAFETY_LIMITED,REJECTED,RELAY_FAILED,TOTAL_TIMEOUT,FAILED,5582.00000,37.76275,0,0,0.00000,0.00000,0.00000,0.13483,0.17778,-24.16079,36.96965,45.00000,-8.03035,7.37275,8.00000,-0.62725,0.00000,6.56250,0.00000,0.00000,0,0.00000,0.00000,0.00000,0.00000,,,,,,,,REJECTED,-,0.00000,0,0,0.00000
full460,2.00000,180000.00000,180.00000,0.00000,8.00000,20.00000,0.10000,REACHABLE,REJECTED,VALIDATION_FAILED,VALIDATION_FAILED,FAILED,4348.00000,37.86317,0,0,0.00000,0.00000,0.00000,0.17039,0.17778,-4.15602,13.41287,8.00000,5.41287,1.91860,1.42222,0.49638,9.93377,9.84375,38.58443,100.66667,68,-0.00000,0.02869,0.10000,0.09854,,,,,,,,REJECTED,not-steady,0.10000,3150,1350,0.00000
full468,2.00000,180000.00000,180.00000,120.00000,3.00000,20.00000,0.10000,SAFETY_LIMITED,REJECTED,POWER_LIMITED,NONE,FAILED,1166.00000,33.44222,0,0,0.00000,0.00000,0.00000,0.15565,0.17778,-12.44526,123.96809,123.00000,0.96809,20.00000,21.86667,-1.86667,0.00000,9.84375,0.00000,0.00000,0,0.00000,0.00000,0.00000,0.00000,,,,,,,,REJECTED,-,0.00000,0,0,0.00000
full476,2.00000,180000.00000,300.00000,60.00000,30.00000,20.00000,0.10000,SAFETY_LIMITED,REJECTED,POWER_LIMITED,NONE,FAILED,938.00000,33.69663,0,0,0.00000,0.00000,0.00000,0.12998,0.17778,-26.88488,80.20687,90.00000,-9.79313,12.76140,16.00000,-3.23860,0.00000,16.40625,0.00000,0.00000,0,0.00000,0.00000,0.00000,0.00000,,,,,,,,REJECTED,-,0.00000,0,0,0.00000
full484,2.00000,600000.00000,120.00000,30.00000,8.00000,20.00000,0.10000,REACHABLE,ACCEPTED,SUCCESS,NONE,SUCCESS,6900.00000,37.89362,0,0,10.14024,0.02087,0.00000,0.05465,0.05333,2.46599,44.59923,38.00000,6.59923,2.14545,2.02667,0.11878,6.58065,6.56250,22.30852,434.00000,67,0.09999,0.00663,0.09000,0.10000,0.07471,0.02776,0.05059,0.11520,1111,0,0,ACCEPTED_GOOD,-,0.10000,3427,1627,1.00000
full492,2.00000,600000.00000,180.00000,15.00000,3.00000,20.00000,0.10000,REACHABLE,ACCEPTED,SUCCESS,NONE,SUCCESS,5476.00000,37.88182,0,0,19.12205,0.06713,0.00000,0.05530,0.05333,3.68011,24.48580,18.00000,6.48580,1.35313,0.96000,0.39313,9.93600,9.84375,42.06850,250.00000,68,-0.00000,0.00000,0.01000,0.00000,0.06701,0.00261,0.00735,0.01587,944,0,0,ACCEPTED_GOOD,-,0.10000,3150,1350,1.00000
full500,2.00000,600000.00000,300.00000,0.00000,30.00000,20.00000,0.10000,REACHABLE,REJECTED,MODEL_INVALID,MODEL_INVALID,FAILED,580.00000,22.05966,0,0,0.00000,0.00000,0.00000,0.00000,0.05333,0.00000,0.00000,30.00000,0.00000,0.00000,1.60000,0.00000,0.00000,16.40625,0.00000,0.00000,0,0.00000,0.00000,0.00000,0.00000,,,,,,,,REJECTED,-,0.00000,0,0,0.00000
full508,2.00000,600000.00000,300.00000,120.00000,8.00000,20.00000,0.10000,SAFETY_LIMITED,REJECTED,POWER_LIMITED,NONE,FAILED,1372.00000,34.97237,0,0,0.00000,0.00000,0.00000,0.04828,0.05333,-9.46735,131.82904,128.00000,3.82904,6.34681,6.82667,-0.47986,0.00000,16.40625,0.00000,0.00000,0,0.00000,0.00000,0.00000,0.00000,,,,,,,,REJECTED,-,0.00000,0,0,0.00000
full516,2.00000,1600000.00000,120.00000,60.00000,3.00000,20.00000,0.10000,REACHABLE,ACCEPTED,SUCCESS,NONE,SUCCESS,12096.00000,37.88575,0,0,14.05538,0.01933,0.00000,0.01952,0.02000,-2.39011,68.70040,63.00000,5.70040,1.61993,1.26000,0.35993,6.57821,6.56250,30.92183,899.33337,67,-0.00000,0.06390,0.10000,0.09999,-0.01510,0.06997,0.11466,0.10776,2357,0,0,ACCEPTED_GOOD,-,0.10000,5553,3372,1.00000
full524,2.00000,1600000.00000,180.00000,30.00000,30.00000,20.00000,0.10000,REACHABLE,REJECTED,VALIDATION_FAILED,VALIDATION_FAILED,FAILED,10414.00000,37.84712,0,0,0.00000,0.00000,0.00000,0.01935,0.02000,-3.23273,60.18330,60.00000,0.18330,1.31121,1.20000,0.11121,9.86539,9.84375,44.56406,728.00006,67,-0.00000,0.07879,0.10000,0.09999,,,,,,,,REJECTED,mae,0.10000,4655,2730,1.00000
full532,2.00000,1600000.00000,300.00000,15.00000,8.00000,20.00000,0.10000,REACHABLE,ACCEPTED,SUCCESS,NONE,SUCCESS,6688.00000,37.86275,0,0,35.82123,0.10957,0.00000,0.01963,0.02000,-1.85871,28.69366,23.00000,5.69366,0.66366,0.46000,0.20366,16.48872,16.40625,78.80671,354.66669,67,0.09978,0.00370,0.01000,0.19942,0.05359,0.02389,0.03089,0.01423,1725,0,0,ACCEPTED_GOOD,-,0.10000,3150,1350,1.00000
full5,0.50000,180000.00000,120.00000,30.00000,30.00000,28.00000,0.10000,REACHABLE,REJECTED,VALIDATION_FAILED,VALIDATION_FAILED,FAILED,7308.00000,37.93884,0,0,0.00000,0.00000,0.00000,0.04120,0.04444,-7.29173,59.71362,60.00000,-0.28638,2.06279,2.66667,-0.60388,14.20279,14.25000,35.36800,430.66672,67,-0.10000,0.16092,0.20000,0.09999,,,,,,,,REJECTED,mae,0.10000,3822,1911,1.00000
full13,0.50000,180000.00000,180.00000,15.00000,8.00000,28.00000,0.10000,REACHABLE,ACCEPTED,SUCCESS,NONE,SUCCESS,5292.00000,37.86780,0,0,25.75674,0.07848,0.00000,0.04220,0.04444,-5.05553,28.81801,23.00000,5.81801,1.26842,1.02222,0.24620,21.32964,21.37500,56.66484,240.66669,67,0.09986,0.02071,0.10000,0.19986,-0.02496,0.04676,0.04702,0.00092,1629,0,0,ACCEPTED_GOOD,-,0.10000,3150,1350,1.00000
full21,0.50000,180000.00000,300.00000,0.00000,3.00000,28.00000,0.10000,REACHABLE,REJECTED,POWER_LIMITED,NONE,FAILED,696.00000,36.72733,0,0,0.00000,0.00000,0.00000,0.04280,0.04444,-3.69394,8.87789,3.00000,5.87789,0.28801,0.13333,0.15468,0.00000,35.62500,0.00000,0.00000,0,0.00000,0.00000,0.00000,0.00000,,,,,,,,REJECTED,-,0.00000,0,0,0.00000
full29,0.50000,180000.00000,300.00000,120.00000,30.00000,28.00000,0.10000,SAFETY_LIMITED,REJECTED,POWER_LIMITED,NONE,FAILED,1320.00000,35.41106,0,0,0.00000,0.00000,0.00000,0.03770,0.04444,-15.18128,143.93730,150.00000,-6.06270,3.89426,6.66667,-2.77240,0.00000,35.62500,0.00000,0.00000,0,0.00000,0.00000,0.00000,0.00000,,,,,,,,REJECTED,-,0.00000,0,0,0.00000
full37,0.50000,600000.00000,120.00000,60.00000,8.00000,28.00000,0.10000,REACHABLE,REJECTED,VALIDATION_FAILED,VALIDATION_FAILED,FAILED,11584.00000,37.86676,0,0,0.00000,0.00000,0.00000,0.01348,0.01333,1.09798,74.59509,68.00000,6.59509,1.21002,0.90667,0.30335,14.26459,14.25000,44.57930,811.33344,67,-0.10000,0.10421,0.11000,0.09999,,,,,,,,REJECTED,mae,0.10000,5400,3042,1.00000
full45,0.50000,600000.00000,180.00000,30.00000,3.00000,28.00000,0.10000,REACHABLE,ACCEPTED,SUCCESS,NONE,SUCCESS,7694.00000,37.86214,0,0,38.70470,0.08887,0.00000,0.01301,0.01333,-2.40708,39.55429,33.00000,6.55429,0.65900,0.44000,0.21900,21.39687,21.37500,85.15035,468.66669,66,0.09999,0.03046,0.10000,0.19999,0.06525,0.01519,0.01813,0.00743,1850,0,0,ACCEPTED_GOOD,-,0.10000,3557,1757,1.00000
full53,0.50000,600000.00000,300.00000,15.00000,30.00000,28.00000,0.10000,REACHABLE,REJECTED,POWER_LIMITED,NONE,FAILED,1438.00000,36.40022,0,0,0.00000,0.00000,0.00000,0.01249,0.01333,-6.31473,44.34362,45.00000,-0.65638,0.65724,0.60000,0.05724,0.00000,35.62500,0.00000,0.00000,0,0.00000,0.00000,0.00000,0.00000,,,,,,,,REJECTED,-,0.00000,0,0,0.00000
full61,0.50000,1600000.00000,120.00000,0.00000,8.00000,28.00000,0.10000,REACHABLE,REJECTED,MODEL_INVALID,MODEL_INVALID,FAILED,1696.00000,30.04082,0,0,0.00000,0.00000,0.00000,0.00000,0.00500,0.00000,0.00000,8.00000,0.00000,0.00000,0.04000,0.00000,0.00000,14.25000,0.00000,0.00000,0,0.00000,0.00000,0.00000,0.00000,,,,,,,,REJECTED,-,0.00000,0,0,0.00000
full69,0.50000,1600000.00000,120.00000,120.00000,3.00000,28.00000,0.10000,REACHABLE,REJECTED,RELAY_FAILED,TOTAL_TIMEOUT,FAILED,7712.00000,37.88229,0,0,0.00000,0.00000,0.00000,0.00487,0.00500,-2.69196,126.92038,123.00000,3.92038,0.65272,0.61500,0.03772,0.00000,14.25000,0.00000,0.00000,0,0.00000,0.00000,0.00000,0.00000,,,,,,,,REJECTED,-,0.00000,0,0,0.00000
full77,0.50000,1600000.00000,180.00000,60.00000,30.00000,28.00000,0.10000,REACHABLE,REJECTED,RELAY_FAILED,TOTAL_TIMEOUT,FAILED,7790.00000,37.84601,0,0,0.00000,0.00000,0.00000,0.00490,0.00500,-1.97105,93.42518,90.00000,3.42518,0.65287,0.45000,0.20287,0.00000,21.37500,0.00000,0.00000,0,0.00000,0.00000,0.00000,0.00000,,,,,,,,REJECTED,-,0.00000,0,0,0.00000
full85,0.50000,1600000.00000,300.00000,30.00000,8.00000,28.00000,0.10000,REACHABLE,REJECTED,MODEL_INVALID,MODEL_INVALID,FAILED,1722.00000,29.89263,0,0,0.00000,0.00000,0.00000,0.00000,0.00500,0.00000,0.00000,38.00000,0.00000,0.00000,0.19000,0.00000,0.00000,35.62500,0.00000,0.00000,0,0.00000,0.00000,0.00000,0.00000,,,,,,,,REJECTED,-,0.00000,0,0,0.00000
full93,0.70000,180000.00000,120.00000,15.00000,3.00000,28.00000,0.10000,REACHABLE,ACCEPTED,SUCCESS,NONE,SUCCESS,5132.00000,37.89416,0,0,16.90651,0.05824,0.00000,0.06354,0.06222,2.11349,25.02892,18.00000,7.02892,1.42105,1.12000,0.30105,10.26786,10.17857,37.19432,224.00002,67,-0.00000,0.00000,0.01000,0.00000,-0.02248,0.02397,0.02535,0.00353,1468,0,0,ACCEPTED_GOOD,-,0.10000,3150,1350,1.00000
full101,0.70000,180000.00000,180.00000,0.00000,30.00000,28.00000,0.10000,REACHABLE,ACCEPTED,SUCCESS,NONE,SUCCESS,5460.00000,37.80004,0,0,19.84422,0.06772,0.00000,0.05175,0.06222,-16.82399,25.30328,30.00000,-4.69672,1.75681,1.86667,-0.10985,15.25180,15.26786,43.65729,278.00000,66,0.09909,0.00980,0.09000,0.19818,-0.01998,0.02030,0.02049,0.00064,1415,0,0,ACCEPTED_GOOD,-,0.10000,3150,1350,1.00000
full109,0.70000,180000.00000,180.00000,120.00000,8.00000,28.00000,0.10000,SAFETY_LIMITED,REJECTED,POWER_LIMITED,NONE,FAILED,1222.00000,35.22892,0,0,0.00000,0.00000,0.00000,0.05475,0.06222,-12.00843,131.00894,128.00000,3.00894,6.72558,7.96444,-1.23886,0.00000,15.26786,0.00000,0.00000,0,0.00000,0.00000,0.00000,0.00000,,,,,,,,REJECTED,-,0.00000,0,0,0.00000
full117,0.70000,180000.00000,300.00000,60.00000,3.00000,28.00000,0.10000,SAFETY_LIMITED,REJECTED,POWER_LIMITED,NONE,FAILED,850.00000,35.83187,0,0,0.00000,0.00000,0.00000,0.05462,0.06222,-12.22465,65.94496,63.00000,2.94496,3.12469,3.92000,-0.79531,0.00000,25.44643,0.00000,0.00000,0,0.00000,0.00000,0.00000,0.00000,,,,,,,,REJECTED,-,0.00000,0,0,0.00000
full125,0.70000,600000.00000,120.00000,30.00000,30.00000,28.00000,0.10000,REACHABLE,REJECTED,VALIDATION_FAILED,VALIDATION_FAILED,FAILED,10122.00000,37.84212,0,0,0.00000,0.00000,0.00000,0.01809,0.01867,-3.09205,61.22111,60.00000,1.22111,1.21552,1.12000,0.09552,10.22283,10.17857,46.68616,736.00006,67,-0.00000,0.07701,0.10000,0.09999,,,,,,,,REJECTED,mae,0.10000,4716,2760,1.00000
full133,0.70000,600000.00000,180.00000,15.00000,8.00000,28.00000,0.10000,REACHABLE,ACCEPTED,SUCCESS,NONE,SUCCESS,6594.00000,37.85920,0,0,37.26214,0.11499,0.00000,0.01832,0.01867,-1.83918,28.40555,23.00000,5.40555,0.66399,0.42933,0.23466,15.33218,15.26786,81.97672,385.33337,66,0.09943,0.00152,0.01000,0.09943,0.05793,0.04294,0.04711,0.01007,1234,0,0,ACCEPTED_GOOD,-,0.10000,3245,1445,1.00000
full141,0.70000,600000.00000,300.00000,0.00000,3.00000,28.00000,0.10000,REACHABLE,ACCEPTED,SUCCESS,NONE,SUCCESS,5440.00000,37.78295,0,0,59.27548,0.44778,0.00000,0.01834,0.01867,-1.74823,9.09437,3.00000,6.09437,0.25695,0.05600,0.20095,25.54839,25.44643,130.40605,206.66667,64,-0.00005,0.03853,0.10000,0.09854,0.05080,0.02100,0.02161,0.00181,1279,0,0,ACCEPTED_GOOD,-,0.10000,3150,1350,1.00000
full149,0.70000,600000.00000,300.00000,120.00000,30.00000,28.00000,0.10000,REACHABLE,REJECTED,RELAY_FAILED,PREHEAT_TIMEOUT,FAILED,3502.00000,36.27799,0,0,0.00000,0.00000,0.00000,0.01697,0.01867,-9.10136,146.44116,150.00000,-3.55884,2.01185,2.80000,-0.78815,0.00000,25.44643,0.00000,0.00000,0,0.00000,0.00000,0.00000,0.00000,,,,,,,,REJECTED,-,0.00000,0,0,0.00000
full157,0.70000,1600000.00000,120.00000,60.00000,8.00000,28.00000,0.10000,REACHABLE,REJECTED,RELAY_FAILED,TOTAL_TIMEOUT,FAILED,7004.00000,37.86091,0,0,0.00000,0.00000,0.00000,0.00702,0.00700,0.35265,74.90578,68.00000,6.90578,0.65401,0.47600,0.17801,0.00000,10.17857,0.00000,0.00000,0,0.00000,0.00000,0.00000,0.00000,,,,,,,,REJECTED,-,0.00000,0,0,0.00000
full165,0.70000,1600000.00000,180.00000,30.00000,3.00000,28.00000,0.10000,REACHABLE,ACCEPTED,SUCCESS,NONE,SUCCESS,11668.00000,37.85885,0,0,49.83917,0.10479,0.00000,0.00648,0.00700,-7.48407,43.56196,33.00000,10.56196,0.28806,0.23100,0.05706,15.34426,15.26786,109.64618,813.33337,67,0.09999,0.00701,0.10000,0.19999,-0.02356,0.05976,0.08229,0.05272,2372,0,0,ACCEPTED_GOOD,-,0.10000,4850,3050,1.00000
full173,0.70000,1600000.00000,300.00000,15.00000,30.00000,28.00000,0.10000,REACHABLE,REJECTED,MODEL_INVALID,MODEL_INVALID,FAILED,1414.00000,30.17947,0,0,0.00000,0.00000,0.00000,0.00000,0.00700,0.00000,0.00000,45.00000,0.00000,0.00000,0.31500,0.00000,0.00000,25.44643,0.00000,0.00000,0,0.00000,0.00000,0.00000,0.00000,,,,,,,,REJECTED,-,0.00000,0,0,0.00000
full181,1.00000,180000.00000,120.00000,0.00000,8.00000,28.00000,0.10000,REACHABLE,ACCEPTED,SUCCESS,NONE,SUCCESS,4674.00000,37.87714,0,0,21.97132,0.13018,0.00000,0.08582,0.08889,-3.45514,12.87756,8.00000,4.87756,0.99638,0.71111,0.28526,7.18623,7.12500,48.33690,164.66669,67,-0.00000,0.00015,0.01000,0.03750,0.05112,0.04202,0.04324,0.00400,1135,0,0,ACCEPTED_GOOD,-,0.10000,3150,1350,1.00000
full189,1.00000,180000.00000,120.00000,120.00000,3.00000,28.00000,0.10000,SAFETY_LIMITED,REJECTED,POWER_LIMITED,NONE,FAILED,1212.00000,35.51261,0,0,0.00000,0.00000,0.00000,0.08218,0.08889,-7.54536,126.79866,123.00000,3.79866,10.43678,10.93333,-0.49655,0.00000,7.12500,0.00000,0.00000,0,0.00000,0.00000,0.00000,0.00000,,,,,,,,REJECTED,-,0.00000,0,0,0.00000
full197,1.00000,180000.00000,180.00000,60.00000,30.00000,28.00000,0.10000,SAFETY_LIMITED,REJECTED,POWER_LIMITED,NONE,FAILED,994.00000,35.82807,0,0,0.00000,0.00000,0.00000,0.07129,0.08889,-19.79892,84.69592,90.00000,-5.30408,6.46511,8.00000,-1.53489,0.00000,10.68750,0.00000,0.00000,0,0.00000,0.00000,0.00000,0.00000,,,,,,,,REJECTED,-,0.00000,0,0,0.00000
full205,1.00000,180000.00000,300.00000,30.00000,8.00000,28.00000,0.10000,SAFETY_LIMITED,REJECTED,VALIDATION_FAILED,VALIDATION_FAILED,FAILED,5888.00000,37.89173,0,0,0.00000,0.00000,0.00000,0.07800,0.08889,-12.25493,42.91589,38.00000,4.91589,2.78935,3.37778,-0.58843,17.48538,17.81250,24.44283,342.00003,67,0.09403,0.11929,0.25000,0.39401,,,,,,,,REJECTED,mae,0.10000,3207,1407,0.13333
full213,1.00000,600000.00000,120.00000,15.00000,3.00000,28.00000,0.10000,REACHABLE,ACCEPTED,SUCCESS,NONE,SUCCESS,6994.00000,37.87311,0,0,25.66929,0.08893,0.00000,0.02754,0.02667,3.27498,24.86493,18.00000,6.86493,0.67743,0.48000,0.19743,7.19562,7.12500,56.47243,456.66669,67,0.09964,0.00129,0.01000,0.06133,0.05842,0.01415,0.03000,0.03531,1033,0,0,ACCEPTED_GOOD,-,0.10000,3512,1712,1.00000
full221,1.00000,600000.00000,180.00000,0.00000,30.00000,28.00000,0.10000,REACHABLE,ACCEPTED,SUCCESS,NONE,SUCCESS,6604.00000,37.82788,0,0,28.93917,0.09621,0.00000,0.02357,0.02667,-11.61178,26.07800,30.00000,-3.92200,0.67190,0.80000,-0.12810,10.77670,10.68750,63.66619,412.00003,67,-0.00000,0.00233,0.02000,0.08474,0.05695,0.03275,0.03777,0.01193,1220,0,0,ACCEPTED_GOOD,-,0.10000,3345,1545,1.00000
full229,1.00000,600000.00000,180.00000,120.00000,8.00000,28.00000,0.10000,SAFETY_LIMITED,REJECTED,RELAY_FAILED,TOTAL_TIMEOUT,FAILED,6308.00000,37.81645,0,0,0.00000,0.00000,0.00000,0.02504,0.02667,-6.08904,131.52167,128.00000,3.52167,3.07212,3.41333,-0.34122,0.00000,10.68750,0.00000,0.00000,0,0.00000,0.00000,0.00000,0.00000,,,,,,,,REJECTED,-,0.00000,0,0,0.00000
full237,1.00000,600000.00000,300.00000,60.00000,3.00000,28.00000,0.10000,REACHABLE,REJECTED,VALIDATION_FAILED,VALIDATION_FAILED,FAILED,9550.00000,37.86242,0,0,0.00000,0.00000,0.00000,0.02526,0.02667,-5.26644,68.36942,63.00000,5.36942,1.65563,1.68000,-0.02437,17.66767,17.81250,35.65128,666.00006,68,-0.10000,0.14673,0.20000,0.09999,,,,,,,,REJECTED,mae,0.10000,4668,2497,1.00000
full245,1.00000,1600000.00000,120.00000,30.00000,30.00000,28.00000,0.10000,REACHABLE,REJECTED,RELAY_FAILED,TOTAL_TIMEOUT,FAILED,6484.00000,37.85625,0,0,0.00000,0.00000,0.00000,0.00973,0.01000,-2.69911,61.20028,60.00000,1.20028,0.65546,0.60000,0.05546,0.00000,7.12500,0.00000,0.00000,0,0.00000,0.00000,0.00000,0.00000,,,,,,,,REJECTED,-,0.00000,0,0,0.00000
full253,1.00000,1600000.00000,180.00000,15.00000,8.00000,28.00000,0.10000,REACHABLE,ACCEPTED,SUCCESS,NONE,SUCCESS,9944.00000,37.86728,0,0,49.61533,0.14916,0.00000,0.00984,0.01000,-1.58703,29.26289,23.00000,6.26289,0.25240,0.23000,0.02240,10.71428,10.68750,109.15373,746.66675,67,-0.00000,0.00000,0.01000,0.00000,-0.03048,0.05630,0.07406,0.04201,1584,0,0,ACCEPTED_GOOD,-,0.10000,4600,2800,1.00000
full261,1.00000,1600000.00000,300.00000,0.00000,3.00000,28.00000,0.10000,REACHABLE,REJECTED,MODEL_INVALID,MODEL_INVALID,FAILED,1708.00000,31.76509,0,0,0.00000,0.00000,0.00000,0.00000,0.01000,0.00000,0.00000,3.00000,0.00000,0.00000,0.03000,0.00000,0.00000,17.81250,0.00000,0.00000,0,0.00000,0.00000,0.00000,0.00000,,,,,,,,REJECTED,-,0.00000,0,0,0.00000
full269,1.00000,1600000.00000,300.00000,120.00000,30.00000,28.00000,0.10000,REACHABLE,REJECTED,RELAY_FAILED,PREHEAT_TIMEOUT,FAILED,3960.00000,37.19738,0,0,0.00000,0.00000,0.00000,0.00962,0.01000,-3.80961,151.16470,150.00000,1.16470,1.21411,1.50000,-0.28589,0.00000,17.81250,0.00000,0.00000,0,0.00000,0.00000,0.00000,0.00000,,,,,,,,REJECTED,-,0.00000,0,0,0.00000
full277,1.20000,180000.00000,120.00000,60.00000,8.00000,28.00000,0.10000,SAFETY_LIMITED,REJECTED,POWER_LIMITED,NONE,FAILED,908.00000,36.07795,0,0,0.00000,0.00000,0.00000,0.11691,0.10667,9.60104,74.15557,68.00000,6.15557,7.18699,7.25333,-0.06634,0.00000,5.93750,0.00000,0.00000,0,0.00000,0.00000,0.00000,0.00000,,,,,,,,REJECTED,-,0.00000,0,0,0.00000
full285,1.20000,180000.00000,180.00000,30.00000,3.00000,28.00000,0.10000,SAFETY_LIMITED,ACCEPTED,SUCCESS,NONE,SUCCESS,5682.00000,37.89209,0,0,7.61794,0.01760,0.00000,0.10223,0.10667,-4.16163,39.27702,33.00000,6.27702,3.52692,3.52000,0.00692,8.85276,8.90625,16.75947,326.00003,67,0.09999,0.02470,0.10000,0.19999,-0.01828,0.04477,0.04733,0.00596,1690,0,0,ACCEPTED_GOOD,-,0.10000,3150,1350,1.00000
full293,1.20000,180000.00000,300.00000,15.00000,30.00000,28.00000,0.10000,SAFETY_LIMITED,REJECTED,VALIDATION_FAILED,VALIDATION_FAILED,FAILED,10342.00000,37.76653,0,0,0.00000,0.00000,0.00000,0.08384,0.10667,-21.39856,39.80127,45.00000,-5.19873,3.51853,4.80000,-1.28147,14.54884,14.84375,18.52326,860.00006,67,0.09999,0.05815,0.10000,0.29985,,,,,,,,REJECTED,ripple,0.10000,5025,3225,1.00000
full301,1.20000,600000.00000,120.00000,0.00000,8.00000,28.00000,0.10000,REACHABLE,ACCEPTED,SUCCESS,NONE,SUCCESS,6480.00000,37.92037,0,0,51.16849,0.29196,0.00000,0.03184,0.03200,-0.51346,13.52563,8.00000,5.52563,0.27522,0.25600,0.01922,5.99049,5.93750,112.57069,420.66669,66,-0.00000,0.00000,0.01000,0.00000,0.05026,0.01664,0.02054,0.00927,1077,0,0,ACCEPTED_GOOD,-,0.10000,3377,1577,1.00000
full309,1.20000,600000.00000,120.00000,120.00000,3.00000,28.00000,0.10000,SAFETY_LIMITED,REJECTED,RELAY_FAILED,TOTAL_TIMEOUT,FAILED,6288.00000,37.86438,0,0,0.00000,0.00000,0.00000,0.03089,0.03200,-3.45584,128.19756,123.00000,5.19756,3.88366,3.93600,-0.05234,0.00000,5.93750,0.00000,0.00000,0,0.00000,0.00000,0.00000,0.00000,,,,,,,,REJECTED,-,0.00000,0,0,0.00000
full317,1.20000,600000.00000,180.00000,60.00000,30.00000,28.00000,0.10000,REACHABLE,REJECTED,RELAY_FAILED,TOTAL_TIMEOUT,FAILED,6074.00000,37.81126,0,0,0.00000,0.00000,0.00000,0.02926,0.03200,-8.54978,90.80899,90.00000,0.80899,2.67763,2.88000,-0.20237,0.00000,8.90625,0.00000,0.00000,0,0.00000,0.00000,0.00000,0.00000,,,,,,,,REJECTED,-,0.00000,0,0,0.00000
full325,1.20000,600000.00000,300.00000,30.00000,8.00000,28.00000,0.10000,REACHABLE,ACCEPTED,SUCCESS,NONE,SUCCESS,6332.00000,37.89621,0,0,20.25961,0.04236,0.00000,0.02994,0.03200,-6.42778,43.82629,38.00000,5.82629,1.24171,1.21600,0.02571,14.85217,14.84375,44.57115,383.33337,67,0.09999,0.01673,0.10000,0.19999,0.06968,0.03250,0.03325,0.00233,1321,0,0,ACCEPTED_GOOD,-,0.10000,3237,1437,1.00000
full333,1.20000,1600000.00000,120.00000,15.00000,3.00000,28.00000,0.10000,REACHABLE,ACCEPTED,SUCCESS,NONE,SUCCESS,11676.00000,37.88317,0,0,49.64726,0.16824,0.00000,0.01215,0.01200,1.23462,25.51037,18.00000,7.51037,0.25349,0.21600,0.03749,5.99201,5.93750,109.22398,1001.33337,67,0.09821,0.00048,0.01000,0.09822,-0.02838,0.04572,0.06434,0.03720,1342,0,0,ACCEPTED_GOOD,-,0.10000,5555,3755,1.00000
full341,1.20000,1600000.00000,180.00000,0.00000,30.00000,28.00000,0.10000,REACHABLE,ACCEPTED,SUCCESS,NONE,SUCCESS,10178.00000,37.89006,0,0,49.77268,0.14218,0.00000,0.01141,0.01200,-4.95041,31.00675,30.00000,1.00675,0.25330,0.36000,-0.10670,8.97756,8.90625,109.49989,802.00000,66,-0.00000,0.00000,0.01000,0.00000,-0.03561,0.05092,0.06152,0.02647,1478,0,0,ACCEPTED_GOOD,-,0.10000,4807,3007,1.00000
full349,1.20000,1600000.00000,180.00000,120.00000,8.00000,28.00000,0.10000,REACHABLE,REJECTED,RELAY_FAILED,TOTAL_TIMEOUT,FAILED,6684.00000,37.80708,0,0,0.00000,0.00000,0.00000,0.01159,0.01200,-3.41683,132.72823,128.00000,4.72823,1.26770,1.53600,-0.26830,0.00000,8.90625,0.00000,0.00000,0,0.00000,0.00000,0.00000,0.00000,,,,,,,,REJECTED,-,0.00000,0,0,0.00000
full357,1.20000,1600000.00000,300.00000,60.00000,3.00000,28.00000,0.10000,REACHABLE,REJECTED,VALIDATION_FAILED,VALIDATION_FAILED,FAILED,10586.00000,37.90787,0,0,0.00000,0.00000,0.00000,0.01172,0.01200,-2.34130,69.99052,63.00000,6.99052,0.80721,0.75600,0.05121,14.88649,14.84375,57.67194,740.00006,68,-0.00000,0.08668,0.10000,0.09999,,,,,,,,REJECTED,mae,0.10000,4994,2775,1.00000
full365,1.50000,180000.00000,120.00000,30.00000,30.00000,28.00000,0.10000,SAFETY_LIMITED,REJECTED,RELAY_FAILED,TOTAL_TIMEOUT,FAILED,5668.00000,37.75576,0,0,0.00000,0.00000,0.00000,0.10075,0.13333,-24.43616,53.76425,60.00000,-6.23575,7.47745,8.00000,-0.52255,0.00000,4.75000,0.00000,0.00000,0,0.00000,0.00000,0.00000,0.00000,,,,,,,,REJECTED,-,0.00000,0,0,0.00000
full373,1.50000,180000.00000,180.00000,15.00000,8.00000,28.00000,0.10000,SAFETY_LIMITED,ACCEPTED,SUCCESS,NONE,SUCCESS,5020.00000,37.90765,0,0,8.91867,0.02767,0.00000,0.12640,0.13333,-5.20035,28.23384,23.00000,5.23384,3.18108,3.06667,0.11442,7.14804,7.12500,19.62108,220.66669,67,0.09978,0.00000,0.01000,0.00000,-0.02573,0.03617,0.03786,0.00438,1432,0,0,ACCEPTED_GOOD,-,0.10000,3150,1350,1.00000
full381,1.50000,180000.00000,300.00000,0.00000,3.00000,28.00000,0.10000,REACHABLE,REJECTED,VALIDATION_FAILED,VALIDATION_FAILED,FAILED,4166.00000,37.95322,0,0,0.00000,0.00000,0.00000,0.12842,0.13333,-3.68715,9.65685,3.00000,6.65685,0.89327,0.40000,0.49327,11.97581,11.87500,61.82388,82.66667,67,-0.00000,0.02154,0.09000,0.09058,,,,,,,,REJECTED,not-steady,0.10000,3150,1350,0.00000
full389,1.50000,180000.00000,300.00000,120.00000,30.00000,28.00000,0.10000,SAFETY_LIMITED,REJECTED,POWER_LIMITED,NONE,FAILED,1222.00000,34.19451,0,0,0.00000,0.00000,0.00000,0.12517,0.13333,-6.12481,141.89423,150.00000,-8.10577,15.22420,20.00000,-4.77580,0.00000,11.87500,0.00000,0.00000,0,0.00000,0.00000,0.00000,0.00000,,,,,,,,REJECTED,-,0.00000,0,0,0.00000
full397,1.50000,600000.00000,120.00000,60.00000,8.00000,28.00000,0.10000,REACHABLE,ACCEPTED,SUCCESS,NONE,SUCCESS,11202.00000,37.85948,0,0,6.54153,0.00838,0.00000,0.04063,0.04000,1.57235,74.09267,68.00000,6.09267,2.69933,2.72000,-0.02067,4.76935,4.75000,14.39137,835.33337,67,-0.00000,0.06547,0.10000,0.09999,0.07799,0.01582,0.04968,0.07611,2166,0,0,ACCEPTED_GOOD,-,0.10000,5475,3132,1.00000
full405,1.50000,600000.00000,180.00000,30.00000,3.00000,28.00000,0.10000,REACHABLE,ACCEPTED,SUCCESS,NONE,SUCCESS,6832.00000,37.89866,0,0,14.88365,0.03383,0.00000,0.03926,0.04000,-1.84737,39.99186,33.00000,6.99186,1.68601,1.32000,0.36601,7.17808,7.12500,32.74404,438.00000,67,0.09999,0.00875,0.10000,0.19983,-0.01970,0.02110,0.02234,0.00329,1012,0,0,ACCEPTED_GOOD,-,0.10000,3442,1642,1.00000
full413,1.50000,600000.00000,300.00000,15.00000,30.00000,28.00000,0.10000,REACHABLE,ACCEPTED,SUCCESS,NONE,SUCCESS,7536.00000,37.80510,0,0,14.88216,0.03142,0.00000,0.03468,0.04000,-13.30006,43.36356,45.00000,-1.63644,1.69076,1.80000,-0.10924,11.85195,11.87500,32.74076,513.33337,67,0.09999,0.00643,0.10000,0.10000,0.07084,0.04252,0.04944,0.02810,1092,0,0,ACCEPTED_GOOD,-,0.10000,3725,1925,1.00000
full421,1.50000,1600000.00000,120.00000,0.00000,8.00000,28.00000,0.10000,REACHABLE,ACCEPTED,SUCCESS,NONE,SUCCESS,10682.00000,37.82739,0,0,60.00000,0.31815,0.00000,0.01503,0.01500,0.20892,14.85917,8.00000,6.85917,0.25501,0.12000,0.13501,4.76821,4.75000,132.72575,906.00012,67,0.06094,0.00024,0.01000,0.06094,0.05030,0.03629,0.03858,0.00531,1098,0,0,ACCEPTED_GOOD,-,0.10000,5197,3397,1.00000
full429,1.50000,1600000.00000,120.00000,120.00000,3.00000,28.00000,0.10000,REACHABLE,REJECTED,RELAY_FAILED,TOTAL_TIMEOUT,FAILED,6608.00000,37.88351,0,0,0.00000,0.00000,0.00000,0.01474,0.01500,-1.71265,128.40846,123.00000,5.40846,2.01323,1.84500,0.16823,0.00000,4.75000,0.00000,0.00000,0,0.00000,0.00000,0.00000,0.00000,,,,,,,,REJECTED,-,0.00000,0,0,0.00000
full437,1.50000,1600000.00000,180.00000,60.00000,30.00000,28.00000,0.10000,REACHABLE,REJECTED,RELAY_FAILED,TOTAL_TIMEOUT,FAILED,6310.00000,37.82147,0,0,0.00000,0.00000,0.00000,0.01500,0.01500,-0.02094,92.50013,90.00000,2.50013,1.21281,1.35000,-0.13719,0.00000,7.12500,0.00000,0.00000,0,0.00000,0.00000,0.00000,0.00000,,,,,,,,REJECTED,-,0.00000,0,0,0.00000
full445,1.50000,1600000.00000,300.00000,30.00000,8.00000,28.00000,0.10000,REACHABLE,ACCEPTED,SUCCESS,NONE,SUCCESS,8588.00000,37.89547,0,0,31.41791,0.06429,0.00000,0.01534,0.01500,2.23762,44.86605,38.00000,6.86605,0.65858,0.57000,0.08858,11.94649,11.87500,69.11939,598.00000,67,0.09999,0.01692,0.10000,0.19999,-0.01154,0.05584,0.09379,0.08500,1586,0,0,ACCEPTED_GOOD,-,0.10000,4042,2242,1.00000
full453,2.00000,180000.00000,120.00000,15.00000,3.00000,28.00000,0.10000,SAFETY_LIMITED,ACCEPTED,SUCCESS,NONE,SUCCESS,5052.00000,37.89857,0,0,5.86583,0.02042,0.00000,0.18827,0.17778,5.90125,24.73244,18.00000,6.73244,3.98410,3.20000,0.78410,3.63636,3.56250,12.90483,227.33336,67,-0.00000,0.00000,0.01000,0.00000,-0.02887,0.04066,0.05037,0.01852,989,0,0,ACCEPTED_GOOD,-,0.10000,3150,1350,1.00000
full461,2.00000,180000.00000,180.00000,0.00000,30.00000,28.00000,0.10000,SAFETY_LIMITED,ACCEPTED,SUCCESS,NONE,SUCCESS,5494.00000,37.78307,0,0,6.61559,0.02446,0.00000,0.12795,0.17778,-28.02627,23.04594,30.00000,-6.95406,4.52606,5.33333,-0.80727,5.38667,5.34375,14.55431,300.00000,64,0.06094,0.00060,0.01000,0.08474,-0.02836,0.02919,0.02992,0.00192,1071,0,0,ACCEPTED_GOOD,-,0.10000,3150,1350,1.00000
full469,2.00000,180000.00000,180.00000,120.00000,8.00000,28.00000,0.10000,SAFETY_LIMITED,REJECTED,POWER_LIMITED,NONE,FAILED,1116.00000,35.26089,0,0,0.00000,0.00000,0.00000,0.13747,0.17778,-22.67457,127.58318,128.00000,-0.41682,20.00000,22.75556,-2.75556,0.00000,5.34375,0.00000,0.00000,0,0.00000,0.00000,0.00000,0.00000,,,,,,,,REJECTED,-,0.00000,0,0,0.00000
full477,2.00000,180000.00000,300.00000,60.00000,3.00000,28.00000,0.10000,SAFETY_LIMITED,REJECTED,POWER_LIMITED,NONE,FAILED,788.00000,35.27890,0,0,0.00000,0.00000,0.00000,0.15222,0.17778,-14.37458,67.35287,63.00000,4.35287,10.47606,11.20000,-0.72394,0.00000,8.90625,0.00000,0.00000,0,0.00000,0.00000,0.00000,0.00000,,,,,,,,REJECTED,-,0.00000,0,0,0.00000
full485,2.00000,600000.00000,120.00000,30.00000,30.00000,28.00000,0.10000,SAFETY_LIMITED,ACCEPTED,SUCCESS,NONE,SUCCESS,11400.00000,37.80376,0,0,5.78754,0.00904,0.00000,0.05106,0.05333,-4.26341,60.04139,60.00000,0.04139,3.12883,3.20000,-0.07117,3.56912,3.56250,12.73259,906.66675,68,-0.00000,0.04685,0.10000,0.09999,-0.02254,0.08084,0.11993,0.09538,1898,0,0,ACCEPTED_GOOD,-,0.10000,5321,3400,1.00000
full493,2.00000,600000.00000,180.00000,15.00000,8.00000,28.00000,0.10000,REACHABLE,ACCEPTED,SUCCESS,NONE,SUCCESS,6252.00000,37.86372,0,0,12.43841,0.03851,0.00000,0.05185,0.05333,-2.78688,28.30331,23.00000,5.30331,1.69852,1.22667,0.47186,5.36269,5.34375,27.36450,386.00000,67,0.09986,0.00000,0.01000,0.00000,-0.00365,0.00508,0.00626,0.00336,1000,0,0,ACCEPTED_GOOD,-,0.10000,3247,1447,1.00000
full501,2.00000,600000.00000,300.00000,0.00000,3.00000,28.00000,0.10000,REACHABLE,ACCEPTED,SUCCESS,NONE,SUCCESS,4792.00000,37.84523,0,0,38.62523,0.27788,0.00000,0.05311,0.05333,-0.41275,9.89985,3.00000,6.89985,0.59800,0.16000,0.43800,9.06977,8.90625,84.97549,172.00002,67,-0.00000,0.00000,0.01000,0.00000,0.00879,0.00588,0.00788,0.00642,932,0,0,ACCEPTED_GOOD,-,0.10000,3150,1350,1.00000
full509,2.00000,600000.00000,300.00000,120.00000,30.00000,28.00000,0.10000,SAFETY_LIMITED,REJECTED,POWER_LIMITED,NONE,FAILED,1458.00000,35.75590,0,0,0.00000,0.00000,0.00000,0.05021,0.05333,-5.86400,147.46278,150.00000,-2.53722,7.15477,8.00000,-0.84523,0.00000,8.90625,0.00000,0.00000,0,0.00000,0.00000,0.00000,0.00000,,,,,,,,REJECTED,-,0.00000,0,0,0.00000
full517,2.00000,1600000.00000,120.00000,60.00000,8.00000,28.00000,0.10000,REACHABLE,REJECTED,RELAY_FAILED,TOTAL_TIMEOUT,FAILED,6120.00000,37.87564,0,0,0.00000,0.00000,0.00000,0.02049,0.02000,2.44852,75.04542,68.00000,7.04542,1.61871,1.36000,0.25871,0.00000,3.56250,0.00000,0.00000,0,0.00000,0.00000,0.00000,0.00000,,,,,,,,REJECTED,-,0.00000,0,0,0.00000
full525,2.00000,1600000.00000,180.00000,30.00000,3.00000,28.00000,0.10000,REACHABLE,ACCEPTED,SUCCESS,NONE,SUCCESS,10056.00000,37.87391,0,0,19.01862,0.04405,0.00000,0.01987,0.02000,-0.64573,39.17805,33.00000,6.17805,0.85129,0.66000,0.19129,5.37490,5.34375,41.84097,807.33337,67,0.09999,0.00819,0.10000,0.19999,-0.01814,0.06210,0.08823,0.05840,1229,0,0,ACCEPTED_GOOD,-,0.10000,4827,3027,1.00000
full533,2.00000,1600000.00000,300.00000,15.00000,30.00000,28.00000,0.10000,REACHABLE,ACCEPTED,SUCCESS,NONE,SUCCESS,8980.00000,37.83516,0,0,22.18557,0.04825,0.00000,0.01758,0.02000,-12.08934,41.98457,45.00000,-3.01543,0.87386,0.90000,-0.02614,8.94184,8.90625,48.80826,653.33344,67,-0.00000,0.05305,0.10000,0.09999,-0.03225,0.06891,0.09187,0.06139,1410,0,0,ACCEPTED_GOOD,-,0.10000,4250,2450,1.00000
full6,0.50000,180000.00000,120.00000,60.00000,3.00000,20.00000,0.01000,REACHABLE,REJECTED,RELAY_FAILED,TOTAL_TIMEOUT,FAILED,5946.00000,37.77259,0,0,0.00000,0.00000,0.00000,0.04136,0.04444,-6.94649,67.46947,63.00000,4.46947,2.56076,2.80000,-0.23924,0.00000,26.25000,0.00000,0.00000,0,0.00000,0.00000,0.00000,0.00000,,,,,,,,REJECTED,-,0.00000,0,0,0.00000
full14,0.50000,180000.00000,180.00000,30.00000,30.00000,20.00000,0.01000,REACHABLE,REJECTED,POWER_LIMITED,NONE,FAILED,1138.00000,35.56965,0,0,0.00000,0.00000,0.00000,0.04004,0.04444,-9.92032,58.59745,60.00000,-1.40255,1.99162,2.66667,-0.67505,0.00000,39.37500,0.00000,0.00000,0,0.00000,0.00000,0.00000,0.00000,,,,,,,,REJECTED,-,0.00000,0,0,0.00000
full22,0.50000,180000.00000,300.00000,15.00000,8.00000,20.00000,0.01000,REACHABLE,REJECTED,POWER_LIMITED,NONE,FAILED,1048.00000,35.59755,0,0,0.00000,0.00000,0.00000,0.04121,0.04444,-7.27345,28.20368,23.00000,5.20368,0.95217,1.02222,-0.07005,0.00000,65.62500,0.00000,0.00000,0,0.00000,0.00000,0.00000,0.00000,,,,,,,,REJECTED,-,0.00000,0,0,0.00000
full30,0.50000,600000.00000,120.00000,0.00000,3.00000,20.00000,0.01000,REACHABLE,ACCEPTED,SUCCESS,NONE,SUCCESS,6160.00000,37.73610,0,0,60.00000,0.43866,0.00000,0.01323,0.01333,-0.77843,9.67787,3.00000,6.67787,0.11498,0.04000,0.07498,26.35359,26.25000,171.80099,241.33336,68,-0.03000,0.03188,0.04000,0.00962,0.01633,0.00397,0.00484,0.00331,2272,0,0,ACCEPTED_GOOD,-,0.01000,2700,900,1.00000
full38,0.50000,600000.00000,120.00000,120.00000,30.00000,20.00000,0.01000,REACHABLE,REJECTED,RELAY_FAILED,PREHEAT_TIMEOUT,FAILED,4448.00000,36.87422,0,0,0.00000,0.00000,0.00000,0.01276,0.01333,-4.27388,150.84077,150.00000,0.84077,1.76044,2.00000,-0.23956,0.00000,26.25000,0.00000,0.00000,0,0.00000,0.00000,0.00000,0.00000,,,,,,,,REJECTED,-,0.00000,0,0,0.00000
full46,0.50000,600000.00000,180.00000,60.00000,8.00000,20.00000,0.01000,REACHABLE,REJECTED,POWER_LIMITED,NONE,FAILED,2292.00000,36.11536,0,0,0.00000,0.00000,0.00000,0.01337,0.01333,0.24114,73.92795,68.00000,5.92795,0.89011,0.90667,-0.01656,0.00000,39.37500,0.00000,0.00000,0,0.00000,0.00000,0.00000,0.00000,,,,,,,,REJECTED,-,0.00000,0,0,0.00000
full54,0.50000,600000.00000,300.00000,30.00000,3.00000,20.00000,0.01000,REACHABLE,REJECTED,POWER_LIMITED,NONE,FAILED,2444.00000,36.18707,0,0,0.00000,0.00000,0.00000,0.01285,0.01333,-3.61531,38.92292,33.00000,5.92292,0.47397,0.44000,0.03397,0.00000,65.62500,0.00000,0.00000,0,0.00000,0.00000,0.00000,0.00000,,,,,,,,REJECTED,-,0.00000,0,0,0.00000
full62,0.50000,1600000.00000,120.00000,15.00000,30.00000,20.00000,0.01000,REACHABLE,ACCEPTED,SUCCESS,NONE,SUCCESS,12570.00000,37.75380,0,0,60.00000,0.11166,0.00000,0.00490,0.00500,-2.02324,49.73286,45.00000,4.73286,0.23090,0.22500,0.00590,26.28673,26.25000,155.92738,748.66675,68,-0.10000,0.10167,0.12000,0.01000,0.00914,0.00428,0.00496,0.00355,5700,0,0,ACCEPTED_GOOD,-,0.01000,3671,1871,1.00000
full70,0.50000,1600000.00000,180.00000,0.00000,8.00000,20.00000,0.01000,REACHABLE,REJECTED,POWER_LIMITED,NONE,FAILED,4922.00000,36.83605,0,0,0.00000,0.00000,0.00000,0.00491,0.00500,-1.76702,13.48601,8.00000,5.48601,0.06986,0.04000,0.02986,0.00000,39.37500,0.00000,0.00000,0,0.00000,0.00000,0.00000,0.00000,,,,,,,,REJECTED,-,0.00000,0,0,0.00000
full78,0.50000,1600000.00000,180.00000,120.00000,3.00000,20.00000,0.01000,REACHABLE,REJECTED,RELAY_FAILED,TOTAL_TIMEOUT,FAILED,9928.00000,37.82922,0,0,0.00000,0.00000,0.00000,0.00487,0.00500,-2.54602,127.59232,123.00000,4.59232,0.59208,0.61500,-0.02292,0.00000,39.37500,0.00000,0.00000,0,0.00000,0.00000,0.00000,0.00000,,,,,,,,REJECTED,-,0.00000,0,0,0.00000
full86,0.50000,1600000.00000,300.00000,60.00000,30.00000,20.00000,0.01000,REACHABLE,REJECTED,POWER_LIMITED,NONE,FAILED,5948.00000,36.31772,0,0,0.00000,0.00000,0.00000,0.00485,0.00500,-2.95878,92.12408,90.00000,2.12408,0.39106,0.45000,-0.05894,0.00000,65.62500,0.00000,0.00000,0,0.00000,0.00000,0.00000,0.00000,,,,,,,,REJECTED,-,0.00000,0,0,0.00000
full94,0.70000,180000.00000,120.00000,30.00000,8.00000,20.00000,0.01000,REACHABLE,ACCEPTED,SUCCESS,NONE,SUCCESS,5982.00000,37.81832,0,0,14.30438,0.03001,0.00000,0.05760,0.06222,-7.43099,43.65786,38.00000,5.65786,2.37074,2.36444,0.00629,18.60899,18.75000,31.46963,400.66669,67,-0.05000,0.05203,0.06000,0.00999,0.00752,0.00349,0.00778,0.01742,1673,0,0,ACCEPTED_GOOD,-,0.01000,2801,1001,1.00000
full102,0.70000,180000.00000,180.00000,15.00000,3.00000,20.00000,0.01000,REACHABLE,ACCEPTED,SUCCESS,NONE,SUCCESS,4502.00000,37.89302,0,0,22.03476,0.07668,0.00000,0.06317,0.06222,1.52349,24.73689,18.00000,6.73689,1.29755,1.12000,0.17755,28.00000,28.12500,57.51040,176.00002,67,-0.05244,0.05984,0.07000,0.01366,0.00089,0.00040,0.00085,0.00198,1108,0,0,ACCEPTED_GOOD,-,0.01000,2700,900,1.00000
full110,0.70000,180000.00000,300.00000,0.00000,30.00000,20.00000,0.01000,REACHABLE,REJECTED,POWER_LIMITED,NONE,FAILED,876.00000,35.75731,0,0,0.00000,0.00000,0.00000,0.05056,0.06222,-18.74408,24.86269,30.00000,-5.13731,1.38138,1.86667,-0.48528,0.00000,46.87500,0.00000,0.00000,0,0.00000,0.00000,0.00000,0.00000,,,,,,,,REJECTED,-,0.00000,0,0,0.00000
full118,0.70000,180000.00000,300.00000,120.00000,8.00000,20.00000,0.01000,SAFETY_LIMITED,REJECTED,POWER_LIMITED,NONE,FAILED,1158.00000,33.48160,0,0,0.00000,0.00000,0.00000,0.05272,0.06222,-15.26974,129.55409,128.00000,1.55409,5.67641,7.96444,-2.28803,0.00000,46.87500,0.00000,0.00000,0,0.00000,0.00000,0.00000,0.00000,,,,,,,,REJECTED,-,0.00000,0,0,0.00000
full126,0.70000,600000.00000,120.00000,60.00000,3.00000,20.00000,0.01000,REACHABLE,REJECTED,VALIDATION_FAILED,VALIDATION_FAILED,FAILED,8660.00000,37.86425,0,0,0.00000,0.00000,0.00000,0.01806,0.01867,-3.26810,69.05885,63.00000,6.05885,1.22737,1.17600,0.05137,18.74286,18.75000,51.57196,560.00000,68,-0.12000,0.12755,0.13000,0.00999,,,,,,,,REJECTED,mae,0.01000,3652,1461,1.00000
full134,0.70000,600000.00000,180.00000,30.00000,30.00000,20.00000,0.01000,REACHABLE,REJECTED,VALIDATION_FAILED,VALIDATION_FAILED,FAILED,7898.00000,37.81808,0,0,0.00000,0.00000,0.00000,0.01778,0.01867,-4.75022,60.76633,60.00000,0.76633,1.03798,1.12000,-0.08202,28.04101,28.12500,71.93208,504.00003,68,-0.19000,0.19133,0.20000,0.00999,,,,,,,,REJECTED,mae,0.01000,3238,1295,1.00000
full142,0.70000,600000.00000,300.00000,15.00000,8.00000,20.00000,0.01000,REACHABLE,REJECTED,POWER_LIMITED,NONE,FAILED,1716.00000,36.40097,0,0,0.00000,0.00000,0.00000,0.01810,0.01867,-3.03835,28.97758,23.00000,5.97758,0.47210,0.42933,0.04277,0.00000,46.87500,0.00000,0.00000,0,0.00000,0.00000,0.00000,0.00000,,,,,,,,REJECTED,-,0.00000,0,0,0.00000
full150,0.70000,1600000.00000,120.00000,0.00000,3.00000,20.00000,0.01000,REACHABLE,ACCEPTED,SUCCESS,NONE,SUCCESS,9132.00000,37.72521,0,0,60.00000,0.44000,0.00000,0.00696,0.00700,-0.54145,9.63649,3.00000,6.63649,0.03335,0.02100,0.01235,18.73973,18.75000,178.79955,486.66669,66,-0.02000,0.02079,0.03000,0.00756,0.04221,0.00282,0.00327,0.00095,3780,0,0,ACCEPTED_GOOD,-,0.01000,3016,1216,1.00000
full158,0.70000,1600000.00000,120.00000,120.00000,30.00000,20.00000,0.01000,REACHABLE,REJECTED,RELAY_FAILED,TOTAL_TIMEOUT,FAILED,8672.00000,37.78611,0,0,0.00000,0.00000,0.00000,0.00686,0.00700,-2.03899,153.10748,150.00000,3.10748,1.02467,1.05000,-0.02533,0.00000,18.75000,0.00000,0.00000,0,0.00000,0.00000,0.00000,0.00000,,,,,,,,REJECTED,-,0.00000,0,0,0.00000
full166,0.70000,1600000.00000,180.00000,60.00000,8.00000,20.00000,0.01000,REACHABLE,REJECTED,VALIDATION_FAILED,VALIDATION_FAILED,FAILED,11520.00000,37.84818,0,0,0.00000,0.00000,0.00000,0.00705,0.00700,0.71468,74.32329,68.00000,6.32329,0.47738,0.47600,0.00138,28.17221,28.12500,111.35718,681.33344,67,-0.22001,0.22537,0.24000,0.01000,,,,,,,,REJECTED,mae,0.01000,4053,1703,1.00000
full174,0.70000,1600000.00000,300.00000,30.00000,3.00000,20.00000,0.01000,REACHABLE,REJECTED,POWER_LIMITED,NONE,FAILED,3810.00000,36.61687,0,0,0.00000,0.00000,0.00000,0.00681,0.00700,-2.74912,38.09132,33.00000,5.09132,0.25732,0.23100,0.02632,0.00000,46.87500,0.00000,0.00000,0,0.00000,0.00000,0.00000,0.00000,,,,,,,,REJECTED,-,0.00000,0,0,0.00000
full182,1.00000,180000.00000,120.00000,15.00000,30.00000,20.00000,0.01000,SAFETY_LIMITED,ACCEPTED,SUCCESS,NONE,SUCCESS,8076.00000,37.73721,0,0,9.92513,0.02156,0.00000,0.07372,0.08889,-17.05963,42.03123,45.00000,-2.96877,3.64640,4.00000,-0.35360,12.98193,13.12500,21.83528,664.00006,67,-0.04000,0.04217,0.05000,0.00999,0.00787,0.00275,0.00540,0.00697,1460,0,0,ACCEPTED_GOOD,-,0.01000,3460,1660,1.00000
full190,1.00000,180000.00000,180.00000,0.00000,8.00000,20.00000,0.01000,REACHABLE,ACCEPTED,SUCCESS,NONE,SUCCESS,3956.00000,37.85805,0,0,27.08833,0.15583,0.00000,0.08495,0.08889,-4.43401,13.38309,8.00000,5.38309,1.05587,0.71111,0.34476,19.84713,19.68750,73.46387,104.66667,68,-0.04023,0.04841,0.05000,0.00976,0.00563,0.00238,0.00447,0.01112,1253,0,0,ACCEPTED_GOOD,-,0.01000,2700,900,1.00000
full198,1.00000,180000.00000,180.00000,120.00000,3.00000,20.00000,0.01000,SAFETY_LIMITED,REJECTED,POWER_LIMITED,NONE,FAILED,1190.00000,33.69692,0,0,0.00000,0.00000,0.00000,0.08137,0.08889,-8.45703,126.37230,123.00000,3.37230,9.67622,10.93333,-1.25712,0.00000,19.68750,0.00000,0.00000,0,0.00000,0.00000,0.00000,0.00000,,,,,,,,REJECTED,-,0.00000,0,0,0.00000
full206,1.00000,180000.00000,300.00000,60.00000,30.00000,20.00000,0.01000,SAFETY_LIMITED,REJECTED,POWER_LIMITED,NONE,FAILED,938.00000,34.48231,0,0,0.00000,0.00000,0.00000,0.06992,0.08889,-21.34235,84.62775,90.00000,-5.37225,5.76892,8.00000,-2.23108,0.00000,32.81250,0.00000,0.00000,0,0.00000,0.00000,0.00000,0.00000,,,,,,,,REJECTED,-,0.00000,0,0,0.00000
full214,1.00000,600000.00000,120.00000,30.00000,8.00000,20.00000,0.01000,REACHABLE,ACCEPTED,SUCCESS,NONE,SUCCESS,6380.00000,37.85187,0,0,23.85012,0.04913,0.00000,0.02730,0.02667,2.37807,44.54765,38.00000,6.54765,1.12965,1.01333,0.11631,13.18771,13.12500,52.47026,390.66669,67,-0.04000,0.04000,0.05000,0.00000,0.00762,0.00269,0.00481,0.00789,1831,0,0,ACCEPTED_GOOD,-,0.01000,2776,976,1.00000
full222,1.00000,600000.00000,180.00000,15.00000,3.00000,20.00000,0.01000,REACHABLE,ACCEPTED,SUCCESS,NONE,SUCCESS,5248.00000,37.87168,0,0,41.84805,0.14453,0.00000,0.02753,0.02667,3.21890,24.95457,18.00000,6.95457,0.61281,0.48000,0.13281,19.73178,19.68750,92.06572,228.66669,67,-0.05001,0.05687,0.06000,0.00998,-0.00110,0.00224,0.00286,0.00208,1322,0,0,ACCEPTED_GOOD,-,0.01000,2700,900,1.00000
full230,1.00000,600000.00000,300.00000,0.00000,30.00000,20.00000,0.01000,REACHABLE,REJECTED,POWER_LIMITED,NONE,FAILED,2610.00000,37.77814,0,0,0.00000,0.00000,0.00000,0.02275,0.02667,-14.67064,26.27457,30.00000,-3.72543,0.77000,0.80000,-0.03000,32.79948,32.81250,113.89702,256.00000,0,0.00000,0.00000,0.00000,0.00000,,,,,,,,REJECTED,-,0.00000,0,0,0.00000
full238,1.00000,600000.00000,300.00000,120.00000,8.00000,20.00000,0.01000,SAFETY_LIMITED,REJECTED,POWER_LIMITED,NONE,FAILED,1758.00000,35.15928,0,0,0.00000,0.00000,0.00000,0.02435,0.02667,-8.70532,129.34074,128.00000,1.34074,2.86596,3.41333,-0.54737,0.00000,32.81250,0.00000,0.00000,0,0.00000,0.00000,0.00000,0.00000,,,,,,,,REJECTED,-,0.00000,0,0,0.00000
full246,1.00000,1600000.00000,120.00000,60.00000,3.00000,20.00000,0.01000,REACHABLE,ACCEPTED,SUCCESS,NONE,SUCCESS,10960.00000,37.84884,0,0,32.05838,0.04406,0.00000,0.00975,0.01000,-2.45604,68.76334,63.00000,5.76334,0.68700,0.63000,0.05700,13.15115,13.12500,70.52843,780.66675,68,-0.05000,0.05418,0.06000,0.00999,0.00931,0.00394,0.00830,0.01912,3242,0,0,ACCEPTED_GOOD,-,0.01000,4134,1951,1.00000
full254,1.00000,1600000.00000,180.00000,30.00000,30.00000,20.00000,0.01000,REACHABLE,REJECTED,VALIDATION_FAILED,VALIDATION_FAILED,FAILED,9892.00000,37.80920,0,0,0.00000,0.00000,0.00000,0.00967,0.01000,-3.31007,61.86908,60.00000,1.86908,0.63120,0.60000,0.03120,19.72518,19.68750,92.35076,638.00000,67,-0.12000,0.12358,0.13000,0.00999,,,,,,,,REJECTED,mae,0.01000,3571,1595,1.00000
full262,1.00000,1600000.00000,300.00000,15.00000,8.00000,20.00000,0.01000,REACHABLE,REJECTED,POWER_LIMITED,NONE,FAILED,4554.00000,37.76542,0,0,0.00000,0.00000,0.00000,0.00981,0.01000,-1.93645,28.96389,23.00000,5.96389,0.26836,0.23000,0.03836,32.83993,32.81250,142.23849,387.33337,0,0.00000,0.00000,0.00000,0.00000,,,,,,,,REJECTED,-,0.00000,0,0,0.00000
full270,1.20000,180000.00000,120.00000,0.00000,3.00000,20.00000,0.01000,REACHABLE,ACCEPTED,SUCCESS,NONE,SUCCESS,3856.00000,37.89810,0,0,28.01718,0.20430,0.00000,0.10411,0.10667,-2.40063,9.71387,3.00000,6.71387,0.84387,0.32000,0.52387,11.15493,10.93750,68.19788,94.66667,67,-0.00006,0.00606,0.01000,0.00993,0.00852,0.00179,0.00421,0.01235,942,0,0,ACCEPTED_GOOD,-,0.01000,2700,900,1.00000
full278,1.20000,180000.00000,120.00000,120.00000,30.00000,20.00000,0.01000,SAFETY_LIMITED,REJECTED,POWER_LIMITED,NONE,FAILED,1402.00000,34.17853,0,0,0.00000,0.00000,0.00000,0.10206,0.10667,-4.32095,143.61372,150.00000,-6.38628,14.15551,16.00000,-1.84449,0.00000,10.93750,0.00000,0.00000,0,0.00000,0.00000,0.00000,0.00000,,,,,,,,REJECTED,-,0.00000,0,0,0.00000
full286,1.20000,180000.00000,180.00000,60.00000,8.00000,20.00000,0.01000,SAFETY_LIMITED,REJECTED,POWER_LIMITED,NONE,FAILED,870.00000,34.93006,0,0,0.00000,0.00000,0.00000,0.11490,0.10667,7.71818,73.54118,68.00000,5.54118,6.80903,7.25333,-0.44431,0.00000,16.40625,0.00000,0.00000,0,0.00000,0.00000,0.00000,0.00000,,,,,,,,REJECTED,-,0.00000,0,0,0.00000
full294,1.20000,180000.00000,300.00000,30.00000,3.00000,20.00000,0.01000,SAFETY_LIMITED,REJECTED,POWER_LIMITED,NONE,FAILED,718.00000,35.22267,0,0,0.00000,0.00000,0.00000,0.09909,0.10667,-7.10496,38.56849,33.00000,5.56849,3.40289,3.52000,-0.11711,0.00000,27.34375,0.00000,0.00000,0,0.00000,0.00000,0.00000,0.00000,,,,,,,,REJECTED,-,0.00000,0,0,0.00000
full302,1.20000,600000.00000,120.00000,15.00000,30.00000,20.00000,0.01000,REACHABLE,ACCEPTED,SUCCESS,NONE,SUCCESS,6770.00000,37.79815,0,0,20.07962,0.04089,0.00000,0.03037,0.03200,-5.10614,45.10966,45.00000,0.10966,1.49111,1.44000,0.05111,10.95789,10.93750,44.17516,443.33337,67,-0.04000,0.04058,0.05000,0.00997,0.00787,0.00203,0.00311,0.00248,1702,0,0,ACCEPTED_GOOD,-,0.01000,2908,1108,1.00000
full310,1.20000,600000.00000,180.00000,0.00000,8.00000,20.00000,0.01000,REACHABLE,ACCEPTED,SUCCESS,NONE,SUCCESS,4794.00000,37.83684,0,0,60.00000,0.32851,0.00000,0.03129,0.03200,-2.21487,14.26445,8.00000,6.26445,0.42603,0.25600,0.17003,16.53992,16.40625,132.42508,175.33334,67,-0.02000,0.02271,0.03000,0.00985,0.00510,0.00362,0.00466,0.00284,1093,0,0,ACCEPTED_GOOD,-,0.01000,2700,900,1.00000
full318,1.20000,600000.00000,180.00000,120.00000,3.00000,20.00000,0.01000,SAFETY_LIMITED,REJECTED,RELAY_FAILED,PREHEAT_TIMEOUT,FAILED,3398.00000,36.59520,0,0,0.00000,0.00000,0.00000,0.03061,0.03200,-4.33864,127.44262,123.00000,4.44262,3.73979,3.93600,-0.19621,0.00000,16.40625,0.00000,0.00000,0,0.00000,0.00000,0.00000,0.00000,,,,,,,,REJECTED,-,0.00000,0,0,0.00000
full326,1.20000,600000.00000,300.00000,60.00000,30.00000,20.00000,0.01000,REACHABLE,REJECTED,RELAY_FAILED,PREHEAT_TIMEOUT,FAILED,3282.00000,36.89361,0,0,0.00000,0.00000,0.00000,0.02859,0.03200,-10.65731,89.93503,90.00000,-0.06497,2.35670,2.88000,-0.52330,0.00000,27.34375,0.00000,0.00000,0,0.00000,0.00000,0.00000,0.00000,,,,,,,,REJECTED,-,0.00000,0,0,0.00000
full334,1.20000,1600000.00000,120.00000,30.00000,8.00000,20.00000,0.01000,REACHABLE,ACCEPTED,SUCCESS,NONE,SUCCESS,9020.00000,37.85284,0,0,40.60943,0.08312,0.00000,0.01229,0.01200,2.38949,44.85576,38.00000,6.85576,0.51907,0.45600,0.06307,10.97925,10.93750,89.34075,642.66669,67,-0.03000,0.03050,0.04000,0.00994,0.00674,0.00193,0.00239,0.00146,2444,0,0,ACCEPTED_GOOD,-,0.01000,3406,1606,1.00000
full342,1.20000,1600000.00000,180.00000,15.00000,3.00000,20.00000,0.01000,REACHABLE,ACCEPTED,SUCCESS,NONE,SUCCESS,7306.00000,37.82156,0,0,60.00000,0.20533,0.00000,0.01214,0.01200,1.16839,25.22095,18.00000,7.22095,0.25529,0.21600,0.03929,16.47255,16.40625,138.20886,400.66669,67,-0.02000,0.02032,0.03000,0.00755,0.01233,0.00153,0.00322,0.00374,2305,0,0,ACCEPTED_GOOD,-,0.01000,2801,1001,1.00000
full350,1.20000,1600000.00000,300.00000,0.00000,30.00000,20.00000,0.01000,REACHABLE,ACCEPTED,SUCCESS,NONE,SUCCESS,7130.00000,37.76525,0,0,60.00000,0.16467,0.00000,0.01115,0.01200,-7.04848,32.43574,30.00000,2.43574,0.35669,0.36000,-0.00331,27.34177,27.34375,149.41341,368.66672,68,-0.05002,0.05712,0.06000,0.00998,0.00562,0.00429,0.00488,0.00166,2627,0,0,ACCEPTED_GOOD,-,0.01000,2721,921,1.00000
full358,1.20000,1600000.00000,300.00000,120.00000,8.00000,20.00000,0.01000,REACHABLE,REJECTED,RELAY_FAILED,TOTAL_TIMEOUT,FAILED,7490.00000,37.81398,0,0,0.00000,0.00000,0.00000,0.01143,0.01200,-4.73005,131.80498,128.00000,3.80498,1.47254,1.53600,-0.06346,0.00000,27.34375,0.00000,0.00000,0,0.00000,0.00000,0.00000,0.00000,,,,,,,,REJECTED,-,0.00000,0,0,0.00000
full366,1.50000,180000.00000,120.00000,60.00000,3.00000,20.00000,0.01000,SAFETY_LIMITED,REJECTED,POWER_LIMITED,NONE,FAILED,880.00000,35.39620,0,0,0.00000,0.00000,0.00000,0.11934,0.13333,-10.49410,68.24429,63.00000,5.24429,8.57987,8.40000,0.17987,0.00000,8.75000,0.00000,0.00000,0,0.00000,0.00000,0.00000,0.00000,,,,,,,,REJECTED,-,0.00000,0,0,0.00000
full374,1.50000,180000.00000,180.00000,30.00000,30.00000,20.00000,0.01000,SAFETY_LIMITED,REJECTED,POWER_LIMITED,NONE,FAILED,828.00000,35.59585,0,0,0.00000,0.00000,0.00000,0.10000,0.13333,-25.00032,53.49271,60.00000,-6.50729,6.90174,8.00000,-1.09826,0.00000,13.12500,0.00000,0.00000,0,0.00000,0.00000,0.00000,0.00000,,,,,,,,REJECTED,-,0.00000,0,0,0.00000
full382,1.50000,180000.00000,300.00000,15.00000,8.00000,20.00000,0.01000,SAFETY_LIMITED,ACCEPTED,SUCCESS,NONE,SUCCESS,5182.00000,37.78497,0,0,10.04587,0.03121,0.00000,0.12368,0.13333,-7.23791,28.19312,23.00000,5.19312,3.06301,3.06667,-0.00366,21.52218,21.87500,26.49265,330.66669,68,-0.05001,0.06040,0.07000,0.01995,-0.00592,0.01395,0.01797,0.01582,1804,0,0,ACCEPTED_GOOD,-,0.01000,2700,900,1.00000
full390,1.50000,600000.00000,120.00000,0.00000,3.00000,20.00000,0.01000,REACHABLE,ACCEPTED,SUCCESS,NONE,SUCCESS,4858.00000,37.88616,0,0,58.42781,0.43951,0.00000,0.03916,0.04000,-2.11093,9.23469,3.00000,6.23469,0.34672,0.12000,0.22672,8.82243,8.75000,128.54118,214.00000,67,-0.00000,0.00000,0.01000,0.00000,0.00542,0.00231,0.00417,0.00851,880,0,0,ACCEPTED_GOOD,-,0.01000,2700,900,1.00000
full398,1.50000,600000.00000,120.00000,120.00000,30.00000,20.00000,0.01000,SAFETY_LIMITED,REJECTED,RELAY_FAILED,PREHEAT_TIMEOUT,FAILED,3476.00000,36.46769,0,0,0.00000,0.00000,0.00000,0.03865,0.04000,-3.38159,149.99026,150.00000,-0.00974,5.69330,6.00000,-0.30670,0.00000,8.75000,0.00000,0.00000,0,0.00000,0.00000,0.00000,0.00000,,,,,,,,REJECTED,-,0.00000,0,0,0.00000
full406,1.50000,600000.00000,180.00000,60.00000,8.00000,20.00000,0.01000,REACHABLE,REJECTED,VALIDATION_FAILED,VALIDATION_FAILED,FAILED,8884.00000,37.82679,0,0,0.00000,0.00000,0.00000,0.04024,0.04000,0.59984,73.98664,68.00000,5.98664,2.70995,2.72000,-0.01005,13.06542,13.12500,25.97100,642.00000,67,-0.18023,0.18969,0.20000,0.00977,,,,,,,,REJECTED,mae,0.01000,3944,1605,1.00000
full414,1.50000,600000.00000,300.00000,30.00000,3.00000,20.00000,0.01000,REACHABLE,ACCEPTED,SUCCESS,NONE,SUCCESS,5464.00000,37.87451,0,0,22.45983,0.05176,0.00000,0.03876,0.04000,-3.10237,39.39098,33.00000,6.39098,1.43038,1.32000,0.11038,21.82432,21.87500,49.41162,296.00000,67,-0.06001,0.06051,0.07000,0.00962,0.00629,0.00315,0.00456,0.01007,1503,0,0,ACCEPTED_GOOD,-,0.01000,2700,900,1.00000
full422,1.50000,1600000.00000,120.00000,15.00000,30.00000,20.00000,0.01000,REACHABLE,ACCEPTED,SUCCESS,NONE,SUCCESS,9116.00000,37.80231,0,0,30.28717,0.06128,0.00000,0.01435,0.01500,-4.31190,45.42561,45.00000,0.42561,0.74835,0.67500,0.07335,8.80313,8.75000,66.63178,680.66675,67,-0.01000,0.01642,0.02000,0.00999,0.00798,0.00171,0.00339,0.00585,2152,0,0,ACCEPTED_GOOD,-,0.01000,3501,1701,1.00000
full430,1.50000,1600000.00000,180.00000,0.00000,8.00000,20.00000,0.01000,REACHABLE,ACCEPTED,SUCCESS,NONE,SUCCESS,6542.00000,37.78224,0,0,60.00000,0.31676,0.00000,0.01491,0.01500,-0.60166,14.94161,8.00000,6.94161,0.21840,0.12000,0.09840,13.23017,13.12500,156.71689,344.66672,68,0.00998,0.00005,0.01000,0.00609,0.01002,0.00417,0.00485,0.00211,1799,0,0,ACCEPTED_GOOD,-,0.01000,2700,900,1.00000
full438,1.50000,1600000.00000,180.00000,120.00000,3.00000,20.00000,0.01000,REACHABLE,REJECTED,RELAY_FAILED,TOTAL_TIMEOUT,FAILED,7146.00000,37.81109,0,0,0.00000,0.00000,0.00000,0.01465,0.01500,-2.34611,128.12366,123.00000,5.12366,1.82398,1.84500,-0.02102,0.00000,13.12500,0.00000,0.00000,0,0.00000,0.00000,0.00000,0.00000,,,,,,,,REJECTED,-,0.00000,0,0,0.00000
full446,1.50000,1600000.00000,300.00000,60.00000,30.00000,20.00000,0.01000,REACHABLE,REJECTED,VALIDATION_FAILED,VALIDATION_FAILED,FAILED,11798.00000,37.80590,0,0,0.00000,0.00000,0.00000,0.01480,0.01500,-1.30474,92.50009,90.00000,2.50009,1.26454,1.35000,-0.08546,21.80392,21.87500,53.13803,816.00012,67,-0.25000,0.25000,0.25000,0.00000,,,,,,,,REJECTED,mae,0.01000,4935,2040,1.00000
full454,2.00000,180000.00000,120.00000,30.00000,8.00000,20.00000,0.01000,SAFETY_LIMITED,REJECTED,POWER_LIMITED,NONE,FAILED,728.00000,35.93239,0,0,0.00000,0.00000,0.00000,0.14876,0.17778,-16.32211,43.06391,38.00000,5.06391,7.37509,6.75556,0.61954,0.00000,6.56250,0.00000,0.00000,0,0.00000,0.00000,0.00000,0.00000,,,,,,,,REJECTED,-,0.00000,0,0,0.00000
full462,2.00000,180000.00000,180.00000,15.00000,3.00000,20.00000,0.01000,SAFETY_LIMITED,ACCEPTED,SUCCESS,NONE,SUCCESS,4398.00000,37.86446,0,0,7.44525,0.02596,0.00000,0.18736,0.17778,5.38781,24.67562,18.00000,6.67562,3.90080,3.20000,0.70080,9.84828,9.84375,19.17247,193.33334,67,0.00954,0.00496,0.01000,0.02403,-0.00254,0.02707,0.03937,0.05058,1693,0,0,ACCEPTED_GOOD,-,0.01000,2700,900,1.00000
full470,2.00000,180000.00000,300.00000,0.00000,30.00000,20.00000,0.01000,SAFETY_LIMITED,REJECTED,POWER_LIMITED,NONE,FAILED,790.00000,36.38167,0,0,0.00000,0.00000,0.00000,0.12627,0.17778,-28.97069,23.15727,30.00000,-6.84273,4.08739,5.33333,-1.24594,0.00000,16.40625,0.00000,0.00000,0,0.00000,0.00000,0.00000,0.00000,,,,,,,,REJECTED,-,0.00000,0,0,0.00000
full478,2.00000,180000.00000,300.00000,120.00000,8.00000,20.00000,0.01000,SAFETY_LIMITED,REJECTED,POWER_LIMITED,NONE,FAILED,1112.00000,32.04989,0,0,0.00000,0.00000,0.00000,0.13562,0.17778,-23.71503,127.38416,128.00000,-0.61584,19.31990,22.75556,-3.43566,0.00000,16.40625,0.00000,0.00000,0,0.00000,0.00000,0.00000,0.00000,,,,,,,,REJECTED,-,0.00000,0,0,0.00000
full486,2.00000,600000.00000,120.00000,60.00000,3.00000,20.00000,0.01000,SAFETY_LIMITED,ACCEPTED,SUCCESS,NONE,SUCCESS,8068.00000,37.85557,0,0,8.17344,0.01115,0.00000,0.05133,0.05333,-3.75555,69.32263,63.00000,6.32263,3.53916,3.36000,0.17916,6.59482,6.56250,17.98156,566.00000,68,-0.06393,0.07027,0.08000,0.00904,0.00924,0.00187,0.00532,0.01424,1819,0,0,ACCEPTED_GOOD,-,0.01000,3666,1466,1.00000
full494,2.00000,600000.00000,180.00000,30.00000,30.00000,20.00000,0.01000,SAFETY_LIMITED,ACCEPTED,SUCCESS,NONE,SUCCESS,9988.00000,37.74533,0,0,9.60109,0.01497,0.00000,0.05061,0.05333,-5.10168,60.15322,60.00000,0.15322,3.03785,3.20000,-0.16215,9.78024,9.84375,21.12240,843.33344,68,-0.10000,0.10475,0.11000,0.00999,0.00934,0.00282,0.00460,0.00492,1975,0,0,ACCEPTED_GOOD,-,0.01000,4032,2108,1.00000
full502,2.00000,600000.00000,300.00000,15.00000,8.00000,20.00000,0.01000,REACHABLE,ACCEPTED,SUCCESS,NONE,SUCCESS,4868.00000,37.86259,0,0,22.52383,0.06833,0.00000,0.05149,0.05333,-3.45113,28.96466,23.00000,5.96466,1.42857,1.22667,0.20191,16.49701,16.40625,49.55243,222.66669,68,-0.05023,0.05821,0.06000,0.00963,0.00669,0.00297,0.00484,0.01084,997,0,0,ACCEPTED_GOOD,-,0.01000,2700,900,1.00000
full510,2.00000,1600000.00000,120.00000,0.00000,3.00000,20.00000,0.01000,REACHABLE,ACCEPTED,SUCCESS,NONE,SUCCESS,6696.00000,37.79240,0,0,60.00000,0.39303,0.00000,0.02067,0.02000,3.33083,11.26606,3.00000,8.26606,0.15042,0.06000,0.09042,6.57534,6.56250,154.44904,438.00006,66,0.00999,0.00000,0.01000,0.00000,0.00678,0.00250,0.00449,0.00523,1231,0,0,ACCEPTED_GOOD,-,0.01000,2895,1095,1.00000
full518,2.00000,1600000.00000,120.00000,120.00000,30.00000,20.00000,0.01000,REACHABLE,REJECTED,RELAY_FAILED,PREHEAT_TIMEOUT,FAILED,4038.00000,37.05718,0,0,0.00000,0.00000,0.00000,0.01959,0.02000,-2.03157,152.89761,150.00000,2.89761,2.91908,3.00000,-0.08092,0.00000,6.56250,0.00000,0.00000,0,0.00000,0.00000,0.00000,0.00000,,,,,,,,REJECTED,-,0.00000,0,0,0.00000
full526,2.00000,1600000.00000,180.00000,60.00000,8.00000,20.00000,0.01000,REACHABLE,ACCEPTED,SUCCESS,NONE,SUCCESS,9988.00000,37.82424,0,0,16.93147,0.02163,0.00000,0.02041,0.02000,2.05536,74.27338,68.00000,6.27338,1.43868,1.36000,0.07868,9.85514,9.84375,37.24924,713.33337,67,-0.07000,0.07683,0.08000,0.00999,0.00896,0.00396,0.00842,0.01961,2518,0,0,ACCEPTED_GOOD,-,0.01000,4131,1783,1.00000
full534,2.00000,1600000.00000,300.00000,30.00000,3.00000,20.00000,0.01000,REACHABLE,ACCEPTED,SUCCESS,NONE,SUCCESS,6390.00000,37.86673,0,0,33.55750,0.07531,0.00000,0.01981,0.02000,-0.96068,40.56144,33.00000,7.56144,0.75654,0.66000,0.09654,16.50271,16.40625,73.82649,368.66672,67,-0.04000,0.04387,0.05000,0.00999,0.00625,0.00262,0.00678,0.01319,1910,0,0,ACCEPTED_GOOD,-,0.01000,2721,921,1.00000
full7,0.50000,180000.00000,120.00000,60.00000,8.00000,28.00000,0.01000,SAFETY_LIMITED,REJECTED,RELAY_FAILED,TOTAL_TIMEOUT,FAILED,5766.00000,37.74550,0,0,0.00000,0.00000,0.00000,0.04043,0.04444,-9.03513,72.63719,68.00000,4.63719,2.67968,3.02222,-0.34254,0.00000,14.25000,0.00000,0.00000,0,0.00000,0.00000,0.00000,0.00000,,,,,,,,REJECTED,-,0.00000,0,0,0.00000
full15,0.50000,180000.00000,180.00000,30.00000,3.00000,28.00000,0.01000,REACHABLE,ACCEPTED,SUCCESS,NONE,SUCCESS,5170.00000,37.86781,0,0,20.77840,0.04879,0.00000,0.04195,0.04444,-5.60497,38.58900,33.00000,5.58900,1.46372,1.46667,-0.00295,21.21348,21.37500,45.71248,296.66666,67,-0.06001,0.06202,0.07000,0.00999,0.00642,0.00392,0.00495,0.00545,1665,0,0,ACCEPTED_GOOD,-,0.01000,2700,900,1.00000
full23,0.50000,180000.00000,300.00000,15.00000,30.00000,28.00000,0.01000,REACHABLE,REJECTED,POWER_LIMITED,NONE,FAILED,4440.00000,37.72734,0,0,0.00000,0.00000,0.00000,0.03582,0.04444,-19.41289,41.59665,45.00000,-3.40335,1.34205,2.00000,-0.65795,34.78785,35.62500,51.45415,691.33344,0,0.00000,0.00000,0.00000,0.00000,,,,,,,,REJECTED,-,0.00000,0,0,0.00000
full31,0.50000,600000.00000,120.00000,0.00000,8.00000,28.00000,0.01000,REACHABLE,ACCEPTED,SUCCESS,NONE,SUCCESS,6120.00000,37.76782,0,0,60.00000,0.31461,0.00000,0.01318,0.01333,-1.11284,15.07133,8.00000,7.07133,0.17575,0.10667,0.06909,14.29112,14.25000,162.43269,352.66669,68,0.00994,0.00290,0.01000,0.00994,0.01570,0.00120,0.00155,0.00099,1290,0,0,ACCEPTED_GOOD,-,0.01000,2700,900,1.00000
full39,0.50000,600000.00000,120.00000,120.00000,3.00000,28.00000,0.01000,REACHABLE,REJECTED,RELAY_FAILED,TOTAL_TIMEOUT,FAILED,6598.00000,37.79462,0,0,0.00000,0.00000,0.00000,0.01283,0.01333,-3.79722,126.99307,123.00000,3.99307,1.56922,1.64000,-0.07078,0.00000,14.25000,0.00000,0.00000,0,0.00000,0.00000,0.00000,0.00000,,,,,,,,REJECTED,-,0.00000,0,0,0.00000
full47,0.50000,600000.00000,180.00000,60.00000,30.00000,28.00000,0.01000,REACHABLE,REJECTED,VALIDATION_FAILED,VALIDATION_FAILED,FAILED,11092.00000,37.80773,0,0,0.00000,0.00000,0.00000,0.01221,0.01333,-8.45499,91.61767,90.00000,1.61767,1.06018,1.20000,-0.13982,21.26910,21.37500,58.12687,802.66675,67,-0.21000,0.21411,0.22000,0.00999,,,,,,,,REJECTED,mae,0.01000,4875,2006,1.00000
full55,0.50000,600000.00000,300.00000,30.00000,8.00000,28.00000,0.01000,REACHABLE,REJECTED,POWER_LIMITED,NONE,FAILED,3320.00000,37.82250,0,0,0.00000,0.00000,0.00000,0.01326,0.01333,-0.51859,44.13467,38.00000,6.13467,0.49751,0.50667,-0.00916,35.52084,35.62500,110.05067,384.00000,0,0.00000,0.00000,0.00000,0.00000,,,,,,,,REJECTED,-,0.00000,0,0,0.00000
full63,0.50000,1600000.00000,120.00000,15.00000,3.00000,28.00000,0.01000,REACHABLE,ACCEPTED,SUCCESS,NONE,SUCCESS,11104.00000,37.75359,0,0,60.00000,0.20921,0.00000,0.00497,0.00500,-0.67066,24.67957,18.00000,6.67957,0.11007,0.09000,0.02007,14.30099,14.25000,163.17340,872.66669,68,-0.00000,0.00479,0.01000,0.00999,0.05662,0.00263,0.00287,0.00072,3060,0,0,ACCEPTED_GOOD,-,0.01000,3981,2181,1.00000
full71,0.50000,1600000.00000,180.00000,0.00000,30.00000,28.00000,0.01000,REACHABLE,ACCEPTED,SUCCESS,NONE,SUCCESS,10454.00000,37.73669,0,0,60.00000,0.15287,0.00000,0.00487,0.00500,-2.53038,35.24921,30.00000,5.24921,0.15044,0.15000,0.00044,21.44404,21.37500,171.05940,738.66675,68,-0.05000,0.05000,0.06000,0.00000,0.03559,0.00424,0.00501,0.00309,3230,0,0,ACCEPTED_GOOD,-,0.01000,3646,1846,1.00000
full79,0.50000,1600000.00000,180.00000,120.00000,8.00000,28.00000,0.01000,REACHABLE,REJECTED,RELAY_FAILED,TOTAL_TIMEOUT,FAILED,7822.00000,37.81119,0,0,0.00000,0.00000,0.00000,0.00483,0.00500,-3.46461,132.97089,128.00000,4.97089,0.63227,0.64000,-0.00773,0.00000,21.37500,0.00000,0.00000,0,0.00000,0.00000,0.00000,0.00000,,,,,,,,REJECTED,-,0.00000,0,0,0.00000
full87,0.50000,1600000.00000,300.00000,60.00000,3.00000,28.00000,0.01000,REACHABLE,REJECTED,POWER_LIMITED,NONE,FAILED,7168.00000,37.78000,0,0,0.00000,0.00000,0.00000,0.00481,0.00500,-3.82208,66.79672,63.00000,3.79672,0.31099,0.31500,-0.00401,35.56627,35.62500,129.77029,830.00006,0,0.00000,0.00000,0.00000,0.00000,,,,,,,,REJECTED,-,0.00000,0,0,0.00000
full95,0.70000,180000.00000,120.00000,30.00000,30.00000,28.00000,0.01000,SAFETY_LIMITED,REJECTED,VALIDATION_FAILED,VALIDATION_FAILED,FAILED,9682.00000,37.74065,0,0,0.00000,0.00000,0.00000,0.05766,0.06222,-7.33844,58.65813,60.00000,-1.34187,3.18732,3.73333,-0.54601,10.03909,10.17857,19.80980,852.66675,67,-0.14000,0.14728,0.15000,0.01000,,,,,,,,REJECTED,mae,0.01000,4011,2131,1.00000
full103,0.70000,180000.00000,180.00000,15.00000,8.00000,28.00000,0.01000,REACHABLE,ACCEPTED,SUCCESS,NONE,SUCCESS,4604.00000,37.86962,0,0,20.17229,0.06206,0.00000,0.05889,0.06222,-5.36061,28.50426,23.00000,5.50426,1.53489,1.43111,0.10378,15.27188,15.26786,44.37905,213.33336,67,-0.06001,0.06397,0.07000,0.00999,-0.00804,0.01346,0.01836,0.01068,1619,0,0,ACCEPTED_GOOD,-,0.01000,2700,900,1.00000
full111,0.70000,180000.00000,300.00000,0.00000,3.00000,28.00000,0.01000,REACHABLE,ACCEPTED,SUCCESS,NONE,SUCCESS,3766.00000,37.87546,0,0,48.69286,0.35335,0.00000,0.05961,0.06222,-4.19348,9.78016,3.00000,6.78016,0.43395,0.18667,0.24729,25.36585,25.44643,125.10667,82.00001,67,-0.04391,0.04991,0.06000,0.00610,0.00638,0.00200,0.00429,0.00872,1469,0,0,ACCEPTED_GOOD,-,0.01000,2700,900,1.00000
full119,0.70000,180000.00000,300.00000,120.00000,30.00000,28.00000,0.01000,SAFETY_LIMITED,REJECTED,POWER_LIMITED,NONE,FAILED,1252.00000,34.91348,0,0,0.00000,0.00000,0.00000,0.05490,0.06222,-11.76303,145.08638,150.00000,-4.91362,6.04982,9.33333,-3.28352,0.00000,25.44643,0.00000,0.00000,0,0.00000,0.00000,0.00000,0.00000,,,,,,,,REJECTED,-,0.00000,0,0,0.00000
full127,0.70000,600000.00000,120.00000,60.00000,8.00000,28.00000,0.01000,REACHABLE,ACCEPTED,SUCCESS,NONE,SUCCESS,9390.00000,37.83444,0,0,18.47857,0.02361,0.00000,0.01890,0.01867,1.24925,74.26053,68.00000,6.26053,1.27624,1.26933,0.00691,10.20861,10.17857,40.65284,696.66669,67,-0.07000,0.07497,0.08000,0.00999,0.00891,0.00321,0.00760,0.01721,2243,0,0,ACCEPTED_GOOD,-,0.01000,4089,1741,1.00000
full135,0.70000,600000.00000,180.00000,30.00000,3.00000,28.00000,0.01000,REACHABLE,ACCEPTED,SUCCESS,NONE,SUCCESS,6180.00000,37.86303,0,0,34.51357,0.07936,0.00000,0.01831,0.01867,-1.89067,39.48867,33.00000,6.48867,0.67226,0.61600,0.05626,15.32143,15.26786,75.92986,392.00000,67,-0.03000,0.03729,0.04000,0.00999,0.00674,0.00397,0.00466,0.00232,1350,0,0,ACCEPTED_GOOD,-,0.01000,2780,980,1.00000
full143,0.70000,600000.00000,300.00000,15.00000,30.00000,28.00000,0.01000,REACHABLE,ACCEPTED,SUCCESS,NONE,SUCCESS,6140.00000,37.81700,0,0,41.36430,0.08561,0.00000,0.01741,0.01867,-6.71328,44.31949,45.00000,-0.68051,0.75224,0.84000,-0.08776,25.42087,25.44643,91.00147,383.33337,68,-0.06001,0.06052,0.07000,0.00997,0.00765,0.00352,0.00494,0.00334,1526,0,0,ACCEPTED_GOOD,-,0.01000,2766,966,1.00000
full151,0.70000,1600000.00000,120.00000,0.00000,8.00000,28.00000,0.01000,REACHABLE,ACCEPTED,SUCCESS,NONE,SUCCESS,9700.00000,37.74310,0,0,60.00000,0.32103,0.00000,0.00696,0.00700,-0.61194,14.69007,8.00000,6.69007,0.07364,0.05600,0.01764,10.17036,10.17857,170.41216,782.66675,67,0.00999,0.00047,0.01000,0.00994,0.02663,0.00253,0.00337,0.00192,2082,0,0,ACCEPTED_GOOD,-,0.01000,3756,1956,1.00000
full159,0.70000,1600000.00000,120.00000,120.00000,3.00000,28.00000,0.01000,REACHABLE,REJECTED,RELAY_FAILED,TOTAL_TIMEOUT,FAILED,7226.00000,37.80541,0,0,0.00000,0.00000,0.00000,0.00687,0.00700,-1.84524,128.50694,123.00000,5.50694,0.86469,0.86100,0.00369,0.00000,10.17857,0.00000,0.00000,0,0.00000,0.00000,0.00000,0.00000,,,,,,,,REJECTED,-,0.00000,0,0,0.00000
full167,0.70000,1600000.00000,180.00000,60.00000,30.00000,28.00000,0.01000,REACHABLE,REJECTED,RELAY_FAILED,TOTAL_TIMEOUT,FAILED,7056.00000,37.80541,0,0,0.00000,0.00000,0.00000,0.00696,0.00700,-0.61668,93.06502,90.00000,3.06502,0.59857,0.63000,-0.03143,0.00000,15.26786,0.00000,0.00000,0,0.00000,0.00000,0.00000,0.00000,,,,,,,,REJECTED,-,0.00000,0,0,0.00000
full175,0.70000,1600000.00000,300.00000,30.00000,8.00000,28.00000,0.01000,REACHABLE,ACCEPTED,SUCCESS,NONE,SUCCESS,8674.00000,37.79541,0,0,60.00000,0.12516,0.00000,0.00678,0.00700,-3.10386,43.93959,38.00000,5.93959,0.27533,0.26600,0.00933,25.49296,25.44643,137.35854,568.00000,68,-0.08001,0.08812,0.10000,0.01000,0.01605,0.00164,0.00172,0.00033,2534,0,0,ACCEPTED_GOOD,-,0.01000,3220,1420,1.00000
full183,1.00000,180000.00000,120.00000,15.00000,3.00000,28.00000,0.01000,REACHABLE,ACCEPTED,SUCCESS,NONE,SUCCESS,4526.00000,37.88366,0,0,13.36079,0.04631,0.00000,0.09130,0.08889,2.71617,24.84936,18.00000,6.84936,1.90718,1.60000,0.30718,7.14465,7.12500,29.39375,212.00000,67,-0.02394,0.03387,0.04000,0.01604,0.00329,0.00140,0.00274,0.00639,1202,0,0,ACCEPTED_GOOD,-,0.01000,2700,900,1.00000
full191,1.00000,180000.00000,180.00000,0.00000,30.00000,28.00000,0.01000,REACHABLE,ACCEPTED,SUCCESS,NONE,SUCCESS,5408.00000,37.73006,0,0,13.11654,0.04456,0.00000,0.07365,0.08889,-17.14912,25.43528,30.00000,-4.56472,2.28000,2.66667,-0.38666,10.60448,10.68750,28.85638,357.33334,66,-0.05023,0.06020,0.07000,0.00985,-0.00342,0.00409,0.00434,0.00077,1555,0,0,ACCEPTED_GOOD,-,0.01000,2700,900,1.00000
full199,1.00000,180000.00000,180.00000,120.00000,8.00000,28.00000,0.01000,SAFETY_LIMITED,REJECTED,POWER_LIMITED,NONE,FAILED,1184.00000,35.10665,0,0,0.00000,0.00000,0.00000,0.07636,0.08889,-14.09954,130.71933,128.00000,2.71933,9.92564,11.37778,-1.45214,0.00000,10.68750,0.00000,0.00000,0,0.00000,0.00000,0.00000,0.00000,,,,,,,,REJECTED,-,0.00000,0,0,0.00000
full207,1.00000,180000.00000,300.00000,60.00000,3.00000,28.00000,0.01000,SAFETY_LIMITED,REJECTED,POWER_LIMITED,NONE,FAILED,814.00000,35.56710,0,0,0.00000,0.00000,0.00000,0.07912,0.08889,-10.98809,67.62688,63.00000,4.62688,4.80165,5.60000,-0.79835,0.00000,17.81250,0.00000,0.00000,0,0.00000,0.00000,0.00000,0.00000,,,,,,,,REJECTED,-,0.00000,0,0,0.00000
full215,1.00000,600000.00000,120.00000,30.00000,30.00000,28.00000,0.01000,REACHABLE,ACCEPTED,SUCCESS,NONE,SUCCESS,8540.00000,37.79365,0,0,15.23066,0.02344,0.00000,0.02558,0.02667,-4.06711,60.96960,60.00000,0.96960,1.55684,1.60000,-0.04316,7.15222,7.12500,33.50744,661.33337,68,-0.02000,0.02000,0.03000,0.00000,0.00886,0.00297,0.00579,0.00988,1469,0,0,ACCEPTED_GOOD,-,0.01000,3602,1653,1.00000
full223,1.00000,600000.00000,180.00000,15.00000,8.00000,28.00000,0.01000,REACHABLE,ACCEPTED,SUCCESS,NONE,SUCCESS,5586.00000,37.84423,0,0,31.90477,0.09658,0.00000,0.02603,0.02667,-2.36983,29.03549,23.00000,6.03549,0.71656,0.61333,0.10322,10.76087,10.68750,70.19050,337.33337,67,-0.01001,0.01674,0.02000,0.00998,-0.00027,0.00083,0.00121,0.00117,1186,0,0,ACCEPTED_GOOD,-,0.01000,2700,900,1.00000
full231,1.00000,600000.00000,300.00000,0.00000,3.00000,28.00000,0.01000,REACHABLE,ACCEPTED,SUCCESS,NONE,SUCCESS,4534.00000,37.79809,0,0,60.00000,0.43049,0.00000,0.02645,0.02667,-0.81311,9.93774,3.00000,6.93774,0.18248,0.08000,0.10248,18.04878,17.81250,155.02652,164.00002,67,-0.01000,0.01349,0.02000,0.00977,0.00551,0.00197,0.00380,0.00524,982,0,0,ACCEPTED_GOOD,-,0.01000,2700,900,1.00000
full239,1.00000,600000.00000,300.00000,120.00000,30.00000,28.00000,0.01000,SAFETY_LIMITED,REJECTED,RELAY_FAILED,PREHEAT_TIMEOUT,FAILED,3346.00000,36.11410,0,0,0.00000,0.00000,0.00000,0.02465,0.02667,-7.55605,148.16190,150.00000,-1.83810,3.15639,4.00000,-0.84361,0.00000,17.81250,0.00000,0.00000,0,0.00000,0.00000,0.00000,0.00000,,,,,,,,REJECTED,-,0.00000,0,0,0.00000
full247,1.00000,1600000.00000,120.00000,60.00000,8.00000,28.00000,0.01000,REACHABLE,REJECTED,RELAY_FAILED,TOTAL_TIMEOUT,FAILED,6522.00000,37.83155,0,0,0.00000,0.00000,0.00000,0.01024,0.01000,2.44392,75.17259,68.00000,7.17259,0.72674,0.68000,0.04674,0.00000,7.12500,0.00000,0.00000,0,0.00000,0.00000,0.00000,0.00000,,,,,,,,REJECTED,-,0.00000,0,0,0.00000
full255,1.00000,1600000.00000,180.00000,30.00000,3.00000,28.00000,0.01000,REACHABLE,ACCEPTED,SUCCESS,NONE,SUCCESS,8842.00000,37.87903,0,0,54.18548,0.12556,0.00000,0.00990,0.01000,-0.96474,39.15535,33.00000,6.15535,0.34965,0.33000,0.01965,10.74766,10.68750,119.20805,710.66669,67,-0.01000,0.01837,0.02000,0.01000,0.00750,0.00370,0.00494,0.00441,1716,0,0,ACCEPTED_GOOD,-,0.01000,3576,1776,1.00000
full263,1.00000,1600000.00000,300.00000,15.00000,30.00000,28.00000,0.01000,REACHABLE,ACCEPTED,SUCCESS,NONE,SUCCESS,8062.00000,37.81846,0,0,53.87297,0.10520,0.00000,0.00959,0.01000,-4.11103,47.20914,45.00000,2.20914,0.42963,0.45000,-0.02037,17.92891,17.81250,118.52055,562.66663,67,-0.07000,0.07729,0.08000,0.01000,0.00786,0.00273,0.00305,0.00083,1827,0,0,ACCEPTED_GOOD,-,0.01000,3206,1406,1.00000
full271,1.20000,180000.00000,120.00000,0.00000,8.00000,28.00000,0.01000,REACHABLE,ACCEPTED,SUCCESS,NONE,SUCCESS,4168.00000,37.83647,0,0,19.61084,0.11208,0.00000,0.10248,0.10667,-3.92053,13.49787,8.00000,5.49787,1.32198,0.85333,0.46864,6.08974,5.93750,43.14384,156.00000,67,-0.00000,0.00000,0.01000,0.00000,0.00549,0.00353,0.00478,0.00441,841,0,0,ACCEPTED_GOOD,-,0.01000,2700,900,1.00000
full279,1.20000,180000.00000,120.00000,120.00000,3.00000,28.00000,0.01000,SAFETY_LIMITED,REJECTED,POWER_LIMITED,NONE,FAILED,1196.00000,35.51263,0,0,0.00000,0.00000,0.00000,0.09783,0.10667,-8.28042,126.14873,123.00000,3.14873,12.45958,13.12000,-0.66042,0.00000,5.93750,0.00000,0.00000,0,0.00000,0.00000,0.00000,0.00000,,,,,,,,REJECTED,-,0.00000,0,0,0.00000
full287,1.20000,180000.00000,180.00000,60.00000,30.00000,28.00000,0.01000,SAFETY_LIMITED,REJECTED,POWER_LIMITED,NONE,FAILED,1000.00000,35.69560,0,0,0.00000,0.00000,0.00000,0.08396,0.10667,-21.28295,83.96405,90.00000,-6.03595,8.11705,9.60000,-1.48295,0.00000,8.90625,0.00000,0.00000,0,0.00000,0.00000,0.00000,0.00000,,,,,,,,REJECTED,-,0.00000,0,0,0.00000
full295,1.20000,180000.00000,300.00000,30.00000,8.00000,28.00000,0.01000,SAFETY_LIMITED,ACCEPTED,SUCCESS,NONE,SUCCESS,8580.00000,37.73472,0,0,8.75263,0.01856,0.00000,0.09288,0.10667,-12.92855,43.15047,38.00000,5.15047,3.68660,4.05333,-0.36673,14.51419,14.84375,19.25578,775.33344,67,-0.04023,0.05537,0.07000,0.02967,-0.00040,0.00311,0.00382,0.00200,1783,0,0,ACCEPTED_GOOD,-,0.01000,3738,1938,1.00000
full303,1.20000,600000.00000,120.00000,15.00000,3.00000,28.00000,0.01000,REACHABLE,ACCEPTED,SUCCESS,NONE,SUCCESS,6028.00000,37.86675,0,0,27.20960,0.09372,0.00000,0.03312,0.03200,3.50924,25.03160,18.00000,7.03160,0.75618,0.57600,0.18018,5.99028,5.93750,59.86113,411.33334,67,0.00999,0.00453,0.01000,0.00999,0.00607,0.00359,0.00496,0.00446,1042,0,0,ACCEPTED_GOOD,-,0.01000,2828,1028,1.00000
full311,1.20000,600000.00000,180.00000,0.00000,30.00000,28.00000,0.01000,REACHABLE,ACCEPTED,SUCCESS,NONE,SUCCESS,5846.00000,37.79124,0,0,26.75644,0.09114,0.00000,0.02704,0.03200,-15.49139,25.35826,30.00000,-4.64174,0.99563,0.96000,0.03563,8.96797,8.90625,58.86417,374.66672,65,-0.01037,0.01952,0.02000,0.00963,0.00559,0.00083,0.00170,0.00179,1018,0,0,ACCEPTED_GOOD,-,0.01000,2736,936,1.00000
full319,1.20000,600000.00000,180.00000,120.00000,8.00000,28.00000,0.01000,SAFETY_LIMITED,REJECTED,RELAY_FAILED,PREHEAT_TIMEOUT,FAILED,3264.00000,37.18348,0,0,0.00000,0.00000,0.00000,0.02999,0.03200,-6.29031,132.19223,128.00000,4.19223,3.81065,4.09600,-0.28535,0.00000,8.90625,0.00000,0.00000,0,0.00000,0.00000,0.00000,0.00000,,,,,,,,REJECTED,-,0.00000,0,0,0.00000
full327,1.20000,600000.00000,300.00000,60.00000,3.00000,28.00000,0.01000,REACHABLE,REJECTED,VALIDATION_FAILED,VALIDATION_FAILED,FAILED,8136.00000,37.82351,0,0,0.00000,0.00000,0.00000,0.03018,0.03200,-5.68353,67.98427,63.00000,4.98427,1.92218,2.01600,-0.09382,14.71397,14.84375,32.39238,601.33337,67,-0.15001,0.15496,0.16000,0.00999,,,,,,,,REJECTED,mae,0.01000,3662,1503,1.00000
full335,1.20000,1600000.00000,120.00000,30.00000,30.00000,28.00000,0.01000,REACHABLE,REJECTED,RELAY_FAILED,TOTAL_TIMEOUT,FAILED,6364.00000,37.80527,0,0,0.00000,0.00000,0.00000,0.01161,0.01200,-3.22605,61.30799,60.00000,1.30799,0.75969,0.72000,0.03969,0.00000,5.93750,0.00000,0.00000,0,0.00000,0.00000,0.00000,0.00000,,,,,,,,REJECTED,-,0.00000,0,0,0.00000
full343,1.20000,1600000.00000,180.00000,15.00000,8.00000,28.00000,0.01000,REACHABLE,ACCEPTED,SUCCESS,NONE,SUCCESS,8262.00000,37.84903,0,0,55.74128,0.16620,0.00000,0.01187,0.01200,-1.10774,29.53836,23.00000,6.53836,0.35593,0.27600,0.07993,8.96378,8.90625,122.63082,662.66675,68,0.00999,0.00031,0.01000,0.00998,0.00744,0.00138,0.00266,0.00264,1346,0,0,ACCEPTED_GOOD,-,0.01000,3456,1656,1.00000
full351,1.20000,1600000.00000,300.00000,0.00000,3.00000,28.00000,0.01000,REACHABLE,ACCEPTED,SUCCESS,NONE,SUCCESS,6184.00000,37.74311,0,0,60.00000,0.44511,0.00000,0.01191,0.01200,-0.79148,9.47981,3.00000,6.47981,0.09281,0.03600,0.05681,14.88462,14.84375,171.92046,346.66669,68,0.00999,0.00027,0.01000,0.00847,0.02639,0.00159,0.00293,0.00481,1434,0,0,ACCEPTED_GOOD,-,0.01000,2700,900,1.00000
full359,1.20000,1600000.00000,300.00000,120.00000,30.00000,28.00000,0.01000,REACHABLE,REJECTED,RELAY_FAILED,PREHEAT_TIMEOUT,FAILED,3846.00000,37.25640,0,0,0.00000,0.00000,0.00000,0.01151,0.01200,-4.08948,150.80328,150.00000,0.80328,1.59394,1.80000,-0.20606,0.00000,14.84375,0.00000,0.00000,0,0.00000,0.00000,0.00000,0.00000,,,,,,,,REJECTED,-,0.00000,0,0,0.00000
full367,1.50000,180000.00000,120.00000,60.00000,8.00000,28.00000,0.01000,SAFETY_LIMITED,REJECTED,POWER_LIMITED,NONE,FAILED,880.00000,36.05419,0,0,0.00000,0.00000,0.00000,0.10897,0.13333,-18.26977,73.38560,68.00000,5.38560,9.07207,9.06667,0.00541,0.00000,4.75000,0.00000,0.00000,0,0.00000,0.00000,0.00000,0.00000,,,,,,,,REJECTED,-,0.00000,0,0,0.00000
full375,1.50000,180000.00000,180.00000,30.00000,3.00000,28.00000,0.01000,SAFETY_LIMITED,ACCEPTED,SUCCESS,NONE,SUCCESS,5246.00000,37.83702,0,0,6.61915,0.01538,0.00000,0.12648,0.13333,-5.14112,39.03418,33.00000,6.03418,4.72365,4.40000,0.32365,7.06237,7.12500,14.56212,331.33337,67,-0.01014,0.02270,0.03000,0.02613,0.00428,0.00196,0.00386,0.00909,1588,0,0,ACCEPTED_GOOD,-,0.01000,2700,900,1.00000
full383,1.50000,180000.00000,300.00000,15.00000,30.00000,28.00000,0.01000,SAFETY_LIMITED,REJECTED,RELAY_FAILED,PHASE_TIMEOUT,FAILED,3668.00000,37.58558,0,0,0.00000,0.00000,0.00000,0.10201,0.13333,-23.49295,38.61400,45.00000,-6.38600,4.64149,6.00000,-1.35851,0.00000,11.87500,0.00000,0.00000,0,0.00000,0.00000,0.00000,0.00000,,,,,,,,REJECTED,-,0.00000,0,0,0.00000
full391,1.50000,600000.00000,120.00000,0.00000,8.00000,28.00000,0.01000,REACHABLE,ACCEPTED,SUCCESS,NONE,SUCCESS,5570.00000,37.84709,0,0,36.87558,0.20793,0.00000,0.03874,0.04000,-3.15098,13.73500,8.00000,5.73500,0.55269,0.32000,0.23269,4.80769,4.75000,81.12629,364.00003,67,0.00977,0.00000,0.01000,0.00000,0.00524,0.00130,0.00256,0.00377,1168,0,0,ACCEPTED_GOOD,-,0.01000,2710,910,1.00000
full399,1.50000,600000.00000,120.00000,120.00000,3.00000,28.00000,0.01000,SAFETY_LIMITED,REJECTED,RELAY_FAILED,TOTAL_TIMEOUT,FAILED,6230.00000,37.80912,0,0,0.00000,0.00000,0.00000,0.03864,0.04000,-3.41075,128.30095,123.00000,5.30095,4.87625,4.92000,-0.04375,0.00000,4.75000,0.00000,0.00000,0,0.00000,0.00000,0.00000,0.00000,,,,,,,,REJECTED,-,0.00000,0,0,0.00000
full407,1.50000,600000.00000,180.00000,60.00000,30.00000,28.00000,0.01000,SAFETY_LIMITED,REJECTED,RELAY_FAILED,TOTAL_TIMEOUT,FAILED,6010.00000,37.75020,0,0,0.00000,0.00000,0.00000,0.03609,0.04000,-9.76367,91.02478,90.00000,1.02478,3.31691,3.60000,-0.28309,0.00000,7.12500,0.00000,0.00000,0,0.00000,0.00000,0.00000,0.00000,,,,,,,,REJECTED,-,0.00000,0,0,0.00000
full415,1.50000,600000.00000,300.00000,30.00000,8.00000,28.00000,0.01000,REACHABLE,ACCEPTED,SUCCESS,NONE,SUCCESS,5756.00000,37.84102,0,0,17.13128,0.03553,0.00000,0.04037,0.04000,0.93262,44.21295,38.00000,6.21295,1.55103,1.52000,0.03103,11.88108,11.87500,37.68881,370.00003,67,-0.04000,0.04859,0.05000,0.00994,0.00612,0.00119,0.00276,0.00470,1392,0,0,ACCEPTED_GOOD,-,0.01000,2764,964,1.00000
full423,1.50000,1600000.00000,120.00000,15.00000,3.00000,28.00000,0.01000,REACHABLE,ACCEPTED,SUCCESS,NONE,SUCCESS,9638.00000,37.87141,0,0,50.40877,0.17326,0.00000,0.01532,0.01500,2.11173,25.09478,18.00000,7.09478,0.36276,0.27000,0.09276,4.80570,4.75000,110.89930,912.66675,67,0.00999,0.00000,0.01000,0.00000,0.00890,0.00265,0.00315,0.00164,1133,0,0,ACCEPTED_GOOD,-,0.01000,4081,2281,1.00000
full431,1.50000,1600000.00000,180.00000,0.00000,30.00000,28.00000,0.01000,REACHABLE,ACCEPTED,SUCCESS,NONE,SUCCESS,8400.00000,37.80167,0,0,39.72566,0.11205,0.00000,0.01375,0.01500,-8.30010,31.45275,30.00000,1.45275,0.50099,0.45000,0.05099,7.19595,7.12500,87.39646,690.66669,67,0.00999,0.00260,0.01000,0.00999,0.00647,0.00435,0.00507,0.00232,1301,0,0,ACCEPTED_GOOD,-,0.01000,3526,1726,1.00000
full439,1.50000,1600000.00000,180.00000,120.00000,8.00000,28.00000,0.01000,REACHABLE,REJECTED,RELAY_FAILED,TOTAL_TIMEOUT,FAILED,6610.00000,37.77414,0,0,0.00000,0.00000,0.00000,0.01448,0.01500,-3.46683,132.86501,128.00000,4.86501,1.86919,1.92000,-0.05081,0.00000,7.12500,0.00000,0.00000,0,0.00000,0.00000,0.00000,0.00000,,,,,,,,REJECTED,-,0.00000,0,0,0.00000
full447,1.50000,1600000.00000,300.00000,60.00000,3.00000,28.00000,0.01000,REACHABLE,ACCEPTED,SUCCESS,NONE,SUCCESS,9204.00000,37.84030,0,0,23.19977,0.03172,0.00000,0.01452,0.01500,-3.16710,69.14828,63.00000,6.14828,1.00241,0.94500,0.05741,11.91245,11.87500,51.03949,685.33337,68,-0.05000,0.05259,0.06000,0.00999,0.00544,0.00382,0.00953,0.01209,1920,0,0,ACCEPTED_GOOD,-,0.01000,3907,1713,1.00000
full455,2.00000,180000.00000,120.00000,30.00000,30.00000,28.00000,0.01000,SAFETY_LIMITED,REJECTED,POWER_LIMITED,NONE,FAILED,842.00000,36.29446,0,0,0.00000,0.00000,0.00000,0.12793,0.17778,-28.04077,51.34084,60.00000,-8.65916,9.84888,10.66667,-0.81779,0.00000,3.56250,0.00000,0.00000,0,0.00000,0.00000,0.00000,0.00000,,,,,,,,REJECTED,-,0.00000,0,0,0.00000
full463,2.00000,180000.00000,180.00000,15.00000,8.00000,28.00000,0.01000,SAFETY_LIMITED,ACCEPTED,SUCCESS,NONE,SUCCESS,4764.00000,37.80625,0,0,6.32626,0.01979,0.00000,0.16628,0.17778,-6.46835,27.96247,23.00000,4.96247,4.60439,4.08889,0.51550,5.38182,5.34375,13.91778,256.66669,68,-0.00244,0.01371,0.02000,0.02094,0.00018,0.00210,0.00475,0.00581,1241,0,0,ACCEPTED_GOOD,-,0.01000,2700,900,1.00000
full471,2.00000,180000.00000,300.00000,0.00000,3.00000,28.00000,0.01000,REACHABLE,ACCEPTED,SUCCESS,NONE,SUCCESS,3674.00000,37.94856,0,0,17.47259,0.13070,0.00000,0.17124,0.17778,-3.67757,9.36897,3.00000,6.36897,1.19412,0.53333,0.66079,8.87097,8.90625,46.29012,82.66667,67,-0.01993,0.02887,0.04000,0.01760,0.00619,0.00203,0.00436,0.01063,1384,0,0,ACCEPTED_GOOD,-,0.01000,2700,900,1.00000
full479,2.00000,180000.00000,300.00000,120.00000,30.00000,28.00000,0.01000,SAFETY_LIMITED,REJECTED,POWER_LIMITED,NONE,FAILED,1218.00000,35.12580,0,0,0.00000,0.00000,0.00000,0.17470,0.17778,-1.73105,140.58844,150.00000,-9.41156,20.00000,26.66667,-6.66667,0.00000,8.90625,0.00000,0.00000,0,0.00000,0.00000,0.00000,0.00000,,,,,,,,REJECTED,-,0.00000,0,0,0.00000
full487,2.00000,600000.00000,120.00000,60.00000,8.00000,28.00000,0.01000,SAFETY_LIMITED,ACCEPTED,SUCCESS,NONE,SUCCESS,9304.00000,37.82343,0,0,6.25196,0.00797,0.00000,0.05520,0.05333,3.49621,74.43378,68.00000,6.43378,3.77644,3.62667,0.14978,3.59777,3.56250,13.75432,716.00006,67,-0.02023,0.02941,0.03000,0.00976,0.00532,0.00404,0.00487,0.00278,1795,0,0,ACCEPTED_GOOD,-,0.01000,4143,1790,1.00000
full495,2.00000,600000.00000,180.00000,30.00000,3.00000,28.00000,0.01000,REACHABLE,ACCEPTED,SUCCESS,NONE,SUCCESS,5932.00000,37.85104,0,0,11.60239,0.02665,0.00000,0.05233,0.05333,-1.89034,39.53212,33.00000,6.53212,1.95243,1.76000,0.19243,5.39500,5.34375,25.52525,400.00003,67,-0.01000,0.01152,0.02000,0.00991,0.00071,0.00112,0.00307,0.00442,1259,0,0,ACCEPTED_GOOD,-,0.01000,2800,1000,1.00000
full503,2.00000,600000.00000,300.00000,15.00000,30.00000,28.00000,0.01000,REACHABLE,ACCEPTED,SUCCESS,NONE,SUCCESS,6730.00000,37.75462,0,0,12.33771,0.02557,0.00000,0.04975,0.05333,-6.72286,44.25064,45.00000,-0.74936,2.16846,2.40000,-0.23154,8.88363,8.90625,27.14296,492.66669,68,-0.02000,0.02421,0.03000,0.00999,0.00816,0.00362,0.00506,0.01136,1343,0,0,ACCEPTED_GOOD,-,0.01000,3031,1231,1.00000
full511,2.00000,1600000.00000,120.00000,0.00000,8.00000,28.00000,0.01000,REACHABLE,ACCEPTED,SUCCESS,NONE,SUCCESS,9074.00000,37.85407,0,0,60.00000,0.31884,0.00000,0.02008,0.02000,0.40138,14.81818,8.00000,6.81818,0.27229,0.16000,0.11229,3.61390,3.56250,137.04239,863.33337,67,0.00999,0.00000,0.01000,0.00000,0.00569,0.00195,0.00424,0.00780,969,0,0,ACCEPTED_GOOD,-,0.01000,3958,2158,1.00000
full519,2.00000,1600000.00000,120.00000,120.00000,3.00000,28.00000,0.01000,REACHABLE,REJECTED,RELAY_FAILED,TOTAL_TIMEOUT,FAILED,6454.00000,37.78808,0,0,0.00000,0.00000,0.00000,0.01965,0.02000,-1.76022,128.83241,123.00000,5.83241,2.50213,2.46000,0.04213,0.00000,3.56250,0.00000,0.00000,0,0.00000,0.00000,0.00000,0.00000,,,,,,,,REJECTED,-,0.00000,0,0,0.00000
full527,2.00000,1600000.00000,180.00000,60.00000,30.00000,28.00000,0.01000,REACHABLE,REJECTED,RELAY_FAILED,TOTAL_TIMEOUT,FAILED,6244.00000,37.77143,0,0,0.00000,0.00000,0.00000,0.01989,0.02000,-0.54258,92.99511,90.00000,2.99511,1.75800,1.80000,-0.04200,0.00000,5.34375,0.00000,0.00000,0,0.00000,0.00000,0.00000,0.00000,,,,,,,,REJECTED,-,0.00000,0,0,0.00000
full535,2.00000,1600000.00000,300.00000,30.00000,8.00000,28.00000,0.01000,REACHABLE,ACCEPTED,SUCCESS,NONE,SUCCESS,7252.00000,37.85399,0,0,26.50709,0.05501,0.00000,0.02050,0.02000,2.51364,44.18868,38.00000,6.18868,0.83986,0.76000,0.07986,8.99244,8.90625,58.31560,529.33337,67,-0.00000,0.00858,0.01000,0.00999,0.00781,0.00231,0.00480,0.00805,1531,0,0,ACCEPTED_GOOD,-,0.01000,3123,1323,1.00000
